Timecode,BlendshapeCount,EyeBlinkLeft,EyeLookDownLeft,EyeLookInLeft,EyeLookOutLeft,EyeLookUpLeft,EyeSquintLeft,EyeWideLeft,EyeBlinkRight,EyeLookDownRight,EyeLookInRight,EyeLookOutRight,EyeLookUpRight,EyeSquintRight,EyeWideRight,JawForward,JawRight,JawLeft,JawOpen,MouthClose,MouthFunnel,MouthPucker,MouthRight,MouthLeft,MouthSmileLeft,MouthSmileRight,MouthFrownLeft,MouthFrownRight,MouthDimpleLeft,MouthDimpleRight,MouthStretchLeft,MouthStretchRight,MouthRollLower,MouthRollUpper,MouthShrugLower,MouthShrugUpper,MouthPressLeft,MouthPressRight,MouthLowerDownLeft,MouthLowerDownRight,MouthUpperUpLeft,MouthUpperUpRight,BrowDownLeft,BrowDownRight,BrowInnerUp,BrowOuterUpLeft,BrowOuterUpRight,CheekPuff,CheekSquintLeft,CheekSquintRight,NoseSneerLeft,NoseSneerRight,TongueOut,HeadYaw,HeadPitch,HeadRoll,LeftEyeYaw,LeftEyePitch,LeftEyeRoll,RightEyeYaw,RightEyePitch,RightEyeRoll
20:20:24:02.497,61,0.0366426185,0.2773616314,0.0809718370,0.0000000000,0.0000000000,0.0640494153,0.0000000000,0.0360167846,0.2775688469,0.0502034500,0.0000000000,0.0000000000,0.0640884414,0.0000000000,0.0328688510,0.0115929637,0.0000000000,0.0828731954,0.1113033816,0.0791209936,0.1911390275,0.0307401847,0.0000000000,0.1652781814,0.1506773382,0.0000000000,0.0000000000,0.0478083529,0.0478487052,0.1621146947,0.1469375193,0.0940496922,0.0369476005,0.1615888923,0.0867545083,0.0494979098,0.0485247709,0.1661480963,0.1599180549,0.0298902132,0.0287209582,0.0944346115,0.0931629762,0.1334050447,0.0000000000,0.0000000000,0.0286570396,0.0923998803,0.1053336188,0.1489482373,0.1525596082,0.0000002242,0.0000000000,0.0000000000,0.0000000000,-0.0302276257,0.1696354002,-0.0051765991,0.0487540551,0.1696340889,0.0083471015
20:20:24:03.498,61,0.0526525900,0.2805944383,0.0793650672,0.0000000000,0.0000000000,0.0637647957,0.0000000000,0.0520608462,0.2807828784,0.0516875759,0.0000000000,0.0000000000,0.0638049692,0.0000000000,0.0330243744,0.0116368085,0.0000000000,0.0838487670,0.1123411879,0.0805166438,0.2032268196,0.0313758031,0.0000000000,0.1650940925,0.1505094469,0.0000000000,0.0000000000,0.0478305630,0.0478494391,0.1630869210,0.1476960778,0.0952728093,0.0367996842,0.1658767164,0.0882517993,0.0499009788,0.0489451550,0.1618992239,0.1574783027,0.0302809048,0.0290270690,0.0940788984,0.0928724930,0.1354655772,0.0000000000,0.0000000000,0.0290789697,0.0932772383,0.1064501703,0.1522296220,0.1550933719,0.0000001589,0.0000000000,0.0000000000,0.0000000000,-0.0311106872,0.1716043949,-0.0053908387,0.0477703735,0.1716031134,0.0082756327
20:20:24:04.499,61,0.0509348884,0.2804066539,0.0792212933,0.0000000000,0.0000000000,0.0632610843,0.0000000000,0.0501848496,0.2805930376,0.0518206209,0.0000000000,0.0000000000,0.0633015260,0.0000000000,0.0327721126,0.0115568293,0.0000000000,0.0823299363,0.1070127413,0.0774490163,0.2062191367,0.0319678970,0.0000000000,0.1625931114,0.1455481797,0.0000000000,0.0000000000,0.0475078821,0.0474818014,0.1526977718,0.1401830465,0.0953285098,0.0365025029,0.1652285010,0.0886371657,0.0499734990,0.0490213186,0.1503911912,0.1414165348,0.0302607715,0.0289408509,0.0936261192,0.0924423411,0.1354207695,0.0000000000,0.0000000000,0.0294080153,0.0928254053,0.1047383249,0.1501797438,0.1513403654,0.0000002056,0.0000000000,0.0000000000,0.0000000000,-0.0311913937,0.1714887917,-0.0054011052,0.0476847813,0.1714875549,0.0082551436
20:20:24:05.500,61,0.0424561165,0.2789063752,0.0782716721,0.0000000000,0.0000000000,0.0628530011,0.0000000000,0.0415118821,0.2790789306,0.0528174825,0.0000000000,0.0000000000,0.0628933385,0.0000000000,0.0323390886,0.0113714468,0.0000000000,0.0792091787,0.1015593633,0.0733341351,0.1853733957,0.0324791484,0.0000000000,0.1622163951,0.1443349570,0.0000000000,0.0000000000,0.0471820496,0.0471170433,0.1450015903,0.1341959685,0.0946038812,0.0361667871,0.1594940424,0.0885116458,0.0498146042,0.0488532782,0.1444088519,0.1347904205,0.0301492382,0.0287643895,0.0953287557,0.0940105617,0.1317490786,0.0000000000,0.0000000000,0.0294598211,0.0921932459,0.1026173234,0.1449336857,0.1451499462,0.0000008083,0.0000000000,0.0000000000,0.0000000000,-0.0317964889,0.1705667228,-0.0054756585,0.0471206531,0.1705653816,0.0081128301
20:20:24:06.501,61,0.0372137576,0.2774797976,0.0779660046,0.0000000000,0.0000000000,0.0624886528,0.0000000000,0.0363233835,0.2776467800,0.0532565787,0.0000000000,0.0000000000,0.0625289083,0.0000000000,0.0319841541,0.0111981854,0.0000000000,0.0778895319,0.0994755924,0.0717734769,0.1753410101,0.0331225842,0.0000000000,0.1647217125,0.1446329951,0.0000000000,0.0000000000,0.0470069274,0.0469111353,0.1423770338,0.1321316212,0.0942101628,0.0358307585,0.1576898098,0.0883565322,0.0495942421,0.0486201420,0.1420953423,0.1320343167,0.0301786195,0.0287110619,0.0959990472,0.0946329683,0.1304437816,0.0000000000,0.0000000000,0.0292969737,0.0917763039,0.1016864404,0.1432553679,0.1431086212,0.0000007873,0.0000000000,0.0000000000,0.0000000000,-0.0320656337,0.1696928442,-0.0054931496,0.0469436646,0.1696915329,0.0080401665
20:20:24:07.503,61,0.0347611047,0.2765013278,0.0770219788,0.0000000000,0.0000000000,0.0621523447,0.0000000000,0.0338746160,0.2766547799,0.0542826727,0.0000000000,0.0000000000,0.0621927157,0.0000000000,0.0317460224,0.0111130839,0.0000000000,0.0772804990,0.0986051559,0.0710512251,0.1713228971,0.0336274244,0.0000000000,0.1640841216,0.1441740096,0.0000000000,0.0000000000,0.0468214005,0.0467028767,0.1420768648,0.1314875036,0.0939262956,0.0355771296,0.1564692557,0.0880805179,0.0492998250,0.0483252071,0.1413116753,0.1310488880,0.0302229580,0.0286922138,0.0962827727,0.0948907062,0.1298597008,0.0000000000,0.0000000000,0.0290957335,0.0914287642,0.1011209190,0.1423227936,0.1420321018,0.0000008230,0.0000000000,0.0000000000,0.0000000000,-0.0326868333,0.1690899730,-0.0055792499,0.0463800244,0.1690886468,0.0079149362
20:20:24:08.504,61,0.0339914635,0.2762277424,0.0770019665,0.0000000000,0.0000000000,0.0620199740,0.0000000000,0.0331085809,0.2763808668,0.0542870089,0.0000000000,0.0000000000,0.0620608479,0.0000000000,0.0317143016,0.0110003548,0.0000000000,0.0771438703,0.0984863862,0.0707744285,0.1695405245,0.0341120474,0.0000000000,0.1636628807,0.1437731087,0.0000000000,0.0000000000,0.0467442572,0.0465973616,0.1431757957,0.1315761954,0.0942047015,0.0354644880,0.1559783816,0.0879322737,0.0491938628,0.0482218601,0.1432496309,0.1328145415,0.0302745495,0.0286875218,0.0959701315,0.0945703611,0.1298551112,0.0000000000,0.0000000000,0.0290245879,0.0914098322,0.1010222435,0.1421078891,0.1417677701,0.0000007418,0.0000000000,0.0000000000,0.0000000000,-0.0326903760,0.1689226031,-0.0055742236,0.0463692844,0.1689212620,0.0079051219
20:20:24:09.505,61,0.0337491408,0.2748191655,0.0769247636,0.0000000000,0.0000000000,0.0617817342,0.0000000000,0.0328632407,0.2749709487,0.0542916879,0.0000000000,0.0000000000,0.0618229397,0.0000000000,0.0313905403,0.0110080689,0.0000000000,0.0752555579,0.0957868472,0.0675952733,0.1671505421,0.0346823335,0.0000000000,0.1633420885,0.1433759630,0.0000000000,0.0000000000,0.0464330465,0.0462574698,0.1426512450,0.1307532936,0.0939375311,0.0351477899,0.1555861086,0.0878889859,0.0489954390,0.0480297469,0.1385652274,0.1285098493,0.0301636364,0.0285177305,0.0959582478,0.0945416540,0.1289211214,0.0000000000,0.0000000000,0.0288413521,0.0909007341,0.1002920866,0.1413817108,0.1409570426,0.0000002171,0.0000000000,0.0000000000,0.0000000000,-0.0326979831,0.1680608988,-0.0055465349,0.0463295765,0.1680595130,0.0078572948
20:20:24:10.505,61,0.0333917253,0.2746039629,0.0772032887,0.0000000000,0.0000000000,0.0615988187,0.0000000000,0.0324991830,0.2747594118,0.0539974943,0.0000000000,0.0000000000,0.0616401955,0.0000000000,0.0310360547,0.0110015674,0.0000000000,0.0731520504,0.0931329578,0.0652923882,0.1635389179,0.0352923609,0.0000000000,0.1629962623,0.1428143680,0.0000000000,0.0000000000,0.0460831858,0.0458763391,0.1423260570,0.1302757859,0.0936424360,0.0347619206,0.1554694623,0.0880141482,0.0488159880,0.0478486754,0.1357223541,0.1254812628,0.0300730094,0.0283567756,0.0960310996,0.0945896879,0.1281097531,0.0000000000,0.0000000000,0.0286071096,0.0904153436,0.0996932536,0.1408016831,0.1403065622,0.0000002686,0.0000000000,0.0000000000,0.0000000000,-0.0325215161,0.1679306179,-0.0055122548,0.0464983545,0.1679292619,0.0078796688
20:20:24:11.506,61,0.0333936810,0.2745443285,0.0777554139,0.0000000000,0.0000000000,0.0614031367,0.0000000000,0.0325020701,0.2747069299,0.0534659177,0.0000000000,0.0000000000,0.0614441782,0.0000000000,0.0305768643,0.0108873416,0.0000000000,0.0698668957,0.0886533409,0.0619086809,0.1607304811,0.0355176553,0.0000000000,0.1624235213,0.1422646642,0.0000000000,0.0000000000,0.0455903001,0.0453800410,0.1402958930,0.1292834133,0.0931511745,0.0342354663,0.1557575911,0.0884730145,0.0486124344,0.0476343185,0.1256420314,0.1178701892,0.0299574248,0.0281984545,0.0958592519,0.0943959057,0.1269602329,0.0000000000,0.0000000000,0.0283310022,0.0899345800,0.0991348624,0.1401983202,0.1396861225,0.0000012911,0.0000000000,0.0000000000,0.0000000000,-0.0322015323,0.1678967774,-0.0054569175,0.0468311757,0.1678954214,0.0079343971
20:20:24:12.507,61,0.0332876220,0.2738806009,0.0777294934,0.0000000000,0.0000000000,0.0611414872,0.0000000000,0.0324031189,0.2740424275,0.0535065196,0.0000000000,0.0000000000,0.0611819290,0.0000000000,0.0299954470,0.0107407654,0.0000000000,0.0630615279,0.0775480419,0.0542816035,0.1543266773,0.0358433276,0.0000000000,0.1372098625,0.1169330850,0.0000000000,0.0000000000,0.0442780778,0.0439408384,0.1357462853,0.1253437698,0.0904575959,0.0334908292,0.1562280506,0.0901265815,0.0484006777,0.0474349931,0.1031336710,0.0969770923,0.0296683740,0.0278765131,0.0955158845,0.0940405056,0.1218712553,0.0000000000,0.0000000000,0.0280772820,0.0872642696,0.0957793817,0.1350530684,0.1338352412,0.0000014329,0.0000000000,0.0000000000,0.0000000000,-0.0322282054,0.1674908251,-0.0054479800,0.0468187816,0.1674894243,0.0079127522
20:20:24:13.508,61,0.0319742523,0.2735332847,0.0780912414,0.0000000000,0.0000000000,0.0607468486,0.0000000000,0.0311930925,0.2736995518,0.0531685427,0.0000000000,0.0000000000,0.0607864298,0.0000000000,0.0293169264,0.0106598008,0.0000000000,0.0569461696,0.0690675378,0.0473516174,0.1476804763,0.0363076888,0.0000000000,0.1273392886,0.1051175371,0.0000000000,0.0000000000,0.0425498262,0.0419647135,0.1303666383,0.1197100058,0.0859734043,0.0325223580,0.1565135717,0.0912633166,0.0481288806,0.0471891463,0.0928701162,0.0867129937,0.0292665735,0.0274421014,0.0957061723,0.0942270756,0.1152745262,0.0000000000,0.0000000000,0.0278003681,0.0825599134,0.0899936035,0.1285730451,0.1263842136,0.0000014189,0.0000000000,0.0000000000,0.0000000000,-0.0320257656,0.1672801375,-0.0054068333,0.0470383540,0.1672787666,0.0079396451
20:20:24:14.509,61,0.0314790271,0.2728673816,0.0775478482,0.0000000000,0.0000000000,0.0601866432,0.0000000000,0.0307329949,0.2730270326,0.0535503924,0.0000000000,0.0000000000,0.0602251329,0.0000000000,0.0279080700,0.0105925901,0.0000000000,0.0487950854,0.0570078790,0.0406050682,0.1422251612,0.0366736129,0.0000000000,0.1000976488,0.0800391883,0.0000000000,0.0000000000,0.0402723774,0.0394473858,0.1186946779,0.1085084975,0.0783195123,0.0306430757,0.1578040421,0.0982034802,0.0478841327,0.0469858535,0.0774046481,0.0731492937,0.0287457537,0.0269043446,0.0943464860,0.0929292440,0.1098299474,0.0000000000,0.0000000000,0.0275366381,0.0748406053,0.0811530799,0.1176767945,0.1137889102,0.0000012994,0.0000000000,0.0000000000,0.0000000000,-0.0322580040,0.1668703556,-0.0054324358,0.0467142500,0.1668689698,0.0078653023
20:20:24:15.511,61,0.0312790237,0.2746633887,0.0755357072,0.0000000000,0.0000000000,0.0594099611,0.0000000000,0.0305594318,0.2747991085,0.0552612133,0.0000000000,0.0000000000,0.0594458282,0.0000000000,0.0263639260,0.0107725793,0.0000000000,0.0419031791,0.0471054316,0.0348242186,0.1378929168,0.0371247344,0.0000000000,0.0675203130,0.0497143939,0.0000000000,0.0000000000,0.0382735319,0.0372566320,0.1099121496,0.0988805890,0.0713266581,0.0281623788,0.1712164432,0.1173955575,0.0477526002,0.0469156317,0.0634981021,0.0607354604,0.0281774774,0.0263271667,0.0852866769,0.0841371790,0.1045757607,0.0000000000,0.0000000000,0.0271900315,0.0675987452,0.0735591501,0.1096121818,0.1044336930,0.0000002323,0.0000000000,0.0000000000,0.0000000000,-0.0332824811,0.1679591238,-0.0056421608,0.0454937406,0.1679577678,0.0077108848
20:20:24:16.512,61,0.0308560319,0.2765308321,0.0736576691,0.0000000000,0.0000000000,0.0587664321,0.0000000000,0.0301574357,0.2766438127,0.0568942279,0.0000000000,0.0000000000,0.0588008873,0.0000000000,0.0250711963,0.0110492613,0.0000000000,0.0370251462,0.0395039953,0.0309115686,0.1361911595,0.0372336358,0.0000000000,0.0179080684,0.0127865719,0.0000000000,0.0000000000,0.0372591987,0.0361589156,0.1045590341,0.0938920006,0.0676074028,0.0256814789,0.2225384563,0.1621069610,0.0481911972,0.0474289246,0.0532313660,0.0518125817,0.0276598651,0.0258190390,0.0833144858,0.0822402909,0.0986186266,0.0000000000,0.0000000000,0.0269811973,0.0625023991,0.0681429878,0.1033017263,0.0976951122,0.0000000781,0.0000000000,0.0000000000,0.0000000000,-0.0342594236,0.1690922678,-0.0058476431,0.0443540402,0.1690909415,0.0075695459
20:20:24:17.513,61,0.0274090525,0.2770475745,0.0738185123,0.0000000000,0.0000000000,0.0583164208,0.0000000000,0.0269569978,0.2771631181,0.0567040667,0.0000000000,0.0000000000,0.0583501831,0.0000000000,0.0241658613,0.0114192702,0.0000000000,0.0343746953,0.0353266560,0.0287803914,0.1355461329,0.0372892171,0.0000000000,0.0017223390,0.0000000000,0.0000000000,0.0123237716,0.0367626809,0.0356067158,0.1021510959,0.0915648341,0.0658205003,0.0238466486,0.2468032539,0.1842926592,0.0528876856,0.0518479906,0.0481781475,0.0472085141,0.0273050666,0.0254628398,0.0928523168,0.0916150212,0.0936947539,0.0000000000,0.0000000000,0.0269240569,0.0601540878,0.0656644702,0.1004467681,0.0946145207,0.0000000212,0.0000000000,0.0000000000,0.0000000000,-0.0341430679,0.1694090366,-0.0058389199,0.0444485061,0.1694076806,0.0076001394
20:20:24:18.514,61,0.0261037517,0.2808634639,0.0733384714,0.0000000000,0.0000000000,0.0576917827,0.0000000000,0.0257154107,0.2809751630,0.0569637679,0.0000000000,0.0000000000,0.0577247888,0.0000000000,0.0233996417,0.0116279488,0.0000000000,0.0325164124,0.0327914469,0.0274214856,0.1354134232,0.0374178775,0.0000000000,0.0000000000,0.0000000000,0.0538790226,0.0769721940,0.0364429057,0.0352436937,0.1010209322,0.0905390009,0.0647799298,0.0222999249,0.2668480575,0.2033102959,0.0570856817,0.0556436963,0.0453375243,0.0446264111,0.0271149725,0.0252528861,0.0946086571,0.0933468267,0.0914622247,0.0000000000,0.0000000000,0.0268385690,0.0586853959,0.0641390905,0.0989475325,0.0929485261,0.0000000374,0.0000000000,0.0000000000,0.0000000000,-0.0342856906,0.1717399061,-0.0059455675,0.0441417433,0.1717386991,0.0076536285
20:20:24:19.515,61,0.0250608791,0.2828867137,0.0733870491,0.0000000000,0.0000000000,0.0569930859,0.0000000000,0.0247062165,0.2830002606,0.0568284802,0.0000000000,0.0000000000,0.0570254438,0.0000000000,0.0227098223,0.0118462201,0.0000000000,0.0312309619,0.0310034491,0.0264089964,0.1360003054,0.0373984911,0.0000000000,0.0000000000,0.0000000000,0.0706291497,0.0960195214,0.0362996161,0.0350665301,0.1002746448,0.0899055973,0.0640787855,0.0211869627,0.2768706381,0.2133231014,0.0606564023,0.0590884760,0.0432624184,0.0427587889,0.0269321762,0.0250684600,0.0951553658,0.0938890725,0.0899276286,0.0000000000,0.0000000000,0.0268696304,0.0575703718,0.0629992187,0.0978561267,0.0917806849,0.0000000813,0.0000000000,0.0000000000,0.0000000000,-0.0341968983,0.1729771942,-0.0059737591,0.0441614762,0.1729760021,0.0077133249
20:20:24:20.516,61,0.0242280215,0.2838147581,0.0727594346,0.0000000000,0.0000000000,0.0564649664,0.0000000000,0.0238896441,0.2839208543,0.0573464632,0.0000000000,0.0000000000,0.0564971566,0.0000000000,0.0222320892,0.0121203437,0.0000000000,0.0302880090,0.0297383461,0.0256492961,0.1411891729,0.0371920615,0.0000000000,0.0000000000,0.0000000000,0.1360460967,0.1522093117,0.0365255848,0.0352638401,0.1002909765,0.0900270343,0.0639509708,0.0202879477,0.3268597126,0.2579886317,0.0708685741,0.0686653927,0.0418966524,0.0415168218,0.0268347561,0.0249824859,0.0960005224,0.0947381556,0.0888207182,0.0000000000,0.0000000000,0.0269999802,0.0567638688,0.0621967986,0.0970324129,0.0909276307,0.0000000878,0.0000000000,0.0000000000,0.0000000000,-0.0345052034,0.1735417396,-0.0060476651,0.0437794775,0.1735405475,0.0076721115
20:20:24:21.517,61,0.0234898124,0.2837790549,0.0723516867,0.0000000000,0.0000000000,0.0561763979,0.0000000000,0.0231603552,0.2838798463,0.0577085987,0.0000000000,0.0000000000,0.0562088341,0.0000000000,0.0219509937,0.0124891447,0.0000000000,0.0295821913,0.0287564136,0.0250855852,0.1495408118,0.0368137769,0.0000000000,0.0000000000,0.0000000000,0.1617699862,0.1737969369,0.0369914472,0.0357079394,0.1006415114,0.0905287862,0.0643302575,0.0195351075,0.3468341529,0.2767802477,0.0815272629,0.0788808540,0.0408432558,0.0405648947,0.0267898571,0.0249656066,0.0975610614,0.0963390693,0.0880549625,0.0000000000,0.0000000000,0.0273457468,0.0561766252,0.0616357401,0.0963815227,0.0902842209,0.0000000793,0.0000000000,0.0000000000,0.0000000000,-0.0347232409,0.1735180169,-0.0060850168,0.0435343087,0.1735168546,0.0076281130
20:20:24:22.517,61,0.0230925903,0.2845249474,0.0711996853,0.0000000000,0.0000000000,0.0560655519,0.0000000000,0.0227585100,0.2846109867,0.0587623678,0.0000000000,0.0000000000,0.0560986027,0.0000000000,0.0217177775,0.0128599033,0.0000000000,0.0290912483,0.0280812290,0.0247104783,0.1524008214,0.0366927721,0.0000000000,0.0000000000,0.0000000000,0.1310616136,0.1543801427,0.0375593826,0.0362521671,0.1037468910,0.0934687629,0.0650734454,0.0189162921,0.3535316288,0.2822455466,0.0853393823,0.0825522393,0.0402572192,0.0400277637,0.0268531460,0.0250284318,0.0988686755,0.0976500735,0.0876663774,0.0000000000,0.0000000000,0.0276232436,0.0560009256,0.0615081340,0.0962058976,0.0900852308,0.0000001063,0.0000000000,0.0000000000,0.0000000000,-0.0353545137,0.1739687920,-0.0062120180,0.0428377315,0.1739676148,0.0075260359
20:20:24:23.518,61,0.0222600996,0.2845015526,0.0705018565,0.0000000000,0.0000000000,0.0557711050,0.0000000000,0.0219642147,0.2845782638,0.0594490208,0.0000000000,0.0000000000,0.0558041930,0.0000000000,0.0214232244,0.0130669288,0.0000000000,0.0285754893,0.0275079180,0.0243613441,0.1535086781,0.0364283882,0.0000000000,0.0000000000,0.0000000000,0.1260553449,0.1514449120,0.0376174189,0.0363184586,0.1046664789,0.0944869518,0.0652524531,0.0183210280,0.3199678361,0.2588218451,0.0867652372,0.0839324668,0.0396686308,0.0394885316,0.0268232618,0.0250122864,0.0988048092,0.0975961313,0.0871413797,0.0000000000,0.0000000000,0.0276854020,0.0556484945,0.0612083748,0.0959154591,0.0898230746,0.0000000872,0.0000000000,0.0000000000,0.0000000000,-0.0357677639,0.1739513874,-0.0062839533,0.0424179845,0.1739501804,0.0074515780
20:20:24:24.520,61,0.0184154753,0.2841936350,0.0701396242,0.0000000000,0.0000000000,0.0555392094,0.0000000000,0.0182764605,0.2842653692,0.0598106086,0.0000000000,0.0000000000,0.0555723086,0.0000000000,0.0212259386,0.0131977191,0.0000000000,0.0281412937,0.0270590559,0.0241059251,0.1540074199,0.0361956917,0.0000000000,0.0000000000,0.0000000000,0.1422308832,0.1601026654,0.0375101641,0.0362251289,0.1053285524,0.0953148752,0.0654631108,0.0177940987,0.3123559952,0.2533092797,0.0872079283,0.0843737498,0.0391807295,0.0390371792,0.0267677996,0.0249611381,0.0982096046,0.0970035046,0.0867078677,0.0000000000,0.0000000000,0.0277381632,0.0553403571,0.0609470978,0.0956467688,0.0895620063,0.0000000879,0.0000000000,0.0000000000,0.0000000000,-0.0359865166,0.1737614870,-0.0063153268,0.0422014445,0.1737602800,0.0074053043
20:20:24:25.520,61,0.0161233898,0.2809892893,0.0686823875,0.0000000000,0.0000000000,0.0555148497,0.0000000000,0.0160508528,0.2810409963,0.0612461418,0.0000000000,0.0000000000,0.0555483811,0.0000000000,0.0210133716,0.0134534165,0.0000000000,0.0277682841,0.0266857930,0.0238557048,0.1541036367,0.0360222757,0.0000000000,0.0000000000,0.0000000000,0.1431187242,0.1597412229,0.0372746922,0.0360051282,0.1055238843,0.0956614763,0.0655053034,0.0173504557,0.3059930205,0.2447982728,0.0870024785,0.0842409506,0.0387077704,0.0385756530,0.0266126115,0.0248166844,0.0984849259,0.0972811356,0.0859212354,0.0000000000,0.0000000000,0.0279345829,0.0549939834,0.0606481470,0.0951742083,0.0891449898,0.0000001056,0.0000000000,0.0000000000,0.0000000000,-0.0368628986,0.1717960387,-0.0063944119,0.0413387828,0.1717948318,0.0071703247
20:20:24:26.521,61,0.0128211947,0.2740819454,0.0666652173,0.0000000000,0.0000000000,0.0557493083,0.0000000000,0.0127981026,0.2741061449,0.0632958934,0.0000000000,0.0000000000,0.0557846017,0.0000000000,0.0209679939,0.0143964244,0.0000000000,0.0275097564,0.0263990611,0.0236845687,0.1543652117,0.0360951126,0.0000000000,0.0000000000,0.0000000000,0.1527734995,0.1691622883,0.0370043740,0.0357689634,0.1057200953,0.0959505737,0.0657500774,0.0170055032,0.3031833470,0.2414837182,0.0867978632,0.0841025561,0.0382933058,0.0381364450,0.0263909586,0.0245952234,0.1021156162,0.1008088365,0.0845613480,0.0000000000,0.0000000000,0.0282748919,0.0546203628,0.0603359267,0.0945302397,0.0885943845,0.0000000773,0.0000000000,0.0000000000,0.0000000000,-0.0381242372,0.1675648540,-0.0064470996,0.0401537083,0.1675634831,0.0067900531
20:20:24:27.523,61,0.0107270638,0.2685493827,0.0654030740,0.0000000000,0.0000000000,0.0560484417,0.0035476377,0.0107251238,0.2685573101,0.0645484999,0.0000000000,0.0000000000,0.0560855530,0.0040203165,0.0209026542,0.0150913028,0.0000000000,0.0272906702,0.0261854548,0.0235651173,0.1545289010,0.0361877382,0.0000000000,0.0000000000,0.0000000000,0.1556810141,0.1718509793,0.0366467610,0.0354473889,0.1059227809,0.0962413624,0.0658957660,0.0167062618,0.3006308675,0.2370762080,0.0862919614,0.0836620033,0.0379623100,0.0377701782,0.0261309054,0.0243410543,0.1061166823,0.1047501266,0.0834349468,0.0000000000,0.0000000000,0.0285824053,0.0542383939,0.0600237697,0.0938865840,0.0880578533,0.0000000742,0.0000000000,0.0000000000,0.0000000000,-0.0389007516,0.1641776711,-0.0064429278,0.0394158028,0.1641761810,0.0065281270
20:20:24:28.524,61,0.0095640561,0.2659720182,0.0646739975,0.0000000000,0.0000000000,0.0562980101,0.0063679051,0.0095718130,0.2659707665,0.0652723238,0.0000000000,0.0000000000,0.0563364886,0.0068792226,0.0208523013,0.0156526603,0.0000000000,0.0270867404,0.0259988885,0.0234939735,0.1544487476,0.0364298895,0.0000000000,0.0000000000,0.0000000000,0.1566226929,0.1729152352,0.0363749787,0.0352033675,0.1062398776,0.0966101512,0.0660813972,0.0164335202,0.2994785607,0.2352498472,0.0858238414,0.0832476988,0.0377292633,0.0374871753,0.0259528998,0.0241483636,0.1106937602,0.1092257723,0.0826352984,0.0000000000,0.0000000000,0.0288175065,0.0539362393,0.0597466566,0.0933457986,0.0875992775,0.0000000915,0.0000000000,0.0000000000,0.0000000000,-0.0393472128,0.1625992954,-0.0064530601,0.0389865376,0.1625977457,0.0063938764
20:20:24:29.525,61,0.0086789019,0.2642008066,0.0642513037,0.0000000000,0.0000000000,0.0564777851,0.0081364550,0.0086911386,0.2641944885,0.0656640008,0.0000000000,0.0000000000,0.0565172955,0.0086644813,0.0207658112,0.0159575772,0.0000000000,0.0269301813,0.0258864164,0.0234299190,0.1541192383,0.0365042947,0.0000000000,0.0000000000,0.0000000000,0.1416552812,0.1607450843,0.0360811986,0.0349356271,0.1064620242,0.0969230011,0.0662019849,0.0162095502,0.2946551442,0.2296343297,0.0848361924,0.0825542808,0.0375520028,0.0372736230,0.0257458668,0.0239434000,0.1112655699,0.1097919643,0.0821614787,0.0000000000,0.0000000000,0.0290357228,0.0537103787,0.0595601872,0.0928537250,0.0871882662,0.0000001353,0.0000000000,0.0000000000,0.0000000000,-0.0395903476,0.1615149230,-0.0064488472,0.0387385860,0.1615133286,0.0063101151
20:20:24:30.526,61,0.0079497267,0.2618297040,0.0635486394,0.0000000000,0.0000000000,0.0566571467,0.0094480477,0.0079637012,0.2618147433,0.0663729459,0.0000000000,0.0000000000,0.0566979833,0.0099882623,0.0206873603,0.0164040644,0.0000000000,0.0268074535,0.0258012619,0.0233471859,0.1536295414,0.0368417464,0.0000000000,0.0000000000,0.0000000000,0.1358807385,0.1560714096,0.0358595476,0.0347425751,0.1067613959,0.0972637385,0.0663514659,0.0160252471,0.2918936312,0.2263219804,0.0838453397,0.0818137079,0.0374394394,0.0371044949,0.0255418308,0.0237243213,0.1115741730,0.1100876406,0.0817012116,0.0000000000,0.0000000000,0.0291057769,0.0534487143,0.0593234263,0.0923038125,0.0867044032,0.0000001674,0.0000000000,0.0000000000,0.0000000000,-0.0400272086,0.1600628644,-0.0064603360,0.0383239314,0.1600612402,0.0061855102
20:20:24:31.527,61,0.0074705835,0.2615148127,0.0625874996,0.0000000000,0.0000000000,0.0567358658,0.0102073904,0.0074840616,0.2614877224,0.0673630238,0.0000000000,0.0000000000,0.0567779765,0.0107494965,0.0205125138,0.0168366022,0.0000000000,0.0266270712,0.0256607793,0.0231641755,0.1532517672,0.0370318815,0.0000000000,0.0000000000,0.0000000000,0.1330866069,0.1535743028,0.0354975387,0.0344090238,0.1065263301,0.0970895365,0.0661311746,0.0158397648,0.2773726583,0.2161557972,0.0815493762,0.0797431022,0.0372115113,0.0368320011,0.0252331588,0.0234263595,0.1120696738,0.1105801761,0.0806033984,0.0000000000,0.0000000000,0.0291838199,0.0529748201,0.0588729195,0.0912365541,0.0860542208,0.0000002209,0.0000000000,0.0000000000,0.0000000000,-0.0406255946,0.1598667949,-0.0065486887,0.0377454869,0.1598651856,0.0060846037
20:20:24:32.528,61,0.0069218935,0.2601666152,0.0625763163,0.0000000000,0.0000000000,0.0568689480,0.0110037047,0.0069348444,0.2601392567,0.0674258769,0.0000000000,0.0000000000,0.0569118485,0.0115497345,0.0204211287,0.0171498619,0.0000000000,0.0264866408,0.0255535077,0.0230245236,0.1529173106,0.0371422283,0.0000000000,0.0000000000,0.0000000000,0.1330592334,0.1529698670,0.0352702476,0.0342053846,0.1065949127,0.0972209424,0.0660872087,0.0156589709,0.2738213241,0.2134169042,0.0804691911,0.0787385851,0.0370737985,0.0366610885,0.0250180215,0.0232133064,0.1124419942,0.1109474823,0.0800124928,0.0000000000,0.0000000000,0.0291326679,0.0526896119,0.0585999228,0.0906202868,0.0855615735,0.0000002241,0.0000000000,0.0000000000,0.0000000000,-0.0406688824,0.1590426564,-0.0065212902,0.0377437361,0.1590409875,0.0060524181
20:20:24:33.529,61,0.0065751090,0.2602106631,0.0626173988,0.0000000000,0.0000000000,0.0568449423,0.0113721211,0.0065865098,0.2601838112,0.0673830584,0.0000000000,0.0000000000,0.0568882972,0.0119117890,0.0202103909,0.0173847079,0.0000000000,0.0262953974,0.0254114810,0.0228189714,0.1523507982,0.0373101905,0.0000000000,0.0000000000,0.0000000000,0.1157188043,0.1345721334,0.0350333899,0.0339820236,0.1063528582,0.0970230326,0.0657710731,0.0154892150,0.2705434561,0.2102519721,0.0790458769,0.0774618611,0.0369028188,0.0364501849,0.0247644503,0.0229660664,0.1124205291,0.1109332070,0.0794170797,0.0000000000,0.0000000000,0.0291171819,0.0523157269,0.0582340024,0.0899479091,0.0849790573,0.0000002067,0.0000000000,0.0000000000,0.0000000000,-0.0406428762,0.1590697467,-0.0065182517,0.0377683602,0.1590680778,0.0060574138
20:20:24:34.530,61,0.0062173624,0.2602652609,0.0623853095,0.0000000000,0.0000000000,0.0568010584,0.0117637645,0.0062275291,0.2602352500,0.0676616132,0.0000000000,0.0000000000,0.0568448380,0.0122986082,0.0200607926,0.0176045690,0.0000000000,0.0261143297,0.0252806544,0.0226732679,0.1522474587,0.0373143777,0.0000000000,0.0000000000,0.0000000000,0.1579122245,0.1727926433,0.0347734801,0.0337390453,0.1064060554,0.0971392021,0.0655327663,0.0153007153,0.2695047855,0.2092068344,0.0781971142,0.0766425654,0.0367266387,0.0362674594,0.0245369710,0.0227556489,0.1122267395,0.1107459590,0.0789928585,0.0000000000,0.0000000000,0.0291107148,0.0520096049,0.0579919666,0.0894418433,0.0845307931,0.0000001713,0.0000000000,0.0000000000,0.0000000000,-0.0408106893,0.1591022611,-0.0065465095,0.0376281589,0.1591005772,0.0060361954
20:20:24:35.532,61,0.0059298580,0.2600150406,0.0625315309,0.0000000000,0.0000000000,0.0567791760,0.0119966818,0.0059385952,0.2599865198,0.0675722584,0.0000000000,0.0000000000,0.0568230636,0.0125228744,0.0199891403,0.0176311787,0.0000000000,0.0259650126,0.0251393449,0.0225953199,0.1526515037,0.0372068435,0.0000000000,0.0000000000,0.0000000000,0.1673373878,0.1813696176,0.0347072296,0.0336811021,0.1065028310,0.0973440781,0.0654860958,0.0151203489,0.2846304774,0.2164182067,0.0778691024,0.0763002932,0.0365864672,0.0361353792,0.0243970249,0.0226279590,0.1124646217,0.1109942272,0.0786989778,0.0000000000,0.0000000000,0.0291889496,0.0518145747,0.0578299947,0.0891259164,0.0842282996,0.0000001075,0.0000000000,0.0000000000,0.0000000000,-0.0407577790,0.1589498669,-0.0065316590,0.0377172865,0.1589481533,0.0060445899
20:20:24:36.532,61,0.0055528968,0.2611241043,0.0629512295,0.0000000000,0.0000000000,0.0568738878,0.0123678017,0.0055607273,0.2611002922,0.0672074109,0.0000000000,0.0000000000,0.0569183938,0.0128883682,0.0200963337,0.0178402346,0.0000000000,0.0258805547,0.0250365995,0.0226150304,0.1551261544,0.0369209126,0.0000000000,0.0000000000,0.0000000000,0.2216112614,0.2309784591,0.0346225761,0.0336165354,0.1068800390,0.0977833197,0.0657590255,0.0149450628,0.3014687002,0.2310042679,0.0779075176,0.0763240978,0.0364983045,0.0360704698,0.0243048519,0.0225691050,0.1128259152,0.1113721207,0.0786398500,0.0000000000,0.0000000000,0.0293170344,0.0517309085,0.0578522012,0.0890170485,0.0841712728,0.0000000817,0.0000000000,0.0000000000,0.0000000000,-0.0405332893,0.1596293300,-0.0065239472,0.0379663035,0.1596276760,0.0061109341
20:20:24:37.533,61,0.0052413442,0.2619576454,0.0630537793,0.0000000000,0.0000000000,0.0568477139,0.0126183257,0.0052482672,0.2619348168,0.0671299323,0.0000000000,0.0000000000,0.0568926111,0.0131307486,0.0200641714,0.0180905461,0.0000000000,0.0257388838,0.0249297116,0.0225843657,0.1558637768,0.0367556661,0.0000000000,0.0000000000,0.0000000000,0.1895356774,0.1993762404,0.0343486667,0.0333625637,0.1069788486,0.0979119614,0.0656982288,0.0147558013,0.3014787138,0.2337542772,0.0775841475,0.0759990513,0.0363730490,0.0359497741,0.0241994448,0.0224897545,0.1130900234,0.1116573513,0.0784363449,0.0000000000,0.0000000000,0.0293338150,0.0515065156,0.0577142164,0.0888539776,0.0840535015,0.0000000364,0.0000000000,0.0000000000,0.0000000000,-0.0404832438,0.1601392180,-0.0065370682,0.0380250365,0.1601375937,0.0061402703
20:20:24:38.534,61,0.0052223173,0.2621977329,0.0627475455,0.0000000000,0.0000000000,0.0568692349,0.0123639386,0.0052255220,0.2621709704,0.0674412996,0.0000000000,0.0000000000,0.0569142997,0.0128615107,0.0199940391,0.0182201713,0.0000000000,0.0255374350,0.0247383770,0.0224908609,0.1560425907,0.0365657210,0.0000000000,0.0000000000,0.0000000000,0.1846000701,0.1945141703,0.0341397189,0.0331679471,0.1067772284,0.0977969691,0.0655301511,0.0145777315,0.3021233678,0.2351842225,0.0774163455,0.0758009851,0.0361440741,0.0357323475,0.0240811072,0.0223888028,0.1188665256,0.1175592989,0.0782050490,0.0000000000,0.0000000000,0.0293630548,0.0512412079,0.0574866496,0.0885955095,0.0838066712,0.0000000316,0.0000000000,0.0000000000,0.0000000000,-0.0406700596,0.1602848321,-0.0065732915,0.0378394611,0.1602832526,0.0061159716
20:20:24:39.535,61,0.0051989867,0.2624347210,0.0624295995,0.0000000000,0.0000000000,0.0569434576,0.0121802613,0.0051992391,0.2624038160,0.0677829534,0.0000000000,0.0000000000,0.0569886938,0.0126651991,0.0199472047,0.0182581153,0.0000000000,0.0253999755,0.0245938692,0.0224322267,0.1561663747,0.0363512821,0.0000000000,0.0000000000,0.0000000000,0.1776816696,0.1907779574,0.0340411887,0.0330762900,0.1067176089,0.0978338718,0.0655105710,0.0144500900,0.3020823896,0.2355704606,0.0774134099,0.0757662058,0.0359527990,0.0355556943,0.0239594094,0.0222857930,0.1205468327,0.1192727685,0.0779739171,0.0000000000,0.0000000000,0.0295258947,0.0510578789,0.0573224798,0.0882746950,0.0834984556,0.0000000358,0.0000000000,0.0000000000,0.0000000000,-0.0408751480,0.1604285538,-0.0066124452,0.0376468487,0.1604269147,0.0060904054
20:20:24:40.536,61,0.0051689339,0.2628491819,0.0622073710,0.0000000000,0.0000000000,0.0568665005,0.0119681647,0.0051667313,0.2628154159,0.0680045187,0.0000000000,0.0000000000,0.0569115654,0.0124389175,0.0197858848,0.0183375683,0.0000000000,0.0251819268,0.0243947133,0.0222403537,0.1550634652,0.0361654051,0.0000000000,0.0000000000,0.0000000000,0.1686616391,0.1814798564,0.0337844528,0.0328346156,0.1063573435,0.0975579917,0.0650783330,0.0142926825,0.2846545875,0.2261323333,0.0769460052,0.0752851889,0.0356479436,0.0352693275,0.0237677321,0.0221163277,0.1203353852,0.1190888584,0.0774954781,0.0000000000,0.0000000000,0.0294077490,0.0506892502,0.0569577925,0.0877080038,0.0829474255,0.0000000768,0.0000000000,0.0000000000,0.0000000000,-0.0410070866,0.1606810838,-0.0066443998,0.0375112966,0.1606794745,0.0060782069
20:20:24:41.537,61,0.0051289224,0.2630016208,0.0620670021,0.0000000000,0.0000000000,0.0568919182,0.0117873186,0.0051246844,0.2629661858,0.0681353733,0.0000000000,0.0000000000,0.0569368787,0.0122447964,0.0196835417,0.0183867607,0.0000000000,0.0249877106,0.0241732094,0.0220691729,0.1545258760,0.0359377712,0.0000000000,0.0000000000,0.0000000000,0.1653160602,0.1783379912,0.0337099433,0.0327618346,0.1060507447,0.0973225310,0.0648938566,0.0141632380,0.2815293372,0.2240907699,0.0769395977,0.0752503723,0.0353606902,0.0349977538,0.0236233994,0.0219943319,0.1236129850,0.1224168614,0.0770888180,0.0000000000,0.0000000000,0.0295153391,0.0504357554,0.0567101240,0.0873218924,0.0825790688,0.0000000840,0.0000000000,0.0000000000,0.0000000000,-0.0410853811,0.1607737839,-0.0066609862,0.0374260843,0.1607721448,0.0060679647
20:20:24:42.538,61,0.0050860057,0.2630653679,0.0619667582,0.0000000000,0.0000000000,0.0571263768,0.0116821248,0.0050800075,0.2630285323,0.0682498142,0.0000000000,0.0000000000,0.0571719967,0.0121296663,0.0197792053,0.0185754541,0.0000000000,0.0248486996,0.0239746645,0.0220094007,0.1547667235,0.0358406380,0.0000000000,0.0000000000,0.0000000000,0.2322228849,0.2470484674,0.0336380117,0.0326927528,0.1060480922,0.0973634645,0.0649585724,0.0140339714,0.3078374565,0.2371383458,0.0773839056,0.0756412521,0.0351153240,0.0347606726,0.0235189050,0.0218976997,0.1270918101,0.1258738041,0.0767967403,0.0000000000,0.0000000000,0.0297440570,0.0502709523,0.0565724857,0.0870349258,0.0823069587,0.0000000797,0.0000000000,0.0000000000,0.0000000000,-0.0411541238,0.1608123630,-0.0066737547,0.0373654105,0.1608107537,0.0060596103
20:20:24:43.539,61,0.0050790152,0.2628649771,0.0617949180,0.0000000000,0.0000000000,0.0574295223,0.0115511473,0.0050710235,0.2628402114,0.0685066506,0.0000000000,0.0000000000,0.0574758574,0.0119897183,0.0199271701,0.0186912250,0.0000000000,0.0248261336,0.0239159856,0.0220642071,0.1551221013,0.0358147733,0.0000000000,0.0000000000,0.0000000000,0.2092912942,0.2286109179,0.0337092094,0.0327627026,0.1064473987,0.0977832898,0.0653392076,0.0139575750,0.3141154051,0.2403687984,0.0778102130,0.0760134757,0.0350958705,0.0347453207,0.0235160198,0.0218864046,0.1285365373,0.1273097545,0.0767818764,0.0000000000,0.0000000000,0.0299299620,0.0503635295,0.0566969626,0.0871215686,0.0823604837,0.0000000646,0.0000000000,0.0000000000,0.0000000000,-0.0413097665,0.1606982648,-0.0066941436,0.0372625291,0.1606876254,0.0060382280
20:20:24:44.541,61,0.0052326936,0.2622042894,0.0617954656,0.0000000000,0.0000000000,0.0576543361,0.0111257639,0.0052201641,0.2621796131,0.0685137287,0.0000000000,0.0000000000,0.0577013418,0.0115526896,0.0201396681,0.0187367890,0.0000000000,0.0247755907,0.0237899199,0.0220769886,0.1555215716,0.0356600359,0.0000000000,0.0000000000,0.0000000000,0.2365833223,0.2480666339,0.0337914042,0.0328399874,0.1068075672,0.0982007086,0.0656931251,0.0138856582,0.3176307380,0.2430572659,0.0784703568,0.0765740275,0.0349748209,0.0346468352,0.0234373864,0.0218184702,0.1289812028,0.1277464926,0.0766162053,0.0000000000,0.0000000000,0.0301716328,0.0503218137,0.0566795282,0.0869687870,0.0822041631,0.0000000392,0.0000000000,0.0000000000,0.0000000000,-0.0413167402,0.1602944136,-0.0066781556,0.0372652933,0.1602837294,0.0060232352
20:20:24:45.541,61,0.0052675591,0.2628064454,0.0616251677,0.0000000000,0.0000000000,0.0577599816,0.0108839488,0.0052527119,0.2627795637,0.0686779469,0.0000000000,0.0000000000,0.0578071587,0.0113000488,0.0202720594,0.0187709946,0.0000000000,0.0246882513,0.0236093216,0.0220240355,0.1558869928,0.0354741290,0.0000000000,0.0000000000,0.0000000000,0.2157205492,0.2330502868,0.0339597948,0.0329935923,0.1068585441,0.0982977673,0.0659968108,0.0138044506,0.3195717037,0.2452477068,0.0793004408,0.0772367939,0.0347792469,0.0344707072,0.0234054532,0.0217947215,0.1292267591,0.1279894710,0.0763880610,0.0000000000,0.0000000000,0.0304662921,0.0502354093,0.0565855205,0.0868208632,0.0820483342,0.0000000459,0.0000000000,0.0000000000,0.0000000000,-0.0414133035,0.1606618762,-0.0067093661,0.0371603891,0.1606512219,0.0060202968
20:20:24:46.542,61,0.0054135895,0.2627524137,0.0610065050,0.0000000000,0.0000000000,0.0579855517,0.0104515711,0.0053947447,0.2627178133,0.0692874342,0.0000000000,0.0000000000,0.0580332540,0.0108557260,0.0206027273,0.0188260768,0.0000000000,0.0246351063,0.0234005731,0.0220274460,0.1586153507,0.0353183709,0.0000000000,0.0000000000,0.0000000000,0.2662892938,0.2826227546,0.0342616402,0.0332748927,0.1071290448,0.0986185819,0.0665526465,0.0137286717,0.3474679887,0.2794206142,0.0867382511,0.0832961276,0.0345695131,0.0342887677,0.0233948026,0.0217872299,0.1301665902,0.1289187223,0.0761712790,0.0000000000,0.0000000000,0.0309085157,0.0501566492,0.0564833134,0.0866277292,0.0818358809,0.0000000802,0.0000000000,0.0000000000,0.0000000000,-0.0417810827,0.1606265903,-0.0067674001,0.0367875323,0.1606159359,0.0059585883
20:20:24:47.544,61,0.0054472275,0.2625391483,0.0605496764,0.0000000000,0.0000000000,0.0581986308,0.0102467872,0.0054264008,0.2624988854,0.0697449371,0.0000000000,0.0000000000,0.0582468472,0.0106419409,0.0208878573,0.0187724307,0.0000000000,0.0245725196,0.0231757537,0.0220445581,0.1691873074,0.0350179002,0.0000000000,0.0000000000,0.0000000000,0.2746326327,0.2906252146,0.0345766470,0.0335686021,0.1073162705,0.0989237428,0.0670140535,0.0136263799,0.3552428186,0.2885613739,0.0900113061,0.0863142088,0.0343111195,0.0340616554,0.0233988743,0.0217990056,0.1307822913,0.1295343935,0.0759563223,0.0000000000,0.0000000000,0.0315002687,0.0500753000,0.0563934930,0.0864462405,0.0816466361,0.0000000862,0.0000000000,0.0000000000,0.0000000000,-0.0420578681,0.1604946107,-0.0068065100,0.0365128368,0.1604839563,0.0059091719
20:20:24:48.545,61,0.0055908351,0.2624783814,0.0606719740,0.0000000000,0.0000000000,0.0585183240,0.0098344898,0.0055662920,0.2624396682,0.0696187839,0.0000000000,0.0000000000,0.0585680529,0.0102188783,0.0218194574,0.0189799443,0.0000000000,0.0246236753,0.0230089575,0.0222339965,0.1751808822,0.0349073671,0.0000000000,0.0000000000,0.0000000000,0.3468877673,0.3597075939,0.0350248590,0.0340028517,0.1106785387,0.1025432721,0.0708548427,0.0135205965,0.4148031771,0.3399375975,0.0999030992,0.0956479162,0.0341941267,0.0339829624,0.0235511269,0.0219365545,0.1307945997,0.1295421273,0.0761266649,0.0000000000,0.0000000000,0.0319964997,0.0500707738,0.0563814528,0.0863799378,0.0815549269,0.0000000976,0.0000000000,0.0000000000,0.0000000000,-0.0419820435,0.1604578942,-0.0067926645,0.0365867987,0.1604472101,0.0059197573
20:20:24:49.546,61,0.0057741310,0.2634091377,0.0610090010,0.0000000000,0.0000000000,0.0587381832,0.0093183164,0.0057451972,0.2633745074,0.0692632273,0.0000000000,0.0000000000,0.0587888360,0.0096908826,0.0224989299,0.0191424023,0.0000000000,0.0246279165,0.0228428748,0.0224264469,0.1777343750,0.0347395539,0.0000000000,0.0000000000,0.0000000000,0.3632040024,0.3755906522,0.0353404917,0.0343072079,0.1127077043,0.1049154028,0.0722876415,0.0133746667,0.4289263785,0.3535218239,0.1032332480,0.0987862349,0.0340826921,0.0339160152,0.0237823427,0.0221498702,0.1305544674,0.1292935312,0.0763978809,0.0000000000,0.0000000000,0.0323030874,0.0501228347,0.0564421602,0.0864700228,0.0816176683,0.0000001386,0.0000000000,0.0000000000,0.0000000000,-0.0417637751,0.1610280126,-0.0067817983,0.0367866382,0.1610173881,0.0059735971
20:20:24:50.546,61,0.0060663088,0.2651430368,0.0617698282,0.0000000000,0.0000000000,0.0588220134,0.0085527003,0.0060303868,0.2651177645,0.0684999898,0.0000000000,0.0000000000,0.0588727333,0.0089127589,0.0230644792,0.0190687217,0.0000000000,0.0245929919,0.0226435661,0.0225721356,0.1788872480,0.0344980843,0.0000000000,0.0000000000,0.0000000000,0.3259950280,0.3415800631,0.0357988216,0.0347354524,0.1139121503,0.1062498018,0.0732997656,0.0132342875,0.4314467013,0.3570942283,0.1052798405,0.1007211059,0.0339707695,0.0338576213,0.0240628924,0.0224140827,0.1300822794,0.1288138330,0.0767049715,0.0000000000,0.0000000000,0.0326080434,0.0502975993,0.0566036142,0.0867052674,0.0817970634,0.0000001165,0.0000000000,0.0000000000,0.0000000000,-0.0412964076,0.1620906442,-0.0067509846,0.0372389667,0.1620800495,0.0060876245
20:20:24:51.547,61,0.0062611587,0.2647892237,0.0618073456,0.0000000000,0.0000000000,0.0589923784,0.0079238731,0.0062206946,0.2647644281,0.0684708059,0.0000000000,0.0000000000,0.0590429939,0.0082704760,0.0237009395,0.0190117285,0.0000000000,0.0245743282,0.0224526841,0.0227731597,0.1807603240,0.0341358557,0.0000000000,0.0000000000,0.0000000000,0.3708004057,0.3832998872,0.0361034945,0.0350234658,0.1146956980,0.1071679071,0.0740741864,0.0130842747,0.4339468181,0.3597154617,0.1066770554,0.1020600125,0.0338091739,0.0337485746,0.0242942963,0.0226333234,0.1301775873,0.1289099455,0.0768331587,0.0000000000,0.0000000000,0.0329430178,0.0503264740,0.0565972328,0.0867323428,0.0817996114,0.0000001544,0.0000000000,0.0000000000,0.0000000000,-0.0412802659,0.1618745029,-0.0067391898,0.0372629017,0.1618639231,0.0060832682
20:20:24:52.548,61,0.0061177844,0.2647176087,0.0620979145,0.0000000000,0.0000000000,0.0593736880,0.0080467202,0.0060774507,0.2646963596,0.0681994259,0.0000000000,0.0000000000,0.0594260618,0.0083912537,0.0284087844,0.0191779472,0.0000000000,0.0247661881,0.0224308316,0.0232723001,0.2060934007,0.0340138562,0.0000000000,0.0000000000,0.0000000000,0.4451814592,0.4590761960,0.0363155566,0.0352337435,0.1200267300,0.1142904684,0.0784664676,0.0129700275,0.4541058242,0.3730989695,0.1117728427,0.1064215973,0.0338462740,0.0338228270,0.0245753843,0.0228646845,0.1300319135,0.1287542582,0.0772797763,0.0000000000,0.0000000000,0.0334027298,0.0503975190,0.0566410273,0.0868435800,0.0818643570,0.0000001276,0.0000000000,0.0000000000,0.0000000000,-0.0411169305,0.1618317813,-0.0067107375,0.0374383405,0.1618211716,0.0061102533
20:20:24:53.550,61,0.0058114273,0.2629252970,0.0626980066,0.0000000000,0.0000000000,0.0599843226,0.0086437631,0.0057727061,0.2629115283,0.0676638559,0.0000000000,0.0000000000,0.0600405671,0.0090015847,0.0318062566,0.0196381398,0.0000000000,0.0250784308,0.0226077121,0.0239116084,0.2116349041,0.0341188014,0.0000000000,0.0000000000,0.0000000000,0.4672266841,0.4812237024,0.0362228677,0.0351653919,0.1270037442,0.1211154088,0.0812128112,0.0128975082,0.4565246701,0.3747348785,0.1131802872,0.1076520160,0.0341210440,0.0341087095,0.0248104632,0.0230496489,0.1295444518,0.1282357275,0.0782501772,0.0000000000,0.0000000000,0.0335987583,0.0506100021,0.0568821989,0.0871118829,0.0820987895,0.0000000670,0.0000000000,0.0000000000,0.0000000000,-0.0408012830,0.1607384533,-0.0066134753,0.0378068648,0.1607278138,0.0061279503
20:20:24:54.551,61,0.0054409769,0.2602096200,0.0627545714,0.0000000000,0.0000000000,0.0605782084,0.0124845877,0.0054044859,0.2601961195,0.0677317306,0.0000000000,0.0000000000,0.0606399439,0.0130125228,0.0356470086,0.0218070112,0.0000000000,0.0256343950,0.0230901949,0.0253231991,0.2113674730,0.0344275720,0.0000000000,0.0000000000,0.0000000000,0.5241494179,0.5273588896,0.0357302353,0.0347235799,0.1383612007,0.1324763894,0.0831031054,0.0128505845,0.4280573130,0.3490926027,0.1106645688,0.1058553010,0.0346138217,0.0345727764,0.0249539390,0.0231470093,0.1071718410,0.1049498171,0.0817733482,0.0000000000,0.0000000000,0.0335434563,0.0509031788,0.0572808571,0.0873758346,0.0823496804,0.0000000607,0.0000000000,0.0000000000,0.0000000000,-0.0408531390,0.1590786576,-0.0065523260,0.0378510915,0.1590679288,0.0060706711
20:20:24:55.552,61,0.0050569782,0.2578758299,0.0627188832,0.0000000000,0.0000000000,0.0605701022,0.0179065410,0.0050229370,0.2578612566,0.0679233521,0.0000000000,0.0000000000,0.0606343597,0.0186165683,0.0363081880,0.0228203237,0.0000000000,0.0262665395,0.0266032498,0.0260905456,0.1488155276,0.0354377180,0.0000000000,0.0000000000,0.0000000000,0.3585323691,0.3684482574,0.0315269269,0.0311134681,0.1416737735,0.1356919706,0.0792913288,0.0128842257,0.2393681705,0.1757420301,0.0545946546,0.0526764281,0.0352516733,0.0351054929,0.0247280318,0.0229027104,0.0660896972,0.0637708306,0.0837183595,0.0000000000,0.0000000000,0.0322294906,0.0510327816,0.0575968735,0.0874230266,0.0824155733,0.0000000223,0.0000000000,0.0000000000,0.0000000000,-0.0409780443,0.1576519459,-0.0065124123,0.0378381796,0.1576411873,0.0060132542
20:20:24:56.553,61,0.0046805278,0.2568294406,0.0617214218,0.0000000000,0.0000000000,0.0604819022,0.0206078198,0.0046489541,0.2568016350,0.0690953806,0.0000000000,0.0000000000,0.0605474077,0.0214086361,0.0356138274,0.0232305191,0.0000000000,0.0369422399,0.0500301234,0.0283586811,0.1330370307,0.0361963995,0.0000000000,0.0000000000,0.0000000000,0.1456782669,0.1566065252,0.0299279559,0.0296808984,0.1438915133,0.1375398487,0.0761243626,0.0132106459,0.1649317741,0.1067688987,0.0395872034,0.0384889133,0.0434502326,0.0412606038,0.0243620742,0.0225440729,0.0271473192,0.0263921507,0.0932720602,0.0000000000,0.0000000000,0.0297700409,0.0512157492,0.0579296984,0.0878612772,0.0829410702,0.0000000431,0.0000000000,0.0000000000,0.0000000000,-0.0416893885,0.1570087671,-0.0065979147,0.0372401923,0.1569979489,0.0058937185
20:20:24:57.555,61,0.0043217381,0.2570203245,0.0597387925,0.0000000000,0.0000000000,0.0609625094,0.0220624581,0.0042925496,0.2569664121,0.0713118240,0.0000000000,0.0000000000,0.0610305294,0.0229096077,0.0359042138,0.0232049767,0.0000000000,0.1007065475,0.1263320148,0.0892630592,0.2091949731,0.0367888324,0.0000000000,0.0000000000,0.0000000000,0.0838720798,0.0930760503,0.0294185765,0.0292636715,0.2187501788,0.2013295740,0.0815310702,0.0169702042,0.1500780284,0.0773039758,0.0322289094,0.0315536410,0.1098968238,0.1069077477,0.0243045427,0.0224822294,0.0000000000,0.0000000000,0.1379468143,0.0018885769,0.0033158008,0.0288952664,0.0609533936,0.0718615577,0.1185656190,0.1168562546,0.0000003074,0.0000000000,0.0000000000,0.0000000000,-0.0430259965,0.1571184695,-0.0068141529,0.0360433012,0.1571076512,0.0057084356
20:20:24:58.556,61,0.0039849370,0.2580655217,0.0575982779,0.0000000000,0.0000000000,0.0627922118,0.0230197143,0.0039580041,0.2579833269,0.0736608058,0.0000000000,0.0000000000,0.0628743544,0.0238986127,0.0402503125,0.0230692327,0.0000000000,0.1361196637,0.1749401093,0.1203806698,0.2479020357,0.0375099666,0.0000000000,0.0000000000,0.0000000000,0.0583224259,0.0644456819,0.0303287990,0.0304027367,0.2469796091,0.2242749631,0.0939900428,0.0241015721,0.1484408379,0.0665280223,0.0291560236,0.0287260544,0.1440169364,0.1413977295,0.0244980510,0.0226495415,0.0000000000,0.0000000000,0.1824530512,0.0332279429,0.0346647277,0.0284122787,0.0711091608,0.0825470835,0.1296862811,0.1276813596,0.0000005051,0.0000000000,0.0000000000,0.0000000000,-0.0444388576,0.1577500850,-0.0070665246,0.0347483233,0.1577392668,0.0055259243
20:20:24:59.556,61,0.0061558471,0.2657080889,0.0509052351,0.0000000000,0.0000000000,0.0644285977,0.0201381575,0.0059211100,0.2655344903,0.0807070360,0.0000000000,0.0000000000,0.0645356700,0.0210593548,0.0446964577,0.0233756006,0.0000000000,0.2274889499,0.2435195297,0.1938758045,0.4162549675,0.0677117929,0.0000000000,0.0000000000,0.0000000000,0.0435512662,0.0569061860,0.0315831453,0.0320835598,0.2571536899,0.2291505486,0.0904447958,0.0330979899,0.1444202214,0.0609702282,0.0283233784,0.0278596487,0.2093284726,0.1944940537,0.0266593862,0.0233242530,0.0000000000,0.0000000000,0.2037913948,0.0493915901,0.0514596701,0.0299416464,0.0856709182,0.1017280445,0.1503167003,0.1462045163,0.0000016221,0.0000000000,0.0000000000,0.0000000000,-0.0486534610,0.1623996645,-0.0079681957,0.0306873936,0.1623889953,0.0050267340
20:20:25:00.557,61,0.0116562564,0.2833489478,0.0417773351,0.0000000000,0.0000000000,0.0651277378,0.0120816017,0.0109000634,0.2830339074,0.0903019756,0.0000000000,0.0000000000,0.0652423054,0.0132138086,0.0465885028,0.0235536229,0.0000000000,0.3111392558,0.2655383050,0.3997395635,0.5854527950,0.0733443573,0.0000000000,0.0000000000,0.0000000000,0.0400020666,0.0537303500,0.0323217548,0.0330375917,0.2355398834,0.2174824476,0.0418897308,0.0360832289,0.1271008551,0.0594542362,0.0278770607,0.0273917560,0.2450945973,0.2204538584,0.0788866878,0.0672704205,0.0000000000,0.0000000000,0.2157581300,0.0765854865,0.0788284689,0.0302575640,0.0900624320,0.1072893292,0.1570568383,0.1524719149,0.0000022956,0.0000000000,0.0000000000,0.0000000000,-0.0543390997,0.1731537580,-0.0094992332,0.0251389034,0.1731432676,0.0043961639
20:20:25:01.558,61,0.0185974166,0.2895257473,0.0355207920,0.0000000000,0.0000000000,0.0658628345,0.0023477226,0.0171442442,0.2891144156,0.0967311412,0.0000000000,0.0000000000,0.0659824684,0.0039104465,0.0521963648,0.0237971358,0.0000000000,0.3946330547,0.3142230809,0.4638599753,0.5899133086,0.0763878301,0.0000000000,0.0000000000,0.0000000000,0.0891815946,0.0994549096,0.0329226293,0.0337656550,0.2330939621,0.2156119645,0.0297947451,0.0379994474,0.1155542135,0.0584535375,0.0277153831,0.0271764454,0.2642286420,0.2399062514,0.0911368504,0.0777267441,0.0000000000,0.0000000000,0.2265802026,0.1015451476,0.1040295884,0.0301982258,0.0920664072,0.1097739935,0.1602070779,0.1551984251,0.0000020731,0.0000000000,0.0000000000,0.0000000000,-0.0581695065,0.1769123673,-0.0103933895,0.0213598907,0.1769020110,0.0038182142
20:20:25:02.559,61,0.0206054579,0.2942535579,0.0278807320,0.0000000000,0.0000000000,0.0664802417,0.0000000000,0.0189974122,0.2937239408,0.1046407372,0.0000000000,0.0000000000,0.0666030943,0.0010431390,0.0584034584,0.0241195448,0.0000000000,0.4289524853,0.3572529554,0.4990935326,0.6052734852,0.0779162273,0.0000000000,0.0000000000,0.0000000000,0.1041712165,0.1140142009,0.0334110744,0.0343236886,0.2429746091,0.2169669271,0.0291067306,0.0402993150,0.1091534123,0.0578631684,0.0277484637,0.0271359719,0.2741375864,0.2503404319,0.0865296051,0.0741948336,0.0000000000,0.0000000000,0.2318687141,0.1121388823,0.1147566438,0.0300306007,0.0922019184,0.1088006645,0.1605031043,0.1528125554,0.0000021626,0.0000000000,0.0000000000,0.0000000000,-0.0628938451,0.1797851026,-0.0114227692,0.0167569444,0.1797747910,0.0030452027
20:20:25:03.560,61,0.0174904335,0.2989922762,0.0225617252,0.0000000000,0.0000000000,0.0670072362,0.0023312736,0.0167632364,0.2983721197,0.1103890091,0.0000000000,0.0000000000,0.0671325997,0.0036030095,0.0616131239,0.0248814616,0.0000000000,0.4412810206,0.3715882301,0.5064871907,0.5949417353,0.0784494430,0.0000000000,0.0000000000,0.0000000000,0.1125245318,0.1212123334,0.0337318778,0.0346923135,0.2459298670,0.2174756676,0.0314751714,0.0416008048,0.1059320197,0.0575361885,0.0277782194,0.0271081720,0.2786825597,0.2549332380,0.0807835013,0.0692749321,0.0000000000,0.0000000000,0.2444090992,0.1313546002,0.1338559985,0.0297730528,0.0907102153,0.1063309982,0.1560299397,0.1450608969,0.0000011307,0.0000000000,0.0000000000,0.0000000000,-0.0663141608,0.1826711595,-0.0122406613,0.0135529190,0.1826609373,0.0025034123
20:20:25:04.561,61,0.0136555173,0.3027960062,0.0172159355,0.0000000000,0.0000000000,0.0674864650,0.0142409485,0.0134132626,0.3020821512,0.1163240671,0.0000000000,0.0000000000,0.0676134825,0.0161661692,0.0631067678,0.0253791977,0.0000000000,0.4065020084,0.3752979934,0.4649295509,0.5947403908,0.0783984661,0.0000000000,0.0000000000,0.0000000000,0.1149473712,0.1244642586,0.0339373760,0.0349202231,0.2470751703,0.2176580131,0.0346848741,0.0425850376,0.1041328162,0.0572647750,0.0278184265,0.0270907991,0.2743413746,0.2538644671,0.0730387419,0.0626057014,0.0000000000,0.0000000000,0.2727589607,0.1636418551,0.1663254201,0.0296888463,0.0900375471,0.1052868813,0.1533513516,0.1406747699,0.0000007949,0.0000000000,0.0000000000,0.0000000000,-0.0698499531,0.1849877834,-0.0130594559,0.0103372214,0.1849775761,0.0019342290
20:20:25:05.563,61,0.0132158613,0.2959376276,0.0091957795,0.0000000000,0.0000000000,0.0685858056,0.0139403949,0.0129613979,0.2951250672,0.1242754534,0.0000000000,0.0000000000,0.0687289238,0.0154249929,0.0637885258,0.0267450530,0.0000000000,0.3638032675,0.3627080917,0.4409199953,0.5987177491,0.0782029554,0.0000000000,0.0000000000,0.0000000000,0.1146501526,0.1257732958,0.0341793448,0.0352276154,0.2479377389,0.2181376666,0.0370983444,0.0432724841,0.1050895602,0.0574977621,0.0280248318,0.0272495691,0.2476849854,0.2291411608,0.0683391094,0.0582021996,0.0000000000,0.0000000000,0.2819036841,0.1735643744,0.1762874126,0.0298763793,0.0897604078,0.1048939601,0.1521372199,0.1387621313,0.0000008506,0.0000000000,0.0000000000,0.0000000000,-0.0746828988,0.1807911545,-0.0136375297,0.0055258418,0.1807808280,0.0010099877
20:20:25:06.563,61,0.0126249548,0.2964128256,0.0000000000,0.0039539738,0.0000000000,0.0691457242,0.0144418916,0.0124188745,0.2954097986,0.1373894513,0.0000000000,0.0000000000,0.0692959949,0.0158094615,0.0639702901,0.0291982312,0.0000000000,0.3452124298,0.3291937113,0.4301569760,0.6029040813,0.0778832287,0.0000000000,0.0000000000,0.0000000000,0.1123511791,0.1249191985,0.0343693234,0.0354895331,0.2484286129,0.2184548676,0.0385714360,0.0435730889,0.1100339368,0.0588122569,0.0283220746,0.0275168288,0.2401767820,0.2222084701,0.0661773980,0.0561432466,0.0000000000,0.0000000000,0.2862343490,0.1771736890,0.1797171682,0.0302329268,0.0894350186,0.1045710444,0.1514590085,0.1377425939,0.0000009773,0.0000000000,0.0000000000,0.0000000000,-0.0825605318,0.1810791939,-0.0150972530,-0.0023758586,0.1810688078,-0.0004349574
20:20:25:07.564,61,0.0122434683,0.3014666438,0.0000000000,0.0202649198,0.0000000000,0.0695256665,0.0145055819,0.0120639671,0.3002063334,0.1537795514,0.0000000000,0.0000000000,0.0696815625,0.0157889258,0.0639729351,0.0335023031,0.0000000000,0.3336755335,0.3151417077,0.4132196307,0.5746091604,0.0777526572,0.0000000000,0.0000000000,0.0000000000,0.1082922444,0.1238381714,0.0347343497,0.0359616578,0.2494302690,0.2191935778,0.0395126157,0.0436859243,0.1134513393,0.0610293299,0.0286011305,0.0277764928,0.2365791053,0.2187511325,0.0651240796,0.0550109260,0.0000000000,0.0000000000,0.2882662714,0.1773462445,0.1797561198,0.0304234531,0.0892824158,0.1044618189,0.1512767076,0.1372694224,0.0000009734,0.0000000000,0.0000000000,0.0000000000,-0.0923588946,0.1841795444,-0.0171794705,-0.0121698100,0.1841693074,-0.0022669344
20:20:25:08.565,61,0.0543717258,0.3079736829,0.0000000000,0.0264600627,0.0000000000,0.0696488991,0.0000000000,0.0519496873,0.3065939844,0.1599830538,0.0000000000,0.0000000000,0.0698086172,0.0000000000,0.0637435168,0.0366422273,0.0000000000,0.3234972358,0.3033512235,0.4075182080,0.5721837878,0.0778847188,0.0000000000,0.0000000000,0.0000000000,0.0999442339,0.1181251407,0.0351938158,0.0365498848,0.2501685917,0.2197333872,0.0400572866,0.0436709747,0.1162971854,0.0635148361,0.0289803166,0.0281411521,0.2351262569,0.2170911282,0.0649396405,0.0545867160,0.0000000000,0.0000000000,0.2727790475,0.1432873160,0.1456129551,0.0306412317,0.0891763940,0.1044289395,0.1531473845,0.1378043592,0.0000006497,0.0000000000,0.0000000000,0.0000000000,-0.0960137919,0.1881645769,-0.0182525739,-0.0158783142,0.1881544739,-0.0030232014
20:20:25:09.566,61,0.0462803282,0.3103818297,0.0000000000,0.0350517705,0.0000000000,0.0697919950,0.0000000000,0.0451967418,0.3088670671,0.1683090180,0.0000000000,0.0000000000,0.0699589774,0.0000000000,0.0632441938,0.0460338742,0.0000000000,0.3192073703,0.2907812595,0.4057449102,0.5727626681,0.0875641406,0.0000000000,0.0000000000,0.0000000000,0.0897517651,0.1121106371,0.0356521569,0.0371458866,0.2513029277,0.2199097723,0.0403065942,0.0433704406,0.1207264289,0.0690096095,0.0293183587,0.0284812097,0.2346428782,0.2160073370,0.0693523511,0.0547469147,0.0000000000,0.0000000000,0.2649209201,0.1280683875,0.1304417253,0.0306922328,0.0891150758,0.1044809595,0.1555357873,0.1385934353,0.0000005593,0.0000000000,0.0000000000,0.0000000000,-0.1009832397,0.1896539927,-0.0193495061,-0.0210281350,0.1896439344,-0.0040360447
20:20:25:10.567,61,0.0318038650,0.3112561107,0.0000000000,0.0429692790,0.0000000000,0.0698804334,0.0000000000,0.0315332897,0.3096200228,0.1761049479,0.0000000000,0.0000000000,0.0700556487,0.0000000000,0.0631150752,0.0492556505,0.0000000000,0.3266802728,0.2836979926,0.4111505449,0.5499531627,0.0897307396,0.0000000000,0.0000000000,0.0000000000,0.0863709450,0.1074294969,0.0362572148,0.0382867567,0.2534636557,0.2203884572,0.0403508134,0.0432160981,0.1216999739,0.0707520768,0.0295321047,0.0286977943,0.2653451562,0.2339060754,0.0730320290,0.0563589782,0.0000000000,0.0000000000,0.2614875436,0.1214144453,0.1237328351,0.0304917526,0.0890424326,0.1046353877,0.1564913839,0.1391561031,0.0000001432,0.0000000000,0.0000000000,0.0000000000,-0.1056507528,0.1902095526,-0.0203010868,-0.0257753022,0.1901994944,-0.0049618445
20:20:25:11.568,61,0.0214293953,0.3058620095,0.0000000000,0.0465246662,0.0000000000,0.0701640770,0.0000000000,0.0213935971,0.3042037785,0.1795015782,0.0000000000,0.0000000000,0.0703514963,0.0000000000,0.0658565462,0.0511115342,0.0000000000,0.3791992366,0.2810086906,0.4125752151,0.4626625180,0.0902435929,0.0000000000,0.0000000000,0.0000000000,0.0905309096,0.1061129123,0.0377617851,0.0407958478,0.2860721946,0.2429984957,0.0404065661,0.0432963818,0.1147808656,0.0713269040,0.0295648053,0.0287273396,0.2948195636,0.2762051821,0.0746913403,0.0572305210,0.0000000000,0.0000000000,0.2587453425,0.1175800487,0.1197098345,0.0299862102,0.0888740569,0.1046947092,0.1566286087,0.1391821355,0.0000000563,0.0000000000,0.0000000000,0.0000000000,-0.1077560857,0.1869243979,-0.0203379411,-0.0279255491,0.1869142205,-0.0052805943
20:20:25:12.569,61,0.0175632983,0.3040874004,0.0000000000,0.0515430383,0.0000000000,0.0702139586,0.0000000000,0.0176409818,0.3023704886,0.1842245311,0.0000000000,0.0000000000,0.0704101175,0.0000000000,0.0671211779,0.0520687103,0.0000000000,0.3998351097,0.2744377851,0.4097439945,0.3852062821,0.0886407569,0.0000000000,0.0000000000,0.0000000000,0.0903495774,0.1043404788,0.0409001373,0.0449387953,0.2952689826,0.2535873055,0.0402738154,0.0430928171,0.1086536422,0.0714768171,0.0293558128,0.0285086501,0.3045868576,0.2879195511,0.0789078102,0.0603631474,0.0000000000,0.0000000000,0.2567477524,0.1157716513,0.1178271621,0.0282839686,0.0884220451,0.1043458357,0.1533018947,0.1365573108,0.0000000249,0.0000000000,0.0000000000,0.0000000000,-0.1106142029,0.1858566254,-0.0207530484,-0.0309440214,0.1858464330,-0.0058169784
20:20:25:13.570,61,0.0130701503,0.3066894412,0.0000000000,0.0559242740,0.0000000000,0.0700458661,0.0029567908,0.0131416973,0.3048959970,0.1884761453,0.0000000000,0.0000000000,0.0702463761,0.0032197237,0.0697031841,0.0524199940,0.0000000000,0.4184564650,0.2389457673,0.4050665200,0.3345896602,0.0819908306,0.0000000000,0.0000000000,0.0000000000,0.0857413411,0.0990690067,0.0440593176,0.0487842299,0.3003458679,0.2620849311,0.0400144123,0.0425688550,0.1040498838,0.0715477318,0.0289734546,0.0281196237,0.3097766638,0.2937210202,0.0915269479,0.0703788400,0.0000000000,0.0000000000,0.2555087805,0.1168816835,0.1186574250,0.0257528573,0.0869398117,0.1025262102,0.1456461847,0.1300806105,0.0000000873,0.0000000000,0.0000000000,0.0000000000,-0.1131337285,0.1874628663,-0.0214113295,-0.0335642025,0.1874527484,-0.0063651656
20:20:25:14.571,61,0.0130995726,0.3087777495,0.0000000000,0.0572723821,0.0000000000,0.0699081719,0.0030910680,0.0128047951,0.3069521785,0.1898329854,0.0000000000,0.0000000000,0.0701155588,0.0036596749,0.0726999566,0.0782746449,0.0000000000,0.4266605973,0.2183701992,0.3712666333,0.2785398066,0.0807418004,0.0000000000,0.0000000000,0.0000000000,0.0767351240,0.0962187350,0.0480759889,0.0528972372,0.3193204403,0.2686162591,0.0397202075,0.0413281061,0.1015697271,0.0717195719,0.0285271797,0.0276480056,0.3213890791,0.2968041897,0.1074848101,0.0772118121,0.0000000000,0.0000000000,0.2551532686,0.1321083307,0.1340861917,0.0235587824,0.0856365040,0.1004878804,0.1405300200,0.1235349923,0.0000001703,0.0000000000,0.0000000000,0.0000000000,-0.1139208898,0.1887444407,-0.0217105094,-0.0343649425,0.1887343973,-0.0065625845
20:20:25:15.573,61,0.0180724766,0.3078957498,0.0000000000,0.0557361618,0.0000000000,0.0698818862,0.0000000000,0.0168404803,0.3060961962,0.1883876473,0.0000000000,0.0000000000,0.0701013878,0.0000996757,0.0747410953,0.1229739934,0.0000000000,0.4302057028,0.2098091543,0.3622260690,0.2647634447,0.0975958481,0.0000000000,0.0000000000,0.0000000000,0.0734372064,0.0950157270,0.0507455505,0.0552152060,0.3338336647,0.2714784145,0.0395415872,0.0404795110,0.1003103256,0.0720580593,0.0281823687,0.0272529460,0.3288141787,0.2981133461,0.1144286916,0.0801248997,0.0000000000,0.0000000000,0.2549162805,0.1365458071,0.1387136579,0.0223460775,0.0847856924,0.0994009227,0.1375484616,0.1194453016,0.0000001705,0.0000000000,0.0000000000,0.0000000000,-0.1130649000,0.1881994456,-0.0214844309,-0.0334466286,0.1881893277,-0.0063683973
20:20:25:16.574,61,0.0197955687,0.3084644377,0.0000000000,0.0554698631,0.0000000000,0.0697497055,0.0000000000,0.0183544848,0.3066636920,0.1882118583,0.0000000000,0.0000000000,0.0699760094,0.0000000000,0.0755285099,0.0950480998,0.0000000000,0.3791621923,0.1833094805,0.3070970774,0.2529940605,0.0972458050,0.0000000000,0.0000000000,0.0000000000,0.0082307681,0.0266208109,0.0521887466,0.0565934926,0.3201238811,0.2700565457,0.0392084420,0.0394948535,0.0993102193,0.0722712204,0.0277777314,0.0268302206,0.3312180936,0.2955565453,0.1175554693,0.0819417983,0.0000000000,0.0000000000,0.2545277774,0.1368193626,0.1389310509,0.0213665646,0.0841098055,0.0986523405,0.1358468086,0.1174819693,0.0000001702,0.0000000000,0.0000000000,0.0000000000,-0.1129519567,0.1885459572,-0.0215035249,-0.0332846195,0.1885359138,-0.0063495152
20:20:25:17.575,61,0.0301279537,0.3064394593,0.0000000000,0.0567574054,0.0000000000,0.0698921755,0.0000000000,0.0276832934,0.3046313822,0.1894863546,0.0000000000,0.0000000000,0.0701286346,0.0000000000,0.0765820593,0.1013351381,0.0000000000,0.3676635623,0.1731725186,0.2946445048,0.2356024534,0.0978273675,0.0000000000,0.0000000000,0.0000000000,0.0024319326,0.0304233041,0.0535755120,0.0577598736,0.3207286298,0.2702473402,0.0389731489,0.0386771634,0.0986991674,0.0726605579,0.0274652112,0.0264768284,0.3330441713,0.2951423228,0.1195273548,0.0834310055,0.0000000000,0.0000000000,0.2543504536,0.1360565126,0.1382971853,0.0205376688,0.0836441219,0.0981495529,0.1345466822,0.1161147729,0.0000001059,0.0000000000,0.0000000000,0.0000000000,-0.1137435064,0.1873133481,-0.0215086304,-0.0340652019,0.1873031706,-0.0064548599
20:20:25:18.576,61,0.0329396464,0.3046142161,0.0000000000,0.0574321151,0.0000000000,0.0699681938,0.0000000000,0.0302634388,0.3028068841,0.1901465058,0.0000000000,0.0000000000,0.0702132136,0.0000000000,0.0777148455,0.1019221172,0.0000000000,0.3622696698,0.1684482098,0.2870158553,0.2149193883,0.0978241339,0.0000000000,0.0036388943,0.0000000000,0.0000000000,0.0267178677,0.0554548949,0.0596267730,0.3377797306,0.2829191387,0.0389564000,0.0380015485,0.0983633697,0.0729777887,0.0271342993,0.0261127371,0.3359305263,0.2960957587,0.1199876443,0.0839225948,0.0000000000,0.0000000000,0.2546326816,0.1363997012,0.1386887878,0.0197888780,0.0833294168,0.0977420956,0.1337032169,0.1152667403,0.0000003159,0.0000000000,0.0000000000,0.0000000000,-0.1141637042,0.1862003505,-0.0214564651,-0.0344774090,0.1861902028,-0.0064932010
20:20:25:19.576,61,0.0343034305,0.3036453426,0.0000000000,0.0574921630,0.0000000000,0.0701871291,0.0000000000,0.0315533765,0.3018422127,0.1902289242,0.0000000000,0.0000000000,0.0704424456,0.0000000000,0.0784563497,0.1034913659,0.0000000000,0.3587573767,0.1661829054,0.2827374339,0.2079508752,0.0983105227,0.0000000000,0.0086885970,0.0000000000,0.0000000000,0.0247849524,0.0570423529,0.0610400140,0.3469420373,0.2878362238,0.0391550809,0.0374724790,0.0986127853,0.0735131130,0.0269190986,0.0258542802,0.3371171951,0.2962411940,0.1197273806,0.0838648751,0.0000000000,0.0000000000,0.2550645173,0.1369162649,0.1392801702,0.0191858690,0.0832560360,0.0975124165,0.1333376616,0.1148563847,0.0000007616,0.0000000000,0.0000000000,0.0000000000,-0.1142258048,0.1856084168,-0.0213982649,-0.0345172957,0.1855982244,-0.0064795585
20:20:25:20.579,61,0.0380130224,0.3000528514,0.0000000000,0.0567196421,0.0000000000,0.0706196204,0.0000000000,0.0354351066,0.2982819378,0.1894404590,0.0000000000,0.0000000000,0.0708830878,0.0000000000,0.0787946209,0.1024774984,0.0000000000,0.3507603109,0.1648866087,0.2718052268,0.2041841596,0.0984834954,0.0000000000,0.0478977375,0.0000000000,0.0000000000,0.0150952386,0.0580330566,0.0619807653,0.3493624330,0.2897512615,0.0393676981,0.0370296352,0.0989656374,0.0740080252,0.0267011281,0.0256152563,0.3374226093,0.2959547341,0.1186735705,0.0836101547,0.0000000000,0.0000000000,0.2556104958,0.1367685348,0.1391883641,0.0186487027,0.0834056213,0.0974706784,0.1331973225,0.1146983579,0.0000008962,0.0000000000,0.0000000000,0.0000000000,-0.1137985140,0.1834097356,-0.0210603401,-0.0340674445,0.1833995134,-0.0063176523
20:20:25:21.579,61,0.0394899361,0.2970093489,0.0000000000,0.0556491688,0.0000000000,0.0711049661,0.0000000000,0.0369763672,0.2952705324,0.1884062439,0.0000000000,0.0000000000,0.0713755339,0.0000000000,0.0789853632,0.0996589810,0.0000000000,0.3482507467,0.1638921946,0.2512180507,0.1973068714,0.0969541669,0.0000000000,0.0604699552,0.0137227885,0.0000000000,0.0000000000,0.0590311550,0.0631205738,0.3482152522,0.2905335128,0.0395279936,0.0367435850,0.0986874402,0.0739607215,0.0264466982,0.0253441725,0.3388615549,0.2982647419,0.1095823646,0.0820969120,0.0000000000,0.0000000000,0.2555043399,0.1331212521,0.1355866641,0.0181518290,0.0833351538,0.0972874835,0.1326197088,0.1142838672,0.0000029961,0.0000000000,0.0000000000,0.0000000000,-0.1132156476,0.1815456003,-0.0207352880,-0.0334359631,0.1815353185,-0.0061361552
20:20:25:22.581,61,0.0463639535,0.2937600911,0.0000000000,0.0527532436,0.0000000000,0.0714068636,0.0000000000,0.0444892533,0.2920786142,0.1856320500,0.0000000000,0.0000000000,0.0716794357,0.0000000000,0.0789300576,0.0589342713,0.0000000000,0.3458744287,0.1627810448,0.2425515503,0.1947014183,0.0918878242,0.0000000000,0.0665733814,0.0231409855,0.0000000000,0.0000000000,0.0596579611,0.0638348237,0.2946549356,0.2655066848,0.0396118537,0.0365853943,0.0973750725,0.0735796168,0.0261672940,0.0250755157,0.3391772509,0.2991252244,0.1027639583,0.0803126395,0.0000000000,0.0000000000,0.2496125400,0.1189753637,0.1210820973,0.0177444220,0.0830261186,0.0968177989,0.1289599091,0.1125832126,0.0000035377,0.0000000000,0.0000000000,0.0000000000,-0.1115884632,0.1795494258,-0.0202090032,-0.0317074917,0.1795390397,-0.0057536708
20:20:25:23.582,61,0.0678897798,0.2873346210,0.0000000000,0.0443378389,0.0000000000,0.0719449669,0.0000000000,0.0658938587,0.2858015001,0.1774829924,0.0000000000,0.0000000000,0.0722198635,0.0000000000,0.0789745152,0.0482186899,0.0000000000,0.3254010975,0.1626991481,0.2316962630,0.1933678687,0.0901003107,0.0000000000,0.0721669942,0.0299679302,0.0000000000,0.0000000000,0.0603459440,0.0646141768,0.2824629545,0.2590351701,0.0400957167,0.0369728133,0.0966125801,0.0725182220,0.0260495320,0.0249796584,0.3395803869,0.3010340929,0.0887374431,0.0720384791,0.0000000000,0.0000000000,0.2463243157,0.1079117581,0.1101417542,0.0174896475,0.0830279961,0.0966569185,0.1276681721,0.1118559092,0.0000032784,0.0000000000,0.0000000000,0.0000000000,-0.1067637280,0.1755963564,-0.0189041942,-0.0266682040,0.1755858213,-0.0047306851
20:20:25:24.583,61,0.0740644932,0.2823839188,0.0000000000,0.0320556201,0.0000000000,0.0725004822,0.0000000000,0.0720666051,0.2810380161,0.1656386256,0.0000000000,0.0000000000,0.0727771372,0.0000000000,0.0791297108,0.0428520814,0.0000000000,0.3011763394,0.2246362269,0.2109088600,0.1933840960,0.0893331468,0.0000000000,0.0758410469,0.0341812000,0.0000000000,0.0000000000,0.0615745597,0.0664812475,0.2831596434,0.2560448945,0.0568215325,0.0473116636,0.0965336040,0.0704510957,0.0260977317,0.0250632316,0.3392502964,0.3017986417,0.0674594492,0.0562779829,0.0000000000,0.0000000000,0.2441213727,0.1004872546,0.1029415801,0.0174107570,0.0835094750,0.0970297530,0.1274778396,0.1119425148,0.0000033899,0.0000000000,0.0000000000,0.0000000000,-0.0996904969,0.1725415736,-0.0173430014,-0.0192910153,0.1725309938,-0.0033614992
20:20:25:25.584,61,0.0672523305,0.2775810957,0.0000000000,0.0218136553,0.0000000000,0.0731308460,0.0000000000,0.0651765466,0.2763940394,0.1555553079,0.0000000000,0.0000000000,0.0734115168,0.0000000000,0.0791399404,0.0404819362,0.0000000000,0.2678854764,0.2408467382,0.1880050004,0.1927912682,0.0887505710,0.0000000000,0.0767971277,0.0364407450,0.0000000000,0.0000000000,0.0624972954,0.0679598451,0.3116965890,0.2705119550,0.0851570293,0.0514781885,0.1089788079,0.0696622133,0.0262679067,0.0252813790,0.2876258492,0.2767405212,0.0571986660,0.0483515747,0.0000000000,0.0000000000,0.2429266274,0.0957170352,0.0982684270,0.0173635744,0.0840735808,0.0975577682,0.1282975525,0.1140516847,0.0000022472,0.0000000000,0.0000000000,0.0000000000,-0.0936681628,0.1695901155,-0.0160144418,-0.0131340865,0.1695793867,-0.0022488006
20:20:25:26.584,61,0.0658997521,0.2706891000,0.0000000000,0.0140610607,0.0000000000,0.0740060434,0.0000000000,0.0638150051,0.2696347237,0.1477417946,0.0000000000,0.0000000000,0.0742974579,0.0000000000,0.0788677707,0.0392666869,0.0000000000,0.2221545875,0.2476577014,0.1560874432,0.1924472600,0.0881357640,0.0000000000,0.0435394086,0.0273075514,0.0000000000,0.0000000000,0.0628912076,0.0684463978,0.3159462512,0.2734115422,0.1216787472,0.0553036816,0.1176526323,0.0688713342,0.0266162585,0.0256722141,0.2323182821,0.2249919772,0.0442014076,0.0387694277,0.0000000000,0.0000000000,0.2412418574,0.0900501758,0.0924032107,0.0174964238,0.0842855871,0.0976131558,0.1284335405,0.1147024855,0.0000014113,0.0000000000,0.0000000000,0.0000000000,-0.0890255868,0.1653713733,-0.0148372706,-0.0084722526,0.1653605551,-0.0014138693
20:20:25:27.585,61,0.0582820438,0.2633716464,0.0000000000,0.0011570306,0.0000000000,0.0751848593,0.0000000000,0.0562079251,0.2625118494,0.1348411888,0.0000000000,0.0000000000,0.0754922032,0.0000000000,0.0784992129,0.0387319922,0.0000000000,0.2072082758,0.2444136441,0.1441629976,0.1922577918,0.0881877393,0.0000000000,0.0333811678,0.0106946025,0.0000000000,0.0000000000,0.0630952939,0.0685421079,0.3126399815,0.2695690095,0.1356916577,0.0574740879,0.1269578338,0.0683525652,0.0271227546,0.0262270458,0.2141979486,0.2094471753,0.0380811878,0.0334007889,0.0000000000,0.0000000000,0.2367305011,0.0837619975,0.0861939415,0.0178037211,0.0845375657,0.0975775495,0.1284293979,0.1150266677,0.0000012242,0.0000000000,0.0000000000,0.0000000000,-0.0813106447,0.1608955562,-0.0131812962,-0.0006976622,0.1608846635,-0.0001132217
20:20:25:28.586,61,0.0476293638,0.2604662776,0.0086482307,0.0000000000,0.0000000000,0.0762837976,0.0000000000,0.0460697971,0.2597423494,0.1249261722,0.0000000000,0.0000000000,0.0766004995,0.0000000000,0.0780988261,0.0384520702,0.0000000000,0.1990386844,0.2367437184,0.1381488889,0.1925993413,0.0858438611,0.0000000000,0.0105396993,0.0016713236,0.0000000000,0.0000000000,0.0630035028,0.0683141723,0.3074100316,0.2676351964,0.1427520812,0.0586728565,0.1351583153,0.0681728199,0.0279666577,0.0272653792,0.2044948041,0.2011435330,0.0348606780,0.0307043437,0.0000000000,0.0000000000,0.2332202494,0.0796580240,0.0818622038,0.0183088966,0.0847835988,0.0976769552,0.1284575313,0.1154733449,0.0000009840,0.0000000000,0.0000000000,0.0000000000,-0.0753526315,0.1591229141,-0.0120805390,0.0052161738,0.1591119617,0.0008370272
20:20:25:29.588,61,0.0439739488,0.2582803071,0.0155477049,0.0000000000,0.0000000000,0.0771629885,0.0000000000,0.0425150096,0.2576496303,0.1180394068,0.0000000000,0.0000000000,0.0774850845,0.0000000000,0.0770256519,0.0383969955,0.0000000000,0.1907044798,0.2225073725,0.1347545683,0.1926821917,0.0856128484,0.0000000000,0.0036004945,0.0000000000,0.0000000000,0.0023809490,0.0628767982,0.0679420605,0.3046692908,0.2631416619,0.1463036686,0.0592209436,0.1429761201,0.0683658421,0.0287324674,0.0281819757,0.1993041486,0.1962864995,0.0330705196,0.0290917605,0.0000000000,0.0000000000,0.2292926162,0.0701781437,0.0726272389,0.0188248660,0.0851482376,0.0977748707,0.1285826564,0.1158101112,0.0000000212,0.0000000000,0.0000000000,0.0000000000,-0.0712134168,0.1577924639,-0.0113210818,0.0093795853,0.1577814668,0.0014923061
20:20:25:30.588,61,0.0419572406,0.2546598315,0.0235569421,0.0000000000,0.0000000000,0.0781632438,0.0000000000,0.0405148640,0.2541378140,0.1100494266,0.0000000000,0.0000000000,0.0784954801,0.0000000000,0.0760080367,0.0383322760,0.0000000000,0.1814651489,0.2099005431,0.1326033920,0.1932069957,0.0855605006,0.0000000000,0.0220294409,0.0010436419,0.0000000000,0.0000000000,0.0628018826,0.0675841495,0.2945809662,0.2529542148,0.1481662244,0.0595690235,0.1485431045,0.0687629804,0.0308497828,0.0304976031,0.1963596642,0.1929026395,0.0319478624,0.0280232970,0.0000000000,0.0000000000,0.2243412584,0.0598262139,0.0624530204,0.0211235844,0.0857360661,0.0981316417,0.1285808533,0.1160404086,0.0000000162,0.0000000000,0.0000000000,0.0000000000,-0.0664157122,0.1555897892,-0.0104097743,0.0142163383,0.1555787027,0.0022297003
20:20:25:31.590,61,0.0406538583,0.2496959567,0.0310194083,0.0000000000,0.0000000000,0.0793537796,0.0000000000,0.0392094702,0.2492748797,0.1026732028,0.0000000000,0.0000000000,0.0797004104,0.0000000000,0.0751902759,0.0383400805,0.0000000000,0.1742748618,0.2014873773,0.1278089285,0.1933199912,0.0881216303,0.0000000000,0.0388772376,0.0071058944,0.0000000000,0.0000000000,0.0628977418,0.0673116818,0.2835744619,0.2379548699,0.1498693079,0.0599266291,0.1525519788,0.0692765191,0.0330457017,0.0330130197,0.1946312189,0.1891561449,0.0311860442,0.0272082947,0.0000000000,0.0000000000,0.2177770287,0.0507344007,0.0529792607,0.0233234260,0.0885536671,0.0988733619,0.1284939796,0.1160748824,0.0000000161,0.0000000000,0.0000000000,0.0000000000,-0.0619928166,0.1525687426,-0.0095258486,0.0187286548,0.1525575519,0.0028793961
20:20:25:32.591,61,0.0396335013,0.2437169403,0.0360482670,0.0000000000,0.0000000000,0.0805208236,0.0000000000,0.0381906554,0.2433665991,0.0976282060,0.0000000000,0.0000000000,0.0808753520,0.0000000000,0.0740924403,0.0381409787,0.0000000000,0.1627271324,0.1875526309,0.1207678765,0.1936287731,0.0888181552,0.0000000000,0.0451302938,0.0121618612,0.0000000000,0.0000000000,0.0628861785,0.0669431984,0.2579834163,0.2218737602,0.1521872133,0.0601526499,0.1589321494,0.0707757249,0.0367656387,0.0369450673,0.1856169850,0.1767524332,0.0305240229,0.0265019368,0.0000000000,0.0000000000,0.2123850882,0.0461396612,0.0483086891,0.0288735293,0.0905210450,0.0997049212,0.1281919628,0.1159130484,0.0000000244,0.0000000000,0.0000000000,0.0000000000,-0.0589791052,0.1489250660,-0.0088436250,0.0217770077,0.1489138007,0.0032668118
20:20:25:33.592,61,0.0391589962,0.2392857224,0.0385192893,0.0000000000,0.0000000000,0.0818581730,0.0000000000,0.0376748517,0.2389723957,0.0949915200,0.0000000000,0.0000000000,0.0822377652,0.0000000000,0.0717329904,0.0380532779,0.0000000000,0.1467106938,0.1707886457,0.1126972660,0.1925665140,0.0969114155,0.0000000000,0.0708016828,0.0205195528,0.0000000000,0.0000000000,0.0628656372,0.0664680451,0.2499592602,0.2105935514,0.1533716470,0.0600148924,0.1678305268,0.0753508583,0.0391970053,0.0395693928,0.1818686277,0.1693729907,0.0301039461,0.0259199608,0.0000000000,0.0000000000,0.2091416121,0.0427221954,0.0448416062,0.0309343040,0.0942353159,0.1012271717,0.1280965060,0.1157059297,0.0000000238,0.0000000000,0.0000000000,0.0000000000,-0.0574091524,0.1462225616,-0.0084500127,0.0232791267,0.1462112367,0.0034278100
20:20:25:34.593,61,0.0385448970,0.2336008847,0.0399438590,0.0000000000,0.0000000000,0.0835509598,0.0000000000,0.0370515138,0.2333136499,0.0933232605,0.0000000000,0.0000000000,0.0839414820,0.0000000000,0.0692235827,0.0376931615,0.0000000000,0.1337152570,0.1571811885,0.1059370115,0.1889536828,0.0971380100,0.0000000000,0.0856355280,0.0554321110,0.0000000000,0.0000000000,0.0628001615,0.0660129637,0.2378073484,0.2021358460,0.1541281641,0.0596537814,0.1718907505,0.0790653452,0.0418975800,0.0422408730,0.1780873090,0.1651737392,0.0297471303,0.0254704785,0.0000000000,0.0000000000,0.2046384811,0.0332641192,0.0347577482,0.0322748087,0.0981112346,0.1055459529,0.1282397211,0.1158523709,0.0000000262,0.0000000000,0.0000000000,0.0000000000,-0.0564293079,0.1427519917,-0.0081060817,0.0241522640,0.1427405775,0.0034707633
20:20:25:35.593,61,0.0378803350,0.2306414396,0.0397396535,0.0000000000,0.0000000000,0.0855514184,0.0000000000,0.0363925435,0.2303573042,0.0933280289,0.0000000000,0.0000000000,0.0859537199,0.0000000000,0.0658495873,0.0373444483,0.0000000000,0.1211325228,0.1422774345,0.0997200087,0.1875310987,0.0974135771,0.0000000000,0.0952078253,0.0657055750,0.0000000000,0.0000000000,0.0626033321,0.0654156730,0.2223505378,0.1875735670,0.1544109732,0.0588663220,0.1779155582,0.0854022503,0.0448053889,0.0452356525,0.1710290909,0.1577419639,0.0294948518,0.0251044091,0.0000000000,0.0000000000,0.1979344040,0.0189888477,0.0203475580,0.0334589183,0.1011043862,0.1085504740,0.1283492595,0.1159489378,0.0000000307,0.0000000000,0.0000000000,0.0000000000,-0.0564467348,0.1409432590,-0.0080044670,0.0240349863,0.1409318149,0.0034095584
20:20:25:36.594,61,0.0367529206,0.2288573235,0.0403293706,0.0000000000,0.0000000000,0.0872810706,0.0000000000,0.0354144536,0.2285828292,0.0926516950,0.0000000000,0.0000000000,0.0876868740,0.0000000000,0.0642659962,0.0369127579,0.0000000000,0.1160134152,0.1365078837,0.0953989178,0.1849616766,0.0962036476,0.0000000000,0.0999935642,0.0712970421,0.0000000000,0.0000000000,0.0624135099,0.0648654178,0.2155762315,0.1820609719,0.1547042131,0.0581985675,0.1806131005,0.0885123312,0.0465072431,0.0469825380,0.1676152647,0.1544288546,0.0292747132,0.0247969925,0.0000000000,0.0000000000,0.1923705488,0.0088539263,0.0101899197,0.0342324376,0.1033019572,0.1109864414,0.1285626590,0.1161613315,0.0000000113,0.0000000000,0.0000000000,0.0000000000,-0.0560462549,0.1398543566,-0.0078855269,0.0243954118,0.1398428977,0.0034335849
20:20:25:37.595,61,0.0360233784,0.2262097299,0.0427559726,0.0000000000,0.0000000000,0.0898044854,0.0000000000,0.0347271338,0.2259664685,0.0900918096,0.0000000000,0.0000000000,0.0902165174,0.0000000000,0.0631851479,0.0364543237,0.0000000000,0.1130634621,0.1332093328,0.0929175690,0.1827480793,0.0941173732,0.0000000000,0.1046487689,0.0747820437,0.0000000000,0.0000000000,0.0622201748,0.0643396229,0.2122105360,0.1791722924,0.1550607383,0.0574745610,0.1852547526,0.0924135819,0.0483082235,0.0488579050,0.1657166779,0.1525198370,0.0291295536,0.0245762561,0.0000000000,0.0000000000,0.1895714402,0.0022560488,0.0036268551,0.0348596238,0.1063976809,0.1144699678,0.1288890541,0.1165235639,0.0000000126,0.0000000000,0.0000000000,0.0000000000,-0.0545099638,0.1382417083,-0.0075800237,0.0258691162,0.1382302046,0.0035984274
20:20:25:38.597,61,0.0347806513,0.2255798131,0.0444567204,0.0000000000,0.0000000000,0.0911927521,0.0000000000,0.0336450487,0.2253559679,0.0884004533,0.0000000000,0.0000000000,0.0915894732,0.0000000000,0.0621191710,0.0358337276,0.0000000000,0.1104284823,0.1307215244,0.0908124819,0.1813298166,0.0860747099,0.0000000000,0.1116319746,0.0816608816,0.0000000000,0.0000000000,0.0619524457,0.0638043284,0.2075725943,0.1772424430,0.1549820006,0.0563084073,0.1871552467,0.0942662060,0.0493781529,0.0499284528,0.1643654853,0.1512662917,0.0290359110,0.0244444739,0.0017918181,0.0003886893,0.1877074987,0.0000000000,0.0000000000,0.0352233425,0.1078798324,0.1160675287,0.1292569041,0.1170074716,0.0000000132,0.0000000000,0.0000000000,0.0000000000,-0.0534894094,0.1378605813,-0.0074174805,0.0268995818,0.1378490776,0.0037312817
20:20:25:39.598,61,0.0316463634,0.2226195037,0.0477941968,0.0000000000,0.0000000000,0.0922632813,0.0000000000,0.0308625251,0.2224351168,0.0850809813,0.0000000000,0.0000000000,0.0926494598,0.0000000000,0.0610762760,0.0351429582,0.0000000000,0.1083983034,0.1286020130,0.0894320756,0.1804331988,0.0825187042,0.0000000000,0.1141236126,0.0840320438,0.0000000000,0.0000000000,0.0615739413,0.0631764755,0.2024329454,0.1747815013,0.1547451764,0.0551846176,0.1884506345,0.0957266241,0.0502071232,0.0507465787,0.1611802727,0.1489479244,0.0289521646,0.0243303869,0.0059625730,0.0043637175,0.1856063604,0.0000000000,0.0000000000,0.0355904773,0.1089214683,0.1170542762,0.1294405013,0.1173253730,0.0000000363,0.0000000000,0.0000000000,0.0000000000,-0.0514935479,0.1360593736,-0.0070465044,0.0289261919,0.1360477656,0.0039592320
20:20:25:40.598,61,0.0275753662,0.2196472585,0.0500005670,0.0000000000,0.0000000000,0.0931158960,0.0000000000,0.0271169432,0.2194898725,0.0827917382,0.0000000000,0.0000000000,0.0934902653,0.0000000000,0.0600523837,0.0334536843,0.0000000000,0.1054039001,0.1249015182,0.0876990184,0.1796862185,0.0656160861,0.0000000000,0.1154153720,0.0859458745,0.0000000000,0.0000000000,0.0611461997,0.0625773594,0.1930606812,0.1715002656,0.1544850171,0.0542006567,0.1893683970,0.0970788971,0.0510039777,0.0515263788,0.1572523266,0.1469224244,0.0288429931,0.0242859721,0.0097880298,0.0080739893,0.1835833788,0.0000000000,0.0000000000,0.0360289812,0.1096900851,0.1178834215,0.1295468658,0.1177700683,0.0000000586,0.0000000000,0.0000000000,0.0000000000,-0.0501203015,0.1342483461,-0.0067663472,0.0302690025,0.1342367679,0.0040871487
20:20:25:41.599,61,0.0256838221,0.2177802920,0.0507310219,0.0000000000,0.0000000000,0.0935405716,0.0000000000,0.0253390092,0.2176329046,0.0819536671,0.0000000000,0.0000000000,0.0939042568,0.0000000000,0.0585294440,0.0325330123,0.0000000000,0.1016632020,0.1185754612,0.0845453516,0.1794511229,0.0611690655,0.0000000000,0.1156736016,0.0862381458,0.0000000000,0.0000000000,0.0607604720,0.0619738847,0.1859378070,0.1635356545,0.1541588604,0.0532166958,0.1933405548,0.1012379527,0.0517913811,0.0523113497,0.1510032266,0.1405472904,0.0287532210,0.0242163613,0.0149286427,0.0129443444,0.1795516163,0.0000000000,0.0000000000,0.0366156437,0.1099786684,0.1180998459,0.1294706911,0.1179303005,0.0000000673,0.0000000000,0.0000000000,0.0000000000,-0.0496205203,0.1331091821,-0.0066414112,0.0307159089,0.1330975741,0.0041118562
20:20:25:42.601,61,0.0236014724,0.2180770636,0.0498227589,0.0000000000,0.0000000000,0.0937230214,0.0000000000,0.0233458951,0.2179204673,0.0827549696,0.0000000000,0.0000000000,0.0940732434,0.0000000000,0.0569965355,0.0311437156,0.0000000000,0.0983884782,0.1144638285,0.0814728439,0.1789433211,0.0555030480,0.0000000000,0.1113413125,0.0867156833,0.0000000000,0.0000000000,0.0602923706,0.0613697618,0.1814446300,0.1607215554,0.1537341326,0.0518391170,0.1949780136,0.1039534509,0.0524173789,0.0529368110,0.1469158530,0.1378456801,0.0286928099,0.0242658667,0.0177957658,0.0157506242,0.1776118875,0.0000000000,0.0000000000,0.0368821472,0.1100751534,0.1182995960,0.1295600384,0.1183841228,0.0000000911,0.0000000000,0.0000000000,0.0000000000,-0.0501045063,0.1332882941,-0.0067152646,0.0301652569,0.1332767159,0.0040436648
20:20:25:43.601,61,0.0222395044,0.2176606953,0.0495128259,0.0000000000,0.0000000000,0.0938812122,0.0000000000,0.0220266003,0.2174993008,0.0829632878,0.0000000000,0.0000000000,0.0942178890,0.0000000000,0.0557827652,0.0294499770,0.0000000000,0.0950599834,0.1095438600,0.0791453794,0.1791421473,0.0508488789,0.0000000000,0.1026895791,0.0867265761,0.0000000000,0.0000000000,0.0597548336,0.0607072413,0.1746178418,0.1566667557,0.1524285674,0.0502238981,0.1987741739,0.1087315381,0.0531304777,0.0536692478,0.1416901946,0.1345080584,0.0286250021,0.0243468806,0.0243870150,0.0227585919,0.1727622449,0.0000000000,0.0000000000,0.0373722240,0.1098757386,0.1182666719,0.1295889020,0.1188442409,0.0000001732,0.0000000000,0.0000000000,0.0000000000,-0.0502323657,0.1330315769,-0.0067192651,0.0299786311,0.1330215037,0.0040108683
20:20:25:44.603,61,0.0214175545,0.2173179388,0.0497720689,0.0000000000,0.0000000000,0.0939340517,0.0000000000,0.0212175921,0.2171602547,0.0826066583,0.0000000000,0.0000000000,0.0942572057,0.0000000000,0.0544825308,0.0275921877,0.0000000000,0.0924482122,0.1065192521,0.0778399780,0.1806458086,0.0488141477,0.0000000000,0.1004981399,0.0869186744,0.0000000000,0.0000000000,0.0592465550,0.0600876063,0.1709992439,0.1546963304,0.1480430812,0.0488420986,0.2003802359,0.1107236668,0.0538125895,0.0543176755,0.1395252496,0.1329453439,0.0285688210,0.0244076643,0.0445623621,0.0430715829,0.1662812233,0.0000000000,0.0000000000,0.0377896242,0.1094462797,0.1179194227,0.1294772923,0.1191389263,0.0000003534,0.0000000000,0.0000000000,0.0000000000,-0.0500178225,0.1328227520,-0.0066799647,0.0301364306,0.1328126490,0.0040255697
20:20:25:45.604,61,0.0198020227,0.2167600840,0.0500636771,0.0000000000,0.0000000000,0.0939611048,0.0000000000,0.0196459461,0.2166062891,0.0822616071,0.0000000000,0.0000000000,0.0942708030,0.0000000000,0.0530796312,0.0264874361,0.0000000000,0.0877023786,0.0997870862,0.0755910650,0.1813573986,0.0472910069,0.0000000000,0.0990021750,0.0866924003,0.0000000000,0.0000000000,0.0587456487,0.0594960414,0.1662500799,0.1516664475,0.1428705156,0.0474087633,0.2024144083,0.1137660146,0.0544899553,0.0549684390,0.1336669326,0.1279389262,0.0284662861,0.0244383421,0.0569211170,0.0554891974,0.1588190645,0.0000000000,0.0000000000,0.0381939523,0.1079427823,0.1166449040,0.1290166080,0.1191108599,0.0000006766,0.0000000000,0.0000000000,0.0000000000,-0.0498111472,0.1324825436,-0.0066351471,0.0303143803,0.1324724406,0.0040388359
20:20:25:46.604,61,0.0176243149,0.2157789022,0.0515437908,0.0000000000,0.0000000000,0.0944471955,0.0000000000,0.0175227374,0.2156419158,0.0807081461,0.0000000000,0.0000000000,0.0947452560,0.0000000000,0.0522571839,0.0257131960,0.0000000000,0.0860198885,0.0976658165,0.0745265782,0.1820223778,0.0464507863,0.0000000000,0.0982592851,0.0865707621,0.0000000000,0.0000000000,0.0582817458,0.0589282177,0.1646393389,0.1505180001,0.1409450173,0.0465672910,0.2031415254,0.1148482114,0.0550515018,0.0555258393,0.1318209171,0.1262868494,0.0283480324,0.0244411938,0.0618655905,0.0604591146,0.1561719179,0.0000000000,0.0000000000,0.0384628512,0.1075457260,0.1163662374,0.1288613379,0.1193085387,0.0000007334,0.0000000000,0.0000000000,0.0000000000,-0.0488743410,0.1318865716,-0.0064808321,0.0312130917,0.1318764389,0.0041396064
20:20:25:47.606,61,0.0153269023,0.2133811712,0.0550047345,0.0000000000,0.0000000000,0.0948559716,0.0000000000,0.0152701437,0.2132824659,0.0771635994,0.0000000000,0.0000000000,0.0951438919,0.0000000000,0.0515992939,0.0252651908,0.0000000000,0.0850886330,0.0966217816,0.0737111792,0.1819041967,0.0462054573,0.0000000000,0.0976606458,0.0861760378,0.0000000000,0.0000000000,0.0578752533,0.0584211200,0.1640668511,0.1499427855,0.1400725842,0.0459316671,0.2035882622,0.1154526025,0.0554563627,0.0559476018,0.1307733357,0.1251813471,0.0282598604,0.0244443305,0.0621920340,0.0606423244,0.1550249457,0.0000000000,0.0000000000,0.0385146514,0.1073014885,0.1161505133,0.1287207305,0.1194453090,0.0000009950,0.0000000000,0.0000000000,0.0000000000,-0.0467367806,0.1304300874,-0.0061283787,0.0333153382,0.1304199249,0.0043689520
20:20:25:48.607,61,0.0133269178,0.2136932611,0.0581963547,0.0000000000,0.0000000000,0.0947837755,0.0011037057,0.0132987341,0.2136279047,0.0739239305,0.0000000000,0.0000000000,0.0950626433,0.0018810201,0.0509423241,0.0250385311,0.0000000000,0.0843206123,0.0958599299,0.0729193538,0.1815050244,0.0465397686,0.0000000000,0.0977705866,0.0859246850,0.0000000000,0.0000000000,0.0575705320,0.0580005907,0.1640689224,0.1496612281,0.1395539790,0.0452874675,0.2047513425,0.1161580309,0.0558221415,0.0563419200,0.1300464571,0.1242479309,0.0282427669,0.0244685747,0.0509225205,0.0490951650,0.1546253711,0.0000000000,0.0000000000,0.0384254269,0.1068679541,0.1156589836,0.1286256164,0.1195375845,0.0000012030,0.0000000000,0.0000000000,0.0000000000,-0.0447733402,0.1306295395,-0.0058801840,0.0352475457,0.1306194067,0.0046293852
20:20:25:49.608,61,0.0120184403,0.2142469883,0.0606367625,0.0000000000,0.0000000000,0.0945547149,0.0039770063,0.0120046940,0.2142073214,0.0714060813,0.0000000000,0.0000000000,0.0948250815,0.0048912726,0.0504247807,0.0248070732,0.0000000000,0.0838214010,0.0954024568,0.0722470284,0.1812659353,0.0489457957,0.0000000000,0.0981220379,0.0853500292,0.0000000000,0.0000000000,0.0573205315,0.0576169565,0.1640420109,0.1492618471,0.1395288557,0.0447761491,0.2069303989,0.1168773621,0.0562767647,0.0568244234,0.1295611858,0.1234712005,0.0282482188,0.0244704168,0.0444029532,0.0425956659,0.1546379179,0.0000000000,0.0000000000,0.0385346003,0.1065579280,0.1151969880,0.1286054403,0.1196177602,0.0000017231,0.0000000000,0.0000000000,0.0000000000,-0.0432463624,0.1309749782,-0.0056949672,0.0367239788,0.1309648752,0.0048361127
20:20:25:50.609,61,0.0111612929,0.2144874334,0.0617334656,0.0000000000,0.0000000000,0.0943147689,0.0057140756,0.0111532016,0.2144595832,0.0702382401,0.0000000000,0.0000000000,0.0945756733,0.0066714995,0.0498577394,0.0244551972,0.0000000000,0.0832912698,0.0948926210,0.0713422820,0.1808972955,0.0491805673,0.0000000000,0.0980035141,0.0850222111,0.0000000000,0.0000000000,0.0570046976,0.0572242625,0.1636863053,0.1487514228,0.1392906904,0.0442450531,0.2077874094,0.1174324751,0.0566127189,0.0571807474,0.1289529204,0.1226939559,0.0282053817,0.0245007910,0.0423490182,0.0405410118,0.1544003040,0.0000000000,0.0000000000,0.0385334417,0.1061623693,0.1147614419,0.1284621060,0.1197135746,0.0000020823,0.0000000000,0.0000000000,0.0000000000,-0.0425382107,0.1311251819,-0.0056082709,0.0373874493,0.1311151087,0.0049291560
20:20:25:51.611,61,0.0106329769,0.2156215608,0.0629589111,0.0000000000,0.0000000000,0.0939649791,0.0067964634,0.0106249228,0.2156066149,0.0689551905,0.0000000000,0.0000000000,0.0942170918,0.0077636987,0.0493211076,0.0240241233,0.0000000000,0.0828338936,0.0945568010,0.0706649125,0.1803907305,0.0491133966,0.0000000000,0.0991644636,0.0853879899,0.0000000000,0.0000000000,0.0567933358,0.0569417663,0.1634924859,0.1484818608,0.1392076761,0.0437562093,0.2083012313,0.1178444028,0.0569179244,0.0574870855,0.1287630498,0.1223268434,0.0282358639,0.0245940536,0.0418582708,0.0400582030,0.1543528587,0.0000000000,0.0000000000,0.0384236611,0.1059700623,0.1145853773,0.1286876202,0.1201416031,0.0000024191,0.0000000000,0.0000000000,0.0000000000,-0.0417573042,0.1318221837,-0.0055349804,0.0381261148,0.1318120956,0.0050535244
20:20:25:52.611,61,0.0102565447,0.2134970874,0.0653032884,0.0000000000,0.0000000000,0.0939780921,0.0075729508,0.0102462089,0.2135069817,0.0665824041,0.0000000000,0.0000000000,0.0942222923,0.0085348431,0.0489587784,0.0235529412,0.0000000000,0.0824713856,0.0941811651,0.0700248256,0.1787624210,0.0483117364,0.0000000000,0.0998524129,0.0859321505,0.0000000000,0.0000000000,0.0568467714,0.0569570363,0.1632916182,0.1482968032,0.1394567043,0.0434098877,0.2090178877,0.1184391603,0.0572496317,0.0578207821,0.1284578592,0.1219300553,0.0282344222,0.0246872716,0.0419005901,0.0401052050,0.1544803679,0.0000000000,0.0000000000,0.0383644812,0.1059446111,0.1145727858,0.1285359114,0.1202751249,0.0000023218,0.0000000000,0.0000000000,0.0000000000,-0.0403272510,0.1305307299,-0.0052925632,0.0395525657,0.1305206269,0.0051905410
20:20:25:53.613,61,0.0098851286,0.2119438499,0.0672540069,0.0000000000,0.0000000000,0.0939593241,0.0082765622,0.0098728724,0.2119739503,0.0646415800,0.0000000000,0.0000000000,0.0941962823,0.0092263520,0.0486593097,0.0231543370,0.0000000000,0.0822133273,0.0939642712,0.0694372803,0.1753353924,0.0476102568,0.0000000000,0.1017439812,0.0897123441,0.0000000000,0.0000000000,0.0569469407,0.0570520423,0.1632043719,0.1482292116,0.1398391128,0.0431152619,0.2095359564,0.1189034209,0.0574569479,0.0580389053,0.1283932924,0.1217476353,0.0282698367,0.0248228721,0.0420496240,0.0402632430,0.1545336097,0.0000000000,0.0000000000,0.0381956063,0.1060297936,0.1147086993,0.1284119785,0.1204814017,0.0000018331,0.0000000000,0.0000000000,0.0000000000,-0.0391565450,0.1295874119,-0.0051014428,0.0407390967,0.1295772493,0.0053070877
20:20:25:54.613,61,0.0098208031,0.2115424573,0.0682995543,0.0000000000,0.0000000000,0.0940032452,0.0082818186,0.0098005189,0.2115831226,0.0636340454,0.0000000000,0.0000000000,0.0942332149,0.0092024887,0.0484405234,0.0226084776,0.0000000000,0.0821326599,0.0940067843,0.0690379217,0.1740462333,0.0470062457,0.0000000000,0.1029962450,0.0911907032,0.0000000000,0.0000000000,0.0569602586,0.0570390522,0.1631372571,0.1482090354,0.1402710825,0.0428617485,0.2097939700,0.1191843152,0.0576678254,0.0582513176,0.1286079884,0.1218486056,0.0283225849,0.0249581859,0.0441947952,0.0425275564,0.1543900073,0.0000000000,0.0000000000,0.0380806737,0.1063139960,0.1150275841,0.1285128742,0.1208581477,0.0000017887,0.0000000000,0.0000000000,0.0000000000,-0.0385474376,0.1293454021,-0.0050126426,0.0413737595,0.1293352544,0.0053795371
20:20:25:55.614,61,0.0099752778,0.2108816653,0.0685391203,0.0000000000,0.0000000000,0.0938788727,0.0078381822,0.0099411746,0.2109250128,0.0633373782,0.0000000000,0.0000000000,0.0941019133,0.0087254951,0.0479901321,0.0221113246,0.0000000000,0.0818637609,0.0938799605,0.0686739534,0.1734493375,0.0465131253,0.0000000000,0.1034855843,0.0917268246,0.0000000000,0.0000000000,0.0566755794,0.0567330979,0.1626820713,0.1478306651,0.1400512308,0.0424672402,0.2097934335,0.1193894893,0.0577742495,0.0583350733,0.1284728348,0.1216386557,0.0283598453,0.0250570569,0.0496738143,0.0481091328,0.1539201289,0.0000000000,0.0000000000,0.0379573815,0.1062321663,0.1149238572,0.1283985823,0.1209992394,0.0000013469,0.0000000000,0.0000000000,0.0000000000,-0.0383697338,0.1289422065,-0.0049738185,0.0415210500,0.1289320439,0.0053816573
20:20:25:56.616,61,0.0100811925,0.2093473822,0.0686482415,0.0000000000,0.0000000000,0.0938493311,0.0074189324,0.0100361686,0.2093919665,0.0631698072,0.0000000000,0.0000000000,0.0940656215,0.0082701137,0.0475627817,0.0216040146,0.0000000000,0.0816035867,0.0937614590,0.0683089718,0.1729054302,0.0459113717,0.0000000000,0.1034660712,0.0918032452,0.0000000000,0.0000000000,0.0562952720,0.0563473143,0.1622277647,0.1474956423,0.1396494359,0.0420827419,0.2096055448,0.1194955409,0.0578211285,0.0583592802,0.1281581968,0.1213140711,0.0283474214,0.0251206476,0.0536782704,0.0521874800,0.1532249302,0.0000000000,0.0000000000,0.0378059335,0.1060168147,0.1146978661,0.1281385869,0.1210087016,0.0000011173,0.0000000000,0.0000000000,0.0000000000,-0.0382728465,0.1280045211,-0.0049247900,0.0415921956,0.1279943287,0.0053512338
20:20:25:57.616,61,0.0103332503,0.2095443010,0.0689018965,0.0000000000,0.0000000000,0.0939001963,0.0069585675,0.0102729313,0.2095917016,0.0628770217,0.0000000000,0.0000000000,0.0941111445,0.0077833207,0.0473127328,0.0211727265,0.0000000000,0.0816186592,0.0940088108,0.0681660920,0.1724450290,0.0460215248,0.0000000000,0.1043452397,0.0917876437,0.0000000000,0.0000000000,0.0560742132,0.0560708754,0.1621726304,0.1474155933,0.1397223622,0.0418835096,0.2092086673,0.1193355396,0.0579029396,0.0584018119,0.1284514517,0.1214245856,0.0283876974,0.0251629502,0.0568778962,0.0552894101,0.1529243290,0.0000000000,0.0000000000,0.0376889966,0.1061670482,0.1147245318,0.1282088757,0.1211876571,0.0000009812,0.0000000000,0.0000000000,0.0000000000,-0.0380948558,0.1281257719,-0.0049065920,0.0417452231,0.1281155795,0.0053760540
20:20:25:58.617,61,0.0100911381,0.2095576078,0.0687359869,0.0000000000,0.0000000000,0.0940247700,0.0075732535,0.0100280941,0.2096033841,0.0630295426,0.0000000000,0.0000000000,0.0942319408,0.0084021538,0.0471085198,0.0210467186,0.0000000000,0.0815374553,0.0941016823,0.0678997636,0.1719345450,0.0467608683,0.0000000000,0.1044772491,0.0898141488,0.0000000000,0.0000000000,0.0558821745,0.0557956509,0.1624974608,0.1474613398,0.1398209929,0.0417119786,0.2088495940,0.1191998348,0.0579944737,0.0584952310,0.1285716891,0.1212858930,0.0283866972,0.0251428392,0.0579125099,0.0562940724,0.1528733671,0.0000000000,0.0000000000,0.0375880152,0.1061792895,0.1146102175,0.1281855851,0.1211939827,0.0000007584,0.0000000000,0.0000000000,0.0000000000,-0.0381872281,0.1281333715,-0.0049187788,0.0416446663,0.1281231642,0.0053634332
20:20:25:59.618,61,0.0099314032,0.2097797096,0.0690443590,0.0000000000,0.0000000000,0.0941167474,0.0080285044,0.0098658828,0.2098286897,0.0627065450,0.0000000000,0.0000000000,0.0943206400,0.0088538164,0.0470224135,0.0208887421,0.0000000000,0.0815930292,0.0942936540,0.0677502304,0.1719031483,0.0482977554,0.0000000000,0.1049345657,0.0889987648,0.0000000000,0.0000000000,0.0558258109,0.0556377284,0.1629579812,0.1476073414,0.1400412917,0.0416477323,0.2086996734,0.1190880835,0.0582463406,0.0587540306,0.1288059652,0.1212516874,0.0283515956,0.0250718538,0.0573689453,0.0556564964,0.1527419388,0.0000000000,0.0000000000,0.0376849547,0.1061952934,0.1144794524,0.1282349676,0.1212432608,0.0000009098,0.0000000000,0.0000000000,0.0000000000,-0.0379908606,0.1282701045,-0.0048987777,0.0418307669,0.1282599568,0.0053932024
20:20:26:00.619,61,0.0097680483,0.2098473012,0.0692326948,0.0000000000,0.0000000000,0.0942793265,0.0084074801,0.0097010294,0.2098982036,0.0625196099,0.0000000000,0.0000000000,0.0944794491,0.0092235552,0.0472131595,0.0207210109,0.0000000000,0.0819380209,0.0949345306,0.0677187964,0.1682911813,0.0485973246,0.0000000000,0.1056149900,0.0891693011,0.0000000000,0.0000000000,0.0558406226,0.0556150042,0.1644543856,0.1483243406,0.1412664950,0.0417964794,0.2061605603,0.1181382164,0.0583641753,0.0588748530,0.1301194578,0.1216918379,0.0282896124,0.0250287820,0.0572252087,0.0554802045,0.1526749134,0.0000000000,0.0000000000,0.0375495739,0.1065315753,0.1147840768,0.1284427345,0.1215904430,0.0000011840,0.0000000000,0.0000000000,0.0000000000,-0.0378773995,0.1283120662,-0.0048857690,0.0419446453,0.1283019334,0.0054096640
20:20:26:01.620,61,0.0098520461,0.2103186101,0.0694111064,0.0000000000,0.0000000000,0.0942905992,0.0083636297,0.0097775431,0.2103712410,0.0623722263,0.0000000000,0.0000000000,0.0944863856,0.0091661094,0.0474054292,0.0204131044,0.0000000000,0.0822058022,0.0953777507,0.0676873177,0.1671793461,0.0488972291,0.0000000000,0.1142176017,0.0904977545,0.0000000000,0.0000000000,0.0559882410,0.0557082146,0.1649611145,0.1486203521,0.1418982297,0.0419648066,0.2051207274,0.1175302789,0.0585981980,0.0590843521,0.1310342848,0.1222034022,0.0282214154,0.0249602646,0.0578875877,0.0560642481,0.1521905959,0.0000000000,0.0000000000,0.0376059860,0.1067367047,0.1148576811,0.1285832524,0.1218218133,0.0000014009,0.0000000000,0.0000000000,0.0000000000,-0.0377866998,0.1286008209,-0.0048851655,0.0420511700,0.1285906434,0.0054357345
20:20:26:02.622,61,0.0097611705,0.2113546282,0.0695681497,0.0000000000,0.0000000000,0.0942571163,0.0085884053,0.0096844733,0.2114090174,0.0622217692,0.0000000000,0.0000000000,0.0944489390,0.0093797604,0.0474544354,0.0202075839,0.0000000000,0.0822163150,0.0954549462,0.0674460158,0.1663125902,0.0489646271,0.0000000000,0.1165860891,0.0910989791,0.0000000000,0.0000000000,0.0560986623,0.0557883941,0.1651881784,0.1487498134,0.1421587318,0.0420040488,0.2046035677,0.1172589138,0.0587924831,0.0592597798,0.1313550472,0.1223148331,0.0281475130,0.0249033216,0.0583689138,0.0565166138,0.1515601724,0.0000000000,0.0000000000,0.0375225842,0.1066325307,0.1146636531,0.1285581589,0.1219213679,0.0000017193,0.0000000000,0.0000000000,0.0000000000,-0.0376924574,0.1292347312,-0.0048972769,0.0421428494,0.1292245537,0.0054747337
20:20:26:03.623,61,0.0094526960,0.2133463770,0.0697132498,0.0000000000,0.0000000000,0.0940174684,0.0091885328,0.0093777990,0.2134025544,0.0620808899,0.0000000000,0.0000000000,0.0942044035,0.0099786352,0.0473550893,0.0199493393,0.0000000000,0.0821416825,0.0955339074,0.0672257319,0.1659652442,0.0485144518,0.0000000000,0.1178952754,0.0932443067,0.0000000000,0.0000000000,0.0560803041,0.0557633266,0.1651697457,0.1487964541,0.1420185715,0.0419531986,0.2038930953,0.1168166995,0.0589066483,0.0593554266,0.1316410303,0.1225248054,0.0280748773,0.0248905066,0.0588762164,0.0570152067,0.1509774774,0.0000000000,0.0000000000,0.0374522172,0.1064723805,0.1145314947,0.1286288351,0.1222098768,0.0000019073,0.0000000000,0.0000000000,0.0000000000,-0.0376011357,0.1304529458,-0.0049319924,0.0422240533,0.1304428130,0.0055375751
20:20:26:04.623,61,0.0094035594,0.2143289596,0.0703932866,0.0000000000,0.0000000000,0.0937000364,0.0093205906,0.0093260752,0.2143923044,0.0614178181,0.0000000000,0.0000000000,0.0938825458,0.0101000145,0.0471666381,0.0197448321,0.0000000000,0.0820479244,0.0955847278,0.0669621751,0.1656575352,0.0480856523,0.0000000000,0.1186454147,0.0944830105,0.0000000000,0.0000000000,0.0560162589,0.0557002611,0.1648258567,0.1485618949,0.1417750120,0.0418720432,0.2031880468,0.1163588613,0.0589024350,0.0593332984,0.1318304688,0.1226624101,0.0280263573,0.0248943381,0.0592106171,0.0573500134,0.1504317224,0.0000000000,0.0000000000,0.0373179242,0.1062949598,0.1143728420,0.1286866069,0.1224568561,0.0000017693,0.0000000000,0.0000000000,0.0000000000,-0.0371965691,0.1310559958,-0.0049017663,0.0426325649,0.1310458779,0.0056172633
20:20:26:05.624,61,0.0097121289,0.2144211382,0.0709134638,0.0000000000,0.0000000000,0.0934008956,0.0087319966,0.0096202586,0.2144898772,0.0609056316,0.0000000000,0.0000000000,0.0935807228,0.0094950218,0.0469014607,0.0196133796,0.0000000000,0.0820765346,0.0958798081,0.0669081882,0.1657237858,0.0479623154,0.0000000000,0.1192341298,0.0954914913,0.0000000000,0.0000000000,0.0558661707,0.0555502325,0.1645592451,0.1483511478,0.1414389312,0.0417761579,0.2016581595,0.1157448888,0.0588163175,0.0592248812,0.1323020458,0.1230402440,0.0280286577,0.0249218456,0.0614499338,0.0596533865,0.1498852521,0.0000000000,0.0000000000,0.0371408686,0.1061955541,0.1143126264,0.1288635582,0.1227826402,0.0000015654,0.0000000000,0.0000000000,0.0000000000,-0.0368860923,0.1311141551,-0.0048630522,0.0429472774,0.1311040223,0.0056612422
20:20:26:06.625,61,0.0101839723,0.2141775489,0.0708780959,0.0000000000,0.0000000000,0.0930407345,0.0077966107,0.0100715011,0.2142460942,0.0609012358,0.0000000000,0.0000000000,0.0932179913,0.0085428013,0.0465509780,0.0194345973,0.0000000000,0.0818418860,0.0956767350,0.0666103885,0.1657630503,0.0481995270,0.0000000000,0.1192794591,0.0955307633,0.0000000000,0.0000000000,0.0557571277,0.0554019138,0.1640184969,0.1478325576,0.1409392804,0.0416178554,0.2012518048,0.1155958772,0.0588284731,0.0592204928,0.1321027428,0.1227827519,0.0279867090,0.0248734895,0.0633301362,0.0615942143,0.1480977386,0.0000000000,0.0000000000,0.0371035226,0.1057511568,0.1138113365,0.1286530793,0.1226135641,0.0000011194,0.0000000000,0.0000000000,0.0000000000,-0.0368841551,0.1309651136,-0.0048572058,0.0429266989,0.1309549510,0.0056520244
20:20:26:07.626,61,0.0106680235,0.2145575732,0.0707643554,0.0000000000,0.0000000000,0.0925993249,0.0067819851,0.0105351899,0.2146249413,0.0610214099,0.0000000000,0.0000000000,0.0927746817,0.0075096926,0.0462528579,0.0192508679,0.0000000000,0.0819091573,0.0959784016,0.0667640790,0.1669328958,0.0484731719,0.0000000000,0.1192231625,0.0955510139,0.0000000000,0.0000000000,0.0555482395,0.0551625714,0.1639823169,0.1477791369,0.1406203508,0.0414538234,0.2009957135,0.1153796986,0.0588349141,0.0592068546,0.1323893517,0.1230067685,0.0280305054,0.0249002762,0.0644037351,0.0626926199,0.1474368870,0.0000000000,0.0000000000,0.0371377356,0.1055315733,0.1135714874,0.1287509650,0.1227637082,0.0000006325,0.0000000000,0.0000000000,0.0000000000,-0.0369558036,0.1311970353,-0.0048753554,0.0428565070,0.1311869323,0.0056528985
20:20:26:08.627,61,0.0111527536,0.2148012817,0.0708441138,0.0000000000,0.0000000000,0.0921906754,0.0058407234,0.0109997969,0.2148695588,0.0609391332,0.0000000000,0.0000000000,0.0923657715,0.0065528611,0.0460731722,0.0192092359,0.0000000000,0.0823520795,0.0977719575,0.0670676306,0.1673187166,0.0504938290,0.0000000000,0.1193491966,0.0955066606,0.0000000000,0.0000000000,0.0554650240,0.0550332107,0.1665305197,0.1484193951,0.1406136900,0.0413556919,0.2008475363,0.1150972471,0.0587061048,0.0590790026,0.1338834763,0.1236508042,0.0281191841,0.0249277726,0.0637545511,0.0620353185,0.1473397911,0.0000000000,0.0000000000,0.0369786806,0.1053482965,0.1133427322,0.1289811879,0.1229385659,0.0000004831,0.0000000000,0.0000000000,0.0000000000,-0.0369052514,0.1313463151,-0.0048742923,0.0429039709,0.1313361973,0.0056656688
20:20:26:09.629,61,0.0116843712,0.2146939039,0.0705673397,0.0000000000,0.0000000000,0.0917784572,0.0048209010,0.0115087833,0.2147593051,0.0612125024,0.0000000000,0.0000000000,0.0919540450,0.0055201128,0.0459879152,0.0193511397,0.0000000000,0.0828727037,0.0988896266,0.0674449056,0.1679139435,0.0515046604,0.0000000000,0.1191925257,0.0955053866,0.0000000000,0.0000000000,0.0554006137,0.0549411699,0.1675253063,0.1487508863,0.1407886297,0.0413782671,0.2006800026,0.1147385240,0.0586944446,0.0590965040,0.1347760856,0.1242420971,0.0281454697,0.0249173325,0.0628853589,0.0611803345,0.1473133117,0.0000000000,0.0000000000,0.0370472856,0.1051199660,0.1131379306,0.1290791035,0.1230645403,0.0000003386,0.0000000000,0.0000000000,0.0000000000,-0.0370711312,0.1312797219,-0.0048936792,0.0427367128,0.1312696189,0.0056407023
20:20:26:10.630,61,0.0121358559,0.2149937451,0.0704016611,0.0000000000,0.0000000000,0.0913183987,0.0040313816,0.0119415987,0.2150574625,0.0613755397,0.0000000000,0.0000000000,0.0914947167,0.0047200602,0.0459126569,0.0196200907,0.0000000000,0.0844954401,0.1033644006,0.0680271834,0.1681244373,0.0522770286,0.0000000000,0.1194443703,0.0965895876,0.0000000000,0.0000000000,0.0554067679,0.0549495555,0.1707929224,0.1501800418,0.1409254223,0.0414532460,0.1997166872,0.1132811978,0.0584636480,0.0588775948,0.1391978711,0.1275558770,0.0281807762,0.0249250717,0.0599879213,0.0582037270,0.1477078646,0.0000000000,0.0000000000,0.0367797762,0.1049055457,0.1129911393,0.1293980032,0.1234479025,0.0000003654,0.0000000000,0.0000000000,0.0000000000,-0.0371689759,0.1314624846,-0.0049135000,0.0426353514,0.1314523667,0.0056352559
20:20:26:11.630,61,0.0125601096,0.2152357846,0.0705779269,0.0000000000,0.0000000000,0.0909350216,0.0033005364,0.0123483380,0.2153012604,0.0612259880,0.0000000000,0.0000000000,0.0911114439,0.0039797490,0.0460176170,0.0198011957,0.0000000000,0.0867471024,0.1071815565,0.0686121359,0.1681059003,0.0526905023,0.0000000000,0.1198701411,0.0986794531,0.0000000000,0.0000000000,0.0555007681,0.0550484508,0.1725636274,0.1512848288,0.1413798183,0.0416613556,0.1981328726,0.1115233004,0.0582616441,0.0586957112,0.1438124329,0.1315407306,0.0281894188,0.0249347389,0.0583822243,0.0565803610,0.1482358724,0.0000000000,0.0000000000,0.0365817137,0.1049322113,0.1131050363,0.1298014224,0.1239624023,0.0000004673,0.0000000000,0.0000000000,0.0000000000,-0.0370776765,0.1316110492,-0.0049070399,0.0427412614,0.1316009611,0.0056557059
20:20:26:12.631,61,0.0129428180,0.2156114727,0.0714539513,0.0000000000,0.0000000000,0.0905527622,0.0026007975,0.0127153751,0.2156859338,0.0604108125,0.0000000000,0.0000000000,0.0907280967,0.0032696947,0.0460454300,0.0197894722,0.0000000000,0.0881215557,0.1096144021,0.0692672879,0.1688991338,0.0527362935,0.0000000000,0.1201020032,0.0997432470,0.0000000000,0.0000000000,0.0554525070,0.0550184622,0.1732159853,0.1518075764,0.1415038109,0.0418514796,0.1945754141,0.1090586931,0.0580590852,0.0584878810,0.1458225399,0.1337313801,0.0281723272,0.0249402300,0.0579491667,0.0561434999,0.1484475136,0.0000000000,0.0000000000,0.0365465619,0.1050080582,0.1132717282,0.1302526593,0.1245835796,0.0000009347,0.0000000000,0.0000000000,0.0000000000,-0.0365828834,0.1318437904,-0.0048502488,0.0432704538,0.1318336874,0.0057359305
20:20:26:13.632,61,0.0134901498,0.2152704448,0.0726479813,0.0000000000,0.0000000000,0.0905117542,0.0015479149,0.0132371746,0.2153570950,0.0592706017,0.0000000000,0.0000000000,0.0906873792,0.0022119917,0.0462067612,0.0197458211,0.0000000000,0.0915540978,0.1144504398,0.0705009550,0.1693827212,0.0527467728,0.0000000000,0.1204745844,0.1009697169,0.0000000000,0.0000000000,0.0554802977,0.0550777987,0.1739532202,0.1526334882,0.1418934017,0.0421564355,0.1920704693,0.1066433936,0.0578143224,0.0582371168,0.1492929161,0.1375693679,0.0281348918,0.0249281488,0.0555729084,0.0537961982,0.1490191668,0.0000000000,0.0000000000,0.0364842825,0.1053643003,0.1137266532,0.1306730956,0.1251843274,0.0000011953,0.0000000000,0.0000000000,0.0000000000,-0.0358933657,0.1316394359,-0.0047514094,0.0439947210,0.1316293478,0.0058227312
20:20:26:14.634,61,0.0322612561,0.2208351195,0.0749095753,0.0000000000,0.0000000000,0.0903023556,0.0000000000,0.0307910237,0.2209468931,0.0571847968,0.0000000000,0.0000000000,0.0904760733,0.0000000000,0.0462841317,0.0195691064,0.0000000000,0.0931523889,0.1172177270,0.0713593736,0.1701303124,0.0526363216,0.0000000000,0.1210052744,0.1031341106,0.0000000000,0.0000000000,0.0553866215,0.0550132282,0.1742515117,0.1530816853,0.1420523077,0.0423694924,0.1894398034,0.1044895127,0.0574867055,0.0578772090,0.1527554989,0.1419446170,0.0281453934,0.0249624420,0.0465483703,0.0452124439,0.1523268968,0.0000000000,0.0000000000,0.0363495536,0.1056256369,0.1140425503,0.1313485205,0.1264227629,0.0000012654,0.0000000000,0.0000000000,0.0000000000,-0.0346143916,0.1350501925,-0.0047023352,0.0453436337,0.1350401789,0.0061585172
20:20:26:15.634,61,0.0633775890,0.2346169502,0.0769465715,0.0000000000,0.0000000000,0.0900196061,0.0000000000,0.0625679046,0.2347565144,0.0553219728,0.0000000000,0.0000000000,0.0901900381,0.0000000000,0.0463669486,0.0191548131,0.0000000000,0.0942572504,0.1192304865,0.0721498430,0.1722187698,0.0522812158,0.0000000000,0.1253210157,0.1094326004,0.0000000000,0.0000000000,0.0551782623,0.0548330322,0.1741111428,0.1532389820,0.1421354562,0.0424832515,0.1876986772,0.1032061651,0.0571669564,0.0574954525,0.1578158587,0.1484172940,0.0282574650,0.0250987839,0.0402759351,0.0391715243,0.1563496292,0.0000000000,0.0000000000,0.0361950025,0.1061114892,0.1145711914,0.1351561546,0.1311106533,0.0000011301,0.0000000000,0.0000000000,0.0000000000,-0.0334472507,0.1434854269,-0.0048314626,0.0465217233,0.1434756666,0.0067183902
20:20:26:16.636,61,0.0729522780,0.2390112728,0.0772759244,0.0000000000,0.0000000000,0.0899631530,0.0000000000,0.0722129494,0.2391567081,0.0550268181,0.0000000000,0.0000000000,0.0901306272,0.0000000000,0.0465840250,0.0186745133,0.0000000000,0.0961464420,0.1223887429,0.0729360208,0.1731005907,0.0518945269,0.0000000000,0.1324376762,0.1156883910,0.0000000000,0.0000000000,0.0550623424,0.0547487624,0.1741920710,0.1536555886,0.1424078345,0.0426284000,0.1866418421,0.1022481024,0.0568542071,0.0571147464,0.1627390832,0.1537369341,0.0283915326,0.0252508763,0.0373620503,0.0363298915,0.1583053470,0.0000000000,0.0000000000,0.0358913541,0.1071358696,0.1155406460,0.1373313367,0.1336812377,0.0000009376,0.0000000000,0.0000000000,0.0000000000,-0.0332557559,0.1461738944,-0.0048951041,0.0467025749,0.1461641937,0.0068726675
20:20:26:17.637,61,0.0758258030,0.2432923466,0.0763915926,0.0000000000,0.0000000000,0.0896563008,0.0000000000,0.0749846250,0.2434293628,0.0559218526,0.0000000000,0.0000000000,0.0898203179,0.0000000000,0.0465917028,0.0182479303,0.0000000000,0.0968919769,0.1235318333,0.0734647289,0.1739181876,0.0515939519,0.0000000000,0.1349897683,0.1181045473,0.0000000000,0.0000000000,0.0548968613,0.0546043254,0.1741674691,0.1539542824,0.1422758698,0.0426259972,0.1858631968,0.1015527323,0.0565091670,0.0567019023,0.1646636724,0.1558337659,0.0285143014,0.0253806375,0.0360718183,0.0350396410,0.1593852639,0.0000000000,0.0000000000,0.0355173871,0.1075822935,0.1159729809,0.1385677159,0.1350771040,0.0000007045,0.0000000000,0.0000000000,0.0000000000,-0.0337835848,0.1487880796,-0.0050630118,0.0461501889,0.1487784386,0.0069147018
20:20:26:18.638,61,0.0640512481,0.2430373132,0.0764308497,0.0000000000,0.0000000000,0.0894298851,0.0000000000,0.0629459694,0.2431745529,0.0559106246,0.0000000000,0.0000000000,0.0895905867,0.0000000000,0.0466643311,0.0178604405,0.0000000000,0.0974874869,0.1243767589,0.0740736052,0.1741410345,0.0512025729,0.0000000000,0.1365801394,0.1197011173,0.0000000000,0.0000000000,0.0547900125,0.0545249134,0.1745215207,0.1546864063,0.1420435607,0.0426188558,0.1848495901,0.1008512080,0.0561069734,0.0562398061,0.1661225259,0.1572955698,0.0286543425,0.0255375542,0.0353799909,0.0343130529,0.1600140482,0.0000000000,0.0000000000,0.0350405164,0.1079792157,0.1163546592,0.1395147890,0.1361164153,0.0000010634,0.0000000000,0.0000000000,0.0000000000,-0.0337775797,0.1486323029,-0.0050567342,0.0461749807,0.1486226469,0.0069110612
20:20:26:19.639,61,0.0614147782,0.2469199002,0.0765571147,0.0000000000,0.0000000000,0.0890400186,0.0000000000,0.0602483861,0.2470603138,0.0557972305,0.0000000000,0.0000000000,0.0891970992,0.0000000000,0.0465710051,0.0174195692,0.0000000000,0.0976987109,0.1246729791,0.0745390728,0.1749106348,0.0505973995,0.0000000000,0.1374640316,0.1207228377,0.0000000000,0.0000000000,0.0545934029,0.0543551408,0.1744285971,0.1549715400,0.1413532197,0.0425086915,0.1840911061,0.1002839431,0.0557658039,0.0558380820,0.1668019295,0.1580207646,0.0287434235,0.0256640557,0.0352090932,0.0341065563,0.1603105664,0.0000000000,0.0000000000,0.0347222351,0.1080326289,0.1164255217,0.1400459558,0.1367603987,0.0000012859,0.0000000000,0.0000000000,0.0000000000,-0.0336970091,0.1510069668,-0.0051265014,0.0462347232,0.1509974003,0.0070322468
20:20:26:20.640,61,0.0590959862,0.2481744438,0.0766477063,0.0000000000,0.0000000000,0.0885322914,0.0000000000,0.0578650795,0.2483163923,0.0557384789,0.0000000000,0.0000000000,0.0886856988,0.0000000000,0.0465056412,0.0171124376,0.0000000000,0.0978910327,0.1249360442,0.0749824718,0.1750882417,0.0501645133,0.0000000000,0.1383955032,0.1218369305,0.0000000000,0.0000000000,0.0545149259,0.0542924628,0.1746331304,0.1554196626,0.1408443451,0.0424218290,0.1833070517,0.0996935070,0.0553955436,0.0554159209,0.1675591767,0.1586972922,0.0288765654,0.0258227102,0.0353558846,0.0341955535,0.1606256068,0.0000000000,0.0000000000,0.0342994891,0.1081291810,0.1165265813,0.1406224668,0.1373945624,0.0000011074,0.0000000000,0.0000000000,0.0000000000,-0.0336575918,0.1517744809,-0.0051469351,0.0462840125,0.1517649293,0.0070760762
20:20:26:21.642,61,0.0577164553,0.2484934330,0.0775439516,0.0000000000,0.0000000000,0.0878987759,0.0000000000,0.0564587116,0.2486461401,0.0548902266,0.0000000000,0.0000000000,0.0880490765,0.0000000000,0.0463689789,0.0168547351,0.0000000000,0.0979253948,0.1249539852,0.0752617046,0.1753189713,0.0495751984,0.0000000000,0.1388172954,0.1225763559,0.0000000000,0.0000000000,0.0544645563,0.0542644225,0.1746301800,0.1556610018,0.1403333396,0.0423728488,0.1822092235,0.0990557671,0.0550773144,0.0550596416,0.1678662747,0.1589645743,0.0288960468,0.0258998610,0.0352158360,0.0340102687,0.1608484387,0.0000000000,0.0000000000,0.0340491533,0.1078929082,0.1163301989,0.1408086270,0.1377019286,0.0000012044,0.0000000000,0.0000000000,0.0000000000,-0.0331443548,0.1519734114,-0.0050752275,0.0468238108,0.1519638747,0.0071680690
20:20:26:22.643,61,0.0540151931,0.2476810068,0.0778163671,0.0000000000,0.0000000000,0.0874032751,0.0000000000,0.0526712872,0.2478366196,0.0546201356,0.0000000000,0.0000000000,0.0875510797,0.0000000000,0.0463218316,0.0167752393,0.0000000000,0.0981191024,0.1251265258,0.0754828006,0.1749632210,0.0492459014,0.0000000000,0.1392072439,0.1232414469,0.0000000000,0.0000000000,0.0545630418,0.0543800220,0.1749452055,0.1560602039,0.1402753294,0.0424981974,0.1805958599,0.0981607363,0.0547535196,0.0547179803,0.1682689041,0.1592141241,0.0288698412,0.0259176623,0.0349765345,0.0337300524,0.1611974388,0.0000000000,0.0000000000,0.0337186046,0.1077841893,0.1162734330,0.1410373896,0.1380030513,0.0000009525,0.0000000000,0.0000000000,0.0000000000,-0.0329837576,0.1514778137,-0.0050339210,0.0469918735,0.1514682174,0.0071699512
