Timecode,BlendshapeCount,EyeBlinkLeft,EyeLookDownLeft,EyeLookInLeft,EyeLookOutLeft,EyeLookUpLeft,EyeSquintLeft,EyeWideLeft,EyeBlinkRight,EyeLookDownRight,EyeLookInRight,EyeLookOutRight,EyeLookUpRight,EyeSquintRight,EyeWideRight,JawForward,JawRight,JawLeft,JawOpen,MouthClose,MouthFunnel,MouthPucker,MouthRight,MouthLeft,MouthSmileLeft,MouthSmileRight,MouthFrownLeft,MouthFrownRight,MouthDimpleLeft,MouthDimpleRight,MouthStretchLeft,MouthStretchRight,MouthRollLower,MouthRollUpper,MouthShrugLower,MouthShrugUpper,MouthPressLeft,MouthPressRight,MouthLowerDownLeft,MouthLowerDownRight,MouthUpperUpLeft,MouthUpperUpRight,BrowDownLeft,BrowDownRight,BrowInnerUp,BrowOuterUpLeft,BrowOuterUpRight,CheekPuff,CheekSquintLeft,CheekSquintRight,NoseSneerLeft,NoseSneerRight,TongueOut,HeadYaw,HeadPitch,HeadRoll,LeftEyeYaw,LeftEyePitch,LeftEyeRoll,RightEyeYaw,RightEyePitch,RightEyeRoll
20:20:18:51.174,61,0.0287716575,0.2444700450,0.0934331343,0.0000000000,0.0000000000,0.0803725272,0.0000000000,0.0282170642,0.2448011488,0.0373243466,0.0000000000,0.0000000000,0.0805192366,0.0000000000,0.0402672477,0.0105460193,0.0000000000,0.1264551282,0.1504583359,0.1167332381,0.3630686998,0.0545343459,0.0000000000,0.0656258687,0.0560394600,0.0000000000,0.0000000000,0.0407892466,0.0410723276,0.1641189903,0.1495631486,0.0946342200,0.0386723988,0.1679920703,0.0898649693,0.0507437773,0.0500304028,0.1605526209,0.1527172625,0.0319286250,0.0290640686,0.0421289541,0.0408874527,0.1560004056,0.0000000000,0.0000000000,0.0523698367,0.1027433425,0.1160388216,0.1530276537,0.1546395570,0.0000063585,0.0000000000,0.0000000000,0.0000000000,-0.0225456432,0.1495788395,-0.0033974287,0.0564391203,0.1495782137,0.0085008722
20:20:18:52.175,61,0.0282276440,0.2440190017,0.0936762169,0.0000000000,0.0000000000,0.0804983005,0.0000000000,0.0276971143,0.2443524152,0.0370848402,0.0000000000,0.0000000000,0.0806478485,0.0000000000,0.0401520394,0.0109264534,0.0000000000,0.1265567988,0.1507001221,0.1169934794,0.3609367907,0.0548383072,0.0000000000,0.0631931350,0.0556858145,0.0000000000,0.0000000000,0.0405688845,0.0408356525,0.1646946371,0.1497904062,0.0944504887,0.0385446288,0.1681840420,0.0900139958,0.0506017096,0.0499147810,0.1608926058,0.1529579461,0.0319642685,0.0290707480,0.0410702638,0.0398470946,0.1563186049,0.0000000000,0.0000000000,0.0519178584,0.1026032418,0.1159752086,0.1531407833,0.1547196358,0.0000051544,0.0000000000,0.0000000000,0.0000000000,-0.0224019028,0.1493041515,-0.0033694792,0.0565882996,0.1493034959,0.0085074287
20:20:18:53.176,61,0.0247826986,0.2430959940,0.0937078595,0.0000000000,0.0000000000,0.0805406943,0.0000000000,0.0244561676,0.2434285283,0.0370789059,0.0000000000,0.0000000000,0.0806914046,0.0000000000,0.0402796119,0.0112759182,0.0000000000,0.1270605624,0.1512326896,0.1174819544,0.3116296828,0.0550044328,0.0000000000,0.0625775754,0.0555509105,0.0000000000,0.0000000000,0.0405088700,0.0407769382,0.1684166193,0.1518775374,0.0944529250,0.0385830514,0.1679741144,0.0899040997,0.0503779575,0.0497155562,0.1627164632,0.1542609632,0.0320221968,0.0291047841,0.0386378057,0.0374865346,0.1569115818,0.0000000000,0.0000000000,0.0513085909,0.1025063545,0.1158649772,0.1531297714,0.1546678394,0.0000048114,0.0000000000,0.0000000000,0.0000000000,-0.0224002097,0.1487396210,-0.0033562949,0.0566122010,0.1487389803,0.0084783575
20:20:18:54.177,61,0.0218199678,0.2429282516,0.0942529961,0.0000000000,0.0000000000,0.0805883929,0.0000000000,0.0216172822,0.2432667613,0.0365719385,0.0000000000,0.0000000000,0.0807400197,0.0000000000,0.0403545424,0.0115382662,0.0000000000,0.1271614879,0.1514121294,0.1179582849,0.2987898588,0.0550141968,0.0000000000,0.0635803193,0.0560219251,0.0000000000,0.0000000000,0.0405032896,0.0407802947,0.1703253984,0.1535128802,0.0943515003,0.0385602862,0.1677634567,0.0898282900,0.0501940362,0.0495417006,0.1644391865,0.1556987166,0.0321012214,0.0291593280,0.0362603739,0.0351893716,0.1574795544,0.0000000000,0.0000000000,0.0506816022,0.1024560854,0.1157728285,0.1530492604,0.1545601189,0.0000051582,0.0000000000,0.0000000000,0.0000000000,-0.0220942721,0.1486397684,-0.0033082080,0.0569423996,0.1486391276,0.0085219434
20:20:18:55.178,61,0.0203176532,0.2422151715,0.0945243165,0.0000000000,0.0000000000,0.0806652084,0.0000000000,0.0201613382,0.2425558269,0.0363315679,0.0000000000,0.0000000000,0.0808170140,0.0000000000,0.0404180177,0.0117296781,0.0000000000,0.1273447424,0.1516854763,0.1184472293,0.2923422456,0.0548048168,0.0000000000,0.0640351772,0.0564834364,0.0000000000,0.0000000000,0.0405449532,0.0408414155,0.1716673374,0.1550184190,0.0943122283,0.0385894477,0.1674658656,0.0896850377,0.0499491282,0.0493080989,0.1654892713,0.1566652358,0.0321563557,0.0292111617,0.0352755189,0.0342163704,0.1580097526,0.0000000000,0.0000000000,0.0492420420,0.1023922712,0.1156827584,0.1529127210,0.1544384211,0.0000042530,0.0000000000,0.0000000000,0.0000000000,-0.0219504777,0.1482049078,-0.0032769230,0.0571100302,0.1482042223,0.0085216258
20:20:18:56.179,61,0.0193230957,0.2421506494,0.0940856785,0.0000000000,0.0000000000,0.0807692185,0.0000000000,0.0191867333,0.2424860895,0.0367756635,0.0000000000,0.0000000000,0.0809207335,0.0000000000,0.0405075513,0.0118021434,0.0000000000,0.1274100095,0.1518233418,0.1188695952,0.2927194834,0.0545919091,0.0000000000,0.0639774129,0.0563797504,0.0000000000,0.0000000000,0.0405184515,0.0408204012,0.1725339144,0.1559301913,0.0941481292,0.0385744497,0.1671355814,0.0895771012,0.0496939868,0.0490631983,0.1662110984,0.1573709697,0.0322165415,0.0292668808,0.0349300466,0.0338786319,0.1582030505,0.0000000000,0.0000000000,0.0483473837,0.1022163928,0.1154598147,0.1526870877,0.1542059481,0.0000034398,0.0000000000,0.0000000000,0.0000000000,-0.0222189296,0.1481632143,-0.0033160450,0.0568453521,0.1481625289,0.0084797535
20:20:18:57.180,61,0.0181243289,0.2415372282,0.0927118286,0.0000000000,0.0000000000,0.0808863491,0.0000000000,0.0180131830,0.2418558598,0.0381476693,0.0000000000,0.0000000000,0.0810371339,0.0000000000,0.0406221375,0.0118054412,0.0000000000,0.1272766739,0.1517595649,0.1193410903,0.2918020785,0.0544428565,0.0000000000,0.0637803674,0.0559568405,0.0000000000,0.0000000000,0.0405340940,0.0408390574,0.1748023182,0.1588320136,0.0939325243,0.0385309868,0.1668398976,0.0895099491,0.0494111925,0.0487774722,0.1667355001,0.1579067856,0.0322644562,0.0292984210,0.0356816500,0.0346373431,0.1580706090,0.0000000000,0.0000000000,0.0471103825,0.1017990708,0.1149493903,0.1521227658,0.1533720046,0.0000035286,0.0000000000,0.0000000000,0.0000000000,-0.0230491813,0.1477808654,-0.0034309255,0.0560184382,0.1477802247,0.0083346590
20:20:18:58.181,61,0.0139768645,0.2406426668,0.0912979022,0.0000000000,0.0000000000,0.0809165239,0.0000000000,0.0139338821,0.2409437597,0.0395533964,0.0000000000,0.0000000000,0.0810655132,0.0000000000,0.0407426618,0.0116362786,0.0000000000,0.1269986778,0.1514872313,0.1198455915,0.2914479077,0.0544141755,0.0000000000,0.0638409108,0.0554089695,0.0000000000,0.0000000000,0.0405754261,0.0408704616,0.1759199351,0.1604919285,0.0936998576,0.0384771153,0.1666641533,0.0895049125,0.0492474474,0.0485970378,0.1669823229,0.1581927240,0.0322671942,0.0292596966,0.0376883186,0.0366288684,0.1575858146,0.0000000000,0.0000000000,0.0464349389,0.1013025194,0.1142634451,0.1508670002,0.1513794959,0.0000039568,0.0000000000,0.0000000000,0.0000000000,-0.0239005089,0.1472265273,-0.0035440831,0.0551686101,0.1472258419,0.0081771128
20:20:18:59.182,61,0.0121833216,0.2389738113,0.0897096172,0.0000000000,0.0000000000,0.0811407194,0.0000000000,0.0121648852,0.2392547727,0.0411100686,0.0000000000,0.0000000000,0.0812885389,0.0000000000,0.0409951657,0.0115384376,0.0000000000,0.1269674152,0.1515930891,0.1205593050,0.2779479623,0.0541820489,0.0000000000,0.0636705682,0.0549792163,0.0000000000,0.0000000000,0.0407502539,0.0410573147,0.1859720647,0.1708274037,0.0936579406,0.0385679044,0.1660927534,0.0892011672,0.0489179529,0.0482593812,0.1682007909,0.1595347226,0.0322669856,0.0292477030,0.0384181291,0.0373575166,0.1573453099,0.0000000000,0.0000000000,0.0444933437,0.1007442474,0.1135775298,0.1500379890,0.1503617167,0.0000071673,0.0000000000,0.0000000000,0.0000000000,-0.0248449240,0.1461978704,-0.0036579841,0.0542170405,0.1461971849,0.0079792570
20:20:19:00.184,61,0.0115918033,0.2398194373,0.0902037919,0.0000000000,0.0000000000,0.0813581124,0.0000000000,0.0115703186,0.2401069552,0.0406407863,0.0000000000,0.0000000000,0.0815057382,0.0000000000,0.0411900170,0.0114682093,0.0000000000,0.1272288859,0.1522400081,0.1212750301,0.2744556069,0.0544583313,0.0000000000,0.0645772740,0.0549724624,0.0000000000,0.0000000000,0.0409107618,0.0412291586,0.1891596913,0.1740840524,0.0935146138,0.0386582874,0.1649546921,0.0887548476,0.0484787114,0.0477994084,0.1743911058,0.1648256034,0.0323407277,0.0292631034,0.0382213108,0.0371376872,0.1575595587,0.0000000000,0.0000000000,0.0418851115,0.1003144160,0.1130202189,0.1498554349,0.1499833763,0.0000141137,0.0000000000,0.0000000000,0.0000000000,-0.0245594308,0.1467175484,-0.0036289983,0.0545115434,0.1467168778,0.0080514848
20:20:19:01.185,61,0.0225621667,0.2398779541,0.0903762728,0.0000000000,0.0000000000,0.0816636011,0.0000000000,0.0220320448,0.2401674092,0.0405075029,0.0000000000,0.0000000000,0.0818111598,0.0000000000,0.0413981751,0.0113492701,0.0000000000,0.1277922988,0.1551591307,0.1218813732,0.2723582983,0.0546375327,0.0000000000,0.0798838958,0.0646257028,0.0000000000,0.0000000000,0.0411590412,0.0414944105,0.1910849810,0.1760047525,0.0933731422,0.0387869924,0.1627650261,0.0881477669,0.0479559042,0.0472594090,0.1884077638,0.1781143993,0.0324568786,0.0293334406,0.0379664823,0.0368711017,0.1582226604,0.0000000000,0.0000000000,0.0387455001,0.1001997441,0.1127751097,0.1501564831,0.1501137167,0.0000164060,0.0000000000,0.0000000000,0.0000000000,-0.0244787522,0.1467542499,-0.0036179968,0.0546154901,0.1467535347,0.0080688670
20:20:19:02.186,61,0.0258187484,0.2406980842,0.0918839201,0.0000000000,0.0000000000,0.0819760337,0.0000000000,0.0251657646,0.2410056740,0.0390914120,0.0000000000,0.0000000000,0.0821241811,0.0000000000,0.0415170267,0.0112751937,0.0000000000,0.1281989068,0.1573832482,0.1223039106,0.2688191831,0.0548728406,0.0000000000,0.0933226869,0.0762043819,0.0000000000,0.0000000000,0.0414687023,0.0418181494,0.1938963383,0.1781203300,0.0933175907,0.0388241448,0.1617772579,0.0875967667,0.0473915935,0.0466723926,0.1943192333,0.1837262660,0.0326213688,0.0294419602,0.0375933945,0.0364794359,0.1593581140,0.0000000000,0.0000000000,0.0347803980,0.1001927331,0.1126068532,0.1512718797,0.1505438983,0.0000192810,0.0000000000,0.0000000000,0.0000000000,-0.0236212146,0.1472633779,-0.0035035657,0.0555224344,0.1472627223,0.0082315896
20:20:19:03.187,61,0.0271508507,0.2403024286,0.0924722627,0.0000000000,0.0000000000,0.0824011937,0.0000000000,0.0264310241,0.2406161278,0.0385749899,0.0000000000,0.0000000000,0.0825517923,0.0000000000,0.0414888412,0.0113589978,0.0000000000,0.1286166459,0.1594862193,0.1228448451,0.2702613175,0.0551390611,0.0000000000,0.0983993337,0.0815373883,0.0000000000,0.0000000000,0.0416591354,0.0420326442,0.1950335354,0.1790005267,0.0929577127,0.0387860872,0.1608601511,0.0870013684,0.0468412824,0.0461027548,0.1973831952,0.1866442859,0.0328133479,0.0295821950,0.0374393873,0.0362995937,0.1601913422,0.0000000000,0.0000000000,0.0327619575,0.1004060134,0.1127445176,0.1529130042,0.1517946422,0.0000172767,0.0000000000,0.0000000000,0.0000000000,-0.0233099889,0.1470242590,-0.0034517169,0.0558799468,0.1470235586,0.0082708867
20:20:19:04.187,61,0.0275740530,0.2393740863,0.0933764279,0.0000000000,0.0000000000,0.0830151364,0.0000000000,0.0268256292,0.2396968305,0.0377453677,0.0000000000,0.0000000000,0.0831708238,0.0000000000,0.0413904749,0.0116276704,0.0000000000,0.1294350922,0.1618274003,0.1234133393,0.2811805606,0.0564742573,0.0000000000,0.1031376272,0.0848150253,0.0000000000,0.0000000000,0.0417879708,0.0421822034,0.1950960755,0.1784429103,0.0922758430,0.0387765579,0.1578329206,0.0862307474,0.0463210307,0.0455608778,0.1992830336,0.1883518398,0.0330099314,0.0296941400,0.0372768529,0.0360958166,0.1610727757,0.0000000000,0.0000000000,0.0315716341,0.1008994952,0.1132281870,0.1538912505,0.1525986046,0.0000117031,0.0000000000,0.0000000000,0.0000000000,-0.0228105616,0.1464608461,-0.0033646442,0.0564310402,0.1464601159,0.0083198939
20:20:19:05.189,61,0.0278311223,0.2414921969,0.0943750665,0.0000000000,0.0000000000,0.0832900777,0.0000000000,0.0270576291,0.2418287247,0.0369261727,0.0000000000,0.0000000000,0.0834491178,0.0000000000,0.0411927067,0.0121114608,0.0000000000,0.1708463132,0.1754009724,0.1843633354,0.4335981905,0.0580552220,0.0000000000,0.1050663516,0.0861413553,0.0000000000,0.0000000000,0.0419212282,0.0423980020,0.1911755055,0.1743455827,0.0582138412,0.0387182087,0.1399323791,0.0847800747,0.0456542037,0.0448909961,0.2170186341,0.1951069981,0.0370935313,0.0320610963,0.0376518816,0.0364160948,0.1618642658,0.0000000000,0.0000000000,0.0311646406,0.1017549932,0.1167080998,0.1629334092,0.1626540422,0.0000175459,0.0000000000,0.0000000000,0.0000000000,-0.0223111976,0.1477618366,-0.0033206604,0.0570236109,0.1477611363,0.0084829340
20:20:19:06.189,61,0.0282600038,0.2454123050,0.0941241086,0.0000000000,0.0000000000,0.0833420306,0.0000000000,0.0274777822,0.2457505465,0.0373076349,0.0000000000,0.0000000000,0.0835028365,0.0000000000,0.0411554314,0.0130936094,0.0000000000,0.1825334430,0.1788848191,0.2703665197,0.4765571654,0.0585545637,0.0000000000,0.0946716741,0.0811446905,0.0000000000,0.0000000000,0.0420760773,0.0427306667,0.1899945885,0.1731295884,0.0457715169,0.0384720452,0.1334953308,0.0843085349,0.0449558012,0.0442147106,0.2456182837,0.2138884366,0.0692675188,0.0598107614,0.0381480530,0.0368857794,0.1627030224,0.0000000000,0.0000000000,0.0308661405,0.1018949151,0.1177992001,0.1659572273,0.1670457125,0.0001164722,0.0000000000,0.0000000000,0.0000000000,-0.0225335751,0.1501588970,-0.0034089778,0.0568515621,0.1501583010,0.0085966336
20:20:19:07.190,61,0.0268138666,0.2465187460,0.0945019573,0.0000000000,0.0000000000,0.0835669935,0.0000000000,0.0262147803,0.2468625754,0.0370373167,0.0000000000,0.0000000000,0.0837300494,0.0000000000,0.0421246924,0.0152252186,0.0000000000,0.1981775761,0.1516677439,0.2675741911,0.3283310235,0.0579710379,0.0000000000,0.0957010910,0.0858104751,0.0000000000,0.0000000000,0.0423803963,0.0431962609,0.1894547641,0.1723458916,0.0394004621,0.0381538421,0.1137228608,0.0837371051,0.0432859771,0.0427547842,0.3345094323,0.3003048897,0.0858385637,0.0773007274,0.0386422649,0.0373631194,0.1662566513,0.0000000000,0.0000000000,0.0291264560,0.1019421890,0.1183942854,0.1673669666,0.1689410061,0.0002243654,0.0000000000,0.0000000000,0.0000000000,-0.0223680027,0.1508378088,-0.0033994673,0.0570739284,0.1508372575,0.0086698383
20:20:19:08.192,61,0.0246124398,0.2460029274,0.0943120643,0.0000000000,0.0000000000,0.0837829635,0.0000000000,0.0242058206,0.2463436574,0.0372707434,0.0000000000,0.0000000000,0.0839485899,0.0000000000,0.0437328406,0.0255053714,0.0000000000,0.2076110542,0.1409445405,0.2734107971,0.2908582091,0.0552195609,0.0000000000,0.0955751464,0.0871727243,0.0000000000,0.0000000000,0.0427561402,0.0437028222,0.1908653080,0.1722872555,0.0358761661,0.0377560668,0.1037076265,0.0829311013,0.0416515470,0.0411611646,0.3622716963,0.3264989555,0.0947139189,0.0864932016,0.0381413028,0.0368622988,0.1686165631,0.0000000000,0.0000000000,0.0270232745,0.1014919579,0.1182454005,0.1664273739,0.1689821482,0.0005424555,0.0000000000,0.0000000000,0.0000000000,-0.0225100592,0.1505212039,-0.0034137624,0.0569619685,0.1505206525,0.0086344117
20:20:19:09.192,61,0.0213983655,0.2457264513,0.0938699320,0.0000000000,0.0000000000,0.0840488598,0.0000000000,0.0211766940,0.2460614294,0.0377458520,0.0000000000,0.0000000000,0.0842168629,0.0000000000,0.0459562950,0.0307632666,0.0000000000,0.2154209316,0.1310899407,0.2767263651,0.2670408189,0.0538482890,0.0000000000,0.0953007489,0.0876691341,0.0000000000,0.0000000000,0.0431629829,0.0441953987,0.1973108500,0.1739485860,0.0338000841,0.0373087265,0.0972293094,0.0817446113,0.0403546207,0.0398251675,0.3835188150,0.3448681533,0.1012410522,0.0924617499,0.0359626040,0.0348277651,0.1725689173,0.0000000000,0.0000000000,0.0252277181,0.0995938778,0.1164208055,0.1606727988,0.1638504267,0.0009489512,0.0000000000,0.0000000000,0.0000000000,-0.0227976050,0.1503497809,-0.0034533644,0.0566964000,0.1503491849,0.0085842619
20:20:19:10.194,61,0.0201255325,0.2444528192,0.0934301168,0.0000000000,0.0000000000,0.0844722167,0.0000000000,0.0199607760,0.2447807640,0.0382464752,0.0000000000,0.0000000000,0.0846428573,0.0000000000,0.0498908870,0.0355475470,0.0000000000,0.2311798781,0.1203654110,0.2637446821,0.2112279981,0.0510645285,0.0000000000,0.0954098701,0.0899431631,0.0000000000,0.0000000000,0.0436608233,0.0447699688,0.2030252367,0.1763349026,0.0325351655,0.0367641523,0.0903722346,0.0794732273,0.0382884853,0.0376496762,0.4024363458,0.3651225269,0.1078250557,0.0993945450,0.0317865275,0.0308920443,0.1759187132,0.0000000000,0.0000000000,0.0231291335,0.0983294621,0.1153565347,0.1517728716,0.1562421471,0.0011557479,0.0000000000,0.0000000000,0.0000000000,-0.0231026933,0.1495682597,-0.0034811061,0.0564373881,0.1495676488,0.0085000014
20:20:19:11.195,61,0.0154960137,0.2435352057,0.0924132690,0.0000000000,0.0000000000,0.0847714841,0.0000000000,0.0154412650,0.2438498586,0.0392925702,0.0000000000,0.0000000000,0.0849433020,0.0000000000,0.0520909354,0.0373164192,0.0000000000,0.2365397066,0.1161339954,0.2591303885,0.1965014040,0.0475521088,0.0000000000,0.0952750742,0.0908310860,0.0000000000,0.0000000000,0.0441366918,0.0453123525,0.2056567967,0.1789753884,0.0317499414,0.0362067930,0.0873847157,0.0781529844,0.0367344990,0.0360901058,0.4097053409,0.3726981580,0.1106669307,0.1026237831,0.0301921610,0.0293617453,0.1774062067,0.0000000000,0.0000000000,0.0218347386,0.0965486541,0.1136274412,0.1477268636,0.1525633633,0.0011675749,0.0000000000,0.0000000000,0.0000000000,-0.0237366166,0.1490017027,-0.0035628553,0.0558278635,0.1490010768,0.0083759744
20:20:19:12.196,61,0.0122149847,0.2427483201,0.0917161778,0.0000000000,0.0000000000,0.0850137398,0.0120938104,0.0122046769,0.2430534810,0.0400741696,0.0000000000,0.0000000000,0.0851841867,0.0129382620,0.0540050045,0.0378700830,0.0000000000,0.2410291731,0.1137818024,0.2507888675,0.1886305660,0.0460428223,0.0000000000,0.0949676558,0.0909244567,0.0000000000,0.0000000000,0.0446087979,0.0458202474,0.2071673870,0.1803386211,0.0313419998,0.0356888324,0.0855913609,0.0771655515,0.0354153924,0.0348539576,0.4121571481,0.3756861985,0.1122361794,0.1043059975,0.0298900027,0.0290733930,0.1782591492,0.0000000000,0.0000000000,0.0208543669,0.0954771638,0.1120295972,0.1453708559,0.1492671967,0.0008940093,0.0000000000,0.0000000000,0.0000000000,-0.0242105406,0.1485167742,-0.0036219738,0.0554107428,0.1485161632,0.0082860021
20:20:19:13.197,61,0.0107096098,0.2434801012,0.0917631984,0.0000000000,0.0000000000,0.0852731466,0.0171467066,0.0107183000,0.2437864095,0.0401230529,0.0000000000,0.0000000000,0.0854409784,0.0180167947,0.0551675260,0.0314518623,0.0000000000,0.2402891666,0.1126929075,0.2454153448,0.2129342705,0.0451300330,0.0000000000,0.0951111764,0.0908713788,0.0000000000,0.0000000000,0.0450473949,0.0462935902,0.2074848711,0.1809136719,0.0311121829,0.0353439040,0.0848287866,0.0765480995,0.0346001647,0.0340796188,0.3925474584,0.3581902385,0.1127371192,0.1048425138,0.0302196704,0.0294033960,0.1786036789,0.0000000000,0.0000000000,0.0201929398,0.0948409960,0.1111778170,0.1442209035,0.1477696151,0.0004904631,0.0000000000,0.0000000000,0.0000000000,-0.0242384449,0.1489647329,-0.0036372484,0.0554354489,0.1489640921,0.0083150668
20:20:19:14.198,61,0.0140615813,0.2446542531,0.0910016894,0.0000000000,0.0000000000,0.0854746997,0.0100741489,0.0136253685,0.2449527830,0.0409081280,0.0000000000,0.0000000000,0.0856402740,0.0109261693,0.0559905656,0.0261163451,0.0000000000,0.2387255877,0.1127816364,0.2393802404,0.2227077633,0.0447001196,0.0000000000,0.0953120291,0.0904599726,0.0000000000,0.0000000000,0.0454603285,0.0467323773,0.2072795928,0.1811288893,0.0310084689,0.0351644084,0.0845569447,0.0760003254,0.0339784063,0.0334878638,0.3762521446,0.3419384360,0.1112945974,0.1029830426,0.0297817495,0.0289664865,0.1788841784,0.0000000000,0.0000000000,0.0197322443,0.0944058076,0.1105140895,0.1436780244,0.1468382776,0.0002001785,0.0000000000,0.0000000000,0.0000000000,-0.0247100592,0.1496791989,-0.0037260563,0.0549694858,0.1496785730,0.0082853893
20:20:19:15.199,61,0.0263925847,0.2454340011,0.0905713737,0.0000000000,0.0000000000,0.0855745003,0.0000000000,0.0257609691,0.2457281649,0.0413728952,0.0000000000,0.0000000000,0.0857376531,0.0000000000,0.0565351881,0.0205734279,0.0000000000,0.2379346788,0.1167990118,0.2355221510,0.2372302413,0.0444393195,0.0000000000,0.0956510678,0.0901449621,0.0000000000,0.0000000000,0.0458581597,0.0471668504,0.2055575997,0.1810398549,0.0309742242,0.0351188742,0.0846409425,0.0755418167,0.0334864967,0.0330235176,0.3617109954,0.3292585015,0.1069153622,0.0989866853,0.0284974780,0.0277350992,0.1792217195,0.0000000000,0.0000000000,0.0194507129,0.0941611826,0.1100974679,0.1434566528,0.1462865174,0.0000861771,0.0000000000,0.0000000000,0.0000000000,-0.0249890089,0.1501540095,-0.0037802451,0.0547056235,0.1501534283,0.0082722148
20:20:19:16.200,61,0.0343882926,0.2466676533,0.0903649554,0.0000000000,0.0000000000,0.0856106654,0.0000000000,0.0337198898,0.2469606102,0.0416019000,0.0000000000,0.0000000000,0.0857715830,0.0000000000,0.0570088476,0.0177911222,0.0000000000,0.2310719639,0.1194130257,0.2301940918,0.2417019457,0.0445508584,0.0000000000,0.0968265012,0.0899940506,0.0000000000,0.0000000000,0.0462966822,0.0476393811,0.2051161528,0.1813257486,0.0311148427,0.0351596251,0.0850448906,0.0751796812,0.0331148803,0.0326791331,0.3561544418,0.3241719306,0.1030198336,0.0947252735,0.0260725059,0.0254252590,0.1796271205,0.0000000000,0.0000000000,0.0192142986,0.0940230712,0.1097681224,0.1435726583,0.1460538805,0.0000553493,0.0000000000,0.0000000000,0.0000000000,-0.0251244586,0.1509076506,-0.0038200987,0.0545747168,0.1509070992,0.0082944948
20:20:19:17.201,61,0.0393392183,0.2467672080,0.0909519717,0.0000000000,0.0000000000,0.0858039707,0.0000000000,0.0387015119,0.2470672876,0.0410247259,0.0000000000,0.0000000000,0.0859620720,0.0000000000,0.0574825443,0.0145019963,0.0000000000,0.2258962393,0.1209222749,0.2198827416,0.2326080352,0.0443027653,0.0000000000,0.1009814292,0.0906482190,0.0000000000,0.0000000000,0.0467702746,0.0481466837,0.2047490180,0.1816300601,0.0313786566,0.0353124477,0.0853509381,0.0746970475,0.0327693298,0.0323591046,0.3534298539,0.3218242824,0.0988246426,0.0914705023,0.0248545203,0.0242406204,0.1799840033,0.0000000000,0.0000000000,0.0189575125,0.0940702632,0.1096212044,0.1436639279,0.1458629817,0.0000588805,0.0000000000,0.0000000000,0.0000000000,-0.0247756466,0.1509715319,-0.0037686927,0.0549287200,0.1509709209,0.0083518280
20:20:19:18.202,61,0.0418184325,0.2467358261,0.0911940336,0.0000000000,0.0000000000,0.0859101638,0.0000000000,0.0411817022,0.2470388263,0.0407805629,0.0000000000,0.0000000000,0.0860649720,0.0000000000,0.0578524619,0.0128424615,0.0000000000,0.2226795703,0.1220267415,0.2155054212,0.2305308878,0.0441454016,0.0000000000,0.1022459865,0.0906618163,0.0000000000,0.0000000000,0.0471633449,0.0485695079,0.2041290402,0.1816118360,0.0316728540,0.0355191305,0.0856082514,0.0741619542,0.0324560478,0.0320668034,0.3516902030,0.3203038573,0.0958527401,0.0887916908,0.0239929743,0.0233913157,0.1801331937,0.0000000000,0.0000000000,0.0187790319,0.0940463468,0.1093782783,0.1435662359,0.1454850435,0.0000523103,0.0000000000,0.0000000000,0.0000000000,-0.0246282555,0.1509535611,-0.0037458253,0.0550750643,0.1509529948,0.0083730454
20:20:19:19.203,61,0.0415523611,0.2469156832,0.0912849754,0.0000000000,0.0000000000,0.0860339850,0.0000000000,0.0409062766,0.2472198755,0.0407100394,0.0000000000,0.0000000000,0.0861858949,0.0000000000,0.0583019666,0.0116524370,0.0000000000,0.2209896743,0.1228239089,0.2133129090,0.2281297892,0.0439299047,0.0000000000,0.1029402986,0.0905679464,0.0000000000,0.0000000000,0.0475825295,0.0490129255,0.2039806843,0.1820046902,0.0319982916,0.0357308872,0.0858738869,0.0736658722,0.0321903005,0.0318251550,0.3509411514,0.3197133243,0.0941129923,0.0872512162,0.0226448830,0.0220833290,0.1804184169,0.0000000000,0.0000000000,0.0186260529,0.0939961076,0.1091014966,0.1434039325,0.1450614333,0.0000576088,0.0000000000,0.0000000000,0.0000000000,-0.0245852564,0.1510640383,-0.0037420648,0.0551290661,0.1510635018,0.0083874753
20:20:19:20.205,61,0.0404240228,0.2469010204,0.0915446877,0.0000000000,0.0000000000,0.0861959606,0.0000000000,0.0397650301,0.2472083122,0.0404424183,0.0000000000,0.0000000000,0.0863454044,0.0000000000,0.0585920215,0.0108201131,0.0000000000,0.2186890543,0.1235878244,0.2122065276,0.2275475115,0.0437705889,0.0000000000,0.1028112695,0.0883194283,0.0000000000,0.0000000000,0.0479104519,0.0493698865,0.2038572878,0.1824151129,0.0322760642,0.0359573588,0.0861494318,0.0731504709,0.0319836773,0.0316333435,0.3498093784,0.3188973665,0.0917879269,0.0851175636,0.0220343880,0.0214736909,0.1803617179,0.0000000000,0.0000000000,0.0185513496,0.0937152281,0.1085932106,0.1430482268,0.1444591284,0.0000650786,0.0000000000,0.0000000000,0.0000000000,-0.0244236607,0.1510563791,-0.0037172830,0.0552859791,0.1510558128,0.0084108887
20:20:19:21.206,61,0.0401100330,0.2465744913,0.0908074230,0.0000000000,0.0000000000,0.0863232538,0.0000000000,0.0394500867,0.2468726039,0.0411721133,0.0000000000,0.0000000000,0.0864700675,0.0000000000,0.0590818040,0.0097885160,0.0000000000,0.2162118405,0.1238975599,0.2113560438,0.2146161050,0.0435155965,0.0000000000,0.1026905254,0.0874751657,0.0000000000,0.0000000000,0.0482870415,0.0497625731,0.2041744292,0.1845352650,0.0325995237,0.0362036973,0.0861649811,0.0725085512,0.0317721739,0.0314284898,0.3509583175,0.3216183484,0.0905693620,0.0839732438,0.0212219134,0.0206667874,0.1803289950,0.0000000000,0.0000000000,0.0184240118,0.0933347940,0.1079454124,0.1425012946,0.1432125270,0.0000755362,0.0000000000,0.0000000000,0.0000000000,-0.0248651039,0.1508529037,-0.0037792805,0.0548424013,0.1508522928,0.0083320644
20:20:19:22.206,61,0.0398808308,0.2471752614,0.0902179405,0.0000000000,0.0000000000,0.0863183662,0.0000000000,0.0392212011,0.2474670261,0.0417455472,0.0000000000,0.0000000000,0.0864622965,0.0000000000,0.0596539564,0.0088700028,0.0000000000,0.2153209448,0.1240643784,0.2109049708,0.2107134461,0.0430834107,0.0000000000,0.1023951918,0.0869353861,0.0000000000,0.0000000000,0.0487106480,0.0502104945,0.2046417594,0.1867429763,0.0328951851,0.0364146605,0.0862079933,0.0719972551,0.0315831676,0.0312403813,0.3516308069,0.3238777816,0.0898377225,0.0833177790,0.0210982505,0.0205287784,0.1799432337,0.0000000000,0.0000000000,0.0183022637,0.0929336548,0.1073062494,0.1419774145,0.1424191445,0.0000960840,0.0000000000,0.0000000000,0.0000000000,-0.0252100248,0.1512174457,-0.0038410954,0.0544833653,0.1512169093,0.0082978858
20:20:19:23.207,61,0.0402201600,0.2464033961,0.0894865245,0.0000000000,0.0000000000,0.0864300281,0.0000000000,0.0395654477,0.2466858178,0.0424149893,0.0000000000,0.0000000000,0.0865714103,0.0000000000,0.0601853170,0.0081013087,0.0000000000,0.2146971822,0.1243772358,0.2100729048,0.2083476335,0.0427152216,0.0000000000,0.1024555266,0.0869261771,0.0000000000,0.0000000000,0.0491768718,0.0507079400,0.2051367462,0.1879502833,0.0332556367,0.0367088355,0.0862468854,0.0714754164,0.0314156674,0.0310743451,0.3522984982,0.3250809908,0.0891202763,0.0826640353,0.0216605961,0.0210696999,0.1794026196,0.0000000000,0.0000000000,0.0181701500,0.0926796719,0.1068474278,0.1415268183,0.1417724788,0.0000952363,0.0000000000,0.0000000000,0.0000000000,-0.0256161559,0.1507416219,-0.0038904923,0.0540455319,0.1507410705,0.0082049742
20:20:19:24.209,61,0.0417601615,0.2465974689,0.0894865990,0.0000000000,0.0000000000,0.0865553170,0.0000000000,0.0411846824,0.2468800396,0.0424277000,0.0000000000,0.0000000000,0.0866941512,0.0000000000,0.0605567396,0.0073999171,0.0000000000,0.2144403905,0.1249492541,0.2094816267,0.2086775750,0.0422892533,0.0000000000,0.1025273129,0.0870056376,0.0000000000,0.0000000000,0.0495681167,0.0511183739,0.2052848786,0.1885796934,0.0335494652,0.0369540676,0.0864293948,0.0710980669,0.0312523618,0.0309121516,0.3522359729,0.3253062069,0.0885275528,0.0821381360,0.0221233461,0.0215132199,0.1790795177,0.0000000000,0.0000000000,0.0180643965,0.0926338434,0.1066724584,0.1413652450,0.1414610147,0.0000885253,0.0000000000,0.0000000000,0.0000000000,-0.0256233681,0.1508603394,-0.0038946997,0.0540446080,0.1508598030,0.0082113948
20:20:19:25.209,61,0.0426523313,0.2467276156,0.0886567906,0.0000000000,0.0000000000,0.0866450518,0.0000000000,0.0421013013,0.2470003963,0.0432543792,0.0000000000,0.0000000000,0.0867817700,0.0000000000,0.0606984086,0.0068102409,0.0000000000,0.2147807777,0.1256522834,0.2091159374,0.2132041156,0.0420920625,0.0000000000,0.1025505289,0.0868546963,0.0000000000,0.0000000000,0.0499449633,0.0515012853,0.2053146809,0.1889276206,0.0337181315,0.0371137410,0.0866612047,0.0708317831,0.0310508646,0.0307067558,0.3506892920,0.3234632909,0.0881057009,0.0817169622,0.0292900503,0.0285077188,0.1786484122,0.0000000000,0.0000000000,0.0179193038,0.0925840363,0.1065313593,0.1413225830,0.1412380487,0.0000771000,0.0000000000,0.0000000000,0.0000000000,-0.0261223353,0.1509358734,-0.0039725411,0.0535428151,0.1509352773,0.0081393635
20:20:19:26.210,61,0.0433684103,0.2461498976,0.0874516815,0.0000000000,0.0000000000,0.0868864208,0.0000000000,0.0428339653,0.2464078367,0.0444096513,0.0000000000,0.0000000000,0.0870217606,0.0000000000,0.0611175150,0.0062752371,0.0000000000,0.2152094990,0.1261724383,0.2077618688,0.2080000192,0.0417595319,0.0000000000,0.1029312685,0.0884002000,0.0000000000,0.0000000000,0.0504821837,0.0520673320,0.2057697028,0.1895345449,0.0340489931,0.0374275036,0.0867063180,0.0704570487,0.0308561604,0.0305230226,0.3520350456,0.3251174092,0.0876541063,0.0813469961,0.0470059030,0.0462697111,0.1782920361,0.0000000000,0.0000000000,0.0177286975,0.0925922915,0.1064914837,0.1411599368,0.1409796476,0.0000652895,0.0000000000,0.0000000000,0.0000000000,-0.0268214997,0.1505765617,-0.0040689819,0.0528178550,0.1505760252,0.0080098640
20:20:19:27.211,61,0.0436587781,0.2461220473,0.0863885432,0.0000000000,0.0000000000,0.0870078728,0.0000000000,0.0431376696,0.2463673204,0.0454641730,0.0000000000,0.0000000000,0.0871415660,0.0000000000,0.0614276566,0.0056132162,0.0000000000,0.2159473747,0.1263926476,0.2071090490,0.2068991363,0.0412274040,0.0000000000,0.1030837223,0.0889919996,0.0000000000,0.0000000000,0.0509353615,0.0525600687,0.2058970779,0.1899437010,0.0342363268,0.0375943556,0.0868096799,0.0702424720,0.0306625459,0.0303325355,0.3522732854,0.3256275654,0.0874274299,0.0812321529,0.0757308304,0.0750387236,0.1777174473,0.0000000000,0.0000000000,0.0175850093,0.0924001187,0.1062754765,0.1408899575,0.1406681985,0.0000768609,0.0000000000,0.0000000000,0.0000000000,-0.0274584815,0.1505544037,-0.0041649686,0.0521759093,0.1505538821,0.0079114223
20:20:19:28.213,61,0.0435998328,0.2463344783,0.0854989886,0.0000000000,0.0000000000,0.0870880038,0.0000000000,0.0430851988,0.2465692908,0.0463661402,0.0000000000,0.0000000000,0.0872202739,0.0000000000,0.0614961907,0.0051457584,0.0000000000,0.2158440202,0.1261711270,0.2057345808,0.2063350230,0.0407072641,0.0000000000,0.1032762080,0.0894461274,0.0000000000,0.0000000000,0.0512231663,0.0528947003,0.2056532800,0.1899384409,0.0343403928,0.0375874713,0.0869908854,0.0701747239,0.0304733738,0.0301506221,0.3523004353,0.3258314729,0.0874175504,0.0813254341,0.1105755791,0.1097897515,0.1768751740,0.0000000000,0.0000000000,0.0174535289,0.0920557380,0.1059283540,0.1406315416,0.1404063255,0.0000827645,0.0000000000,0.0000000000,0.0000000000,-0.0280027110,0.1506801546,-0.0042510978,0.0516376384,0.1506795585,0.0078365179
20:20:19:29.213,61,0.0432411022,0.2454330474,0.0849228054,0.0000000000,0.0000000000,0.0873876065,0.0000000000,0.0427286066,0.2456600517,0.0469692722,0.0000000000,0.0000000000,0.0875189677,0.0000000000,0.0615318082,0.0047288756,0.0000000000,0.2157012075,0.1262225211,0.2049303949,0.2064267099,0.0401959233,0.0000000000,0.1029859185,0.0891589522,0.0000000000,0.0000000000,0.0514778867,0.0531925112,0.2054725438,0.1900455207,0.0344923176,0.0375756733,0.0874200538,0.0702726394,0.0303163286,0.0299983677,0.3490764201,0.3237553835,0.0873977095,0.0813860893,0.1265222579,0.1257054955,0.1764015108,0.0000000000,0.0000000000,0.0173778515,0.0919004604,0.1057915166,0.1406036317,0.1403361708,0.0000895682,0.0000000000,0.0000000000,0.0000000000,-0.0283693541,0.1501260549,-0.0042906646,0.0512939319,0.1501254886,0.0077553461
20:20:19:30.215,61,0.0426803119,0.2438167483,0.0837149844,0.0000000000,0.0000000000,0.0880894884,0.0000000000,0.0421720780,0.2440280467,0.0481811762,0.0000000000,0.0000000000,0.0882202759,0.0000000000,0.0614144467,0.0044261990,0.0000000000,0.2133793384,0.1263320893,0.2036394328,0.2069994807,0.0395920649,0.0000000000,0.1030748263,0.0892131925,0.0000000000,0.0000000000,0.0517004281,0.0534661897,0.2050617486,0.1899359971,0.0346585289,0.0375329480,0.0883940980,0.0705387890,0.0302447490,0.0299359262,0.3435526490,0.3189930320,0.0872708485,0.0813730806,0.1684303880,0.1676682085,0.1764046699,0.0000000000,0.0000000000,0.0173607450,0.0919258595,0.1058988050,0.1408674270,0.1406257898,0.0001498297,0.0000000000,0.0000000000,0.0000000000,-0.0291057099,0.1491318792,-0.0043724119,0.0505719371,0.1491312981,0.0075948867
20:20:19:31.216,61,0.0359761789,0.2438911796,0.0830493644,0.0000000000,0.0000000000,0.0886568725,0.0000000000,0.0355193876,0.2440946251,0.0488572493,0.0000000000,0.0000000000,0.0887868106,0.0000000000,0.0613465793,0.0040831463,0.0000000000,0.2140995562,0.1266977042,0.2027869523,0.2071626633,0.0390137210,0.0000000000,0.1029864326,0.0890486538,0.0000000000,0.0000000000,0.0520422608,0.0538319759,0.2050778121,0.1901629418,0.0348176882,0.0374845192,0.0890211836,0.0707725585,0.0301089734,0.0298156217,0.3414375484,0.3171595037,0.0872511640,0.0814701542,0.2109828591,0.2103169113,0.1779018939,0.0000000000,0.0000000000,0.0173039138,0.0920616314,0.1061864868,0.1414539814,0.1413139254,0.0001530728,0.0000000000,0.0000000000,0.0000000000,-0.0295139309,0.1491743922,-0.0044350014,0.0501695089,0.1491737515,0.0075366809
20:20:19:32.216,61,0.0328428447,0.2433060557,0.0819013193,0.0000000000,0.0000000000,0.0892474353,0.0000000000,0.0323834717,0.2434954196,0.0500220023,0.0000000000,0.0000000000,0.0893783197,0.0000000000,0.0613332503,0.0039278134,0.0000000000,0.2155249566,0.1274348199,0.2012406141,0.2072226852,0.0385576040,0.0000000000,0.1032161117,0.0891344398,0.0000000000,0.0000000000,0.0524889342,0.0543150231,0.2054176480,0.1906403899,0.0350640789,0.0375010334,0.0898135304,0.0711023659,0.0300163478,0.0297421739,0.3402667642,0.3161370158,0.0871833265,0.0815041512,0.2563014030,0.2557176948,0.1814949214,0.0000000000,0.0000000000,0.0172230396,0.0923246369,0.1066495180,0.1436417103,0.1434659362,0.0001727315,0.0000000000,0.0000000000,0.0000000000,-0.0302192010,0.1488113403,-0.0045297309,0.0494786501,0.1488106996,0.0074146260
20:20:19:33.218,61,0.0313149691,0.2433645278,0.0803447738,0.0000000000,0.0000000000,0.0899126604,0.0000000000,0.0308617018,0.2435354739,0.0515825413,0.0000000000,0.0000000000,0.0900439173,0.0000000000,0.0614141263,0.0035816755,0.0000000000,0.2161996514,0.1279068440,0.1982529610,0.2055983394,0.0379807092,0.0000000000,0.1034270972,0.0892567113,0.0000000000,0.0000000000,0.0529621206,0.0548079386,0.2065441459,0.1927999854,0.0353304259,0.0374751426,0.0909610391,0.0715519711,0.0299199820,0.0296654087,0.3397710621,0.3158194423,0.0873568058,0.0817906708,0.2839309573,0.2834825218,0.1903760880,0.0000000000,0.0000000000,0.0170911588,0.0927372128,0.1072883829,0.1469270885,0.1467072666,0.0001870310,0.0000000000,0.0000000000,0.0000000000,-0.0311618242,0.1488402039,-0.0046718982,0.0485380553,0.1488395631,0.0072752209
20:20:19:34.219,61,0.0306699406,0.2432016730,0.0796380714,0.0000000000,0.0000000000,0.0906218886,0.0000000000,0.0302229412,0.2433641851,0.0522940345,0.0000000000,0.0000000000,0.0907539949,0.0000000000,0.0614604242,0.0034458819,0.0000000000,0.2166322917,0.1291114986,0.1942033917,0.2051204145,0.0373710990,0.0000000000,0.1032548919,0.0891525596,0.0000000000,0.0000000000,0.0534211844,0.0552930757,0.2071586251,0.1936834306,0.0356872678,0.0375696011,0.0925107002,0.0719941184,0.0298571400,0.0296328068,0.3391768336,0.3153092563,0.0873272344,0.0819177926,0.3220780194,0.3217274249,0.1946547329,0.0000000000,0.0000000000,0.0169660691,0.0931507796,0.1079439670,0.1498798877,0.1498084515,0.0001416797,0.0000000000,0.0000000000,0.0000000000,-0.0315921456,0.1487375200,-0.0047330740,0.0481118411,0.1487368494,0.0072063389
20:20:19:35.220,61,0.0318624601,0.2431822866,0.0789930671,0.0000000000,0.0000000000,0.0914358050,0.0000000000,0.0314275622,0.2433370799,0.0529631972,0.0000000000,0.0000000000,0.0915699229,0.0000000000,0.0616301298,0.0034187182,0.0000000000,0.2171178460,0.1344289333,0.1907545030,0.2049899250,0.0368757918,0.0000000000,0.1034956202,0.0893092901,0.0000000000,0.0000000000,0.0539907552,0.0558809601,0.2077472657,0.1943757832,0.0361973606,0.0378408879,0.0953168198,0.0724850968,0.0299064461,0.0297083631,0.3385983407,0.3147507012,0.0871130154,0.0818330124,0.3430297077,0.3426770568,0.1968893707,0.0000000000,0.0000000000,0.0168783534,0.0939134955,0.1098760515,0.1547775567,0.1540673375,0.0001633883,0.0000000000,0.0000000000,0.0000000000,-0.0319964737,0.1487228572,-0.0047931504,0.0477222688,0.1487222016,0.0071473191
20:20:19:36.221,61,0.0348409861,0.2430372089,0.0786617845,0.0000000000,0.0000000000,0.0926117226,0.0000000000,0.0344148092,0.2431878150,0.0533333644,0.0000000000,0.0000000000,0.0927463919,0.0000000000,0.0617111064,0.0034009893,0.0000000000,0.2171200365,0.1401256174,0.1883278042,0.2095101327,0.0363833532,0.0000000000,0.1031652838,0.0886682793,0.0000000000,0.0000000000,0.0544588640,0.0563502721,0.2081349343,0.1948406994,0.0367715023,0.0381895602,0.0990921706,0.0730154738,0.0300342906,0.0298579950,0.3323245049,0.3087304533,0.0866444409,0.0815060213,0.3674697280,0.3671196401,0.1982814372,0.0000000000,0.0000000000,0.0168743599,0.0946094692,0.1111953631,0.1582637280,0.1571815610,0.0001997139,0.0000000000,0.0000000000,0.0000000000,-0.0322205424,0.1486327201,-0.0048237350,0.0475227609,0.1486320198,0.0071130847
20:20:19:37.222,61,0.0359310172,0.2427658588,0.0782239363,0.0000000000,0.0000000000,0.0938813165,0.0000000000,0.0355122499,0.2429109812,0.0537952743,0.0000000000,0.0000000000,0.0940132663,0.0000000000,0.0619019046,0.0032414016,0.0000000000,0.2171990573,0.1420203000,0.1869952679,0.2106307447,0.0358654447,0.0000000000,0.0996956825,0.0843123943,0.0000000000,0.0000000000,0.0549021661,0.0567848422,0.2088918537,0.1956908256,0.0372384563,0.0384385288,0.1008914784,0.0736196935,0.0301405750,0.0299897119,0.3301900625,0.3066218197,0.0863853246,0.0813804939,0.3776471615,0.3773142397,0.1989394724,0.0000000000,0.0000000000,0.0168703087,0.0951078758,0.1119767055,0.1596866101,0.1585085541,0.0002242675,0.0000000000,0.0000000000,0.0000000000,-0.0325004160,0.1484648436,-0.0048600435,0.0472594202,0.1484642178,0.0070655937
20:20:19:38.224,61,0.0368878208,0.2418489754,0.0780136660,0.0000000000,0.0000000000,0.0954688638,0.0000000000,0.0364728719,0.2419911623,0.0540014096,0.0000000000,0.0000000000,0.0956022143,0.0000000000,0.0621482953,0.0032449160,0.0000000000,0.2170386165,0.1431663185,0.1857860386,0.2115913332,0.0353613682,0.0000000000,0.0967712998,0.0811277181,0.0000000000,0.0000000000,0.0553346910,0.0572116897,0.2094893008,0.1963089854,0.0377394967,0.0387936905,0.1023151577,0.0741571337,0.0303382780,0.0302158631,0.3274262249,0.3031152785,0.0858797580,0.0810179636,0.3849873841,0.3846584558,0.1989596188,0.0000000000,0.0000000000,0.0169759225,0.0954906642,0.1125183553,0.1603146940,0.1591381878,0.0002110688,0.0000000000,0.0000000000,0.0000000000,-0.0326276980,0.1479033083,-0.0048603425,0.0471363217,0.1479026377,0.0070201550
20:20:19:39.224,61,0.0394643135,0.2414149493,0.0776786655,0.0000000000,0.0000000000,0.0978441387,0.0000000000,0.0390855409,0.2415530384,0.0543278493,0.0000000000,0.0000000000,0.0979783908,0.0000000000,0.0624993816,0.0031981675,0.0000000000,0.2167912275,0.1437675208,0.1848869175,0.2118666768,0.0347726978,0.0000000000,0.0951982290,0.0795420334,0.0000000000,0.0000000000,0.0557624325,0.0576402172,0.2099960893,0.1968661100,0.0382645130,0.0391205810,0.1044554859,0.0748413280,0.0305744614,0.0304866116,0.3225207627,0.2980702221,0.0854756162,0.0807681233,0.3961097002,0.3958088160,0.1988632232,0.0000000000,0.0000000000,0.0170903075,0.0961089730,0.1133247837,0.1606870592,0.1595615000,0.0001780709,0.0000000000,0.0000000000,0.0000000000,-0.0328262337,0.1476365030,-0.0048809554,0.0469357669,0.1476357877,0.0069775111
20:20:19:40.225,61,0.0456222333,0.2423563153,0.0772357509,0.0000000000,0.0000000000,0.0992026329,0.0000000000,0.0452598333,0.2424895763,0.0547778383,0.0000000000,0.0000000000,0.0993383676,0.0000000000,0.0626660809,0.0032881219,0.0000000000,0.2133348733,0.1442648917,0.1807167530,0.2116889209,0.0342656299,0.0000000000,0.0945791453,0.0789553523,0.0000000000,0.0000000000,0.0560725182,0.0579554141,0.2103432268,0.1972055584,0.0388684422,0.0394058079,0.1065524071,0.0755021051,0.0307920147,0.0307321232,0.3205025494,0.2959720790,0.0850026831,0.0804344267,0.4003580809,0.4000647366,0.1988999397,0.0000000000,0.0000000000,0.0171293132,0.0967163593,0.1140284091,0.1611295491,0.1600690633,0.0001313874,0.0000000000,0.0000000000,0.0000000000,-0.0330953076,0.1482101977,-0.0049403538,0.0466641560,0.1482096016,0.0069645224
20:20:19:41.226,61,0.0503087305,0.2432886809,0.0774923488,0.0000000000,0.0000000000,0.1000671610,0.0000000000,0.0499386825,0.2434255332,0.0545017160,0.0000000000,0.0000000000,0.1002027392,0.0000000000,0.0625078753,0.0033684222,0.0000000000,0.1984260380,0.1441707164,0.1771553606,0.2115612328,0.0336905010,0.0000000000,0.0942377150,0.0787366554,0.0000000000,0.0000000000,0.0561993793,0.0580842420,0.2102225423,0.1971061379,0.0393566228,0.0395197235,0.1088434383,0.0763492584,0.0310171582,0.0309795756,0.3167541921,0.2924228907,0.0846615806,0.0802327022,0.4037919641,0.4034892023,0.1987664551,0.0000000000,0.0000000000,0.0171635710,0.0971407965,0.1144854426,0.1615413725,0.1605997086,0.0000948040,0.0000000000,0.0000000000,0.0000000000,-0.0329256579,0.1487814188,-0.0049342643,0.0468151942,0.1487808526,0.0070143789
20:20:19:42.227,61,0.0560655035,0.2442305386,0.0783092007,0.0000000000,0.0000000000,0.1007300764,0.0000000000,0.0556386411,0.2443776280,0.0536829531,0.0000000000,0.0000000000,0.1008650362,0.0000000000,0.0617841333,0.0035926867,0.0000000000,0.1855740398,0.1441431940,0.1735518128,0.2341990918,0.0331891589,0.0000000000,0.0938609987,0.0783009157,0.0000000000,0.0000000000,0.0560858957,0.0579614528,0.2035873681,0.1916455328,0.0397396423,0.0395424441,0.1146428660,0.0782097057,0.0313413627,0.0313136727,0.2940974832,0.2680447996,0.0842088982,0.0799029693,0.4155499339,0.4151947200,0.1989039183,0.0000000000,0.0000000000,0.0173870958,0.0975550115,0.1149370298,0.1621797234,0.1619135141,0.0000915257,0.0000000000,0.0000000000,0.0000000000,-0.0324282125,0.1493609399,-0.0048789554,0.0473045893,0.1493602991,0.0071156654
20:20:19:43.228,61,0.0589895286,0.2444751859,0.0792063177,0.0000000000,0.0000000000,0.1014424339,0.0000000000,0.0585580841,0.2446343601,0.0528240390,0.0000000000,0.0000000000,0.1015762389,0.0000000000,0.0611372553,0.0037119330,0.0000000000,0.1790318638,0.1438945234,0.1710020900,0.2397681326,0.0318820477,0.0000000000,0.0939236134,0.0783628896,0.0000000000,0.0000000000,0.0559003241,0.0577740669,0.1994707435,0.1889331192,0.0400838964,0.0394406617,0.1189516932,0.0808857232,0.0316439345,0.0316188075,0.2873724699,0.2610989511,0.0839236155,0.0797671899,0.4228648245,0.4225009382,0.1991383582,0.0000000000,0.0000000000,0.0175434873,0.0982009768,0.1157061383,0.1634929031,0.1639690548,0.0000958050,0.0000000000,0.0000000000,0.0000000000,-0.0319086052,0.1495153010,-0.0048058438,0.0478454269,0.1495138109,0.0072044623
20:20:19:44.229,61,0.0605422519,0.2442996502,0.0796401948,0.0000000000,0.0000000000,0.1021438688,0.0000000000,0.0601056926,0.2444637716,0.0524065681,0.0000000000,0.0000000000,0.1022768989,0.0000000000,0.0604418032,0.0038394697,0.0000000000,0.1757133305,0.1435094774,0.1697011590,0.2429486662,0.0310458317,0.0000000000,0.0938058048,0.0781180561,0.0000000000,0.0000000000,0.0556776635,0.0575404353,0.1963636130,0.1866501570,0.0402969271,0.0392905511,0.1217702553,0.0829825029,0.0319695510,0.0319440812,0.2815821767,0.2563064098,0.0836522877,0.0796301067,0.4333613515,0.4329982400,0.1993287057,0.0000000000,0.0000000000,0.0177602209,0.0988214910,0.1163880900,0.1643563807,0.1651001126,0.0000789045,0.0000000000,0.0000000000,0.0000000000,-0.0316569358,0.1494098604,-0.0047645383,0.0481082797,0.1494083256,0.0072388235
20:20:19:45.230,61,0.0616042428,0.2440273017,0.0798971504,0.0000000000,0.0000000000,0.1028248444,0.0000000000,0.0611665100,0.2441944182,0.0521393195,0.0000000000,0.0000000000,0.1029577479,0.0000000000,0.0597112998,0.0039946949,0.0000000000,0.1735461503,0.1437060982,0.1687519997,0.2519671321,0.0302696656,0.0000000000,0.0934191868,0.0777046457,0.0000000000,0.0000000000,0.0554572195,0.0572978780,0.1947122663,0.1853682101,0.0405957215,0.0392035656,0.1260850877,0.0846048817,0.0323647670,0.0323303416,0.2668203712,0.2461593300,0.0828752294,0.0791724399,0.4371249676,0.4367626607,0.1990756243,0.0000000000,0.0000000000,0.0181262419,0.0994559452,0.1171193421,0.1650985479,0.1660354733,0.0000684966,0.0000000000,0.0000000000,0.0000000000,-0.0314962827,0.1492444724,-0.0047350419,0.0482647084,0.1492428929,0.0072541805
20:20:19:46.231,61,0.0626958832,0.2444167882,0.0799685046,0.0000000000,0.0000000000,0.1036315560,0.0000000000,0.0622513257,0.2445849776,0.0520576835,0.0000000000,0.0000000000,0.1037661880,0.0000000000,0.0584382527,0.0040480876,0.0000000000,0.1722690910,0.1488839686,0.1675860584,0.2729808986,0.0298850853,0.0000000000,0.0896845758,0.0716955885,0.0000000000,0.0000000000,0.0552289449,0.0570005625,0.1940853894,0.1849563718,0.0426961333,0.0392041579,0.1341233402,0.0856454968,0.0328164957,0.0327419154,0.2340665162,0.2219970673,0.0751801506,0.0725432858,0.4392050803,0.4388418794,0.1992534548,0.0000000000,0.0000000000,0.0186033566,0.1020301133,0.1204285398,0.1673710495,0.1676422656,0.0000783655,0.0000000000,0.0000000000,0.0000000000,-0.0314458348,0.1494829208,-0.0047351276,0.0483060777,0.1494814157,0.0072721718
20:20:19:47.233,61,0.0634378493,0.2445791811,0.0797827765,0.0000000000,0.0000000000,0.1051563248,0.0000000000,0.0629907474,0.2447453439,0.0522346795,0.0000000000,0.0000000000,0.1052947268,0.0000000000,0.0572732911,0.0040181312,0.0000000000,0.1712730974,0.1537048221,0.1613383740,0.2899256349,0.0295985006,0.0000000000,0.0858872309,0.0680079013,0.0000000000,0.0000000000,0.0550333634,0.0566880330,0.1937937886,0.1847745031,0.0505014956,0.0393361598,0.1455293596,0.0865307525,0.0335084088,0.0333345383,0.2141217589,0.2050918341,0.0639146268,0.0620911978,0.4428105354,0.4424337745,0.1989876628,0.0000000000,0.0000000000,0.0194221605,0.1061766818,0.1245506108,0.1701995730,0.1698304564,0.0000620169,0.0000000000,0.0000000000,0.0000000000,-0.0315522850,0.1495814323,-0.0047543296,0.0481931642,0.1495798826,0.0072600390
20:20:19:48.234,61,0.0638764352,0.2444806248,0.0793951154,0.0000000000,0.0000000000,0.1066587418,0.0000000000,0.0634186938,0.2446420640,0.0526231825,0.0000000000,0.0000000000,0.1068064347,0.0000000000,0.0551089980,0.0041080173,0.0000000000,0.1690031141,0.1570979357,0.1535573006,0.3085813522,0.0298005268,0.0000000000,0.0599860065,0.0409960561,0.0000000000,0.0000000000,0.0547027923,0.0562226921,0.1938638091,0.1848080009,0.0593467914,0.0394229703,0.1594771296,0.0882485062,0.0342602842,0.0339764394,0.1887899041,0.1825339496,0.0568067208,0.0547490790,0.4498084784,0.4493715763,0.1983729750,0.0000000000,0.0000000000,0.0204537958,0.1078157201,0.1261410862,0.1720280647,0.1709872484,0.0000509659,0.0000000000,0.0000000000,0.0000000000,-0.0317872539,0.1495194435,-0.0047877072,0.0479594432,0.1495179534,0.0072218203
20:20:19:49.235,61,0.0645630881,0.2447420955,0.0776344389,0.0000000000,0.0000000000,0.1077114195,0.0000000000,0.0640920922,0.2448827326,0.0543865673,0.0000000000,0.0000000000,0.1078690067,0.0000000000,0.0527752638,0.0043995050,0.0000000000,0.1679788381,0.1614201069,0.1492163241,0.3589831293,0.0302617010,0.0000000000,0.0399906971,0.0252358336,0.0000000000,0.0000000000,0.0542666204,0.0556508414,0.1937432885,0.1844673306,0.0644675195,0.0395310298,0.1664400250,0.0896265879,0.0350341760,0.0346507989,0.1764198095,0.1715101004,0.0522733405,0.0501323193,0.4747166336,0.4742583334,0.1980908811,0.0000000000,0.0000000000,0.0225825422,0.1089177057,0.1272356361,0.1761125177,0.1738841981,0.0000413329,0.0000000000,0.0000000000,0.0000000000,-0.0328516997,0.1496717185,-0.0049530873,0.0468947701,0.1496702135,0.0070689251
20:20:19:50.236,61,0.0723164305,0.2452486753,0.0745481178,0.0000000000,0.0000000000,0.1090619117,0.0000000000,0.0716053247,0.2453525513,0.0575211085,0.0000000000,0.0000000000,0.1092457697,0.0000000000,0.0513533093,0.0052398737,0.0000000000,0.1675856709,0.1666633934,0.1473532915,0.3850038052,0.0364399329,0.0000000000,0.0151327997,0.0047114249,0.0000000000,0.0000000000,0.0537959225,0.0550228395,0.1940402836,0.1841603518,0.0670743585,0.0396812856,0.1706711650,0.0907296315,0.0361291617,0.0355078541,0.1698813140,0.1647733301,0.0495275520,0.0469834544,0.4882725477,0.4877893329,0.1979925036,0.0000000000,0.0000000000,0.0262369048,0.1094713062,0.1277986616,0.1780808866,0.1751724780,0.0000149714,0.0000000000,0.0000000000,0.0000000000,-0.0347435810,0.1499685347,-0.0052487561,0.0450284220,0.1499670446,0.0068014595
20:20:19:51.236,61,0.0751020089,0.2454133332,0.0694310591,0.0000000000,0.0000000000,0.1102639586,0.0000000000,0.0742703900,0.2454555184,0.0627772734,0.0000000000,0.0000000000,0.1104782298,0.0000000000,0.0503799878,0.0059720250,0.0000000000,0.1674357802,0.1706666648,0.1462455988,0.3958057463,0.0406968184,0.0000000000,0.0057619219,0.0000000000,0.0000000000,0.0074008321,0.0532445572,0.0543134362,0.1942975670,0.1837728024,0.0693615004,0.0398317911,0.1729200482,0.0915168449,0.0369681641,0.0362469628,0.1662974358,0.1612966806,0.0476710312,0.0447570905,0.4942288697,0.4937315285,0.1972875744,0.0000000000,0.0000000000,0.0284472965,0.1097473353,0.1280587912,0.1792798489,0.1758803278,0.0000187537,0.0000000000,0.0000000000,0.0000000000,-0.0379179828,0.1500489265,-0.0057312036,0.0419370271,0.1500474364,0.0063382541
20:20:19:52.238,61,0.0761539191,0.2425630689,0.0597288460,0.0000000000,0.0000000000,0.1111285314,0.0000000000,0.0752571672,0.2424889356,0.0727128014,0.0000000000,0.0000000000,0.1113641560,0.0000000000,0.0495078415,0.0092645008,0.0000000000,0.1676029861,0.1743205786,0.1459427774,0.4569770098,0.0473171957,0.0000000000,0.0000000000,0.0000000000,0.0045375833,0.0194789618,0.0525636971,0.0531365201,0.1943123788,0.1822876185,0.0705963671,0.0398452468,0.1743373424,0.0922455862,0.0376936421,0.0369285084,0.1621188819,0.1561415941,0.0464008600,0.0431695431,0.4964173734,0.4958794415,0.1952380389,0.0000000000,0.0000000000,0.0313771740,0.1098602414,0.1283062249,0.1800178438,0.1761969626,0.0000174217,0.0000000000,0.0000000000,0.0000000000,-0.0439309962,0.1482721716,-0.0065596979,0.0360862948,0.1482706219,0.0053888727
20:20:19:53.239,61,0.0766470060,0.2378507555,0.0430326983,0.0000000000,0.0000000000,0.1119569391,0.0000000000,0.0756864473,0.2375809103,0.0898984149,0.0000000000,0.0000000000,0.1122206599,0.0000000000,0.0483772941,0.0130090564,0.0000000000,0.1777137667,0.1846315712,0.1513602883,0.5017433763,0.0507734343,0.0000000000,0.0000000000,0.0000000000,0.0078173308,0.0237701032,0.0520113632,0.0524327345,0.1942784935,0.1814195067,0.0707857162,0.0398324281,0.1746071428,0.0926317871,0.0381641984,0.0373882614,0.1606228799,0.1542598754,0.0455998033,0.0421815477,0.5024936795,0.5018583536,0.1947409064,0.0000000000,0.0000000000,0.0331168398,0.1100208759,0.1287759244,0.1808420420,0.1764795780,0.0000159562,0.0000000000,0.0000000000,0.0000000000,-0.0543379262,0.1453459710,-0.0079498067,0.0260101352,0.1453442723,0.0038068243
20:20:19:54.240,61,0.0764545798,0.2373629808,0.0270564258,0.0000000000,0.0000000000,0.1125761047,0.0000000000,0.0753074661,0.2369041592,0.1063208356,0.0000000000,0.0000000000,0.1128627360,0.0000000000,0.0469958782,0.0178592298,0.0000000000,0.1881457120,0.1912520975,0.1613622159,0.5187166333,0.0583995469,0.0000000000,0.0165209118,0.0000000000,0.0000000000,0.0111118369,0.0515952408,0.0519631691,0.1938599050,0.1772406101,0.0687376559,0.0398499295,0.1712641567,0.0927470922,0.0384687781,0.0377006382,0.1629235595,0.1539945304,0.0451999679,0.0415638424,0.5055719614,0.5048752427,0.1946256608,0.0000000000,0.0000000000,0.0342676826,0.1100323498,0.1291820854,0.1813588887,0.1764238328,0.0000127723,0.0000000000,0.0000000000,0.0000000000,-0.0642678663,0.1450180262,-0.0093791522,0.0163543802,0.1450163424,0.0023883071
20:20:19:55.241,61,0.0766628012,0.2406376004,0.0171420239,0.0000000000,0.0000000000,0.1131016389,0.0000000000,0.0754279420,0.2400511056,0.1166689023,0.0000000000,0.0000000000,0.1134088859,0.0000000000,0.0460097417,0.0202785451,0.0000000000,0.1976504624,0.1958034486,0.2121795267,0.5274055600,0.0615194142,0.0000000000,0.0374739952,0.0039416514,0.0000000000,0.0000000000,0.0513799340,0.0517588928,0.1920327544,0.1719997674,0.0603411868,0.0398551263,0.1628607213,0.0928062052,0.0386831984,0.0379344337,0.1951880306,0.1749680340,0.0473049991,0.0419425443,0.5072144270,0.5064979792,0.1950062066,0.0000000000,0.0000000000,0.0350348428,0.1104164943,0.1318999380,0.1829560548,0.1767098308,0.0000063609,0.0000000000,0.0000000000,0.0000000000,-0.0705028325,0.1470067352,-0.0104306787,0.0103585338,0.1470050812,0.0015337934
20:20:19:56.242,61,0.0817971826,0.2486933321,0.0057478044,0.0000000000,0.0000000000,0.1135637015,0.0000000000,0.0801304504,0.2479455322,0.1282951832,0.0000000000,0.0000000000,0.1138932034,0.0000000000,0.0455714166,0.0242804978,0.0000000000,0.2284744382,0.1977854818,0.2442188263,0.4807187915,0.0646020249,0.0000000000,0.0534549654,0.0167906098,0.0000000000,0.0000000000,0.0514891185,0.0519528836,0.1917569935,0.1703255475,0.0538991541,0.0398729630,0.1590420455,0.0932072774,0.0388043486,0.0380866677,0.2259905636,0.2007698268,0.0668876395,0.0534420013,0.5087336302,0.5080389977,0.2020330727,0.0000000000,0.0000000000,0.0352170207,0.1118071303,0.1378226578,0.1873687506,0.1772608310,0.0000095103,0.0000000000,0.0000000000,0.0000000000,-0.0774720460,0.1519205570,-0.0118485708,0.0034706949,0.1519190371,0.0005313577
20:20:19:57.243,61,0.0876343548,0.2568455338,0.0000000000,0.0037864435,0.0000000000,0.1135913506,0.0000000000,0.0857297778,0.2559539378,0.1377766430,0.0000000000,0.0000000000,0.1139389127,0.0000000000,0.0457629450,0.0263547972,0.0000000000,0.2375222296,0.1866043210,0.2604022622,0.4012170732,0.0659600049,0.0000000000,0.0679107979,0.0335762203,0.0000000000,0.0000000000,0.0517606623,0.0523435622,0.1920054704,0.1697010398,0.0490908213,0.0399304628,0.1462695152,0.0933298171,0.0389089994,0.0382360779,0.2801420689,0.2516603470,0.0785054564,0.0644486472,0.5054922104,0.5048859119,0.2043569237,0.0000000000,0.0000000000,0.0349891372,0.1122836471,0.1396429688,0.1889516413,0.1775149256,0.0000217825,0.0000000000,0.0000000000,0.0000000000,-0.0831339136,0.1568996757,-0.0131358858,-0.0022845957,0.1568984240,-0.0003614197
20:20:19:58.244,61,0.0895822570,0.2649707794,0.0000000000,0.0115084797,0.0000000000,0.1128854081,0.0000000000,0.0876043141,0.2639520764,0.1454306692,0.0000000000,0.0000000000,0.1132618189,0.0000000000,0.0461254939,0.0283326022,0.0000000000,0.2378908694,0.1599004567,0.3009679019,0.3697507679,0.0665142462,0.0000000000,0.0756299794,0.0449358933,0.0000000000,0.0000000000,0.0520624667,0.0527943596,0.1938489974,0.1697611064,0.0453972444,0.0398872159,0.1411097497,0.0936080366,0.0391031913,0.0384890623,0.3010825813,0.2711027861,0.0889066458,0.0745682493,0.4910820425,0.4905963838,0.2053026557,0.0000000000,0.0000000000,0.0345411599,0.1120970249,0.1400655955,0.1897720098,0.1775542349,0.0000706954,0.0000000000,0.0000000000,0.0000000000,-0.0876832455,0.1618664563,-0.0142989317,-0.0069382386,0.1618653536,-0.0011329631
20:20:19:59.244,61,0.0906881243,0.2702349126,0.0000000000,0.0179626271,0.0000000000,0.1113369241,0.0000000000,0.0886995867,0.2691138089,0.1516992152,0.0000000000,0.0000000000,0.1117284000,0.0000000000,0.0465091877,0.0295223054,0.0000000000,0.2329491526,0.1492993981,0.3131355345,0.3411681056,0.0648341179,0.0000000000,0.0816506669,0.0554428883,0.0000000000,0.0000000000,0.0523372255,0.0532255545,0.1950520724,0.1701190174,0.0424122550,0.0396768749,0.1367743164,0.0938721448,0.0391805395,0.0386373997,0.3122874796,0.2821975052,0.0974267423,0.0838624984,0.4820372164,0.4816010594,0.2063903958,0.0000000000,0.0000000000,0.0333170444,0.1116888151,0.1397282034,0.1902564317,0.1775322258,0.0001671837,0.0000000000,0.0000000000,0.0000000000,-0.0914149359,0.1650878936,-0.0152077340,-0.0108235730,0.1650869101,-0.0018032044
20:20:20:00.246,61,0.0912288949,0.2736313045,0.0000000000,0.0239640698,0.0000000000,0.1095898375,0.0000000000,0.0892514959,0.2724159062,0.1577111632,0.0000000000,0.0000000000,0.1100070924,0.0000000000,0.0469029546,0.0402370207,0.0000000000,0.2315649241,0.1434565187,0.3204774559,0.3286604583,0.0637178943,0.0000000000,0.0848305672,0.0619876496,0.0000000000,0.0000000000,0.0526133254,0.0536449514,0.1972792596,0.1705637872,0.0406068563,0.0393704437,0.1344127059,0.0942475125,0.0392562114,0.0387698747,0.3220572472,0.2909365594,0.1060190052,0.0920269117,0.4697785378,0.4693397880,0.2070552409,0.0000000000,0.0000000000,0.0320411585,0.1111484244,0.1392808706,0.1904610395,0.1774435639,0.0002775802,0.0000000000,0.0000000000,0.0000000000,-0.0950053781,0.1671703309,-0.0160062276,-0.0144347772,0.1671694517,-0.0024356968
20:20:20:01.246,61,0.0919548571,0.2760457695,0.0000000000,0.0243029669,0.0000000000,0.1080639437,0.0000000000,0.0899982452,0.2748149633,0.1580751240,0.0000000000,0.0000000000,0.1084871516,0.0000000000,0.0472967550,0.0431771465,0.0000000000,0.2309244871,0.1402739733,0.2898245454,0.3211583197,0.0606396645,0.0000000000,0.0871971622,0.0668129772,0.0000000000,0.0000000000,0.0527593940,0.0539353974,0.1977439821,0.1704963595,0.0392147005,0.0389359109,0.1294584423,0.0943672433,0.0390453003,0.0386193469,0.3256231546,0.2943041623,0.1100670546,0.0965404809,0.4621022940,0.4616619647,0.2081266940,0.0000000000,0.0000000000,0.0302110743,0.1106471941,0.1387715638,0.1903277040,0.1771105826,0.0003039526,0.0000000000,0.0000000000,0.0000000000,-0.0952009931,0.1686458588,-0.0161833297,-0.0146352528,0.1686450243,-0.0024917366
20:20:20:02.248,61,0.0921041965,0.2747520208,0.0000000000,0.0197957270,0.0000000000,0.1067636758,0.0000000000,0.0901801884,0.2735852897,0.1537104696,0.0000000000,0.0000000000,0.1071878001,0.0000000000,0.0480936095,0.0445858724,0.0000000000,0.2334595770,0.1383161396,0.2551707327,0.2953575253,0.0564394929,0.0000000000,0.0939845443,0.0762545541,0.0000000000,0.0000000000,0.0529569350,0.0542961285,0.1979672164,0.1705894917,0.0382535458,0.0383811407,0.1260641962,0.0944588184,0.0386562832,0.0382777080,0.3273013532,0.2961164117,0.1125461310,0.0996455923,0.4585982561,0.4581595063,0.2116305977,0.0000000000,0.0000000000,0.0282733794,0.1101924479,0.1382768601,0.1898766607,0.1765762866,0.0002913648,0.0000000000,0.0000000000,0.0000000000,-0.0925843716,0.1678494066,-0.0156641528,-0.0119225951,0.1678485274,-0.0020201469
20:20:20:03.249,61,0.0907853320,0.2754528821,0.0000000000,0.0133464923,0.0000000000,0.1042531356,0.0000000000,0.0890130252,0.2743693292,0.1473212987,0.0000000000,0.0000000000,0.1046580821,0.0000000000,0.0487359054,0.0456153490,0.0000000000,0.2424814105,0.1343207657,0.2301819921,0.2426496446,0.0547909364,0.0000000000,0.1095656976,0.0898495317,0.0000000000,0.0000000000,0.0532798134,0.0547637083,0.1984544396,0.1709349751,0.0375354141,0.0377081074,0.1212600246,0.0943025276,0.0380760990,0.0377250202,0.3285150230,0.2974049747,0.1140569896,0.1012879014,0.4361480772,0.4355105460,0.2137146592,0.0000000000,0.0000000000,0.0261771958,0.1084408164,0.1345783919,0.1839662939,0.1716406196,0.0002536128,0.0000000000,0.0000000000,0.0000000000,-0.0887290910,0.1682709157,-0.0150521537,-0.0080377609,0.1682700664,-0.0013654107
20:20:20:04.250,61,0.0845827684,0.2799262404,0.0000000000,0.0079403035,0.0000000000,0.1016648561,0.0000000000,0.0829056129,0.2788983583,0.1420122981,0.0000000000,0.0000000000,0.1020416841,0.0000000000,0.0494611599,0.0508127697,0.0000000000,0.2651498616,0.1318820566,0.2149488181,0.2195157856,0.0543815382,0.0000000000,0.1249938309,0.0979810134,0.0000000000,0.0000000000,0.0538629517,0.0555042624,0.2085357308,0.1746079177,0.0370452441,0.0370535664,0.1148410738,0.0937512293,0.0374206491,0.0370636694,0.3414766788,0.3042554259,0.1149316430,0.1019326150,0.4018380940,0.4010090530,0.2148222476,0.0000000000,0.0000000000,0.0245615635,0.1061753631,0.1290572584,0.1775746346,0.1645195335,0.0001617598,0.0000000000,0.0000000000,0.0000000000,-0.0854913294,0.1709999442,-0.0147441467,-0.0047797151,0.1709992290,-0.0008253847
20:20:20:05.251,61,0.0530310310,0.2856799960,0.0000000000,0.0035925293,0.0000000000,0.0991378427,0.0000000000,0.0511428453,0.2846904695,0.1378016025,0.0000000000,0.0000000000,0.0994786620,0.0000000000,0.0503397770,0.0575781688,0.0000000000,0.2720501423,0.1299820691,0.2060686946,0.2077163607,0.0596646816,0.0000000000,0.1318212301,0.1012867019,0.0000000000,0.0000000000,0.0544950999,0.0561641566,0.2146925926,0.1766327322,0.0368088223,0.0363909528,0.1123440266,0.0933221132,0.0367901996,0.0364334248,0.3584044576,0.3120075464,0.1171839014,0.1023706421,0.3913249671,0.3904200792,0.2151705772,0.0000000000,0.0000000000,0.0234907512,0.1048858538,0.1254224479,0.1752345115,0.1619170010,0.0001276644,0.0000000000,0.0000000000,0.0000000000,-0.0829055533,0.1745130569,-0.0145990113,-0.0021612190,0.1745124012,-0.0003810352
20:20:20:06.252,61,0.0447500683,0.2917389274,0.0000000000,0.0002296590,0.0000000000,0.0970067903,0.0000000000,0.0428133942,0.2907761335,0.1345056891,0.0000000000,0.0000000000,0.0973217636,0.0000000000,0.0515569411,0.0611318946,0.0000000000,0.2756026685,0.1278991401,0.1981679648,0.1969405860,0.0613777228,0.0000000000,0.1455486864,0.1068552956,0.0000000000,0.0000000000,0.0551149547,0.0567846745,0.2173311859,0.1777421832,0.0365979187,0.0357526764,0.1094603762,0.0926927254,0.0361638814,0.0357933491,0.3769218028,0.3326847255,0.1188522726,0.1027197465,0.3856843710,0.3847279549,0.2160870582,0.0000000000,0.0000000000,0.0225856286,0.1040862352,0.1237079650,0.1741301119,0.1605562717,0.0000930803,0.0000000000,0.0000000000,0.0000000000,-0.0808692425,0.1782136708,-0.0145496437,-0.0001380688,0.1782131940,-0.0000248695
20:20:20:07.253,61,0.0468783900,0.2970691025,0.0040166196,0.0000000000,0.0000000000,0.0953827649,0.0000000000,0.0440204479,0.2961507440,0.1302851439,0.0000000000,0.0000000000,0.0956945717,0.0000000000,0.0562971830,0.0942019448,0.0000000000,0.2819540203,0.1246908158,0.1851618737,0.1554813534,0.0766772553,0.0000000000,0.1957142800,0.1258194596,0.0000000000,0.0000000000,0.0581972376,0.0587924495,0.2372582704,0.1841489822,0.0365791582,0.0352028124,0.1046985015,0.0906879455,0.0356157385,0.0351713225,0.4334037006,0.3691722453,0.1199383289,0.1025308073,0.3128063977,0.3108792007,0.2133803964,0.0000000000,0.0000000000,0.0217626300,0.1035304293,0.1224786118,0.1715955138,0.1556189358,0.0000337026,0.0000000000,0.0000000000,0.0000000000,-0.0782851800,0.1814701557,-0.0143487994,0.0024133238,0.1814697236,0.0004428164
20:20:20:08.254,61,0.0553449355,0.3019708693,0.0090617947,0.0000000000,0.0000000000,0.0942993984,0.0000000000,0.0518509746,0.3011139035,0.1251313090,0.0000000000,0.0000000000,0.0946092308,0.0000000000,0.0620018095,0.1040122434,0.0000000000,0.2941312790,0.1203517765,0.1768852621,0.1427448243,0.0845062658,0.0000000000,0.2104687393,0.1367565989,0.0000000000,0.0000000000,0.0625020936,0.0619383827,0.2491992563,0.1922360361,0.0366159230,0.0347229391,0.1001818404,0.0883141533,0.0351395868,0.0345865749,0.4544276595,0.3883603215,0.1214865372,0.1021692306,0.2506141663,0.2476998866,0.2094827145,0.0000000000,0.0000000000,0.0209729020,0.1032300815,0.1215627864,0.1687930673,0.1505885422,0.0000098977,0.0000000000,0.0000000000,0.0000000000,-0.0751464665,0.1844665557,-0.0140073011,0.0054416242,0.1844662726,0.0010153336
20:20:20:09.256,61,0.0634610951,0.3046966791,0.0116748279,0.0000000000,0.0000000000,0.0919435099,0.0000000000,0.0601077192,0.3038715720,0.1224841401,0.0000000000,0.0000000000,0.0922407135,0.0000000000,0.0669019073,0.1081853732,0.0000000000,0.2974899113,0.1073208302,0.1615770161,0.1242867783,0.0906425938,0.0000000000,0.2239801884,0.1454791874,0.0000000000,0.0000000000,0.0659965724,0.0646209121,0.2555359006,0.1991485208,0.0367621295,0.0342571847,0.0965000391,0.0863678604,0.0347385444,0.0340783857,0.4938478172,0.4279277921,0.1254852712,0.1018814892,0.1954707503,0.1920136958,0.1957168579,0.0000000000,0.0000000000,0.0200825054,0.1026627868,0.1170823500,0.1642737240,0.1431737542,0.0000042407,0.0000000000,0.0000000000,0.0000000000,-0.0735336244,0.1861334443,-0.0138339959,0.0070085651,0.1861332208,0.0013197925
20:20:20:10.256,61,0.0678896755,0.3027336895,0.0090424530,0.0000000000,0.0000000000,0.0906501710,0.0000000000,0.0649812222,0.3018750846,0.1250978857,0.0000000000,0.0000000000,0.0909348577,0.0000000000,0.0716801807,0.0901394561,0.0000000000,0.2985264361,0.1010071412,0.1509324163,0.1126044989,0.0926560611,0.0000000000,0.2362802923,0.1850616932,0.0000000000,0.0000000000,0.0680194050,0.0669507608,0.2592103779,0.2082893401,0.0368375778,0.0337971896,0.0925184563,0.0840371773,0.0343477391,0.0335877612,0.5098186731,0.4564242363,0.1275762618,0.1019165888,0.1755665690,0.1719340980,0.1874971092,0.0000000000,0.0000000000,0.0191208851,0.1022684947,0.1155274361,0.1624129266,0.1404737532,0.0000021708,0.0000000000,0.0000000000,0.0000000000,-0.0751198754,0.1849325448,-0.0140385423,0.0054295366,0.1849322766,0.0010156967
20:20:20:11.257,61,0.0773637667,0.3029965758,0.0106117167,0.0000000000,0.0000000000,0.0893599838,0.0000000000,0.0748367906,0.3021616042,0.1234430745,0.0000000000,0.0000000000,0.0896281898,0.0000000000,0.0738595501,0.0825796276,0.0000000000,0.2969146669,0.0961762518,0.1438512057,0.1064846590,0.0911141858,0.0000000000,0.2547573447,0.2108274102,0.0000000000,0.0000000000,0.0692871436,0.0684511438,0.2606711388,0.2114327550,0.0368971564,0.0333375372,0.0897568315,0.0823068619,0.0339629240,0.0331132039,0.5175313950,0.4676784575,0.1294142604,0.1023092493,0.1632852554,0.1599482596,0.1813662648,0.0000000000,0.0000000000,0.0182803627,0.1019428521,0.1146492064,0.1611567438,0.1389715523,0.0000002708,0.0000000000,0.0000000000,0.0000000000,-0.0741238073,0.1850941479,-0.0138651468,0.0063716075,0.1850938797,0.0011929921
20:20:20:12.258,61,0.0520882457,0.3019937575,0.0102497451,0.0000000000,0.0000000000,0.0875223130,0.0000000000,0.0500622205,0.3011555970,0.1238459796,0.0000000000,0.0000000000,0.0877811089,0.0000000000,0.0752324685,0.0829155669,0.0000000000,0.2965658605,0.0938983262,0.1395152658,0.1032299325,0.0907860771,0.0000000000,0.2609196603,0.2200297713,0.0000000000,0.0000000000,0.0706455857,0.0701677650,0.2619791627,0.2133510709,0.0370487720,0.0329392478,0.0875825211,0.0801949054,0.0336178839,0.0326741189,0.5233277678,0.4738135040,0.1302078068,0.1022949815,0.1500247121,0.1471384317,0.1764919162,0.0000000000,0.0000000000,0.0175509453,0.1014541686,0.1139585599,0.1598451287,0.1379838288,0.0000000862,0.0000000000,0.0000000000,0.0000000000,-0.0743742511,0.1844813377,-0.0138647854,0.0061549726,0.1844810396,0.0011485271
20:20:20:13.260,61,0.0458214357,0.3008128107,0.0103888558,0.0000000000,0.0000000000,0.0858386233,0.0000000000,0.0439453647,0.2999798954,0.1237063259,0.0000000000,0.0000000000,0.0860912353,0.0000000000,0.0762807503,0.0826293305,0.0000000000,0.2962209582,0.0924759507,0.1332263798,0.0991130918,0.0902753398,0.0000000000,0.2644098997,0.2250324935,0.0000000000,0.0000000000,0.0720454976,0.0720007867,0.2629656494,0.2145910114,0.0372550413,0.0326340348,0.0844792277,0.0766210780,0.0332647748,0.0322363824,0.5317404866,0.4836514592,0.1301589459,0.1019095555,0.1177510694,0.1155938581,0.1716141105,0.0000000000,0.0000000000,0.0168666523,0.1009063646,0.1134161949,0.1574944705,0.1371538788,0.0000000567,0.0000000000,0.0000000000,0.0000000000,-0.0743003339,0.1837600619,-0.0137956422,0.0062393476,0.1837597489,0.0011596149
20:20:20:14.260,61,0.0439725332,0.2994158566,0.0095596239,0.0000000000,0.0000000000,0.0838531554,0.0000000000,0.0421693698,0.2985745370,0.1245350838,0.0000000000,0.0000000000,0.0841001868,0.0000000000,0.0768729150,0.0814331099,0.0000000000,0.2863055170,0.0916036442,0.1306243688,0.0967140570,0.0815629363,0.0000000000,0.2658133805,0.2280664891,0.0000000000,0.0000000000,0.0728137195,0.0730621070,0.2618300617,0.2148889154,0.0375196151,0.0324664004,0.0818341821,0.0735085160,0.0329191983,0.0318235680,0.5337444544,0.4871392846,0.1260914207,0.1013670638,0.1058927625,0.1040534079,0.1680444777,0.0000000000,0.0000000000,0.0162227415,0.0994351283,0.1128570288,0.1526817977,0.1363593042,0.0000001025,0.0000000000,0.0000000000,0.0000000000,-0.0748099610,0.1829061806,-0.0138240783,0.0057422356,0.1829057783,0.0010621531
20:20:20:15.262,61,0.0560708120,0.2991186976,0.0095864013,0.0000000000,0.0000000000,0.0820319206,0.0000000000,0.0541858003,0.2982788682,0.1244874299,0.0000000000,0.0000000000,0.0822699443,0.0000000000,0.0771993846,0.0804374069,0.0000000000,0.2805485129,0.0911448076,0.1293576062,0.0955422744,0.0787968934,0.0000000000,0.2644925714,0.2293989807,0.0000000000,0.0000000000,0.0733660758,0.0738366097,0.2579513192,0.2137733549,0.0377979763,0.0323963799,0.0804381445,0.0719204918,0.0326121487,0.0314667374,0.5282058120,0.4871689677,0.1237270162,0.1007353514,0.0962004364,0.0945030749,0.1663905382,0.0000000000,0.0000000000,0.0156328846,0.0985445604,0.1123580188,0.1507227123,0.1356577277,0.0000001447,0.0000000000,0.0000000000,0.0000000000,-0.0747838318,0.1827246845,-0.0138052376,0.0057585128,0.1827242821,0.0010640830
20:20:20:16.263,61,0.0587844439,0.2981296480,0.0095631182,0.0000000000,0.0000000000,0.0804421306,0.0000000000,0.0569009818,0.2972924113,0.1244912595,0.0000000000,0.0000000000,0.0806690231,0.0000000000,0.0772508010,0.0756569058,0.0000000000,0.2780775428,0.0910944268,0.1301460266,0.0952908769,0.0762685612,0.0000000000,0.2442741394,0.2193495929,0.0000000000,0.0000000000,0.0736527294,0.0743405223,0.2550410330,0.2131453156,0.0380361602,0.0323280841,0.0796106011,0.0709378198,0.0322789773,0.0311072655,0.4964979887,0.4638673663,0.1222284064,0.1001614183,0.0927065760,0.0910850018,0.1653304547,0.0000000000,0.0000000000,0.0151142823,0.0974840596,0.1117642894,0.1487550586,0.1349048615,0.0000001875,0.0000000000,0.0000000000,0.0000000000,-0.0747944340,0.1821204573,-0.0137605146,0.0057451669,0.1821200550,0.0010580275
20:20:20:17.263,61,0.0590895154,0.2962356508,0.0082887346,0.0000000000,0.0000000000,0.0793702006,0.0000000000,0.0571579523,0.2953850031,0.1257737875,0.0000000000,0.0000000000,0.0795938298,0.0000000000,0.0770969540,0.0743556693,0.0000000000,0.2765311301,0.0913767368,0.1333808899,0.0956136584,0.0748364776,0.0000000000,0.2125615478,0.1895112842,0.0000000000,0.0000000000,0.0736698881,0.0745500997,0.2538671494,0.2127578557,0.0382932462,0.0322606489,0.0790898800,0.0702577978,0.0318834186,0.0306901317,0.4857466817,0.4522805512,0.1205435842,0.0995059460,0.0912142172,0.0896223336,0.1648887396,0.0000000000,0.0000000000,0.0146436244,0.0951997563,0.1106636375,0.1457841843,0.1334650964,0.0000002353,0.0000000000,0.0000000000,0.0000000000,-0.0755810663,0.1809627414,-0.0138145993,0.0049806219,0.1809623241,0.0009112700
20:20:20:18.264,61,0.0505256727,0.2944484949,0.0066701160,0.0000000000,0.0000000000,0.0785429254,0.0000000000,0.0486662425,0.2935788631,0.1274368167,0.0000000000,0.0000000000,0.0787653998,0.0000000000,0.0768098608,0.0738665164,0.0000000000,0.2755804360,0.0926420540,0.1383896619,0.0989483893,0.0738728121,0.0000000000,0.1914832592,0.1687655002,0.0000000000,0.0000000000,0.0735005662,0.0745386332,0.2534637451,0.2126303017,0.0385518298,0.0322537534,0.0786810443,0.0696327761,0.0314465836,0.0302404203,0.4747083485,0.4381467104,0.1161518842,0.0971365348,0.0922859013,0.0906295404,0.1647581458,0.0000000000,0.0000000000,0.0142494971,0.0925172120,0.1087552533,0.1426718235,0.1314416230,0.0000002570,0.0000000000,0.0000000000,0.0000000000,-0.0765957609,0.1798702627,-0.0139133157,0.0040088086,0.1798698306,0.0007289399
20:20:20:19.266,61,0.0486845672,0.2944580913,0.0049509876,0.0000000000,0.0000000000,0.0779124349,0.0000000000,0.0468441322,0.2935640812,0.1291258931,0.0000000000,0.0000000000,0.0781327561,0.0000000000,0.0764074177,0.0713278800,0.0000000000,0.2751238942,0.0940988883,0.1446185112,0.1102859527,0.0724269077,0.0000000000,0.1681866199,0.1488934010,0.0000000000,0.0000000000,0.0730084479,0.0742316395,0.2528591156,0.2124423832,0.0387179740,0.0321964100,0.0785002112,0.0692242384,0.0309321508,0.0297273789,0.4390734136,0.4097405374,0.1143670008,0.0960508510,0.0944359899,0.0928269103,0.1650100797,0.0000000000,0.0000000000,0.0139161954,0.0896015689,0.1057086363,0.1397183537,0.1290882528,0.0000004499,0.0000000000,0.0000000000,0.0000000000,-0.0776110440,0.1798754632,-0.0140977614,0.0029755915,0.1798750311,0.0005410820
20:20:20:20.267,61,0.0607853904,0.2942703962,0.0045329444,0.0000000000,0.0000000000,0.0774255618,0.0000000000,0.0596828312,0.2933719456,0.1294738054,0.0000000000,0.0000000000,0.0776406601,0.0000000000,0.0760216042,0.0254106093,0.0000000000,0.2749494016,0.0948105678,0.1569496542,0.1224204600,0.0650425255,0.0000000000,0.1585580558,0.1395458579,0.0000000000,0.0000000000,0.0718445927,0.0737369359,0.2413434833,0.2119410932,0.0386905931,0.0320726223,0.0785004348,0.0690874457,0.0304069631,0.0292279869,0.4173758626,0.3933177590,0.1135694832,0.0957107469,0.0971895307,0.0957781971,0.1655467302,0.0000000000,0.0000000000,0.0136473160,0.0880507976,0.1034657061,0.1375034600,0.1268686652,0.0000008320,0.0000000000,0.0000000000,0.0000000000,-0.0778218061,0.1797607243,-0.0141267506,0.0027244000,0.1797602624,0.0004950825
20:20:20:21.268,61,0.0838979334,0.2944788933,0.0031763078,0.0000000000,0.0000000000,0.0770029947,0.0000000000,0.0825485364,0.2935613096,0.1307579875,0.0000000000,0.0000000000,0.0772127807,0.0000000000,0.0757528543,0.0136951627,0.0000000000,0.2673071027,0.0951445475,0.1653686017,0.1269147843,0.0608006194,0.0000000000,0.1538460255,0.1352372617,0.0000000000,0.0000000000,0.0710259303,0.0732266009,0.2378879935,0.2116047442,0.0386638679,0.0319054984,0.0792025775,0.0694550425,0.0299908202,0.0288528204,0.4086127579,0.3861455321,0.1139203310,0.0968480706,0.1301700920,0.1290583313,0.1727807820,0.0000000000,0.0000000000,0.0134069202,0.0870206282,0.1022421569,0.1365940422,0.1259136498,0.0000009218,0.0000000000,0.0000000000,0.0000000000,-0.0785919726,0.1798877120,-0.0142765502,0.0019089872,0.1798872352,0.0003471549
20:20:20:22.269,61,0.0909119397,0.2945546508,0.0025214623,0.0000000000,0.0000000000,0.0764787570,0.0000000000,0.0895601884,0.2936283648,0.1313470304,0.0000000000,0.0000000000,0.0766830668,0.0000000000,0.0753879547,0.0081663616,0.0000000000,0.2631002069,0.0956600383,0.1710749716,0.1320997328,0.0581350252,0.0000000000,0.1512826085,0.1329592466,0.0000000000,0.0000000000,0.0702611804,0.0726955533,0.2358180434,0.2112820894,0.0386176519,0.0317851752,0.0800282136,0.0698875934,0.0296152718,0.0285266303,0.4009438455,0.3790015578,0.1140672192,0.0973771736,0.1393268406,0.1383139491,0.1762432307,0.0000000000,0.0000000000,0.0132080037,0.0862575769,0.1013760492,0.1362033635,0.1254180819,0.0000010276,0.0000000000,0.0000000000,0.0000000000,-0.0789454058,0.1799339205,-0.0143443709,0.0015154069,0.1799334288,0.0002756536
20:20:20:23.270,61,0.0975130498,0.2951852977,0.0016193865,0.0000000000,0.0000000000,0.0761675015,0.0000000000,0.0961644873,0.2942453921,0.1321569234,0.0000000000,0.0000000000,0.0763665512,0.0000000000,0.0749112740,0.0079512009,0.0000000000,0.2586672902,0.0964151621,0.1849274188,0.1581079066,0.0566466562,0.0000000000,0.1372049749,0.1158913523,0.0000000000,0.0000000000,0.0689704642,0.0719041005,0.2330494076,0.2103633434,0.0385162607,0.0316469334,0.0835791826,0.0712005198,0.0292993039,0.0282655712,0.3597316444,0.3307742774,0.1144803092,0.0979862437,0.1471670568,0.1462229639,0.1832979023,0.0000000000,0.0000000000,0.0131007349,0.0857617483,0.1008069143,0.1362077296,0.1252646297,0.0000010815,0.0000000000,0.0000000000,0.0000000000,-0.0794267058,0.1803189814,-0.0144631900,0.0009731883,0.1803185642,0.0001774109
20:20:20:24.270,61,0.1003403813,0.2951410413,0.0015252449,0.0000000000,0.0000000000,0.0759234950,0.0000000000,0.0989905521,0.2942008078,0.1321847141,0.0000000000,0.0000000000,0.0761176720,0.0000000000,0.0741011575,0.0087731155,0.0000000000,0.2572083473,0.0999435857,0.1907048523,0.1700341403,0.0557210855,0.0000000000,0.1188439950,0.0888575315,0.0000000000,0.0000000000,0.0674587637,0.0706241354,0.2304561287,0.2096025199,0.0383698456,0.0314575620,0.0863020346,0.0722182319,0.0289414842,0.0279516112,0.3407407403,0.3126708865,0.1147754490,0.0983656123,0.1546042114,0.1536577195,0.1867154688,0.0000000000,0.0000000000,0.0130273057,0.0852496773,0.1001715586,0.1362967044,0.1251512170,0.0000014643,0.0000000000,0.0000000000,0.0000000000,-0.0794437975,0.1802919209,-0.0144640766,0.0009166173,0.1802914888,0.0001670724
20:20:20:25.271,61,0.1016536355,0.2945616543,0.0012171492,0.0000000000,0.0000000000,0.0759477839,0.0000000000,0.1003026590,0.2936197221,0.1324334592,0.0000000000,0.0000000000,0.0761377662,0.0000000000,0.0727978572,0.0110285720,0.0000000000,0.2563790977,0.1081108004,0.1974613219,0.1998426020,0.0551021732,0.0000000000,0.1041177064,0.0697571784,0.0000000000,0.0000000000,0.0661404505,0.0693426132,0.2283062786,0.2088499069,0.0381421894,0.0312726349,0.0913523808,0.0740919039,0.0286678057,0.0277160201,0.3147276044,0.2852732837,0.1148267239,0.0984447896,0.1978566051,0.1968438476,0.2002193183,0.0000000000,0.0000000000,0.0130742183,0.0850190967,0.0998423547,0.1378071010,0.1255336553,0.0000054017,0.0000000000,0.0000000000,0.0000000000,-0.0795984343,0.1799380481,-0.0144630997,0.0007315101,0.1799375564,0.0001330653
20:20:20:26.272,61,0.0683120042,0.2949518859,0.0006858407,0.0000000000,0.0000000000,0.0759510472,0.0000000000,0.0674926415,0.2940014899,0.1329348385,0.0000000000,0.0000000000,0.0761370063,0.0000000000,0.0709033534,0.0142333889,0.0000000000,0.2611586750,0.1515176147,0.2006757706,0.2411306649,0.0545912832,0.0000000000,0.0922969878,0.0583625957,0.0000000000,0.0000000000,0.0652293414,0.0684884712,0.2272435874,0.2085010260,0.0380552784,0.0311879404,0.0995507985,0.0760928169,0.0284444354,0.0275167972,0.2752989829,0.2547600865,0.1118387654,0.0966969281,0.2312521338,0.2302020192,0.2046445161,0.0000000000,0.0000000000,0.0132898167,0.0850669444,0.0999187827,0.1436159909,0.1302935928,0.0000119220,0.0000000000,0.0000000000,0.0000000000,-0.0798963830,0.1801763773,-0.0145367626,0.0004121743,0.1801758856,0.0000750781
20:20:20:27.274,61,0.0596569516,0.2938628495,0.0010591506,0.0000000000,0.0000000000,0.0761850774,0.0000000000,0.0589415096,0.2929210663,0.1325666010,0.0000000000,0.0000000000,0.0763696507,0.0000000000,0.0679006875,0.0173729938,0.0000000000,0.2648772597,0.1856386364,0.2030407488,0.2953582704,0.0543954410,0.0000000000,0.0813129172,0.0494343340,0.0000000000,0.0000000000,0.0644445419,0.0677397996,0.2266261727,0.2083258629,0.0382259302,0.0314408317,0.1038965285,0.0769271478,0.0282925926,0.0273777880,0.2604028285,0.2408484966,0.0918796360,0.0824644715,0.2429175675,0.2418408394,0.2069956362,0.0000000000,0.0000000000,0.0137077812,0.0855242386,0.1014749110,0.1476808488,0.1346076876,0.0000337701,0.0000000000,0.0000000000,0.0000000000,-0.0796846002,0.1795110852,-0.0144436238,0.0006366018,0.1795106530,0.0001155203
20:20:20:28.275,61,0.0600335971,0.2907509506,0.0018564371,0.0000000000,0.0000000000,0.0769884065,0.0000000000,0.0588603057,0.2898294330,0.1318210959,0.0000000000,0.0000000000,0.0771731809,0.0000000000,0.0632169247,0.0188390948,0.0000000000,0.2658378184,0.2276067287,0.2043207288,0.3411000669,0.0539973825,0.0000000000,0.0607572682,0.0345276445,0.0000000000,0.0000000000,0.0636557341,0.0668844134,0.2262693346,0.2083818465,0.0386015698,0.0320077017,0.1065458804,0.0771291927,0.0282388367,0.0273276921,0.2482883632,0.2310191393,0.0781582445,0.0713292211,0.2476305664,0.2464573681,0.2082691044,0.0000000000,0.0000000000,0.0143170785,0.0876600370,0.1052716002,0.1515728682,0.1388418674,0.0000381450,0.0000000000,0.0000000000,0.0000000000,-0.0792635009,0.1776102930,-0.0142120877,0.0011161929,0.1776097715,0.0002003580
20:20:20:29.276,61,0.0591793805,0.2900125682,0.0020209933,0.0000000000,0.0000000000,0.0775686800,0.0000000000,0.0578962453,0.2890958488,0.1316421777,0.0000000000,0.0000000000,0.0777523741,0.0000000000,0.0600141883,0.0198471062,0.0000000000,0.2661492527,0.2419902682,0.2048417330,0.3591570258,0.0536394157,0.0000000000,0.0266885851,0.0145400362,0.0000000000,0.0000000000,0.0628562868,0.0659959242,0.2261027396,0.2086158693,0.0396217853,0.0326376222,0.1114142910,0.0772457644,0.0282837451,0.0273625311,0.2345617115,0.2205825448,0.0703381374,0.0643637031,0.2472645938,0.2459594458,0.2089789659,0.0000000000,0.0000000000,0.0151627269,0.0891465396,0.1073320806,0.1551212072,0.1428815424,0.0000382049,0.0000000000,0.0000000000,0.0000000000,-0.0791622922,0.1771593094,-0.0141571769,0.0012152318,0.1771587729,0.0002175698
20:20:20:30.277,61,0.0690209493,0.2889258265,0.0039025545,0.0000000000,0.0000000000,0.0782018602,0.0000000000,0.0676508248,0.2880393863,0.1297319531,0.0000000000,0.0000000000,0.0783840269,0.0000000000,0.0585411191,0.0205920804,0.0000000000,0.2667339742,0.2494661510,0.2075423151,0.3794443309,0.0535506718,0.0000000000,0.0127127608,0.0000000000,0.0000000000,0.0167895220,0.0621322952,0.0652269423,0.2260547727,0.2089260072,0.0402674377,0.0332854241,0.1176167876,0.0775996819,0.0284363683,0.0274984166,0.2292931974,0.2156478465,0.0669026896,0.0612930432,0.2478634268,0.2465148866,0.2103901356,0.0000000000,0.0000000000,0.0163270570,0.0901550651,0.1085389033,0.1593704224,0.1463437527,0.0000374388,0.0000000000,0.0000000000,0.0000000000,-0.0780226514,0.1764958501,-0.0139004570,0.0023469010,0.1764952540,0.0004185718
20:20:20:31.278,61,0.0778060928,0.2886351943,0.0045113512,0.0000000000,0.0000000000,0.0785143003,0.0000000000,0.0763251334,0.2877578437,0.1291488111,0.0000000000,0.0000000000,0.0786955282,0.0000000000,0.0579034090,0.0211238302,0.0000000000,0.2936286032,0.2529261410,0.2215194255,0.3750135005,0.0536324009,0.0000000000,0.0081710927,0.0000000000,0.0000000000,0.0246164221,0.0616424531,0.0647382513,0.2260924131,0.2094540298,0.0408212580,0.0338582695,0.1213592365,0.0782122836,0.0284966491,0.0275393277,0.2268476039,0.2133122683,0.0659679994,0.0600542724,0.2481753230,0.2467994094,0.2114064842,0.0000000000,0.0000000000,0.0169694275,0.0910189152,0.1094787046,0.1614873260,0.1479915828,0.0000226956,0.0000000000,0.0000000000,0.0000000000,-0.0776743367,0.1763184816,-0.0138243362,0.0027131019,0.1763178706,0.0004833874
20:20:20:32.279,61,0.0831597447,0.2880831659,0.0064209625,0.0000000000,0.0000000000,0.0785209537,0.0000000000,0.0816628858,0.2872327864,0.1273490787,0.0000000000,0.0000000000,0.0787006319,0.0000000000,0.0576350614,0.0214812402,0.0000000000,0.3095054030,0.2427098304,0.2270644456,0.3279911876,0.0536294878,0.0000000000,0.0514775105,0.0000000000,0.0000000000,0.0050175451,0.0614020303,0.0645155609,0.2263865769,0.2100850791,0.0411569476,0.0342950858,0.1228453740,0.0787042528,0.0284244884,0.0274570677,0.2320638597,0.2148517519,0.0679763332,0.0601453222,0.2429965585,0.2416160405,0.2113525420,0.0000000000,0.0000000000,0.0173342191,0.0914965644,0.1099468172,0.1623600572,0.1486511678,0.0000310639,0.0000000000,0.0000000000,0.0000000000,-0.0765963569,0.1759819090,-0.0136063155,0.0038617637,0.1759813130,0.0006867001
20:20:20:33.279,61,0.0851818919,0.2881646454,0.0071019577,0.0000000000,0.0000000000,0.0784659013,0.0000000000,0.0836844966,0.2873229980,0.1267163604,0.0000000000,0.0000000000,0.0786448643,0.0000000000,0.0576902442,0.0216684435,0.0000000000,0.3271308243,0.2226767391,0.2292897552,0.2959030271,0.0536729954,0.0000000000,0.0711047724,0.0350026153,0.0000000000,0.0000000000,0.0613757819,0.0645265356,0.2267118990,0.2106097639,0.0412826203,0.0346155204,0.1215408221,0.0788826421,0.0282532722,0.0272784214,0.2706849873,0.2479052395,0.0713647828,0.0615159608,0.2411243320,0.2397598922,0.2111384273,0.0000000000,0.0000000000,0.0174678378,0.0919044614,0.1103668138,0.1625989527,0.1487927884,0.0000391757,0.0000000000,0.0000000000,0.0000000000,-0.0762150660,0.1760319918,-0.0135426596,0.0042712977,0.1760313958,0.0007597437
20:20:20:34.280,61,0.0865401924,0.2889325023,0.0092614507,0.0000000000,0.0000000000,0.0785330757,0.0000000000,0.0850307792,0.2881180048,0.1246416494,0.0000000000,0.0000000000,0.0787126124,0.0000000000,0.0581146553,0.0219035186,0.0000000000,0.3333835304,0.1877937913,0.2183828801,0.2391666174,0.0540756397,0.0000000000,0.1140299216,0.0626046509,0.0000000000,0.0000000000,0.0615231916,0.0647341609,0.2271518260,0.2110101581,0.0412660129,0.0348157026,0.1164797619,0.0788947344,0.0280616526,0.0270807091,0.3048036397,0.2786144316,0.0769797787,0.0640110821,0.2402797192,0.2389107198,0.2110798806,0.0000000000,0.0000000000,0.0174239688,0.0923306495,0.1107047275,0.1625121236,0.1485721618,0.0000336286,0.0000000000,0.0000000000,0.0000000000,-0.0749607980,0.1765021533,-0.0133565571,0.0055696056,0.1765016019,0.0009933759
20:20:20:35.283,61,0.0852803513,0.2882551849,0.0090251947,0.0000000000,0.0000000000,0.0786252245,0.0000000000,0.0837410018,0.2874388099,0.1249118298,0.0000000000,0.0000000000,0.0788070858,0.0000000000,0.0597242825,0.0223429762,0.0000000000,0.3364341855,0.1563059688,0.2016309351,0.1905307621,0.0547143556,0.0000000000,0.1423329562,0.1003172100,0.0000000000,0.0000000000,0.0619013384,0.0651610047,0.2276573181,0.2110864520,0.0410749614,0.0348667838,0.1057499424,0.0786338449,0.0278610215,0.0268913526,0.3704988360,0.3397075832,0.0867170393,0.0698417649,0.2413287461,0.2399865091,0.2109202147,0.0000000000,0.0000000000,0.0172271449,0.0926007330,0.1108556241,0.1621193141,0.1479000151,0.0000265005,0.0000000000,0.0000000000,0.0000000000,-0.0751288459,0.1760882735,-0.0133543946,0.0054279268,0.1760876924,0.0009657889
20:20:20:36.283,61,0.0853812918,0.2852692604,0.0103277126,0.0000000000,0.0000000000,0.0790049136,0.0000000000,0.0838217214,0.2844792902,0.1236130223,0.0000000000,0.0000000000,0.0791910961,0.0000000000,0.0638517514,0.0260915495,0.0000000000,0.3335848153,0.1365548372,0.1921437830,0.1605894119,0.0550720096,0.0000000000,0.1730768234,0.1431474686,0.0000000000,0.0000000000,0.0626045167,0.0658635274,0.2281803340,0.2108932734,0.0407987647,0.0349009149,0.0962577388,0.0780901611,0.0277285930,0.0267577004,0.4128497839,0.3825843334,0.0930167586,0.0756766051,0.2187674344,0.2176232040,0.2050568461,0.0000000000,0.0000000000,0.0168926064,0.0928169042,0.1109345928,0.1586114019,0.1441477835,0.0000130408,0.0000000000,0.0000000000,0.0000000000,-0.0743714720,0.1742651612,-0.0130803520,0.0062132920,0.1742644906,0.0010938438
20:20:20:37.284,61,0.0388082899,0.2782702148,0.0115967719,0.0000000000,0.0000000000,0.0794867873,0.0000000000,0.0371916331,0.2775166035,0.1223235205,0.0000000000,0.0000000000,0.0796808600,0.0000000000,0.0677862018,0.0567213036,0.0000000000,0.3268660605,0.1214989871,0.1848773360,0.1397652179,0.0555993915,0.0000000000,0.1868624389,0.1585563868,0.0000000000,0.0000000000,0.0636799410,0.0667814538,0.2313474119,0.2106603682,0.0405458100,0.0347330831,0.0923271626,0.0776818171,0.0276668128,0.0266909730,0.4445083737,0.4074719846,0.1022915915,0.0829850808,0.2092238665,0.2079592496,0.2022448331,0.0000000000,0.0000000000,0.0164841283,0.0931602120,0.1112534255,0.1556505859,0.1419279426,0.0000008950,0.0000000000,0.0000000000,0.0000000000,-0.0736500770,0.1699905694,-0.0126297269,0.0069819633,0.1699898094,0.0011984179
20:20:20:38.285,61,0.0269722808,0.2752245069,0.0131282723,0.0000000000,0.0000000000,0.0799093097,0.0000000000,0.0253452566,0.2744998634,0.1207747385,0.0000000000,0.0000000000,0.0801126808,0.0000000000,0.0695828944,0.0740217716,0.0000000000,0.3218501508,0.1146830544,0.1801019311,0.1303025335,0.0561267175,0.0000000000,0.1936941892,0.1682302356,0.0000000000,0.0000000000,0.0647205859,0.0677324682,0.2384123355,0.2104945481,0.0403302647,0.0344307013,0.0901840031,0.0774514750,0.0276531707,0.0266601425,0.4571045041,0.4182385504,0.1095015034,0.0897269323,0.2050684243,0.2037696391,0.1978607476,0.0000000000,0.0000000000,0.0160355158,0.0934257954,0.1116474569,0.1541887671,0.1407953203,0.0000005446,0.0000000000,0.0000000000,0.0000000000,-0.0727404654,0.1681312770,-0.0123349940,0.0079065282,0.1681304127,0.0013419820
20:20:20:39.286,61,0.0633517429,0.2776665986,0.0121116303,0.0000000000,0.0000000000,0.0798742771,0.0000000000,0.0620308556,0.2769220471,0.1217756793,0.0000000000,0.0000000000,0.0800836459,0.0000000000,0.0708123893,0.0805911869,0.0000000000,0.3194625974,0.1109797880,0.1713127345,0.1247697249,0.0564437248,0.0000000000,0.2039924115,0.1908161789,0.0000000000,0.0000000000,0.0657913461,0.0690164641,0.2406726032,0.2100340575,0.0401445068,0.0342120491,0.0882140622,0.0769191980,0.0276209339,0.0266049169,0.4641399086,0.4268561900,0.1123559028,0.0924572721,0.1640319377,0.1626825780,0.1904429197,0.0000000000,0.0000000000,0.0155706406,0.0935394242,0.1119431183,0.1525574327,0.1398339719,0.0000003288,0.0000000000,0.0000000000,0.0000000000,-0.0733248070,0.1696222574,-0.0125462832,0.0072923987,0.1696214080,0.0012489364
20:20:20:40.288,61,0.0716663301,0.2780644894,0.0119228177,0.0000000000,0.0000000000,0.0799559727,0.0000000000,0.0703483224,0.2773153782,0.1220389083,0.0000000000,0.0000000000,0.0801729262,0.0000000000,0.0715396851,0.0836882293,0.0000000000,0.2836477160,0.1079619452,0.1592690051,0.1169581562,0.0568714030,0.0000000000,0.2128540426,0.1985337734,0.0000000000,0.0000000000,0.0666120425,0.0698793381,0.2387981415,0.2009798288,0.0400765613,0.0340707526,0.0859966502,0.0758939832,0.0276242606,0.0265874956,0.4725055099,0.4363535941,0.1138330698,0.0939602330,0.1788381636,0.1772097200,0.1883461326,0.0000000000,0.0000000000,0.0151241068,0.0935735628,0.1121190265,0.1514440179,0.1389882863,0.0000009265,0.0000000000,0.0000000000,0.0000000000,-0.0734802783,0.1698651910,-0.0125911878,0.0071784165,0.1698643565,0.0012312105
20:20:20:41.288,61,0.0736378878,0.2770627141,0.0098864622,0.0000000000,0.0000000000,0.0802725181,0.0000000000,0.0719039738,0.2762878239,0.1241386011,0.0000000000,0.0000000000,0.0804995075,0.0000000000,0.0716126710,0.0844107196,0.0000000000,0.2553557158,0.1064076126,0.1541559547,0.1139439642,0.0566394962,0.0000000000,0.2159256339,0.2028702199,0.0000000000,0.0000000000,0.0670265853,0.0703786388,0.2279811352,0.1909423470,0.0400661603,0.0340018161,0.0840082914,0.0742004365,0.0276256073,0.0265897959,0.4751672447,0.4397344887,0.1142194942,0.0947678611,0.1961958855,0.1948815435,0.1878669113,0.0000000000,0.0000000000,0.0147430850,0.0936089829,0.1125127897,0.1505521834,0.1385210156,0.0000066692,0.0000000000,0.0000000000,0.0000000000,-0.0747524500,0.1692518443,-0.0127616171,0.0059530046,0.1692510545,0.0010172781
20:20:20:42.289,61,0.0751260445,0.2770892084,0.0090623461,0.0000000000,0.0000000000,0.0805434734,0.0000000000,0.0732525438,0.2763022780,0.1250253022,0.0000000000,0.0000000000,0.0807774141,0.0000000000,0.0707755461,0.0821139887,0.0000000000,0.2320500910,0.1056560725,0.1515763849,0.1129156649,0.0564856678,0.0000000000,0.2141116709,0.2046845853,0.0000000000,0.0000000000,0.0670860559,0.0704850182,0.2193043977,0.1821154207,0.0400559418,0.0339564644,0.0830236152,0.0732836425,0.0276365746,0.0266222153,0.4475749135,0.4173627794,0.1141610891,0.0951762646,0.2096720785,0.2083170265,0.1909851432,0.0000000000,0.0000000000,0.0143978419,0.0936852023,0.1129012480,0.1501108855,0.1383830309,0.0000150979,0.0000000000,0.0000000000,0.0000000000,-0.0752862692,0.1692675650,-0.0128537808,0.0054567591,0.1692667305,0.0009325664
20:20:20:43.290,61,0.0764155090,0.2785232663,0.0104410984,0.0000000000,0.0000000000,0.0806766152,0.0000000000,0.0744717345,0.2777513266,0.1236365139,0.0000000000,0.0000000000,0.0809128582,0.0000000000,0.0700936392,0.0727960467,0.0000000000,0.2224571109,0.1053900868,0.1506599188,0.1236494631,0.0561654493,0.0000000000,0.2137016505,0.2055658251,0.0000000000,0.0000000000,0.0669900030,0.0704050884,0.2108656019,0.1758731753,0.0399891548,0.0339867510,0.0825439543,0.0726554990,0.0277369693,0.0267614778,0.4401614964,0.4105236828,0.1137995869,0.0953586474,0.2143380791,0.2129965872,0.1919960678,0.0000000000,0.0000000000,0.0141406655,0.0937573314,0.1131897867,0.1501974761,0.1387085021,0.0000165827,0.0000000000,0.0000000000,0.0000000000,-0.0744387507,0.1701444089,-0.0127764819,0.0062860097,0.1701435894,0.0010799580
20:20:20:44.291,61,0.0765245035,0.2850298285,0.0128025524,0.0000000000,0.0000000000,0.0804399848,0.0000000000,0.0745812058,0.2842738628,0.1212288439,0.0000000000,0.0000000000,0.0806751549,0.0000000000,0.0694117472,0.0681924969,0.0000000000,0.2176324427,0.1052951217,0.1510673463,0.1321591139,0.0557339042,0.0000000000,0.2023890465,0.1940338016,0.0000000000,0.0000000000,0.0666369498,0.0700656250,0.2075902969,0.1732293814,0.0399762020,0.0338149890,0.0832520574,0.0727155432,0.0278356001,0.0269169547,0.4212644994,0.3890184462,0.1139346063,0.0960404575,0.2181266844,0.2168991268,0.1926975548,0.0000000000,0.0000000000,0.0139192054,0.0936621651,0.1132736802,0.1516339481,0.1414677948,0.0000207058,0.0000000000,0.0000000000,0.0000000000,-0.0729387254,0.1741207093,-0.0128179919,0.0077023879,0.1741200536,0.0013548458
20:20:20:45.293,61,0.0798410773,0.2871533632,0.0126264654,0.0000000000,0.0000000000,0.0804936886,0.0000000000,0.0779236257,0.2863913774,0.1212515831,0.0000000000,0.0000000000,0.0807258710,0.0000000000,0.0684474260,0.0629935712,0.0000000000,0.2049717903,0.1053843647,0.1514813900,0.1455168128,0.0553057231,0.0000000000,0.1982383728,0.1899308711,0.0000000000,0.0000000000,0.0661333948,0.0695670918,0.2018364817,0.1698792130,0.0400233641,0.0337213241,0.0867865011,0.0731507465,0.0280496702,0.0272057280,0.4118176997,0.3792023063,0.1140300110,0.0966278985,0.2465360314,0.2454618663,0.1948878318,0.0000000000,0.0000000000,0.0137563162,0.0937630087,0.1134655699,0.1568188220,0.1469588876,0.0000157255,0.0000000000,0.0000000000,0.0000000000,-0.0729357749,0.1754177511,-0.0129149212,0.0075947079,0.1754171103,0.0013460632
20:20:20:46.294,61,0.0805368349,0.2867913246,0.0137721365,0.0000000000,0.0000000000,0.0805074722,0.0000000000,0.0786222443,0.2860477269,0.1199985445,0.0000000000,0.0000000000,0.0807379633,0.0000000000,0.0655768439,0.0611484051,0.0000000000,0.1975476146,0.1057600752,0.1518365592,0.1547705829,0.0553900413,0.0000000000,0.1923859566,0.1787457168,0.0000000000,0.0000000000,0.0655331984,0.0689486638,0.1996169984,0.1682167500,0.0400894284,0.0335943252,0.0893933922,0.0736345053,0.0282186475,0.0274482686,0.3951726556,0.3549391925,0.1138409525,0.0967671201,0.2538756430,0.2528311312,0.1964333355,0.0000000000,0.0000000000,0.0136367194,0.0936562121,0.1133562624,0.1585772187,0.1488974243,0.0000085374,0.0000000000,0.0000000000,0.0000000000,-0.0721847564,0.1751975715,-0.0127658080,0.0082841432,0.1751969606,0.0014663725
20:20:20:47.294,61,0.0739762485,0.2883086503,0.0186177325,0.0000000000,0.0000000000,0.0801642984,0.0000000000,0.0724649653,0.2876298726,0.1151125729,0.0000000000,0.0000000000,0.0803919658,0.0000000000,0.0621863604,0.0591113679,0.0000000000,0.1797648221,0.1094120517,0.1518387794,0.1586685330,0.0553871021,0.0000000000,0.1899429709,0.1753025502,0.0000000000,0.0000000000,0.0649346709,0.0683435053,0.1982685924,0.1671579778,0.0402841903,0.0335892439,0.0907205194,0.0738079771,0.0283729490,0.0276881251,0.3832356334,0.3455273509,0.1087740734,0.0953491181,0.2281327695,0.2269970030,0.1968161166,0.0000000000,0.0000000000,0.0135532543,0.0934570208,0.1131527349,0.1596616358,0.1501583308,0.0000090824,0.0000000000,0.0000000000,0.0000000000,-0.0692339092,0.1761294603,-0.0123113459,0.0111969942,0.1761288941,0.0019927188
20:20:20:48.295,61,0.0723349229,0.2875522673,0.0183728058,0.0000000000,0.0000000000,0.0797764137,0.0000000000,0.0709110722,0.2868710458,0.1154211387,0.0000000000,0.0000000000,0.0800018385,0.0000000000,0.0573999882,0.0562058948,0.0000000000,0.1680898219,0.1201338619,0.1517590135,0.1701033860,0.0560339242,0.0000000000,0.1877920926,0.1713203937,0.0000000000,0.0000000000,0.0642425716,0.0675778538,0.1966920942,0.1655034870,0.0405402407,0.0336323529,0.0923700854,0.0739360452,0.0284617152,0.0278690811,0.3497068584,0.3130519986,0.1009303331,0.0893035531,0.2023481131,0.2008449435,0.1967909634,0.0000000000,0.0000000000,0.0135384277,0.0933804959,0.1130234003,0.1603087187,0.1508461982,0.0000058999,0.0000000000,0.0000000000,0.0000000000,-0.0694251955,0.1756671369,-0.0123122223,0.0110505978,0.1756665260,0.0019613951
20:20:20:49.297,61,0.0711109638,0.2861766219,0.0188995246,0.0000000000,0.0000000000,0.0793023556,0.0000000000,0.0697204322,0.2855066061,0.1148407534,0.0000000000,0.0000000000,0.0795263499,0.0000000000,0.0551870018,0.0549103245,0.0000000000,0.1634735018,0.1251403391,0.1517795622,0.1758346707,0.0596485510,0.0000000000,0.1865432262,0.1676396430,0.0000000000,0.0000000000,0.0636680871,0.0669413358,0.1957832724,0.1644916236,0.0408703350,0.0338072143,0.0934166834,0.0739431307,0.0285593867,0.0280574448,0.3401539624,0.3035720289,0.0959733948,0.0841983482,0.1872985363,0.1857714951,0.1964146495,0.0000000000,0.0000000000,0.0135774640,0.0931751356,0.1127172336,0.1605553329,0.1510581970,0.0000060825,0.0000000000,0.0000000000,0.0000000000,-0.0690862909,0.1748273969,-0.0121924458,0.0113690933,0.1748267710,0.0020080765
20:20:20:50.297,61,0.0705028251,0.2859275043,0.0195359737,0.0000000000,0.0000000000,0.0788883716,0.0000000000,0.0691384673,0.2852680385,0.1141093969,0.0000000000,0.0000000000,0.0791100189,0.0000000000,0.0540424548,0.0532599390,0.0000000000,0.1635645479,0.1274720281,0.1556222141,0.1851994544,0.0603381582,0.0000000000,0.1828941405,0.1658418328,0.0000000000,0.0000000000,0.0631605089,0.0664184541,0.1955250055,0.1643388718,0.0410681292,0.0339458175,0.0956151038,0.0742503703,0.0287366863,0.0283078440,0.3361021876,0.3008500934,0.0939294249,0.0823843852,0.1808104068,0.1792724580,0.1960214525,0.0000000000,0.0000000000,0.0136943171,0.0930998549,0.1126241386,0.1608603001,0.1514299363,0.0000052817,0.0000000000,0.0000000000,0.0000000000,-0.0686480924,0.1746759713,-0.0121045327,0.0117522674,0.1746753454,0.0020739171
20:20:20:51.299,61,0.0705721900,0.2860726416,0.0198574141,0.0000000000,0.0000000000,0.0785396844,0.0000000000,0.0692145675,0.2854177952,0.1137533635,0.0000000000,0.0000000000,0.0787584633,0.0000000000,0.0534072742,0.0524010174,0.0000000000,0.1641762406,0.1286341697,0.1571693718,0.1882641166,0.0606239028,0.0000000000,0.1814514250,0.1649486572,0.0000000000,0.0000000000,0.0627164990,0.0659719333,0.1955015957,0.1643522829,0.0412498787,0.0340715609,0.0970053375,0.0746498182,0.0289093405,0.0285455137,0.3377854824,0.3029107451,0.0930034965,0.0815736353,0.1766766608,0.1751842201,0.1954227239,0.0000000000,0.0000000000,0.0137459617,0.0931281671,0.1126460582,0.1610993445,0.1516935378,0.0000042380,0.0000000000,0.0000000000,0.0000000000,-0.0684328303,0.1747650802,-0.0120729208,0.0119454470,0.1747644097,0.0021091031
20:20:20:52.299,61,0.0706138462,0.2864106894,0.0198910758,0.0000000000,0.0000000000,0.0783376023,0.0000000000,0.0692647919,0.2857563496,0.1136532128,0.0000000000,0.0000000000,0.0785536692,0.0000000000,0.0529341847,0.0503300428,0.0000000000,0.1644997150,0.1292849332,0.1580034792,0.1902281195,0.0603902936,0.0000000000,0.1727360338,0.1608893722,0.0000000000,0.0000000000,0.0621656664,0.0654379129,0.1951408088,0.1642280072,0.0413717739,0.0341981202,0.0978703871,0.0749192312,0.0290136114,0.0287106149,0.3376510143,0.3031154573,0.0923779905,0.0811143294,0.1751199961,0.1736532450,0.1949873418,0.0000000000,0.0000000000,0.0138185527,0.0930067301,0.1124926284,0.1611581743,0.1518332362,0.0000031929,0.0000000000,0.0000000000,0.0000000000,-0.0683701038,0.1749716699,-0.0120764226,0.0119652618,0.1749709845,0.0021151497
20:20:20:53.300,61,0.0652718470,0.2860594094,0.0211690404,0.0000000000,0.0000000000,0.0781639665,0.0000000000,0.0631319433,0.2854240239,0.1123490259,0.0000000000,0.0000000000,0.0783813819,0.0000000000,0.0524799749,0.0507731065,0.0000000000,0.1648196131,0.1297427714,0.1587171555,0.2012907267,0.0754682496,0.0000000000,0.1698560119,0.1307541579,0.0000000000,0.0000000000,0.0616521314,0.0648418218,0.1950164735,0.1638474017,0.0415548943,0.0343380906,0.0987126976,0.0751533583,0.0291781202,0.0289291162,0.3374980986,0.3003706336,0.0918822438,0.0800353959,0.1676539779,0.1655956060,0.1913883686,0.0000000000,0.0000000000,0.0140997507,0.0927907974,0.1120432764,0.1607138664,0.1505341232,0.0000026767,0.0000000000,0.0000000000,0.0000000000,-0.0675879791,0.1747587323,-0.0119236736,0.0127344895,0.1747580916,0.0022483261
20:20:20:54.302,61,0.0641935542,0.2841842771,0.0213077869,0.0000000000,0.0000000000,0.0781241879,0.0000000000,0.0618577264,0.2835545838,0.1122351959,0.0000000000,0.0000000000,0.0783416852,0.0000000000,0.0520524047,0.0497994982,0.0000000000,0.1635973752,0.1303421557,0.1587426066,0.2045461982,0.0780914351,0.0000000000,0.1678728163,0.1237715408,0.0000000000,0.0000000000,0.0611073785,0.0642565116,0.1936693192,0.1632795483,0.0418146960,0.0346044302,0.0991534814,0.0750193745,0.0293510985,0.0291543175,0.3369707465,0.2993808687,0.0886176452,0.0773628503,0.1653609872,0.1631748080,0.1878816634,0.0000000000,0.0000000000,0.0143938223,0.0924140811,0.1114354432,0.1577587128,0.1476928592,0.0000035599,0.0000000000,0.0000000000,0.0000000000,-0.0675330758,0.1736134142,-0.0118343327,0.0128205363,0.1736127138,0.0022483789
20:20:20:55.303,61,0.0638135895,0.2825863361,0.0222453792,0.0000000000,0.0000000000,0.0782461837,0.0000000000,0.0614021420,0.2819725275,0.1113351583,0.0000000000,0.0000000000,0.0784615278,0.0000000000,0.0516344607,0.0468375459,0.0000000000,0.1620659232,0.1306370944,0.1584962606,0.2058200985,0.0724121407,0.0000000000,0.1667284966,0.1246476397,0.0000000000,0.0000000000,0.0605582371,0.0636772737,0.1910942942,0.1626771539,0.0420160741,0.0348039456,0.0994430259,0.0748755932,0.0294936020,0.0293332227,0.3360463381,0.2987173796,0.0872928500,0.0762232915,0.1662791967,0.1642148793,0.1862885952,0.0000000000,0.0000000000,0.0145737184,0.0921416134,0.1108882427,0.1565502733,0.1464642137,0.0000037581,0.0000000000,0.0000000000,0.0000000000,-0.0670028403,0.1726385057,-0.0116743045,0.0133869546,0.1726378053,0.0023342574
20:20:20:56.303,61,0.0695951432,0.2809906006,0.0225914773,0.0000000000,0.0000000000,0.0786559358,0.0000000000,0.0676793978,0.2803852260,0.1109675243,0.0000000000,0.0000000000,0.0788692012,0.0000000000,0.0515474491,0.0449052081,0.0000000000,0.1617332101,0.1306171566,0.1587900519,0.2063004822,0.0667514503,0.0000000000,0.1641525626,0.1253482401,0.0000000000,0.0000000000,0.0600888543,0.0632124245,0.1902093440,0.1625172943,0.0421495438,0.0350275747,0.0997868106,0.0748863295,0.0296674669,0.0295408014,0.3355293870,0.2985117733,0.0865824223,0.0756640509,0.1675851196,0.1657048017,0.1860369742,0.0000000000,0.0000000000,0.0147428364,0.0920327604,0.1105809882,0.1558376253,0.1457779109,0.0000037727,0.0000000000,0.0000000000,0.0000000000,-0.0667928606,0.1716641635,-0.0115707871,0.0135975378,0.1716634333,0.0023573251
20:20:20:57.304,61,0.0993145630,0.2835375369,0.0235117991,0.0000000000,0.0000000000,0.0787543133,0.0000000000,0.0970478877,0.2829399407,0.1100124940,0.0000000000,0.0000000000,0.0789640099,0.0000000000,0.0516070165,0.0434543341,0.0000000000,0.1618160456,0.1303721070,0.1591717601,0.2066351324,0.0642210245,0.0000000000,0.1634843349,0.1332586408,0.0000000000,0.0000000000,0.0596618503,0.0627831966,0.1892159432,0.1620691121,0.0422372073,0.0352943167,0.1000283360,0.0748799667,0.0298971925,0.0297949500,0.3355975151,0.2988881171,0.0861760676,0.0753724873,0.1591798961,0.1576167345,0.1854092181,0.0000000000,0.0000000000,0.0149438586,0.0918682739,0.1101713255,0.1554008275,0.1453725696,0.0000042124,0.0000000000,0.0000000000,0.0000000000,-0.0662000552,0.1732214391,-0.0115743829,0.0141476309,0.1732207239,0.0024753844
20:20:20:58.305,61,0.1069638357,0.2838560343,0.0227068793,0.0000000000,0.0000000000,0.0786470845,0.0000000000,0.1046598703,0.2832469940,0.1107818410,0.0000000000,0.0000000000,0.0788540617,0.0000000000,0.0517563261,0.0424085259,0.0000000000,0.1620483994,0.1301124841,0.1595088392,0.2064380646,0.0626209453,0.0000000000,0.1630423367,0.1366817057,0.0000000000,0.0000000000,0.0592816733,0.0624022447,0.1884250492,0.1616181433,0.0423244089,0.0356110968,0.1000117213,0.0747055784,0.0300844628,0.0300025139,0.3366532922,0.3026964664,0.0858421475,0.0751627162,0.1347593963,0.1334185749,0.1838243604,0.0000000000,0.0000000000,0.0151236951,0.0916541144,0.1097630337,0.1549025178,0.1449255347,0.0000032369,0.0000000000,0.0000000000,0.0000000000,-0.0666608065,0.1734148264,-0.0116680861,0.0136628281,0.1734141707,0.0023932885
20:20:20:59.307,61,0.1027401462,0.2828723490,0.0234795250,0.0000000000,0.0000000000,0.0785917938,0.0000000000,0.1003859341,0.2822754979,0.1100583524,0.0000000000,0.0000000000,0.0787989721,0.0000000000,0.0518022664,0.0419081487,0.0000000000,0.1620810181,0.1297557056,0.1597705930,0.2060204595,0.0620385595,0.0000000000,0.1631560177,0.1385443211,0.0000000000,0.0000000000,0.0589666292,0.0620564185,0.1875022799,0.1606288850,0.0423988961,0.0358865894,0.0999083519,0.0744672641,0.0303022023,0.0302411169,0.3371784389,0.3038626611,0.0854892209,0.0748192444,0.1270564198,0.1256822199,0.1789381951,0.0000000000,0.0000000000,0.0153648853,0.0914694816,0.1093729213,0.1531809419,0.1431559026,0.0000022236,0.0000000000,0.0000000000,0.0000000000,-0.0662323460,0.1728150100,-0.0115523022,0.0141292159,0.1728142947,0.0024662446
20:20:21:00.308,61,0.0871153623,0.2796387672,0.0233883057,0.0000000000,0.0000000000,0.0786058158,0.0000000000,0.0851845667,0.2790467143,0.1102069691,0.0000000000,0.0000000000,0.0788115188,0.0000000000,0.0518542044,0.0412128307,0.0000000000,0.1619717032,0.1295533925,0.1595529169,0.1961244792,0.0612470657,0.0000000000,0.1631871015,0.1408515126,0.0000000000,0.0000000000,0.0586976819,0.0618000813,0.1868600845,0.1601470262,0.0426241197,0.0361274779,0.0998050421,0.0742275119,0.0304264724,0.0303844158,0.3374780118,0.3048278093,0.0850690529,0.0745310634,0.1247197762,0.1233116165,0.1771012545,0.0000000000,0.0000000000,0.0154795321,0.0912505984,0.1090062112,0.1515886635,0.1418980807,0.0000019877,0.0000000000,0.0000000000,0.0000000000,-0.0663444698,0.1708395034,-0.0114369318,0.0140791461,0.1708386987,0.0024288546
20:20:21:01.309,61,0.0670021251,0.2770172656,0.0236043166,0.0000000000,0.0000000000,0.0785394385,0.0000000000,0.0651917607,0.2764331400,0.1100309864,0.0000000000,0.0000000000,0.0787437633,0.0000000000,0.0518671609,0.0405483730,0.0000000000,0.1620105058,0.1297709197,0.1591600776,0.1890308559,0.0605770573,0.0000000000,0.1646878719,0.1491192877,0.0000000000,0.0000000000,0.0586010069,0.0617325194,0.1867119372,0.1601069570,0.0429397598,0.0364016108,0.0996193215,0.0738720372,0.0304906946,0.0304689314,0.3381479383,0.3077705503,0.0845012590,0.0741325691,0.1229588911,0.1215418205,0.1760255992,0.0000000000,0.0000000000,0.0155011555,0.0912195221,0.1088978425,0.1507453471,0.1412464976,0.0000012487,0.0000000000,0.0000000000,0.0000000000,-0.0662566796,0.1692382991,-0.0113126980,0.0142130880,0.1692374647,0.0024285312
20:20:21:02.310,61,0.0616878197,0.2759690881,0.0246991571,0.0000000000,0.0000000000,0.0783397034,0.0000000000,0.0599627681,0.2754018605,0.1089415327,0.0000000000,0.0000000000,0.0785418078,0.0000000000,0.0517842732,0.0398330279,0.0000000000,0.1622138768,0.1310984641,0.1587245315,0.1865127981,0.0600065216,0.0000000000,0.1673319489,0.1533792466,0.0000000000,0.0000000000,0.0585290380,0.0616648160,0.1864729226,0.1600290984,0.0432403684,0.0366977677,0.0993859097,0.0734236762,0.0305168591,0.0305086467,0.3386268616,0.3089858890,0.0837594420,0.0736064464,0.1144489199,0.1130384430,0.1755373776,0.0000000000,0.0000000000,0.0155032538,0.0913665816,0.1089851260,0.1502942294,0.1409163922,0.0000009733,0.0000000000,0.0000000000,0.0000000000,-0.0656077191,0.1685996354,-0.0111589804,0.0148739563,0.1685987711,0.0025316665
20:20:21:03.311,61,0.0688792914,0.2751457691,0.0247418620,0.0000000000,0.0000000000,0.0781462416,0.0000000000,0.0670500547,0.2745812833,0.1088493839,0.0000000000,0.0000000000,0.0783477202,0.0000000000,0.0517689697,0.0393278226,0.0000000000,0.1624609828,0.1334882379,0.1585108191,0.1877625138,0.0600103252,0.0000000000,0.1682818830,0.1549283415,0.0000000000,0.0000000000,0.0584311150,0.0615475811,0.1863624156,0.1599408388,0.0435612984,0.0370594002,0.0993012413,0.0730223879,0.0305977874,0.0306071509,0.3389437199,0.3094638288,0.0830550194,0.0729912221,0.1097346693,0.1083087698,0.1750850827,0.0000000000,0.0000000000,0.0156188132,0.0915033892,0.1090560555,0.1501126736,0.1407707632,0.0000008577,0.0000000000,0.0000000000,0.0000000000,-0.0655578002,0.1680967063,-0.0111166071,0.0149009489,0.1680958420,0.0025285499
20:20:21:04.313,61,0.0733734295,0.2755137980,0.0251643993,0.0000000000,0.0000000000,0.0779811144,0.0000000000,0.0715498552,0.2749545276,0.1084094495,0.0000000000,0.0000000000,0.0781814530,0.0000000000,0.0518520474,0.0387505069,0.0000000000,0.1628412008,0.1472470164,0.1580179483,0.1925607771,0.0597174317,0.0000000000,0.1690601707,0.1559794843,0.0000000000,0.0000000000,0.0584218167,0.0615394004,0.1863667518,0.1601523310,0.0446844064,0.0376178138,0.0994210243,0.0725408420,0.0307645611,0.0307727959,0.3385826051,0.3094329834,0.0781627297,0.0700778142,0.1080013886,0.1065695360,0.1747860909,0.0000000000,0.0000000000,0.0158147439,0.0918219462,0.1093605682,0.1502134800,0.1409308910,0.0000008783,0.0000000000,0.0000000000,0.0000000000,-0.0652903244,0.1683222502,-0.0110864574,0.0151548432,0.1683213264,0.0025751460
20:20:21:05.314,61,0.0778453723,0.2763979137,0.0262001492,0.0000000000,0.0000000000,0.0777052790,0.0000000000,0.0760256127,0.2758507431,0.1073828489,0.0000000000,0.0000000000,0.0779033080,0.0000000000,0.0519330911,0.0380750261,0.0000000000,0.1628780216,0.1527198702,0.1551903337,0.1939910203,0.0593914352,0.0000000000,0.1756406873,0.1589662433,0.0000000000,0.0000000000,0.0585277416,0.0616426729,0.1862825006,0.1604079455,0.0481409319,0.0382489711,0.0996931270,0.0719811618,0.0309979320,0.0309811123,0.3340246975,0.3080534041,0.0725069493,0.0657578111,0.1066506878,0.1052116007,0.1742076278,0.0000000000,0.0000000000,0.0160090923,0.0922499672,0.1097306013,0.1505465508,0.1413127780,0.0000006757,0.0000000000,0.0000000000,0.0000000000,-0.0646660551,0.1688639820,-0.0110166287,0.0157771558,0.1688631326,0.0026896768
20:20:21:06.315,61,0.0798064396,0.2759755850,0.0273766331,0.0000000000,0.0000000000,0.0774380416,0.0000000000,0.0779857039,0.2754453123,0.1061816216,0.0000000000,0.0000000000,0.0776338652,0.0000000000,0.0520962030,0.0366560854,0.0000000000,0.1628583074,0.1603758037,0.1482259929,0.1944252700,0.0591179952,0.0000000000,0.1919768006,0.1683174223,0.0000000000,0.0000000000,0.0589049421,0.0619912557,0.1865185350,0.1616705358,0.0626033545,0.0397797115,0.1014747247,0.0714194477,0.0314052589,0.0313240252,0.3117049038,0.2959291935,0.0639433488,0.0582274348,0.1055607796,0.1040821970,0.1732320040,0.0000000000,0.0000000000,0.0162513275,0.0947221890,0.1115147173,0.1511210948,0.1419040114,0.0000006219,0.0000000000,0.0000000000,0.0000000000,-0.0639454052,0.1686078757,-0.0108771967,0.0164863281,0.1686069965,0.0028062202
20:20:21:07.316,61,0.0811571330,0.2749951482,0.0273983069,0.0000000000,0.0000000000,0.0772392079,0.0000000000,0.0793355405,0.2744671404,0.1061473638,0.0000000000,0.0000000000,0.0774329379,0.0000000000,0.0519763231,0.0353385806,0.0000000000,0.1623109281,0.1638483107,0.1363598257,0.1949546933,0.0589990877,0.0000000000,0.1970949620,0.1718723774,0.0000000000,0.0000000000,0.0592385791,0.0622636192,0.1864389032,0.1621834338,0.0723275617,0.0407171994,0.1059589759,0.0709383339,0.0318912007,0.0317251794,0.2859626114,0.2725631297,0.0567859113,0.0516657457,0.1052138731,0.1037171334,0.1719698608,0.0000000000,0.0000000000,0.0165196080,0.0967814103,0.1129304841,0.1517996192,0.1425503492,0.0000005568,0.0000000000,0.0000000000,0.0000000000,-0.0639312491,0.1680089086,-0.0108354269,0.0165010616,0.1680081189,0.0027985603
20:20:21:08.316,61,0.0819217563,0.2734870911,0.0281832647,0.0000000000,0.0000000000,0.0769996345,0.0000000000,0.0800996870,0.2729728520,0.1053224504,0.0000000000,0.0000000000,0.0771913081,0.0000000000,0.0518487282,0.0341979787,0.0000000000,0.1573613435,0.1655545384,0.1254904866,0.1944783032,0.0588123314,0.0000000000,0.1997648478,0.1739164591,0.0000000000,0.0000000000,0.0596707128,0.0626063421,0.1864081621,0.1626199782,0.0871090591,0.0417879671,0.1136333868,0.0706209466,0.0325357169,0.0322871543,0.2680239379,0.2566993535,0.0512945466,0.0467745401,0.1046719402,0.1031661108,0.1701539159,0.0000000000,0.0000000000,0.0168830827,0.0980256423,0.1138855070,0.1523016989,0.1430782080,0.0000002927,0.0000000000,0.0000000000,0.0000000000,-0.0634442121,0.1670889854,-0.0106930118,0.0169764590,0.1670880616,0.0028631140
20:20:21:09.317,61,0.0825613514,0.2731983066,0.0295509454,0.0000000000,0.0000000000,0.0768029392,0.0000000000,0.0807361975,0.2727038860,0.1038577855,0.0000000000,0.0000000000,0.0769936964,0.0000000000,0.0516814478,0.0334511846,0.0000000000,0.1505555063,0.1662707627,0.1189519390,0.1945540011,0.0587852895,0.0000000000,0.2014542371,0.1776098460,0.0000000000,0.0000000000,0.0600779392,0.0628942922,0.1863096058,0.1627439260,0.0957833529,0.0425862335,0.1224116012,0.0705352128,0.0340286940,0.0334991030,0.2570385635,0.2457134575,0.0475914888,0.0434516296,0.1044583321,0.1029488295,0.1681816429,0.0000000000,0.0000000000,0.0173953176,0.0996772423,0.1155070364,0.1531020105,0.1442217678,0.0000004007,0.0000000000,0.0000000000,0.0000000000,-0.0625636950,0.1669149846,-0.0105336271,0.0178008173,0.1669140607,0.0029989432
20:20:21:10.319,61,0.0830013752,0.2728483379,0.0301960781,0.0000000000,0.0000000000,0.0766817108,0.0000000000,0.0811814517,0.2723639905,0.1031302363,0.0000000000,0.0000000000,0.0768710673,0.0000000000,0.0514897443,0.0327957869,0.0000000000,0.1420208663,0.1654947996,0.1136928722,0.1943266988,0.0584033281,0.0000000000,0.2055087984,0.1891331673,0.0000000000,0.0000000000,0.0605558939,0.0632505044,0.1858437508,0.1625103801,0.1008582935,0.0432707779,0.1270056069,0.0705745891,0.0359493122,0.0352383964,0.2503455281,0.2393040508,0.0453079455,0.0415416099,0.1044509411,0.1029487997,0.1656444222,0.0000000000,0.0000000000,0.0180135705,0.1010172367,0.1169653758,0.1536837667,0.1449791789,0.0000004291,0.0000000000,0.0000000000,0.0000000000,-0.0621276163,0.1667023152,-0.0104467291,0.0181900896,0.1667013913,0.0030605395
20:20:21:11.320,61,0.0833807662,0.2730530500,0.0301602129,0.0000000000,0.0000000000,0.0764320195,0.0000000000,0.0815738440,0.2725688219,0.1030695736,0.0000000000,0.0000000000,0.0766189396,0.0000000000,0.0511695333,0.0320830382,0.0000000000,0.1357868761,0.1620797664,0.1111801565,0.1944580674,0.0569803342,0.0000000000,0.2073691487,0.1936125010,0.0000000000,0.0000000000,0.0608607829,0.0634281263,0.1830367595,0.1616323441,0.1031833589,0.0437262096,0.1294246167,0.0707534999,0.0373800173,0.0365447327,0.2467178404,0.2360125631,0.0439628474,0.0403711572,0.1054708734,0.1040317565,0.1639377922,0.0000000000,0.0000000000,0.0186742097,0.1019962728,0.1181432083,0.1546063721,0.1466931254,0.0000004908,0.0000000000,0.0000000000,0.0000000000,-0.0620897561,0.1668273062,-0.0104483459,0.0181681011,0.1668263972,0.0030591760
20:20:21:12.321,61,0.0838489681,0.2738247514,0.0303730071,0.0000000000,0.0000000000,0.0761473924,0.0000000000,0.0820568055,0.2733431458,0.1027498469,0.0000000000,0.0000000000,0.0763312802,0.0000000000,0.0507464334,0.0314947702,0.0000000000,0.1257794052,0.1532722712,0.1075328141,0.1947185248,0.0560397021,0.0000000000,0.2139042467,0.2019505352,0.0000000000,0.0000000000,0.0611181892,0.0635448620,0.1765392274,0.1567018032,0.1047440171,0.0439997390,0.1346681863,0.0712551475,0.0397491381,0.0389567204,0.2375086844,0.2265113890,0.0430061817,0.0395264849,0.1097898036,0.1084832326,0.1600422114,0.0000000000,0.0000000000,0.0196196903,0.1028016582,0.1190186664,0.1554776877,0.1484045088,0.0000005469,0.0000000000,0.0000000000,0.0000000000,-0.0618922189,0.1672991812,-0.0104451645,0.0182948299,0.1672983170,0.0030893902
20:20:21:13.322,61,0.0842187777,0.2741198242,0.0308413357,0.0000000000,0.0000000000,0.0758803561,0.0000000000,0.0824459568,0.2736454308,0.1021438390,0.0000000000,0.0000000000,0.0760602355,0.0000000000,0.0502731316,0.0308053959,0.0000000000,0.1205441952,0.1485172063,0.1047797352,0.1945424825,0.0531159043,0.0000000000,0.2224601060,0.2132368088,0.0000000000,0.0000000000,0.0613411628,0.0636480078,0.1716753840,0.1535112858,0.1056096405,0.0441971570,0.1366100460,0.0716474876,0.0409828536,0.0401822366,0.2341915965,0.2232162505,0.0422759093,0.0389025137,0.1113904491,0.1101298928,0.1570416540,0.0000000000,0.0000000000,0.0203431118,0.1033916771,0.1196498945,0.1561035365,0.1494227350,0.0000005673,0.0000000000,0.0000000000,0.0000000000,-0.0615252890,0.1674803793,-0.0103947809,0.0185763538,0.1674794555,0.0031403855
20:20:21:14.322,61,0.0839519873,0.2724294066,0.0312979072,0.0000000000,0.0000000000,0.0757573843,0.0000000000,0.0822020546,0.2719651461,0.1015677005,0.0000000000,0.0000000000,0.0759336874,0.0000000000,0.0498813950,0.0300999060,0.0000000000,0.1181383505,0.1464231759,0.1032796800,0.1940429360,0.0514701530,0.0000000000,0.2324947715,0.2230864912,0.0000000000,0.0000000000,0.0616816282,0.0638807192,0.1699417830,0.1523467004,0.1063472256,0.0443754569,0.1379326433,0.0720447078,0.0419021212,0.0410934500,0.2323762327,0.2214865386,0.0416498557,0.0383644849,0.1123590246,0.1111197993,0.1555375755,0.0000000000,0.0000000000,0.0209765155,0.1043862775,0.1208343431,0.1566327363,0.1501822323,0.0000010725,0.0000000000,0.0000000000,0.0000000000,-0.0611888543,0.1664484739,-0.0102731278,0.0188546386,0.1664475203,0.0031674167
20:20:21:15.324,61,0.0794436634,0.2686490715,0.0313123763,0.0000000000,0.0000000000,0.0759162530,0.0000000000,0.0779321119,0.2681916952,0.1015115678,0.0000000000,0.0000000000,0.0760899335,0.0000000000,0.0495280661,0.0294129178,0.0000000000,0.1169385165,0.1453957260,0.1024552211,0.1937097162,0.0499451160,0.0000000000,0.2358874679,0.2268283367,0.0000000000,0.0000000000,0.0620608293,0.0641682148,0.1693074852,0.1519584805,0.1068838611,0.0445657484,0.1388228387,0.0723810345,0.0426581204,0.0418458730,0.2313085347,0.2205759585,0.0410781987,0.0378900208,0.1130602360,0.1118314117,0.1544154733,0.0000000000,0.0000000000,0.0215900540,0.1062733904,0.1233347356,0.1570237577,0.1507737935,0.0000018439,0.0000000000,0.0000000000,0.0000000000,-0.0611785315,0.1641388535,-0.0101262713,0.0188706201,0.1641378701,0.0031253072
20:20:21:16.325,61,0.0676436052,0.2649854124,0.0310303066,0.0000000000,0.0000000000,0.0761140585,0.0000000000,0.0662393719,0.2645306289,0.1017914414,0.0000000000,0.0000000000,0.0762854740,0.0000000000,0.0492355339,0.0287435967,0.0000000000,0.1164220795,0.1450705081,0.1018540114,0.1904583126,0.0489992090,0.0000000000,0.2379483730,0.2289911807,0.0000000000,0.0000000000,0.0625490099,0.0645695925,0.1702377498,0.1525033861,0.1080308929,0.0447943993,0.1394704282,0.0726242885,0.0432232767,0.0424054936,0.2307392359,0.2201274633,0.0405524112,0.0374392234,0.1135483012,0.1123174727,0.1534846425,0.0000000000,0.0000000000,0.0220444091,0.1088498160,0.1262156367,0.1574636400,0.1513449550,0.0000050183,0.0000000000,0.0000000000,0.0000000000,-0.0613697693,0.1619000435,-0.0100168725,0.0187075157,0.1618989408,0.0030552822
20:20:21:17.326,61,0.0629501641,0.2620956898,0.0309631359,0.0000000000,0.0000000000,0.0763725936,0.0000000000,0.0616471767,0.2616451681,0.1018388495,0.0000000000,0.0000000000,0.0765415356,0.0000000000,0.0490237586,0.0280837305,0.0000000000,0.1163018197,0.1450447738,0.1013623849,0.1892769486,0.0481190756,0.0000000000,0.2408894449,0.2328782976,0.0000000000,0.0000000000,0.0630186424,0.0649652928,0.1707402319,0.1529228687,0.1088639945,0.0450075865,0.1401406229,0.0729383156,0.0437619947,0.0429511964,0.2303538769,0.2198977321,0.0400679782,0.0370392390,0.1138615608,0.1126336977,0.1526740938,0.0000000000,0.0000000000,0.0225218944,0.1117713898,0.1297328174,0.1579422206,0.1519560814,0.0000056651,0.0000000000,0.0000000000,0.0000000000,-0.0614159107,0.1601344794,-0.0099131800,0.0186723731,0.1601333171,0.0030157075
20:20:21:18.327,61,0.0599659011,0.2622010410,0.0319556519,0.0000000000,0.0000000000,0.0763852745,0.0000000000,0.0587287135,0.2617633045,0.1008167714,0.0000000000,0.0000000000,0.0765507743,0.0000000000,0.0486699305,0.0271063633,0.0000000000,0.1157845855,0.1446953118,0.1007364243,0.1883698851,0.0466022193,0.0000000000,0.2476324588,0.2414910495,0.0000000000,0.0000000000,0.0634061396,0.0652791634,0.1710533649,0.1532746255,0.1095916405,0.0450295135,0.1414927542,0.0734027997,0.0442638993,0.0434534475,0.2293991297,0.2193917036,0.0396390371,0.0367092825,0.1143513843,0.1131277233,0.1517120302,0.0000000000,0.0000000000,0.0229252558,0.1130328774,0.1311974525,0.1583864987,0.1525997221,0.0000054821,0.0000000000,0.0000000000,0.0000000000,-0.0607988425,0.1602006555,-0.0098178359,0.0192707106,0.1601995230,0.0031136393
20:20:21:19.327,61,0.0584888160,0.2630341053,0.0324624144,0.0000000000,0.0000000000,0.0761331692,0.0000000000,0.0572801344,0.2626014948,0.1003061309,0.0000000000,0.0000000000,0.0762948617,0.0000000000,0.0481864400,0.0263937078,0.0000000000,0.1151760072,0.1441947818,0.1000587270,0.1880877763,0.0456643328,0.0000000000,0.2504316568,0.2450566143,0.0000000000,0.0000000000,0.0636516809,0.0654544234,0.1708983481,0.1531746387,0.1100068092,0.0449420512,0.1424391717,0.0739127547,0.0447488017,0.0439420752,0.2274773717,0.2183355540,0.0392688774,0.0364329405,0.1149106473,0.1136950180,0.1501172781,0.0000000000,0.0000000000,0.0233580638,0.1136589274,0.1319424063,0.1588562280,0.1532995850,0.0000048743,0.0000000000,0.0000000000,0.0000000000,-0.0604858920,0.1607106179,-0.0097989943,0.0195746943,0.1607094556,0.0031729909
20:20:21:20.328,61,0.0580033809,0.2637191117,0.0336051397,0.0000000000,0.0000000000,0.0758870617,0.0000000000,0.0568097681,0.2633001804,0.0991479382,0.0000000000,0.0000000000,0.0760447904,0.0000000000,0.0477266535,0.0257626120,0.0000000000,0.1145155877,0.1436312795,0.0993411839,0.1894227564,0.0448395945,0.0000000000,0.2544953823,0.2497745901,0.0000000000,0.0000000000,0.0638389885,0.0655638799,0.1704184562,0.1527414173,0.1104031503,0.0448641591,0.1438161284,0.0744551346,0.0453406721,0.0445410237,0.2257871777,0.2172981799,0.0388615243,0.0361239612,0.1160065085,0.1148273721,0.1486992240,0.0000000000,0.0000000000,0.0239232462,0.1140706390,0.1324007809,0.1593678594,0.1540490538,0.0000020716,0.0000000000,0.0000000000,0.0000000000,-0.0597833619,0.1611313224,-0.0097111231,0.0202623755,0.1611302495,0.0032931955
20:20:21:21.329,61,0.0581399463,0.2645366788,0.0352470949,0.0000000000,0.0000000000,0.0755621940,0.0000000000,0.0569497459,0.2641375065,0.0975209922,0.0000000000,0.0000000000,0.0757157356,0.0000000000,0.0472427607,0.0251887646,0.0000000000,0.1140157208,0.1432595253,0.0986934677,0.1897521764,0.0442988165,0.0000000000,0.2611783445,0.2544247806,0.0000000000,0.0000000000,0.0639922246,0.0656476244,0.1699296385,0.1523035616,0.1105959788,0.0447459146,0.1445216537,0.0748471767,0.0457048416,0.0449021980,0.2250161171,0.2167278826,0.0385516845,0.0358766988,0.1163755059,0.1152018905,0.1479815990,0.0000000000,0.0000000000,0.0242618620,0.1144443080,0.1327404976,0.1599810123,0.1548607945,0.0000016392,0.0000000000,0.0000000000,0.0000000000,-0.0587975010,0.1616341770,-0.0095815072,0.0212506708,0.1616330892,0.0034647644
20:20:21:22.331,61,0.0580881424,0.2638109028,0.0362858325,0.0000000000,0.0000000000,0.0753383413,0.0000000000,0.0569038130,0.2634262145,0.0964744687,0.0000000000,0.0000000000,0.0754885450,0.0000000000,0.0468069874,0.0246484168,0.0000000000,0.1134528369,0.1428703815,0.0979797244,0.1898437589,0.0436712839,0.0000000000,0.2636267543,0.2572378516,0.0000000000,0.0000000000,0.0641349778,0.0657322183,0.1696766019,0.1520921439,0.1110187769,0.0446016267,0.1458531171,0.0753669739,0.0460653305,0.0452748388,0.2238476872,0.2159933001,0.0382309929,0.0356436782,0.1163964644,0.1152324751,0.1473711878,0.0000000000,0.0000000000,0.0245703012,0.1148102507,0.1331398040,0.1604759544,0.1555664390,0.0000018928,0.0000000000,0.0000000000,0.0000000000,-0.0581706576,0.1611929536,-0.0094531504,0.0218785070,0.1611918360,0.0035572024
20:20:21:23.332,61,0.0579307973,0.2635959089,0.0374930687,0.0000000000,0.0000000000,0.0750794932,0.0000000000,0.0567490160,0.2632265389,0.0953157470,0.0000000000,0.0000000000,0.0752266720,0.0000000000,0.0464744046,0.0241811574,0.0000000000,0.1131961942,0.1427847296,0.0973766074,0.1894197911,0.0431944616,0.0000000000,0.2652888000,0.2595514059,0.0000000000,0.0000000000,0.0643491223,0.0659017265,0.1696650088,0.1520905942,0.1114319786,0.0445155390,0.1465511024,0.0757454261,0.0462936014,0.0455188639,0.2234158069,0.2156966776,0.0379788727,0.0354641303,0.1162090078,0.1150507182,0.1468210369,0.0000000000,0.0000000000,0.0247197915,0.1151047796,0.1334584951,0.1609785259,0.1562358290,0.0000030695,0.0000000000,0.0000000000,0.0000000000,-0.0574731529,0.1610642076,-0.0093323430,0.0226068869,0.1610631198,0.0036726217
20:20:21:24.333,61,0.0577860922,0.2641265094,0.0389917828,0.0000000000,0.0000000000,0.0748196989,0.0000000000,0.0566101186,0.2637757063,0.0938119814,0.0000000000,0.0000000000,0.0749640167,0.0000000000,0.0460995324,0.0237665344,0.0000000000,0.1128441393,0.1424959302,0.0969496965,0.1896711588,0.0427421592,0.0000000000,0.2648598552,0.2597270608,0.0000000000,0.0000000000,0.0644123033,0.0659064054,0.1694457084,0.1518777907,0.1116345674,0.0443851203,0.1472407132,0.0762068108,0.0465933569,0.0458386764,0.2228586674,0.2151533961,0.0377805531,0.0353309773,0.1159607470,0.1148080528,0.1465290636,0.0000000000,0.0000000000,0.0249952804,0.1154508665,0.1338334829,0.1615545899,0.1570279002,0.0000031726,0.0000000000,0.0000000000,0.0000000000,-0.0565633513,0.1613917947,-0.0092037860,0.0235093143,0.1613907218,0.0038271027
20:20:21:25.334,61,0.0577757321,0.2650494576,0.0394421481,0.0000000000,0.0000000000,0.0745911524,0.0000000000,0.0566077679,0.2647038996,0.0932961702,0.0000000000,0.0000000000,0.0747328848,0.0000000000,0.0457402505,0.0234331656,0.0000000000,0.1120608672,0.1419170350,0.0961159766,0.1897478104,0.0421605408,0.0000000000,0.2645788193,0.2599143684,0.0000000000,0.0000000000,0.0644865930,0.0659293011,0.1692727804,0.1516834944,0.1124132276,0.0442335717,0.1505465060,0.0771560594,0.0470060632,0.0462806188,0.2198967785,0.2121862322,0.0375633799,0.0351974368,0.1162035316,0.1150609851,0.1461680382,0.0000000000,0.0000000000,0.0252986625,0.1156999022,0.1341633201,0.1619623154,0.1576698422,0.0000032180,0.0000000000,0.0000000000,0.0000000000,-0.0562471673,0.1619567871,-0.0091849994,0.0237786658,0.1619557440,0.0038847332
20:20:21:26.335,61,0.0575030744,0.2660487890,0.0403918996,0.0000000000,0.0000000000,0.0744143054,0.0000000000,0.0563474782,0.2657147348,0.0922892913,0.0000000000,0.0000000000,0.0745530576,0.0000000000,0.0455336496,0.0230528172,0.0000000000,0.1116162017,0.1415562630,0.0955283195,0.1897729784,0.0415649787,0.0000000000,0.2646866441,0.2603176832,0.0000000000,0.0000000000,0.0645692497,0.0659644827,0.1692140102,0.1516190916,0.1130958200,0.0441545099,0.1519027054,0.0778180063,0.0473988838,0.0467088334,0.2189237624,0.2111952007,0.0373935774,0.0351065025,0.1161726192,0.1150410771,0.1458327323,0.0000000000,0.0000000000,0.0256127995,0.1162266955,0.1348422021,0.1628241986,0.1594826579,0.0000041298,0.0000000000,0.0000000000,0.0000000000,-0.0556345247,0.1625696719,-0.0091200564,0.0243488085,0.1625685990,0.0039931801
20:20:21:27.335,61,0.0570816733,0.2665007710,0.0406025089,0.0000000000,0.0000000000,0.0742764175,0.0000000000,0.0559417494,0.2661689520,0.0920633003,0.0000000000,0.0000000000,0.0744120702,0.0000000000,0.0452871099,0.0225620288,0.0000000000,0.1107379645,0.1410007328,0.0948210359,0.1893902272,0.0403540693,0.0000000000,0.2651464939,0.2626098394,0.0000000000,0.0000000000,0.0646007508,0.0659635589,0.1690303385,0.1515323222,0.1137332171,0.0439725481,0.1529547572,0.0784846470,0.0476985238,0.0470351987,0.2179279327,0.2103048265,0.0372405760,0.0350543968,0.1160932556,0.1149748415,0.1454558522,0.0000000000,0.0000000000,0.0258086342,0.1167104915,0.1354739219,0.1634109467,0.1604696512,0.0000037197,0.0000000000,0.0000000000,0.0000000000,-0.0554957688,0.1628463417,-0.0091130929,0.0244746543,0.1628452837,0.0040207673
20:20:21:28.337,61,0.0568104684,0.2664868832,0.0411937945,0.0000000000,0.0000000000,0.0741849691,0.0000000000,0.0556798391,0.2661627829,0.0914634615,0.0000000000,0.0000000000,0.0743184164,0.0000000000,0.0449004956,0.0222182740,0.0000000000,0.1099764630,0.1403886676,0.0942376778,0.1895407438,0.0396991223,0.0000000000,0.2653810084,0.2634410560,0.0000000000,0.0000000000,0.0645596683,0.0658830181,0.1686714888,0.1512060314,0.1140595302,0.0437327363,0.1537975222,0.0791245252,0.0479704067,0.0473308451,0.2168247551,0.2092324644,0.0371225812,0.0350174457,0.1164843887,0.1153723374,0.1450598836,0.0000000000,0.0000000000,0.0260229111,0.1171652600,0.1360481679,0.1639202386,0.1612355411,0.0000041531,0.0000000000,0.0000000000,0.0000000000,-0.0551342256,0.1628392637,-0.0090533867,0.0248311106,0.1628382355,0.0040791347
20:20:21:29.338,61,0.0562397502,0.2659188509,0.0414797105,0.0000000000,0.0000000000,0.0739703998,0.0000000000,0.0551180840,0.2655994892,0.0911429003,0.0000000000,0.0000000000,0.0741017014,0.0000000000,0.0445851013,0.0219815299,0.0000000000,0.1093111485,0.1398280114,0.0936314017,0.1890898049,0.0391982272,0.0000000000,0.2657788098,0.2642414570,0.0000000000,0.0000000000,0.0646176487,0.0659164265,0.1683616340,0.1508864313,0.1146030799,0.0435895026,0.1543809921,0.0796163678,0.0481832251,0.0475792736,0.2161568552,0.2085106224,0.0370041206,0.0349697806,0.1166780367,0.1155732200,0.1446474642,0.0000000000,0.0000000000,0.0261627547,0.1174357384,0.1364281327,0.1642649174,0.1618066877,0.0000047829,0.0000000000,0.0000000000,0.0000000000,-0.0549440980,0.1624929160,-0.0090026679,0.0250048749,0.1624918431,0.0040987795
20:20:21:30.339,61,0.0557430424,0.2659363151,0.0420321152,0.0000000000,0.0000000000,0.0737464949,0.0000000000,0.0546275638,0.2656239867,0.0906005949,0.0000000000,0.0000000000,0.0738758519,0.0000000000,0.0442410894,0.0217729043,0.0000000000,0.1085804105,0.1391277462,0.0932047591,0.1890263557,0.0387778245,0.0000000000,0.2654286623,0.2641833425,0.0000000000,0.0000000000,0.0645677373,0.0658388659,0.1681542099,0.1506490707,0.1149004623,0.0433867089,0.1549394727,0.0801211298,0.0484385379,0.0478613675,0.2154827416,0.2077817470,0.0369110294,0.0349399410,0.1167336479,0.1156320572,0.1444154531,0.0000000000,0.0000000000,0.0263817403,0.1176201850,0.1366972774,0.1645509005,0.1623192132,0.0000043475,0.0000000000,0.0000000000,0.0000000000,-0.0546170510,0.1625049412,-0.0089498125,0.0253378320,0.1625038832,0.0041536591
20:20:21:31.340,61,0.0557700619,0.2651202977,0.0424948856,0.0000000000,0.0000000000,0.0737571418,0.0000000000,0.0546631403,0.2648151815,0.0901025459,0.0000000000,0.0000000000,0.0738849714,0.0000000000,0.0440207236,0.0215888862,0.0000000000,0.1080630198,0.1386150867,0.0928281024,0.1890225857,0.0383368880,0.0000000000,0.2653525472,0.2644328475,0.0000000000,0.0000000000,0.0645277649,0.0657850504,0.1678946018,0.1503728032,0.1151714399,0.0432815179,0.1553230733,0.0805099458,0.0486965328,0.0481528454,0.2150299549,0.2072813958,0.0367794372,0.0348801613,0.1165831313,0.1154873073,0.1441784352,0.0000000000,0.0000000000,0.0266268570,0.1179121286,0.1370716989,0.1647480875,0.1627121419,0.0000053158,0.0000000000,0.0000000000,0.0000000000,-0.0543212071,0.1620074809,-0.0088736536,0.0256188847,0.1620064229,0.0041866377
20:20:21:32.342,61,0.0561405383,0.2649528384,0.0426867791,0.0000000000,0.0000000000,0.0739085376,0.0000000000,0.0550472327,0.2646509707,0.0898518711,0.0000000000,0.0000000000,0.0740344450,0.0000000000,0.0438484661,0.0212983582,0.0000000000,0.1074701324,0.1380371153,0.0924157277,0.1891786307,0.0377500653,0.0000000000,0.2653816044,0.2647880614,0.0000000000,0.0000000000,0.0644575134,0.0656986982,0.1676014066,0.1501112282,0.1155164018,0.0431753993,0.1558477581,0.0809791908,0.0490119606,0.0484963097,0.2144431621,0.2067026794,0.0366500355,0.0348331779,0.1167363524,0.1156483740,0.1439513117,0.0000000000,0.0000000000,0.0269014351,0.1183820218,0.1376354843,0.1650360525,0.1631838977,0.0000063501,0.0000000000,0.0000000000,0.0000000000,-0.0541709773,0.1619056910,-0.0088434797,0.0257350039,0.1619045734,0.0042029191
20:20:21:33.342,61,0.0716286153,0.2682459950,0.0429079272,0.0000000000,0.0000000000,0.0739303604,0.0000000000,0.0709278435,0.2679439187,0.0895548239,0.0000000000,0.0000000000,0.0740529075,0.0000000000,0.0435888357,0.0207893681,0.0000000000,0.1068314016,0.1373770088,0.0919595435,0.1899114996,0.0355848931,0.0000000000,0.2651341259,0.2649405003,0.0000000000,0.0000000000,0.0642517731,0.0654703081,0.1660647392,0.1495583057,0.1155889481,0.0430294238,0.1561962068,0.0813751966,0.0492871739,0.0487779826,0.2138206214,0.2061963677,0.0365388915,0.0348326042,0.1165821701,0.1155074686,0.1439625770,0.0000000000,0.0000000000,0.0271520652,0.1188501343,0.1381913275,0.1655322015,0.1642310023,0.0000067765,0.0000000000,0.0000000000,0.0000000000,-0.0539740548,0.1639185250,-0.0089228777,0.0258597732,0.1639174670,0.0042767436
20:20:21:34.343,61,0.0828999132,0.2784202993,0.0438101329,0.0000000000,0.0000000000,0.0735755041,0.0000000000,0.0820810348,0.2781184912,0.0887017474,0.0000000000,0.0000000000,0.0736937523,0.0000000000,0.0433257036,0.0202714521,0.0000000000,0.1061342880,0.1366952807,0.0910211578,0.1904391646,0.0341694504,0.0000000000,0.2675228119,0.2703526616,0.0000000000,0.0000000000,0.0640319660,0.0652276203,0.1640887707,0.1485981047,0.1158366129,0.0428105928,0.1567816436,0.0819001868,0.0495087281,0.0490004458,0.2132000178,0.2057245076,0.0364675857,0.0348705724,0.1137187704,0.1127023697,0.1443048567,0.0000000000,0.0000000000,0.0273362584,0.1193176508,0.1387427002,0.1671970189,0.1667181402,0.0000074075,0.0000000000,0.0000000000,0.0000000000,-0.0534039624,0.1701378673,-0.0091701169,0.0263758712,0.1701370478,0.0045307623
20:20:21:35.344,61,0.0871006548,0.2819252908,0.0447115079,0.0000000000,0.0000000000,0.0730342269,0.0000000000,0.0862747729,0.2816317677,0.0878236815,0.0000000000,0.0000000000,0.0731481016,0.0000000000,0.0429400690,0.0197765753,0.0000000000,0.1048352793,0.1358751655,0.0902913287,0.1907994449,0.0333949812,0.0000000000,0.2726230323,0.2751490772,0.0000000000,0.0000000000,0.0638104752,0.0649782717,0.1628877670,0.1478194147,0.1158759296,0.0424954109,0.1573527455,0.0824030936,0.0496240035,0.0491100065,0.2126393914,0.2052656710,0.0364620946,0.0349428691,0.1125208288,0.1115217358,0.1446397901,0.0000000000,0.0000000000,0.0273797791,0.1195126101,0.1389346719,0.1683635414,0.1680417210,0.0000071457,0.0000000000,0.0000000000,0.0000000000,-0.0528557189,0.1722820699,-0.0091927294,0.0269085728,0.1722813696,0.0046816627
20:20:21:36.346,61,0.0891804397,0.2868497372,0.0439795405,0.0000000000,0.0000000000,0.0724354163,0.0000000000,0.0883517936,0.2865411043,0.0885423496,0.0000000000,0.0000000000,0.0725452676,0.0000000000,0.0424265005,0.0192377251,0.0000000000,0.1028903201,0.1344199032,0.0896398574,0.1935574859,0.0327642858,0.0000000000,0.2740882337,0.2766937315,0.0000000000,0.0000000000,0.0634541810,0.0645870417,0.1613532603,0.1468828022,0.1155865043,0.0420632660,0.1579920352,0.0829782486,0.0496988483,0.0491771176,0.2116769999,0.2046734095,0.0365074053,0.0350645408,0.1098364964,0.1088733226,0.1451504380,0.0000000000,0.0000000000,0.0274234638,0.1196573228,0.1391170919,0.1699522138,0.1697113216,0.0000055049,0.0000000000,0.0000000000,0.0000000000,-0.0532601960,0.1752891392,-0.0094280057,0.0264540818,0.1752885133,0.0046846010
20:20:21:37.347,61,0.0900249630,0.2865994573,0.0448935442,0.0000000000,0.0000000000,0.0719327331,0.0000000000,0.0891970024,0.2863040566,0.0875927210,0.0000000000,0.0000000000,0.0720391721,0.0000000000,0.0419902354,0.0188087057,0.0000000000,0.1018195003,0.1334890872,0.0890013799,0.1943813562,0.0323056504,0.0000000000,0.2744385004,0.2771361172,0.0000000000,0.0000000000,0.0631354749,0.0642446280,0.1604750454,0.1461859941,0.1154419854,0.0417024978,0.1584972888,0.0834472999,0.0497382954,0.0492174327,0.2108252943,0.2040103972,0.0365088284,0.0351337381,0.1073045731,0.1063743085,0.1456975341,0.0000000000,0.0000000000,0.0274680704,0.1197496951,0.1392475069,0.1706569344,0.1704953909,0.0000058631,0.0000000000,0.0000000000,0.0000000000,-0.0526903495,0.1751387864,-0.0093190651,0.0270045977,0.1751381755,0.0047778767
20:20:21:38.347,61,0.0903051049,0.2882874906,0.0460762009,0.0000000000,0.0000000000,0.0714219883,0.0000000000,0.0894787014,0.2880068421,0.0864087492,0.0000000000,0.0000000000,0.0715251416,0.0000000000,0.0414800830,0.0183472633,0.0000000000,0.1001422629,0.1322475523,0.0883176178,0.1942455322,0.0317757204,0.0000000000,0.2748968601,0.2777769566,0.0000000000,0.0000000000,0.0628222451,0.0639274791,0.1595242321,0.1454694718,0.1150934920,0.0413021557,0.1585941464,0.0836933330,0.0495837517,0.0490543321,0.2101774067,0.2034860700,0.0365488976,0.0352555625,0.1060909331,0.1051734686,0.1460510939,0.0000000000,0.0000000000,0.0273408331,0.1196787208,0.1391887516,0.1709931344,0.1709616929,0.0000059845,0.0000000000,0.0000000000,0.0000000000,-0.0519685745,0.1761737466,-0.0092469808,0.0277109146,0.1761731356,0.0049323891
20:20:21:39.348,61,0.0903243348,0.2884640694,0.0469986759,0.0000000000,0.0000000000,0.0709620267,0.0000000000,0.0894889012,0.2881959379,0.0855156258,0.0000000000,0.0000000000,0.0710620657,0.0000000000,0.0410564393,0.0180635843,0.0000000000,0.0990955755,0.1314096153,0.0869518667,0.1858105361,0.0315647162,0.0000000000,0.2889073491,0.2903518975,0.0000000000,0.0000000000,0.0626589581,0.0637569577,0.1584734172,0.1441451609,0.1152562276,0.0409835055,0.1587280035,0.0839355215,0.0493770987,0.0488505624,0.2097400129,0.2030077577,0.0366373435,0.0353819281,0.1050804779,0.1041615382,0.1462340355,0.0000000000,0.0000000000,0.0271332506,0.1198871732,0.1393752545,0.1713815182,0.1713918597,0.0000093668,0.0000000000,0.0000000000,0.0000000000,-0.0514303707,0.1762844175,-0.0091571780,0.0282651614,0.1762838215,0.0050342418
20:20:21:40.350,61,0.0898329690,0.2874738872,0.0474238433,0.0000000000,0.0000000000,0.0706122890,0.0000000000,0.0889003351,0.2872121036,0.0851462707,0.0000000000,0.0000000000,0.0707099289,0.0000000000,0.0406139866,0.0178709961,0.0000000000,0.0982447714,0.1306936443,0.0862060115,0.1824850589,0.0318700038,0.0000000000,0.2930848002,0.2937173247,0.0000000000,0.0000000000,0.0625242367,0.0635986179,0.1578212827,0.1433566511,0.1153762192,0.0406398624,0.1589816511,0.0842661038,0.0491290167,0.0485993773,0.2094375342,0.2024869472,0.0368914977,0.0355840363,0.1047722027,0.1038309112,0.1463917345,0.0000000000,0.0000000000,0.0268628839,0.1203629598,0.1397381425,0.1719335914,0.1718069017,0.0000140342,0.0000000000,0.0000000000,0.0000000000,-0.0512137115,0.1756806225,-0.0090867542,0.0285239182,0.1756800264,0.0050625508
20:20:21:41.350,61,0.0883302391,0.2875939608,0.0481407791,0.0000000000,0.0000000000,0.0703105628,0.0000000000,0.0873079598,0.2873414755,0.0844878256,0.0000000000,0.0000000000,0.0704061165,0.0000000000,0.0402268954,0.0177362021,0.0000000000,0.0970020294,0.1298176497,0.0853201225,0.1800308079,0.0321337841,0.0000000000,0.2953687608,0.2955037355,0.0000000000,0.0000000000,0.0623794086,0.0634383932,0.1572196335,0.1426497549,0.1156419516,0.0402780436,0.1594556421,0.0847257078,0.0489020087,0.0483724810,0.2088207453,0.2011428624,0.0371240042,0.0357776582,0.1044572145,0.1034915000,0.1464725435,0.0000000000,0.0000000000,0.0265979432,0.1208628565,0.1401506960,0.1723349839,0.1721014231,0.0000218144,0.0000000000,0.0000000000,0.0000000000,-0.0508169718,0.1757561564,-0.0090203825,0.0289547518,0.1757555902,0.0051412508
20:20:21:42.351,61,0.0862520188,0.2866789699,0.0480329171,0.0000000000,0.0000000000,0.0700375587,0.0000000000,0.0851947293,0.2864257097,0.0846067369,0.0000000000,0.0000000000,0.0701312497,0.0000000000,0.0398727469,0.0176662020,0.0000000000,0.0963261351,0.1293353289,0.0846376568,0.1739875078,0.0324413329,0.0000000000,0.3008789718,0.2996786237,0.0000000000,0.0000000000,0.0623626113,0.0634272024,0.1567852348,0.1421086341,0.1158125326,0.0400013812,0.1594567001,0.0848693028,0.0484934226,0.0479705445,0.2087842971,0.2007852346,0.0373737849,0.0359862782,0.1025041565,0.1014664844,0.1467356086,0.0000000000,0.0000000000,0.0261866283,0.1213428676,0.1405875683,0.1726384759,0.1722914279,0.0000245098,0.0000000000,0.0000000000,0.0000000000,-0.0508935340,0.1751967072,-0.0090046087,0.0288927425,0.1751960963,0.0051135728
20:20:21:43.352,61,0.0851377472,0.2863554657,0.0491485149,0.0000000000,0.0000000000,0.0696173385,0.0000000000,0.0840684921,0.2861177325,0.0835165977,0.0000000000,0.0000000000,0.0697088838,0.0000000000,0.0395112149,0.0175552536,0.0000000000,0.0958040804,0.1288766414,0.0841581672,0.1721954793,0.0325961001,0.0000000000,0.3024926186,0.3009833992,0.0000000000,0.0000000000,0.0622988939,0.0633727387,0.1563289315,0.1415894479,0.1157131270,0.0397374406,0.1593633890,0.0849448815,0.0481825173,0.0476666354,0.2086816430,0.2004870474,0.0375311971,0.0361351967,0.1017776802,0.1007122621,0.1468566805,0.0000000000,0.0000000000,0.0259090476,0.1214668974,0.1406453401,0.1727062017,0.1723746061,0.0000210284,0.0000000000,0.0000000000,0.0000000000,-0.0502394736,0.1750024706,-0.0088789295,0.0295648240,0.1750018895,0.0052265637
20:20:21:44.354,61,0.0847657770,0.2867891192,0.0494161174,0.0000000000,0.0000000000,0.0692742467,0.0000000000,0.0837035924,0.2865554690,0.0831733346,0.0000000000,0.0000000000,0.0693635046,0.0000000000,0.0390662067,0.0172516983,0.0000000000,0.0952099562,0.1282816678,0.0837294534,0.1776599586,0.0322520398,0.0000000000,0.2934696376,0.2981864512,0.0000000000,0.0000000000,0.0620598048,0.0631359741,0.1556807011,0.1410127580,0.1153755933,0.0393778607,0.1596813947,0.0852877572,0.0480193421,0.0475052483,0.2074437141,0.1999075562,0.0376413316,0.0363060050,0.1011810601,0.1001145765,0.1471267641,0.0000000000,0.0000000000,0.0257436503,0.1215235367,0.1407397091,0.1728864312,0.1726650000,0.0000166330,0.0000000000,0.0000000000,0.0000000000,-0.0500306264,0.1752683669,-0.0088557657,0.0297244005,0.1752677113,0.0052629132
20:20:21:45.355,61,0.0846947879,0.2872173190,0.0496135205,0.0000000000,0.0000000000,0.0688020959,0.0000000000,0.0836437643,0.2869865000,0.0829182267,0.0000000000,0.0000000000,0.0688889548,0.0000000000,0.0385953560,0.0169807281,0.0000000000,0.0941428915,0.1270095557,0.0832038745,0.1841107011,0.0318181738,0.0000000000,0.2910298705,0.2973682880,0.0000000000,0.0000000000,0.0618046634,0.0628713295,0.1547033489,0.1403155774,0.1151222363,0.0389987119,0.1606751680,0.0858013630,0.0480205119,0.0475102849,0.2047151327,0.1983599216,0.0376612209,0.0364026874,0.1013192683,0.1002587825,0.1473262161,0.0000000000,0.0000000000,0.0256999619,0.1213585138,0.1406099498,0.1730259061,0.1729472280,0.0000073515,0.0000000000,0.0000000000,0.0000000000,-0.0498748496,0.1755306423,-0.0088417018,0.0298417602,0.1755300462,0.0052917586
20:20:21:46.355,61,0.0847925022,0.2880923450,0.0504165329,0.0000000000,0.0000000000,0.0682412684,0.0000000000,0.0837522522,0.2878723145,0.0820868462,0.0000000000,0.0000000000,0.0683258623,0.0000000000,0.0381150991,0.0167469587,0.0000000000,0.0928591490,0.1253676116,0.0827227086,0.1868809015,0.0315541364,0.0000000000,0.2896669805,0.2966751754,0.0000000000,0.0000000000,0.0614990741,0.0625581965,0.1539617926,0.1396769285,0.1146722212,0.0385374539,0.1628284901,0.0868183598,0.0480359420,0.0475254469,0.2018147111,0.1958428472,0.0377538651,0.0365550928,0.1014324576,0.1003764719,0.1474257708,0.0000000000,0.0000000000,0.0256724693,0.1210364252,0.1402900368,0.1730739623,0.1731181592,0.0000031440,0.0000000000,0.0000000000,0.0000000000,-0.0493700504,0.1760679930,-0.0087796412,0.0303218756,0.1760673970,0.0053936727
20:20:21:47.357,61,0.0849403664,0.2880745232,0.0506532565,0.0000000000,0.0000000000,0.0678402483,0.0000000000,0.0839109719,0.2878580391,0.0818273351,0.0000000000,0.0000000000,0.0679228529,0.0000000000,0.0377309993,0.0165397208,0.0000000000,0.0921270624,0.1245099753,0.0823847651,0.1881895363,0.0313198902,0.0000000000,0.2885082364,0.2953788042,0.0000000000,0.0000000000,0.0612942129,0.0623418875,0.1536257416,0.1393610090,0.1143390089,0.0381994396,0.1636808813,0.0873442665,0.0480447561,0.0475332849,0.2006246597,0.1948112845,0.0377841890,0.0366411656,0.1015975699,0.1005485803,0.1475922763,0.0000000000,0.0000000000,0.0256313439,0.1207049787,0.1399525106,0.1729288250,0.1730878651,0.0000019207,0.0000000000,0.0000000000,0.0000000000,-0.0492140502,0.1760578603,-0.0087514101,0.0304643027,0.1760572642,0.0054186815
20:20:21:48.358,61,0.0847913772,0.2872001231,0.0514486209,0.0000000000,0.0000000000,0.0675107539,0.0000000000,0.0837720633,0.2869953811,0.0810233206,0.0000000000,0.0000000000,0.0675920099,0.0000000000,0.0374301076,0.0164288692,0.0000000000,0.0917419717,0.1240492389,0.0823497623,0.1885340363,0.0314112902,0.0000000000,0.2859842777,0.2899424732,0.0000000000,0.0000000000,0.0611475110,0.0621892139,0.1537033767,0.1393532753,0.1139244512,0.0379257724,0.1640076339,0.0876226798,0.0479419157,0.0474345312,0.2003531903,0.1944685727,0.0378950983,0.0367623195,0.1008855030,0.0998327732,0.1480442733,0.0000000000,0.0000000000,0.0254914686,0.1204035655,0.1396057159,0.1728615910,0.1730794907,0.0000028066,0.0000000000,0.0000000000,0.0000000000,-0.0487350523,0.1755260676,-0.0086395834,0.0309455916,0.1755254865,0.0054872874
20:20:21:49.358,61,0.0848305151,0.2870100737,0.0519424640,0.0000000000,0.0000000000,0.0672658756,0.0000000000,0.0838186443,0.2868123353,0.0805267170,0.0000000000,0.0000000000,0.0673451498,0.0000000000,0.0372603610,0.0162045993,0.0000000000,0.0915637761,0.1238716468,0.0821874365,0.1810337603,0.0314738452,0.0000000000,0.2888174355,0.2893252969,0.0000000000,0.0000000000,0.0611396320,0.0621900521,0.1535061747,0.1391795427,0.1138044670,0.0378217921,0.1637299359,0.0875128731,0.0477168337,0.0471991524,0.2006130964,0.1945658326,0.0379475094,0.0368046649,0.0977316722,0.0966423005,0.1484379917,0.0000000000,0.0000000000,0.0252534617,0.1202576384,0.1393029839,0.1726714969,0.1728756279,0.0000033566,0.0000000000,0.0000000000,0.0000000000,-0.0484373234,0.1754115522,-0.0085811270,0.0312432703,0.1754109859,0.0055363639
20:20:21:50.360,61,0.0855488703,0.2885324955,0.0523300767,0.0000000000,0.0000000000,0.0671790689,0.0000000000,0.0845348388,0.2883391678,0.0801338330,0.0000000000,0.0000000000,0.0672566965,0.0000000000,0.0371795744,0.0160180163,0.0000000000,0.0916824043,0.1239973530,0.0820815340,0.1778379530,0.0316774845,0.0000000000,0.2894844711,0.2886108458,0.0000000000,0.0000000000,0.0611657500,0.0622051768,0.1534356177,0.1390914023,0.1138085052,0.0378282443,0.1622706503,0.0871812925,0.0474455282,0.0469151475,0.2032013386,0.1953394413,0.0380198509,0.0368337259,0.0965057015,0.0954008624,0.1488993466,0.0000000000,0.0000000000,0.0249826144,0.1203666925,0.1392156035,0.1726492494,0.1727555841,0.0000047957,0.0000000000,0.0000000000,0.0000000000,-0.0481930189,0.1763432771,-0.0085841818,0.0314712152,0.1763427109,0.0056069861
20:20:21:51.360,61,0.0861305967,0.2891677916,0.0523100011,0.0000000000,0.0000000000,0.0672676638,0.0000000000,0.0851220414,0.2889739275,0.0801401958,0.0000000000,0.0000000000,0.0673433915,0.0000000000,0.0370698050,0.0156980902,0.0000000000,0.0916094631,0.1239402145,0.0818916410,0.1762358248,0.0317006707,0.0000000000,0.2896163762,0.2879317701,0.0000000000,0.0000000000,0.0611361191,0.0621491522,0.1532402039,0.1389377564,0.1138110682,0.0378197655,0.1614311934,0.0868765861,0.0472327806,0.0466837399,0.2041874975,0.1957915276,0.0380799212,0.0368603356,0.0958130583,0.0947046876,0.1492790133,0.0000000000,0.0000000000,0.0247869771,0.1205910146,0.1392409056,0.1726200730,0.1726283133,0.0000098086,0.0000000000,0.0000000000,0.0000000000,-0.0481935106,0.1767314970,-0.0086035673,0.0314569697,0.1767309457,0.0056170458
20:20:21:52.361,61,0.0866978317,0.2896583676,0.0521641336,0.0000000000,0.0000000000,0.0676055625,0.0000000000,0.0856891945,0.2894622684,0.0802630410,0.0000000000,0.0000000000,0.0676797852,0.0000000000,0.0369168893,0.0153943412,0.0000000000,0.0913909078,0.1237785518,0.0815674067,0.1749919057,0.0318589620,0.0000000000,0.2900133431,0.2875527143,0.0000000000,0.0000000000,0.0611213408,0.0620934404,0.1528935730,0.1386485845,0.1139051467,0.0378254130,0.1606723666,0.0865421668,0.0470023043,0.0464262813,0.2046837509,0.1959328502,0.0381272957,0.0368449353,0.0959677920,0.0948531479,0.1493306309,0.0000000000,0.0000000000,0.0245500840,0.1209371611,0.1393366009,0.1725092083,0.1723563224,0.0000171205,0.0000000000,0.0000000000,0.0000000000,-0.0482648164,0.1770307869,-0.0086311856,0.0313675664,0.1770302504,0.0056107761
20:20:21:53.363,61,0.0873269811,0.2903595269,0.0517580211,0.0000000000,0.0000000000,0.0679320991,0.0000000000,0.0863203108,0.2901574969,0.0806418434,0.0000000000,0.0000000000,0.0680047050,0.0000000000,0.0368010327,0.0150721334,0.0000000000,0.0912599638,0.1236569956,0.0812494010,0.1742474735,0.0318073221,0.0000000000,0.2896798253,0.2860534489,0.0000000000,0.0000000000,0.0610919148,0.0620258152,0.1525082886,0.1383431256,0.1140804589,0.0378902890,0.1599627137,0.0862058029,0.0468566157,0.0462591760,0.2049825042,0.1960303783,0.0381219648,0.0368090272,0.0963620618,0.0952437744,0.1493441463,0.0000000000,0.0000000000,0.0244081616,0.1211959496,0.1393849701,0.1723442078,0.1721033752,0.0000389751,0.0000000000,0.0000000000,0.0000000000,-0.0484889001,0.1774579287,-0.0086925915,0.0311209783,0.1774574071,0.0055804006
20:20:21:54.364,61,0.0876903310,0.2909665704,0.0513755269,0.0000000000,0.0000000000,0.0679872334,0.0000000000,0.0866857991,0.2907585502,0.0810485780,0.0000000000,0.0000000000,0.0680579320,0.0000000000,0.0366675369,0.0147611378,0.0000000000,0.0909504592,0.1233829409,0.0808023661,0.1734565496,0.0316419862,0.0000000000,0.2886909842,0.2846654654,0.0000000000,0.0000000000,0.0610774346,0.0619802177,0.1520664245,0.1379998624,0.1142837703,0.0379532203,0.1590933204,0.0858244449,0.0467300788,0.0461048521,0.2050832361,0.1960446090,0.0380368121,0.0367133394,0.0969398767,0.0958174393,0.1493009180,0.0000000000,0.0000000000,0.0242730919,0.1210540310,0.1390310228,0.1720122248,0.1717358977,0.0000458199,0.0000000000,0.0000000000,0.0000000000,-0.0487302542,0.1778276563,-0.0087544098,0.0308889356,0.1778271049,0.0055505917
20:20:21:55.365,61,0.0879995301,0.2910690308,0.0511181615,0.0000000000,0.0000000000,0.0680543929,0.0000000000,0.0870042443,0.2908572555,0.0813076720,0.0000000000,0.0000000000,0.0681233630,0.0000000000,0.0366640799,0.0145257246,0.0000000000,0.0907792300,0.1231420785,0.0805717781,0.1730890572,0.0315053612,0.0000000000,0.2835461795,0.2799834609,0.0000000000,0.0000000000,0.0610553473,0.0619357005,0.1517685354,0.1377404034,0.1144806296,0.0381060429,0.1584065259,0.0854939148,0.0467414521,0.0461033769,0.2052009851,0.1960753798,0.0379190035,0.0365957692,0.0972447768,0.0961204544,0.1492315978,0.0000000000,0.0000000000,0.0242926590,0.1209395453,0.1387813389,0.1717054248,0.1714526713,0.0000457104,0.0000000000,0.0000000000,0.0000000000,-0.0488855019,0.1778893918,-0.0087853931,0.0307338554,0.1778888702,0.0055246931
20:20:21:56.366,61,0.0880911499,0.2905206084,0.0512761213,0.0000000000,0.0000000000,0.0681634247,0.0000000000,0.0871106014,0.2903113663,0.0811614022,0.0000000000,0.0000000000,0.0682312772,0.0000000000,0.0367932767,0.0144446101,0.0000000000,0.0907523707,0.1231001243,0.0803548470,0.1728603989,0.0311809815,0.0000000000,0.2810680270,0.2785195410,0.0000000000,0.0000000000,0.0610951036,0.0619803630,0.1517860144,0.1377016455,0.1149056405,0.0383282602,0.1578404754,0.0851747021,0.0467977338,0.0461638942,0.2055235952,0.1963894367,0.0377593450,0.0364809297,0.0974773243,0.0963576958,0.1492277831,0.0000000000,0.0000000000,0.0243223086,0.1209299862,0.1387938708,0.1714972854,0.1713829041,0.0000401756,0.0000000000,0.0000000000,0.0000000000,-0.0488004796,0.1775547564,-0.0087532764,0.0308306776,0.1775542349,0.0055314447
20:20:21:57.366,61,0.0882760063,0.2905602753,0.0515644178,0.0000000000,0.0000000000,0.0683714226,0.0000000000,0.0873041749,0.2903549671,0.0808788389,0.0000000000,0.0000000000,0.0684381202,0.0000000000,0.0368556678,0.0143040586,0.0000000000,0.0907039121,0.1230141148,0.0802202746,0.1727974862,0.0308989249,0.0000000000,0.2796486318,0.2774714231,0.0000000000,0.0000000000,0.0610748082,0.0619595833,0.1516802460,0.1375962347,0.1150898784,0.0384895578,0.1572355330,0.0848621055,0.0468230806,0.0461857691,0.2058199346,0.1966625154,0.0376616493,0.0364100076,0.0977873281,0.0966674909,0.1492744833,0.0000000000,0.0000000000,0.0243681017,0.1210202277,0.1388584822,0.1712812185,0.1712894589,0.0000247921,0.0000000000,0.0000000000,0.0000000000,-0.0486303493,0.1775799394,-0.0087240487,0.0310038850,0.1775794625,0.0055633159
20:20:21:58.368,61,0.0885140523,0.2914902568,0.0515620224,0.0000000000,0.0000000000,0.0684435070,0.0000000000,0.0875475034,0.2912841439,0.0808924511,0.0000000000,0.0000000000,0.0685091466,0.0000000000,0.0368062221,0.0140739577,0.0000000000,0.0905759260,0.1228664890,0.0801094621,0.1731725335,0.0306398645,0.0000000000,0.2786701024,0.2766152322,0.0000000000,0.0000000000,0.0610004887,0.0618681610,0.1514539868,0.1374433935,0.1151604205,0.0385451764,0.1569327414,0.0847085416,0.0468846075,0.0462340936,0.2057871521,0.1966818124,0.0375839435,0.0363529660,0.0980513319,0.0969329327,0.1492231190,0.0000000000,0.0000000000,0.0244455002,0.1210573763,0.1388439685,0.1712664515,0.1713343263,0.0000228225,0.0000000000,0.0000000000,0.0000000000,-0.0486335792,0.1781482399,-0.0087531479,0.0309992749,0.1781477630,0.0055806730
20:20:21:59.369,61,0.0887355581,0.2922627628,0.0511076450,0.0000000000,0.0000000000,0.0683845878,0.0000000000,0.0877761394,0.2920498252,0.0813340321,0.0000000000,0.0000000000,0.0684492588,0.0000000000,0.0366971269,0.0139197372,0.0000000000,0.0904282928,0.1226547733,0.0799738467,0.1745494604,0.0304660406,0.0000000000,0.2724029124,0.2702019215,0.0000000000,0.0000000000,0.0609028079,0.0617502034,0.1511215419,0.1371671706,0.1151482463,0.0386171602,0.1565924585,0.0844987109,0.0469692387,0.0463033244,0.2054567933,0.1964266002,0.0374103375,0.0361968651,0.0979575291,0.0968427509,0.1492160559,0.0000000000,0.0000000000,0.0245608352,0.1207272634,0.1384430677,0.1709130406,0.1710292399,0.0000203950,0.0000000000,0.0000000000,0.0000000000,-0.0488949269,0.1786188483,-0.0088238921,0.0307234973,0.1786183715,0.0055459682
20:20:22:00.370,61,0.0891080871,0.2925242484,0.0508408807,0.0000000000,0.0000000000,0.0683207586,0.0000000000,0.0881578177,0.2923079729,0.0815293416,0.0000000000,0.0000000000,0.0683841407,0.0000000000,0.0367319621,0.0136993816,0.0000000000,0.0903818160,0.1225219443,0.0798632205,0.1750229895,0.0302241463,0.0000000000,0.2708622217,0.2686182857,0.0000000000,0.0000000000,0.0608830191,0.0617270544,0.1508201957,0.1369674802,0.1152558848,0.0387613550,0.1562792957,0.0842885375,0.0470754802,0.0463978536,0.2053957134,0.1964140534,0.0372435786,0.0360545665,0.0976774022,0.0965687782,0.1492585689,0.0000000000,0.0000000000,0.0246623959,0.1204615533,0.1380814612,0.1705743968,0.1707437485,0.0000182296,0.0000000000,0.0000000000,0.0000000000,-0.0490109473,0.1787777841,-0.0088528516,0.0305622537,0.1787773073,0.0055218861
20:20:22:01.371,61,0.0894972757,0.2925659716,0.0504418947,0.0000000000,0.0000000000,0.0683085471,0.0000000000,0.0885536000,0.2923442125,0.0819083601,0.0000000000,0.0000000000,0.0683709532,0.0000000000,0.0369009227,0.0135922451,0.0000000000,0.0904738009,0.1225255057,0.0798348561,0.1751743108,0.0301327892,0.0000000000,0.2649647295,0.2626820207,0.0000000000,0.0000000000,0.0609089546,0.0617424473,0.1508695930,0.1370131075,0.1155484468,0.0390295498,0.1558407396,0.0839936733,0.0472201370,0.0465314090,0.2054596990,0.1964635402,0.0370387845,0.0358628333,0.0974954143,0.0963882655,0.1492073387,0.0000000000,0.0000000000,0.0247834325,0.1200911403,0.1376102269,0.1701037884,0.1703293175,0.0000118085,0.0000000000,0.0000000000,0.0000000000,-0.0492385887,0.1788019687,-0.0088951634,0.0303222686,0.1788014919,0.0054792976
20:20:22:02.372,61,0.0897659287,0.2926806808,0.0510540046,0.0000000000,0.0000000000,0.0684664994,0.0000000000,0.0888176709,0.2924672365,0.0813262239,0.0000000000,0.0000000000,0.0685285106,0.0000000000,0.0369259268,0.0135676181,0.0000000000,0.0905115604,0.1225609183,0.0798008889,0.1751368046,0.0301473085,0.0000000000,0.2635092437,0.2611572146,0.0000000000,0.0000000000,0.0609042756,0.0617264807,0.1509266198,0.1370321810,0.1156284511,0.0391706936,0.1553028971,0.0836781263,0.0471921153,0.0464917384,0.2057235837,0.1966758966,0.0369712599,0.0357909985,0.0975859091,0.0964713991,0.1492506862,0.0000000000,0.0000000000,0.0247650724,0.1200522333,0.1374953538,0.1699319780,0.1701578349,0.0000166407,0.0000000000,0.0000000000,0.0000000000,-0.0488879941,0.1788741052,-0.0088355197,0.0306898337,0.1788736135,0.0055479803
20:20:22:03.373,61,0.0885605365,0.2915375233,0.0519429445,0.0000000000,0.0000000000,0.0685361251,0.0000000000,0.0874414220,0.2913367748,0.0805166513,0.0000000000,0.0000000000,0.0685982928,0.0000000000,0.0366835855,0.0136509938,0.0000000000,0.0901196599,0.1222265512,0.0796391740,0.1747147143,0.0306044761,0.0000000000,0.2631685138,0.2602783740,0.0000000000,0.0000000000,0.0607706644,0.0615696423,0.1508054584,0.1368542463,0.1154590324,0.0390208066,0.1550538689,0.0836555585,0.0470134541,0.0462959707,0.2055555135,0.1963349879,0.0371976793,0.0359244719,0.1006623954,0.0992810950,0.1490217000,0.0000000000,0.0000000000,0.0245905835,0.1201105937,0.1374021918,0.1700271964,0.1701629460,0.0000476485,0.0000000000,0.0000000000,0.0000000000,-0.0484073646,0.1781784892,-0.0087139755,0.0312281232,0.1781779528,0.0056228302
20:20:22:04.374,61,0.0881434903,0.2914933264,0.0514852591,0.0000000000,0.0000000000,0.0685404986,0.0000000000,0.0869655088,0.2912862301,0.0809668824,0.0000000000,0.0000000000,0.0686031878,0.0000000000,0.0364267007,0.0138449473,0.0000000000,0.0895313397,0.1216838881,0.0787210837,0.1698382795,0.0309587866,0.0000000000,0.2800018191,0.2779469788,0.0000000000,0.0000000000,0.0607145205,0.0615396425,0.1509409398,0.1369265616,0.1155842468,0.0387328640,0.1558653563,0.0840589702,0.0467243418,0.0459946357,0.2050068229,0.1957901418,0.0374736115,0.0361382104,0.1010182574,0.0995583534,0.1490239650,0.0000000000,0.0000000000,0.0241983458,0.1203732938,0.1376573741,0.1703055501,0.1703431457,0.0000568885,0.0000000000,0.0000000000,0.0000000000,-0.0486783087,0.1781499237,-0.0087612756,0.0309531186,0.1781494170,0.0055724187
20:20:22:05.375,61,0.0874732286,0.2901898324,0.0509125218,0.0000000000,0.0000000000,0.0683519393,0.0000000000,0.0862656608,0.2899746895,0.0816434771,0.0000000000,0.0000000000,0.0684151351,0.0000000000,0.0362392291,0.0140971625,0.0000000000,0.0891255289,0.1213236675,0.0780184940,0.1658054292,0.0311528221,0.0000000000,0.2843609750,0.2827468812,0.0000000000,0.0000000000,0.0607558861,0.0616482608,0.1511358321,0.1370508373,0.1158290431,0.0385270044,0.1561795473,0.0842787400,0.0463867038,0.0456581861,0.2044873089,0.1953168660,0.0376106538,0.0362600982,0.1001403183,0.0986276865,0.1490233988,0.0000000000,0.0000000000,0.0237942636,0.1203498840,0.1376746744,0.1700385213,0.1700847745,0.0000568815,0.0000000000,0.0000000000,0.0000000000,-0.0490921438,0.1773514301,-0.0087952474,0.0306131691,0.1773508340,0.0054860082
20:20:22:06.376,61,0.0640377179,0.2888258994,0.0514791310,0.0000000000,0.0000000000,0.0680377856,0.0000000000,0.0629070625,0.2886189818,0.0811620802,0.0000000000,0.0000000000,0.0681011155,0.0000000000,0.0359720886,0.0143375490,0.0000000000,0.0886381790,0.1208076552,0.0776554272,0.1645579040,0.0315489843,0.0000000000,0.2503204942,0.2495886385,0.0000000000,0.0000000000,0.0606938861,0.0615978725,0.1515425891,0.1372769326,0.1156755015,0.0382642448,0.1563884467,0.0845051706,0.0462136418,0.0454915129,0.2038243711,0.1943815798,0.0377370752,0.0363552347,0.1003329009,0.0988021791,0.1487099975,0.0000000000,0.0000000000,0.0235254001,0.1192671508,0.1362911612,0.1695945114,0.1696927845,0.0000471823,0.0000000000,0.0000000000,0.0000000000,-0.0488099083,0.1765197366,-0.0087028546,0.0309584718,0.1765191853,0.0055213021
20:20:22:07.377,61,0.0859729350,0.2895337343,0.0513896681,0.0000000000,0.0000000000,0.0679649934,0.0000000000,0.0851096958,0.2893256545,0.0811810717,0.0000000000,0.0000000000,0.0680284798,0.0000000000,0.0358247086,0.0144852344,0.0000000000,0.0886343122,0.1206132248,0.0787501112,0.1850417703,0.0320581868,0.0000000000,0.2332139611,0.2290806770,0.0000000000,0.0000000000,0.0604881346,0.0613543913,0.1519302279,0.1374002546,0.1151592359,0.0381378643,0.1565025300,0.0846874416,0.0463265404,0.0456188396,0.2037079483,0.1940642744,0.0378152020,0.0363939069,0.1005969942,0.0990771949,0.1488168687,0.0000000000,0.0000000000,0.0235955063,0.1187190339,0.1356547475,0.1694427282,0.1695886850,0.0000134837,0.0000000000,0.0000000000,0.0000000000,-0.0488175750,0.1769520640,-0.0087259868,0.0309022833,0.1769514829,0.0055250670
