Timecode,BlendshapeCount,EyeBlinkLeft,EyeLookDownLeft,EyeLookInLeft,EyeLookOutLeft,EyeLookUpLeft,EyeSquintLeft,EyeWideLeft,EyeBlinkRight,EyeLookDownRight,EyeLookInRight,EyeLookOutRight,EyeLookUpRight,EyeSquintRight,EyeWideRight,JawForward,JawRight,JawLeft,JawOpen,MouthClose,MouthFunnel,MouthPucker,MouthRight,MouthLeft,MouthSmileLeft,MouthSmileRight,MouthFrownLeft,MouthFrownRight,MouthDimpleLeft,MouthDimpleRight,MouthStretchLeft,MouthStretchRight,MouthRollLower,MouthRollUpper,MouthShrugLower,MouthShrugUpper,MouthPressLeft,MouthPressRight,MouthLowerDownLeft,MouthLowerDownRight,MouthUpperUpLeft,MouthUpperUpRight,BrowDownLeft,BrowDownRight,BrowInnerUp,BrowOuterUpLeft,BrowOuterUpRight,CheekPuff,CheekSquintLeft,CheekSquintRight,NoseSneerLeft,NoseSneerRight,TongueOut,HeadYaw,HeadPitch,HeadRoll,LeftEyeYaw,LeftEyePitch,LeftEyeRoll,RightEyeYaw,RightEyePitch,RightEyeRoll
20:20:00:13.014,61,0.0013460563,0.2166170180,0.1068929061,0.0000000000,0.0000000000,0.0783891976,0.0430229567,0.0014684290,0.2170544118,0.0232553706,0.0000000000,0.0000000000,0.0784353763,0.0435376577,0.0482400469,0.0004117517,0.0000000000,0.1195075288,0.1462006867,0.1080028266,0.2176287323,0.0243503638,0.0000000000,0.1467841864,0.1407277882,0.0000000000,0.0000000000,0.0561027601,0.0571379475,0.1841359437,0.1780326217,0.1052293703,0.0480933599,0.1382006705,0.0728607178,0.0510277599,0.0497579798,0.1905021667,0.1806947887,0.0300514754,0.0296505969,0.1317188591,0.1304044724,0.1305359602,0.0000000000,0.0000000000,0.0303902160,0.1057972759,0.1161271483,0.1410523057,0.1489571780,0.0000095346,0.0000000000,0.0000000000,0.0000000000,-0.0140812006,0.1326042414,-0.0018781844,0.0647255182,0.1326031089,0.0086272266
20:20:00:14.015,61,0.0012385786,0.2264003903,0.1051852554,0.0000000000,0.0000000000,0.0786355510,0.0417237282,0.0013512053,0.2268378288,0.0251077544,0.0000000000,0.0000000000,0.0786815435,0.0422455333,0.0480714552,0.0003589661,0.0000000000,0.1194270477,0.1459682435,0.1082616001,0.2457311451,0.0256648697,0.0000000000,0.1436256021,0.1266577095,0.0000000000,0.0000000000,0.0556778312,0.0565886274,0.1828428358,0.1753901243,0.1041543558,0.0476259887,0.1458443850,0.0756219327,0.0512267575,0.0499590635,0.1899424493,0.1800621152,0.0304279644,0.0299070869,0.1364589334,0.1352106482,0.1306780279,0.0000000000,0.0000000000,0.0308769885,0.1066539213,0.1171754524,0.1469094902,0.1527439505,0.0000062375,0.0000000000,0.0000000000,0.0000000000,-0.0151904337,0.1385834515,-0.0021186389,0.0636396706,0.1385824531,0.0088700149
20:20:00:15.015,61,0.0011397626,0.2331950366,0.1046638861,0.0000000000,0.0000000000,0.0786929429,0.0411398783,0.0012434172,0.2336392105,0.0256207567,0.0000000000,0.0000000000,0.0787383541,0.0416620970,0.0479715988,0.0003404382,0.0000000000,0.1191823781,0.1456747949,0.1082079187,0.2395092249,0.0263661705,0.0000000000,0.1425517201,0.1227267012,0.0000000000,0.0000000000,0.0553915985,0.0561996549,0.1823530793,0.1744619012,0.1037267819,0.0472552106,0.1482920051,0.0767229870,0.0513971448,0.0501257777,0.1894872934,0.1795499921,0.0307149831,0.0300980620,0.1363218576,0.1350937486,0.1306476593,0.0000000000,0.0000000000,0.0311288387,0.1070329323,0.1176213026,0.1490790993,0.1543160528,0.0000040667,0.0000000000,0.0000000000,0.0000000000,-0.0154916877,0.1427393407,-0.0022263217,0.0632870570,0.1427384466,0.0090890303
20:20:00:16.018,61,0.0010488731,0.2306514680,0.1057799980,0.0000000000,0.0000000000,0.0787997171,0.0406518951,0.0011442690,0.2311033309,0.0245457701,0.0000000000,0.0000000000,0.0788446590,0.0411802046,0.0478169434,0.0002863483,0.0000000000,0.1187265739,0.1452277601,0.1079000980,0.1953236014,0.0268179104,0.0000000000,0.1423646063,0.1210578531,0.0000000000,0.0000000000,0.0552419610,0.0559694543,0.1821077615,0.1740579456,0.1037036851,0.0469602607,0.1494899094,0.0773383901,0.0514797270,0.0501908511,0.1891001463,0.1790520847,0.0309391338,0.0302310791,0.1376114041,0.1363793910,0.1304896474,0.0000000000,0.0000000000,0.0311704110,0.1072627679,0.1177812144,0.1501353532,0.1551027596,0.0000027486,0.0000000000,0.0000000000,0.0000000000,-0.0148449782,0.1411886811,-0.0021099013,0.0639761090,0.1411877424,0.0090866927
20:20:00:17.019,61,0.0009652544,0.2290789932,0.1075494513,0.0000000000,0.0000000000,0.0793789029,0.0404907800,0.0010530490,0.2295472175,0.0228656195,0.0000000000,0.0000000000,0.0794265121,0.0410330035,0.0478904285,0.0005327284,0.0000000000,0.1187341064,0.1451611221,0.1080411524,0.1856341511,0.0286488924,0.0000000000,0.1422331780,0.1202062443,0.0000000000,0.0000000000,0.0552653968,0.0559223220,0.1840823889,0.1744258851,0.1040280461,0.0468609259,0.1501498818,0.0777230188,0.0516353883,0.0503425002,0.1893402934,0.1789758056,0.0311407931,0.0303126741,0.1407924294,0.1393490583,0.1307285875,0.0000000000,0.0000000000,0.0313431136,0.1077913120,0.1182586327,0.1505694985,0.1554632932,0.0000029888,0.0000000000,0.0000000000,0.0000000000,-0.0138307093,0.1402359158,-0.0019523130,0.0650551021,0.1402350068,0.0091765476
20:20:00:18.020,61,0.0008883144,0.2283038050,0.1089111641,0.0000000000,0.0000000000,0.0801084414,0.0400726348,0.0009691129,0.2287854403,0.0215363801,0.0000000000,0.0000000000,0.0801608488,0.0406349599,0.0480700582,0.0009306880,0.0000000000,0.1194895357,0.1455866545,0.1083335131,0.1930724531,0.0334626362,0.0000000000,0.1421047300,0.1197895855,0.0000000000,0.0000000000,0.0553451888,0.0559286550,0.1853048652,0.1747742891,0.1043877453,0.0469456390,0.1503400058,0.0778564811,0.0517465435,0.0504532531,0.1905123144,0.1792111546,0.0313468240,0.0303786360,0.1414317340,0.1399161071,0.1311641783,0.0000000000,0.0000000000,0.0315295905,0.1091160700,0.1198240742,0.1509285718,0.1558303535,0.0000032549,0.0000000000,0.0000000000,0.0000000000,-0.0130275479,0.1397690028,-0.0018327439,0.0658831522,0.1397680640,0.0092618270
20:20:00:19.021,61,0.0008175137,0.2260839194,0.1105641276,0.0000000000,0.0000000000,0.0808323026,0.0402542539,0.0008918735,0.2265790403,0.0199043714,0.0000000000,0.0000000000,0.0808873251,0.0408359803,0.0484880470,0.0013459483,0.0000000000,0.1213412732,0.1464054137,0.1089121029,0.1940295547,0.0352292024,0.0000000000,0.1415745467,0.1193940938,0.0000000000,0.0000000000,0.0555067882,0.0560258441,0.1929304749,0.1792173684,0.1048072875,0.0471505038,0.1502799243,0.0778527036,0.0518640950,0.0505956672,0.1923636347,0.1796566695,0.0315249078,0.0304447040,0.1340325028,0.1323666573,0.1314932555,0.0000000000,0.0000000000,0.0317930430,0.1099874079,0.1208615527,0.1509974152,0.1560148895,0.0000040677,0.0000000000,0.0000000000,0.0000000000,-0.0120426062,0.1384193897,-0.0016776160,0.0668957308,0.1384183913,0.0093119759
20:20:00:20.021,61,0.0007523596,0.2251040339,0.1113014519,0.0000000000,0.0000000000,0.0814396888,0.0407814085,0.0008207936,0.2256050259,0.0192217417,0.0000000000,0.0000000000,0.0814963728,0.0413812101,0.0488338433,0.0017012230,0.0000000000,0.1220617816,0.1469310522,0.1092392206,0.1936442107,0.0364960767,0.0000000000,0.1411277652,0.1189526841,0.0000000000,0.0000000000,0.0556555986,0.0561158918,0.1954482496,0.1808890551,0.1052597314,0.0472791977,0.1500948071,0.0777991042,0.0518548042,0.0505951270,0.1931966990,0.1798866242,0.0317058414,0.0304935612,0.1268107891,0.1250299364,0.1318152398,0.0000000000,0.0000000000,0.0317327008,0.1105162203,0.1213518456,0.1509121805,0.1559476256,0.0000034957,0.0000000000,0.0000000000,0.0000000000,-0.0116305631,0.1378236860,-0.0016131564,0.0673474297,0.1378226429,0.0093338909
20:20:00:21.023,61,0.0006923999,0.2228725851,0.1131048724,0.0000000000,0.0000000000,0.0821253136,0.0408399999,0.0007553803,0.2233882695,0.0173892714,0.0000000000,0.0000000000,0.0821840316,0.0414577462,0.0488433316,0.0019914315,0.0000000000,0.1220844388,0.1469798237,0.1094234362,0.1932885349,0.0373483896,0.0000000000,0.1405559033,0.1184270978,0.0000000000,0.0000000000,0.0556915663,0.0561035015,0.1965141743,0.1816677153,0.1055515260,0.0472967625,0.1497989595,0.0777005404,0.0518005155,0.0505334921,0.1934313923,0.1797429770,0.0318448283,0.0305119082,0.1247543842,0.1229298934,0.1322734505,0.0000000000,0.0000000000,0.0316428393,0.1107341200,0.1214752048,0.1505977362,0.1556749046,0.0000035917,0.0000000000,0.0000000000,0.0000000000,-0.0105237486,0.1364677399,-0.0014451069,0.0684514940,0.1364667118,0.0093921609
20:20:00:22.024,61,0.0006372198,0.2191233784,0.1158008352,0.0000000000,0.0000000000,0.0827243701,0.0401688032,0.0006951812,0.2196593285,0.0146275945,0.0000000000,0.0000000000,0.0827845857,0.0408186056,0.0485416278,0.0021550769,0.0000000000,0.1194473431,0.1458103061,0.1087535694,0.1776881963,0.0378979594,0.0000000000,0.1402804703,0.1182186231,0.0000000000,0.0000000000,0.0556183010,0.0559924841,0.1966093779,0.1818058491,0.1054540649,0.0471903794,0.1477366984,0.0773363113,0.0515180714,0.0502370335,0.1911777109,0.1767835319,0.0318479761,0.0304172803,0.1229930446,0.1211496666,0.1321616471,0.0000000000,0.0000000000,0.0312800147,0.1105295345,0.1211176738,0.1474971026,0.1525760442,0.0000038127,0.0000000000,0.0000000000,0.0000000000,-0.0088551668,0.1341875494,-0.0011954206,0.0701048896,0.1341864467,0.0094559668
20:20:00:23.024,61,0.0005864377,0.2196549922,0.1161932796,0.0000000000,0.0000000000,0.0831981823,0.0396716595,0.0006397801,0.2201963961,0.0141746672,0.0000000000,0.0000000000,0.0832600519,0.0403348319,0.0482087694,0.0024683278,0.0000000000,0.1184386835,0.1452348828,0.1083311588,0.1736311764,0.0385358743,0.0000000000,0.1401194930,0.1182019636,0.0000000000,0.0000000000,0.0556006245,0.0559423529,0.1964603364,0.1816942543,0.1053099707,0.0471407250,0.1460972428,0.0769201741,0.0512059145,0.0499293543,0.1906154305,0.1758277416,0.0319049545,0.0303748120,0.1220600456,0.1202155203,0.1321435124,0.0000000000,0.0000000000,0.0308971424,0.1102873981,0.1208041385,0.1462553293,0.1513803750,0.0000039253,0.0000000000,0.0000000000,0.0000000000,-0.0085805962,0.1345153004,-0.0011612190,0.0703393891,0.1345142126,0.0095109968
20:20:00:24.026,61,0.0005397029,0.2220927030,0.1152902320,0.0000000000,0.0000000000,0.0835998580,0.0393610187,0.0005887944,0.2226301432,0.0151523706,0.0000000000,0.0000000000,0.0836618096,0.0400440246,0.0479416400,0.0026072776,0.0000000000,0.1179036945,0.1450529993,0.1081636027,0.1748255938,0.0389638394,0.0000000000,0.1397240609,0.1178458631,0.0000000000,0.0000000000,0.0555887483,0.0558712706,0.1965240687,0.1818543673,0.1052339822,0.0470976457,0.1451279074,0.0765003189,0.0509212278,0.0496347658,0.1906457096,0.1756236851,0.0319598690,0.0303452015,0.1217988431,0.1199473590,0.1334933043,0.0000000000,0.0000000000,0.0305867400,0.1102311611,0.1206657961,0.1455868036,0.1507046074,0.0000035058,0.0000000000,0.0000000000,0.0000000000,-0.0091705909,0.1360027939,-0.0012549548,0.0697785988,0.1360017359,0.0095409211
20:20:00:25.027,61,0.0004966927,0.2215835452,0.1138361320,0.0000000000,0.0000000000,0.0841498449,0.0385978334,0.0005418719,0.2221042514,0.0165955890,0.0000000000,0.0000000000,0.0842129588,0.0393027142,0.0478332080,0.0027622362,0.0000000000,0.1180824414,0.1454224885,0.1084854901,0.2007575929,0.0393909886,0.0000000000,0.1391223669,0.1174200252,0.0000000000,0.0000000000,0.0554795228,0.0557057224,0.1965643466,0.1819459051,0.1051502898,0.0470637493,0.1447482407,0.0763112530,0.0507550947,0.0494670197,0.1909767240,0.1758397371,0.0320817679,0.0303855501,0.1216024905,0.1197464094,0.1350051314,0.0000000000,0.0000000000,0.0304637309,0.1108184084,0.1216360778,0.1456692368,0.1508023739,0.0000033362,0.0000000000,0.0000000000,0.0000000000,-0.0100445002,0.1356826574,-0.0013712661,0.0689014643,0.1356815845,0.0093987379
20:20:00:26.028,61,0.0004571102,0.2196222544,0.1129471958,0.0000000000,0.0000000000,0.0848401785,0.0385714509,0.0004986890,0.2201291174,0.0174646527,0.0000000000,0.0000000000,0.0849077180,0.0392945223,0.0479833968,0.0029815475,0.0000000000,0.1211149618,0.1478833109,0.1100634933,0.2072575837,0.0399348289,0.0000000000,0.1361530721,0.1149231270,0.0000000000,0.0000000000,0.0554736815,0.0556598492,0.1990464628,0.1845899075,0.1052744463,0.0471639372,0.1445990950,0.0761725605,0.0506451055,0.0493564308,0.1915052682,0.1762757003,0.0321729481,0.0303868446,0.1214370131,0.1195758060,0.1358966678,0.0000000000,0.0000000000,0.0303960312,0.1112221926,0.1221227497,0.1456092000,0.1507486552,0.0000025782,0.0000000000,0.0000000000,0.0000000000,-0.0105722379,0.1344768107,-0.0014303258,0.0683745518,0.1344757080,0.0092430776
20:20:00:27.029,61,0.0004206821,0.2179324925,0.1124585792,0.0000000000,0.0000000000,0.0852921158,0.0386163630,0.0004589474,0.2184305340,0.0179240108,0.0000000000,0.0000000000,0.0853627920,0.0393633991,0.0481293462,0.0033519736,0.0000000000,0.1219644994,0.1485700607,0.1107224002,0.2015913427,0.0414284244,0.0000000000,0.1352117509,0.1140206829,0.0000000000,0.0000000000,0.0555448234,0.0556965545,0.1996124238,0.1851487756,0.1055193916,0.0473297909,0.1444360763,0.0760066956,0.0506371446,0.0493559875,0.1918107569,0.1764129847,0.0322438218,0.0303491987,0.1184232458,0.1164766178,0.1360547692,0.0000000000,0.0000000000,0.0304556061,0.1113291234,0.1221854761,0.1454049200,0.1505315006,0.0000044760,0.0000000000,0.0000000000,0.0000000000,-0.0108518275,0.1334395409,-0.0014566897,0.0680882335,0.1334384382,0.0091325855
20:20:00:28.029,61,0.0003871571,0.2158689350,0.1147726700,0.0000000000,0.0000000000,0.0856912583,0.0388064124,0.0004223729,0.2163866758,0.0155246342,0.0000000000,0.0000000000,0.0857629478,0.0395610034,0.0479536615,0.0034137466,0.0000000000,0.1209734902,0.1484186351,0.1105506271,0.1799501181,0.0413817726,0.0000000000,0.1305772364,0.1131590530,0.0000000000,0.0000000000,0.0553992204,0.0555505268,0.1994744092,0.1853140444,0.1055063307,0.0473157056,0.1439591199,0.0756791234,0.0503893085,0.0491105840,0.1867387891,0.1732923836,0.0321312137,0.0302207377,0.1111349836,0.1094138622,0.1358653605,0.0000000000,0.0000000000,0.0301697664,0.1109932661,0.1216357723,0.1441111863,0.1497023702,0.0000077161,0.0000000000,0.0000000000,0.0000000000,-0.0094007291,0.1321889609,-0.0012499426,0.0695009679,0.1321878433,0.0092333714
20:20:00:29.031,61,0.0003563037,0.2143975496,0.1142862886,0.0000000000,0.0000000000,0.0857945457,0.0384581275,0.0003887132,0.2149069011,0.0159671623,0.0000000000,0.0000000000,0.0858658850,0.0392112248,0.0474907607,0.0032571151,0.0000000000,0.1159309894,0.1434137076,0.1057310477,0.1630364954,0.0401453115,0.0000000000,0.1295043081,0.1132069081,0.0000000000,0.0000000000,0.0551657267,0.0553348847,0.1931388527,0.1839821786,0.1050378084,0.0471800566,0.1391228437,0.0749582201,0.0499176010,0.0486338772,0.1809959710,0.1688625067,0.0319012776,0.0300086867,0.1064208746,0.1048672050,0.1352668405,0.0000000000,0.0000000000,0.0296774525,0.1089629978,0.1182630062,0.1372617334,0.1430080235,0.0000137390,0.0000000000,0.0000000000,0.0000000000,-0.0096698534,0.1312853247,-0.0012768337,0.0692146719,0.1312841922,0.0091318106
20:20:00:30.032,61,0.0003279092,0.2128371894,0.1146578640,0.0000000000,0.0000000000,0.0860744566,0.0383831747,0.0003577359,0.2133467942,0.0155892335,0.0000000000,0.0000000000,0.0861453861,0.0391261205,0.0474963896,0.0030669407,0.0000000000,0.1148936823,0.1424190849,0.1050617322,0.1599528939,0.0393867083,0.0000000000,0.1285371929,0.1129844412,0.0000000000,0.0000000000,0.0551638603,0.0553489812,0.1918204725,0.1839699000,0.1051785424,0.0473110639,0.1378059387,0.0745361000,0.0497091152,0.0484352037,0.1806024015,0.1680886596,0.0318280421,0.0299551059,0.1036215723,0.1021885872,0.1352989227,0.0000000000,0.0000000000,0.0295425095,0.1084732339,0.1174483374,0.1353810430,0.1412932575,0.0000160863,0.0000000000,0.0000000000,0.0000000000,-0.0094421608,0.1303320080,-0.0012376123,0.0694484040,0.1303308159,0.0090953000
20:20:00:31.033,61,0.0003017774,0.2121515572,0.1141085252,0.0000000000,0.0000000000,0.0864276662,0.0384753346,0.0003292272,0.2126539499,0.0161469635,0.0000000000,0.0000000000,0.0864993855,0.0392139256,0.0476739109,0.0030176004,0.0000000000,0.1158426479,0.1438705921,0.1058059633,0.1675629914,0.0391192660,0.0000000000,0.1276393235,0.1122607067,0.0000000000,0.0000000000,0.0552312285,0.0554382466,0.1917183995,0.1843032539,0.1056042761,0.0475860760,0.1371907592,0.0741490051,0.0495716818,0.0482966900,0.1813081950,0.1683128476,0.0317247212,0.0298447479,0.1012876108,0.0998571068,0.1353389025,0.0000000000,0.0000000000,0.0294533893,0.1083183661,0.1171583161,0.1345540434,0.1405413896,0.0000171997,0.0000000000,0.0000000000,0.0000000000,-0.0097805094,0.1299091578,-0.0012777532,0.0691194534,0.1299079508,0.0090225888
20:20:00:32.034,61,0.0002777282,0.2116321325,0.1127381399,0.0000000000,0.0000000000,0.0869158432,0.0381899811,0.0003029904,0.2121193558,0.0175303556,0.0000000000,0.0000000000,0.0869892836,0.0389314890,0.0478472710,0.0030336150,0.0000000000,0.1187988743,0.1471886337,0.1067405492,0.1866334379,0.0393448174,0.0000000000,0.1233299002,0.1056609824,0.0000000000,0.0000000000,0.0552523583,0.0554505698,0.1919547468,0.1845880747,0.1060117930,0.0479312651,0.1368263662,0.0737200975,0.0494618006,0.0481797643,0.1820020825,0.1686999649,0.0315865651,0.0296736900,0.1001290530,0.0986944586,0.1355787367,0.0000000000,0.0000000000,0.0294833295,0.1083506718,0.1171513274,0.1343006194,0.1402763575,0.0000171079,0.0000000000,0.0000000000,0.0000000000,-0.0106189083,0.1295836866,-0.0013837647,0.0682922155,0.1295824647,0.0088921916
20:20:00:33.035,61,0.0002555955,0.2093717307,0.1112201810,0.0000000000,0.0000000000,0.0873700902,0.0377867185,0.0002788445,0.2098385841,0.0190386176,0.0000000000,0.0000000000,0.0874455646,0.0385390744,0.0479003526,0.0031941915,0.0000000000,0.1199420393,0.1486035883,0.1071635485,0.1902531981,0.0397132449,0.0000000000,0.1197586432,0.1020076647,0.0000000000,0.0000000000,0.0552738234,0.0554873943,0.1930266023,0.1850413829,0.1066371724,0.0482407995,0.1366317570,0.0733014420,0.0491936840,0.0479120649,0.1822609603,0.1688441038,0.0314078629,0.0294566434,0.0985954255,0.0970554203,0.1359056383,0.0000000000,0.0000000000,0.0292203818,0.1082207486,0.1169733480,0.1340734363,0.1399677545,0.0000130056,0.0000000000,0.0000000000,0.0000000000,-0.0115346117,0.1281916946,-0.0014867604,0.0673847720,0.1281904429,0.0086789243
20:20:00:34.036,61,0.0002352266,0.2095465213,0.1111923829,0.0000000000,0.0000000000,0.0874694586,0.0372869708,0.0002566229,0.2100135386,0.0190451965,0.0000000000,0.0000000000,0.0875452906,0.0380426645,0.0477534607,0.0031896487,0.0000000000,0.1200312600,0.1488477141,0.1065686047,0.1655217260,0.0397591516,0.0000000000,0.1187698543,0.1008720472,0.0000000000,0.0000000000,0.0551877432,0.0554190949,0.1931310743,0.1850009412,0.1069302857,0.0483523123,0.1362606883,0.0728070363,0.0488133468,0.0475280061,0.1817855984,0.1684568673,0.0311382096,0.0291736461,0.0919793621,0.0903444439,0.1358488798,0.0000000000,0.0000000000,0.0288124010,0.1078344434,0.1164870784,0.1335963011,0.1393797994,0.0000112235,0.0000000000,0.0000000000,0.0000000000,-0.0115384376,0.1282985806,-0.0014885075,0.0673670173,0.1282972991,0.0086839525
20:20:00:35.037,61,0.0002823359,0.2099179178,0.1111883819,0.0000000000,0.0000000000,0.0874074250,0.0354970358,0.0003019241,0.2103856206,0.0190784130,0.0000000000,0.0000000000,0.0874839500,0.0362362862,0.0475251302,0.0032927820,0.0000000000,0.1197178066,0.1486312300,0.1051417366,0.1592378169,0.0402042791,0.0000000000,0.1181456223,0.1000882611,0.0000000000,0.0000000000,0.0550157987,0.0552457422,0.1933947653,0.1849699914,0.1071612313,0.0483208336,0.1360767335,0.0724293515,0.0483912081,0.0471101254,0.1805884987,0.1671788841,0.0308746211,0.0288749803,0.0868630558,0.0852003843,0.1356650442,0.0000000000,0.0000000000,0.0283771586,0.1073027700,0.1158721671,0.1332042664,0.1388269067,0.0000085814,0.0000000000,0.0000000000,0.0000000000,-0.0115582217,0.1285258979,-0.0014937308,0.0673626140,0.1285246760,0.0086989449
20:20:00:36.038,61,0.0003589608,0.2120382786,0.1098271310,0.0000000000,0.0000000000,0.0872207880,0.0338310599,0.0003768036,0.2124964148,0.0205552187,0.0000000000,0.0000000000,0.0872974619,0.0345585197,0.0473696403,0.0033042550,0.0000000000,0.1195507646,0.1485537887,0.1046848744,0.1572261155,0.0405850857,0.0000000000,0.1198930815,0.1001997590,0.0000000000,0.0000000000,0.0549831949,0.0551924855,0.1935787797,0.1848926544,0.1073480844,0.0482560582,0.1361324191,0.0722275823,0.0481016301,0.0468147136,0.1806202233,0.1671485454,0.0308022350,0.0287515316,0.0852732062,0.0835908726,0.1356238127,0.0000000000,0.0000000000,0.0280771926,0.1070861965,0.1156106889,0.1333099902,0.1387796551,0.0000076576,0.0000000000,0.0000000000,0.0000000000,-0.0124508245,0.1298167855,-0.0016254241,0.0665267333,0.1298156083,0.0086784270
20:20:00:37.039,61,0.0003624239,0.2132755667,0.1077605337,0.0000000000,0.0000000000,0.0871748030,0.0331183672,0.0003787865,0.2137148976,0.0226742420,0.0000000000,0.0000000000,0.0872526243,0.0338550135,0.0473846681,0.0035106821,0.0000000000,0.1201191247,0.1491467357,0.1048994213,0.1956634670,0.0417749062,0.0000000000,0.1201540083,0.0998715311,0.0000000000,0.0000000000,0.0549792647,0.0551428124,0.1953361481,0.1851799339,0.1077581048,0.0482357740,0.1380045116,0.0723590553,0.0480109341,0.0467337184,0.1810895056,0.1675017774,0.0308089666,0.0286858380,0.0848490596,0.0831413120,0.1359211504,0.0000000000,0.0000000000,0.0280659329,0.1072675586,0.1158069670,0.1347283721,0.1392686069,0.0000088918,0.0000000000,0.0000000000,0.0000000000,-0.0137330322,0.1305633783,-0.0018032311,0.0652684867,0.1305622011,0.0085640596
20:20:00:38.040,61,0.0003507066,0.2143294960,0.1044653431,0.0000000000,0.0000000000,0.0871985927,0.0324606113,0.0003657341,0.2147367448,0.0260155760,0.0000000000,0.0000000000,0.0872773007,0.0332031809,0.0473674014,0.0036174650,0.0000000000,0.1204824150,0.1495461613,0.1052729562,0.2050542682,0.0423596464,0.0000000000,0.1203876734,0.0997776538,0.0000000000,0.0000000000,0.0549490638,0.0550668649,0.1960009187,0.1852914244,0.1080222055,0.0481646061,0.1389109790,0.0725308284,0.0479540415,0.0466768704,0.1816599369,0.1680511981,0.0308739468,0.0286866333,0.0863824189,0.0846541449,0.1363702267,0.0000000000,0.0000000000,0.0280750021,0.1075739488,0.1161671504,0.1360615939,0.1398683190,0.0000083846,0.0000000000,0.0000000000,0.0000000000,-0.0157554653,0.1311915815,-0.0020788363,0.0632673651,0.1311904490,0.0083422586
20:20:00:39.040,61,0.0003955083,0.2133275270,0.1027043909,0.0000000000,0.0000000000,0.0874371529,0.0315141529,0.0004092257,0.2137149125,0.0277377218,0.0000000000,0.0000000000,0.0875174478,0.0322501026,0.0473721847,0.0038063305,0.0000000000,0.1206232682,0.1496990323,0.1057798341,0.2095350325,0.0425257646,0.0000000000,0.1202267185,0.0997769088,0.0000000000,0.0000000000,0.0549175516,0.0550049022,0.1966351420,0.1855099648,0.1083763018,0.0480771884,0.1405055076,0.0728673115,0.0480180904,0.0467550047,0.1819807589,0.1683948338,0.0309100449,0.0286991224,0.0885207132,0.0868276432,0.1368213147,0.0000000000,0.0000000000,0.0282108504,0.1079451069,0.1166366041,0.1367706060,0.1403664500,0.0000076643,0.0000000000,0.0000000000,0.0000000000,-0.0167998113,0.1305695623,-0.0022059877,0.0622059032,0.1305683404,0.0081631457
20:20:00:40.041,61,0.0003864497,0.2125294656,0.1010039970,0.0000000000,0.0000000000,0.0876691937,0.0309860315,0.0003990384,0.2128980756,0.0294083226,0.0000000000,0.0000000000,0.0877520517,0.0317302793,0.0473742373,0.0040513533,0.0000000000,0.1207794249,0.1498883516,0.1062889695,0.2089780867,0.0428309739,0.0000000000,0.1201482043,0.0998300165,0.0000000000,0.0000000000,0.0549169108,0.0549784750,0.1972097903,0.1857085675,0.1087879762,0.0480401181,0.1413640976,0.0730909184,0.0480734110,0.0468275696,0.1824049056,0.1688195318,0.0309195220,0.0286762901,0.0892508551,0.0875612944,0.1372540742,0.0000000000,0.0000000000,0.0283864960,0.1082804427,0.1170918718,0.1373208016,0.1408083737,0.0000080559,0.0000000000,0.0000000000,0.0000000000,-0.0178127978,0.1300727576,-0.0023299886,0.0611799322,0.1300716102,0.0079977941
20:20:00:41.042,61,0.0003676745,0.2112499028,0.0996742472,0.0000000000,0.0000000000,0.0880369544,0.0307432525,0.0003792411,0.2116028219,0.0307344645,0.0000000000,0.0000000000,0.0881225392,0.0315014683,0.0474082381,0.0042885691,0.0000000000,0.1211245880,0.1502261162,0.1068866104,0.2087964714,0.0433441810,0.0000000000,0.1184745133,0.0989030078,0.0000000000,0.0000000000,0.0549084172,0.0549274348,0.1982244998,0.1860629320,0.1091481820,0.0480969213,0.1418396384,0.0731609687,0.0480924845,0.0468741655,0.1828743070,0.1692147404,0.0308869798,0.0286059566,0.0895585641,0.0878691077,0.1378886104,0.0000000000,0.0000000000,0.0286389887,0.1085305512,0.1174491271,0.1376334876,0.1410617977,0.0000086989,0.0000000000,0.0000000000,0.0000000000,-0.0186179709,0.1292833686,-0.0024203500,0.0603806563,0.1292821765,0.0078449948
20:20:00:42.045,61,0.0003448084,0.2107285857,0.0994714871,0.0000000000,0.0000000000,0.0884036720,0.0306947716,0.0003554431,0.2110785097,0.0309914015,0.0000000000,0.0000000000,0.0884922445,0.0314662345,0.0475674905,0.0045594387,0.0000000000,0.1223157346,0.1513146460,0.1076073945,0.2084443718,0.0437584035,0.0000000000,0.1178418398,0.0986084938,0.0000000000,0.0000000000,0.0549461953,0.0549411215,0.1989199817,0.1863627285,0.1094824597,0.0482371747,0.1420397609,0.0731268600,0.0480723940,0.0468793027,0.1848127544,0.1707336605,0.0308873672,0.0285760555,0.0899791643,0.0882880241,0.1385287791,0.0000000000,0.0000000000,0.0288251154,0.1089130118,0.1179617494,0.1380184293,0.1414577514,0.0000101014,0.0000000000,0.0000000000,0.0000000000,-0.0187743921,0.1289633811,-0.0024345743,0.0602603219,0.1289621741,0.0078097847
20:20:00:43.045,61,0.0003207740,0.2098385394,0.0986415818,0.0000000000,0.0000000000,0.0887227952,0.0306836441,0.0003305558,0.2101787031,0.0317959376,0.0000000000,0.0000000000,0.0888136551,0.0314633399,0.0477053858,0.0047964067,0.0000000000,0.1236409992,0.1528484821,0.1082818583,0.2085014433,0.0440738983,0.0000000000,0.1112581342,0.0956000835,0.0000000000,0.0000000000,0.0548530482,0.0548340678,0.1994486153,0.1865990609,0.1097329482,0.0483557023,0.1422474682,0.0731037781,0.0479764007,0.0468086265,0.1854453087,0.1713400930,0.0308237653,0.0284960829,0.0897936597,0.0881035328,0.1391023993,0.0000000000,0.0000000000,0.0289571602,0.1089944914,0.1181216016,0.1382690370,0.1416982114,0.0000110877,0.0000000000,0.0000000000,0.0000000000,-0.0192631464,0.1284148246,-0.0024872022,0.0597617626,0.1284136176,0.0077119418
20:20:00:44.046,61,0.0002970544,0.2101508826,0.0958948359,0.0000000000,0.0000000000,0.0886720940,0.0309222937,0.0003060537,0.2104638666,0.0344687514,0.0000000000,0.0000000000,0.0887639448,0.0316994041,0.0478213541,0.0050116959,0.0000000000,0.1247969940,0.1540428400,0.1090017259,0.2107543200,0.0438011438,0.0000000000,0.1034223288,0.0937770084,0.0000000000,0.0000000000,0.0547109060,0.0547065176,0.1999120265,0.1869122982,0.1098515466,0.0484700203,0.1425171196,0.0731015056,0.0479025766,0.0467625409,0.1855622083,0.1716927737,0.0306909978,0.0284017231,0.0893933252,0.0877111852,0.1396956742,0.0000000000,0.0000000000,0.0291248448,0.1087646410,0.1180046722,0.1384557337,0.1419786215,0.0000090685,0.0000000000,0.0000000000,0.0000000000,-0.0208819639,0.1285932660,-0.0026999768,0.0580962524,0.1285920292,0.0075078011
20:20:00:45.047,61,0.0002743682,0.2102365196,0.0927164406,0.0000000000,0.0000000000,0.0886300057,0.0309095848,0.0002826488,0.2105176896,0.0375488736,0.0000000000,0.0000000000,0.0887224749,0.0316765979,0.0480531231,0.0050826799,0.0000000000,0.1272583008,0.1568202078,0.1102515087,0.2112926841,0.0422719754,0.0000000000,0.1006718650,0.0930182487,0.0000000000,0.0000000000,0.0546349213,0.0546679646,0.2015341520,0.1893076301,0.1100126356,0.0486106202,0.1427335739,0.0730697587,0.0477633029,0.0466471426,0.1858715564,0.1723461002,0.0305851884,0.0283635166,0.0888678506,0.0872054324,0.1403779685,0.0000000000,0.0000000000,0.0291178003,0.1086641550,0.1180362105,0.1388230771,0.1424490064,0.0000059772,0.0000000000,0.0000000000,0.0000000000,-0.0227478687,0.1286314279,-0.0029420743,0.0561703406,0.1286301911,0.0072613680
20:20:00:46.048,61,0.0002530314,0.2095759958,0.0913920552,0.0000000000,0.0000000000,0.0885644630,0.0308968816,0.0002606513,0.2098430991,0.0388135314,0.0000000000,0.0000000000,0.0886563212,0.0316520035,0.0480629206,0.0050513679,0.0000000000,0.1278775781,0.1575752646,0.1108659506,0.2116567641,0.0409570448,0.0000000000,0.0991174951,0.0924890637,0.0000000000,0.0000000000,0.0544662662,0.0545218512,0.2020060569,0.1900167018,0.1099748313,0.0485652275,0.1430750042,0.0731667653,0.0476707332,0.0465754829,0.1856432557,0.1724755317,0.0304748472,0.0283234380,0.0885642022,0.0869242474,0.1407735199,0.0000000000,0.0000000000,0.0291370433,0.1084005460,0.1178387925,0.1389663965,0.1426738948,0.0000050814,0.0000000000,0.0000000000,0.0000000000,-0.0235152710,0.1282215416,-0.0030315083,0.0553708784,0.1282203048,0.0071350667
20:20:00:47.049,61,0.0002331495,0.2102462798,0.0905178115,0.0000000000,0.0000000000,0.0885031894,0.0309236627,0.0002401617,0.2105054110,0.0396738984,0.0000000000,0.0000000000,0.0885943845,0.0316671208,0.0480999835,0.0049936208,0.0000000000,0.1284229606,0.1582131535,0.1114280000,0.2155559361,0.0402879678,0.0000000000,0.0981601477,0.0919193849,0.0000000000,0.0000000000,0.0542527251,0.0543088727,0.2022194266,0.1903036982,0.1099089384,0.0485042185,0.1435139775,0.0733162314,0.0476473086,0.0465656109,0.1854020208,0.1726000607,0.0303692315,0.0282670297,0.0884194598,0.0868031383,0.1410424560,0.0000000000,0.0000000000,0.0292601101,0.1082407907,0.1177278459,0.1393373460,0.1430712491,0.0000038538,0.0000000000,0.0000000000,0.0000000000,-0.0240352713,0.1286278069,-0.0031084591,0.0548383258,0.1286265701,0.0070891525
20:20:00:48.051,61,0.0002147207,0.2113883346,0.0895759761,0.0000000000,0.0000000000,0.0883780196,0.0311137568,0.0002211738,0.2116393149,0.0405867025,0.0000000000,0.0000000000,0.0884686038,0.0318469666,0.0480411761,0.0049438053,0.0000000000,0.1287818998,0.1586733311,0.1119783148,0.2168562561,0.0397315472,0.0000000000,0.0973588601,0.0913026854,0.0000000000,0.0000000000,0.0539726876,0.0540375523,0.2023509145,0.1904820651,0.1096131727,0.0483486764,0.1437654793,0.0734111518,0.0474929214,0.0464208722,0.1852372289,0.1727852523,0.0303433109,0.0282823723,0.0880843997,0.0864888877,0.1414069980,0.0000000000,0.0000000000,0.0292166155,0.1080675647,0.1176199988,0.1398499161,0.1435969770,0.0000033943,0.0000000000,0.0000000000,0.0000000000,-0.0245860573,0.1293223798,-0.0031970392,0.0542628318,0.1293212026,0.0070531387
20:20:00:49.051,61,0.0001976902,0.2105880529,0.0888715684,0.0000000000,0.0000000000,0.0887041315,0.0309506021,0.0002036289,0.2108310908,0.0412518196,0.0000000000,0.0000000000,0.0887956023,0.0316810459,0.0479908213,0.0050218068,0.0000000000,0.1292046607,0.1592064202,0.1125173271,0.2178132832,0.0395299718,0.0000000000,0.0952306762,0.0884237811,0.0000000000,0.0000000000,0.0537234098,0.0537877604,0.2028738856,0.1908762753,0.1095030159,0.0482603535,0.1440703571,0.0735067278,0.0473526157,0.0462958403,0.1849950701,0.1728137881,0.0302761812,0.0282388981,0.0881101564,0.0865243077,0.1418624818,0.0000000000,0.0000000000,0.0291538388,0.1080535799,0.1176725850,0.1402130425,0.1439252645,0.0000021474,0.0000000000,0.0000000000,0.0000000000,-0.0249905623,0.1288298368,-0.0032371129,0.0538395382,0.1288286746,0.0069712223
20:20:00:50.052,61,0.0002125078,0.2101058215,0.0883149430,0.0000000000,0.0000000000,0.0892046094,0.0305122267,0.0002179511,0.2103427351,0.0418122783,0.0000000000,0.0000000000,0.0892970413,0.0312461909,0.0479341783,0.0050738319,0.0000000000,0.1295684129,0.1597376019,0.1129414439,0.2184183896,0.0395344980,0.0000000000,0.0948869213,0.0876271203,0.0000000000,0.0000000000,0.0535554625,0.0536123626,0.2030841112,0.1909801811,0.1094280928,0.0482439548,0.1441504508,0.0734564066,0.0472370088,0.0461827852,0.1850421429,0.1730646193,0.0301935822,0.0281616580,0.0885320827,0.0869456455,0.1423885226,0.0000000000,0.0000000000,0.0290515088,0.1082624570,0.1179132685,0.1405573338,0.1441803724,0.0000029165,0.0000000000,0.0000000000,0.0000000000,-0.0253310651,0.1285325438,-0.0032735534,0.0535043776,0.1285313070,0.0069117011
20:20:00:51.054,61,0.0002040213,0.2088603675,0.0876670480,0.0000000000,0.0000000000,0.0898753107,0.0304277986,0.0002090248,0.2090893984,0.0424695313,0.0000000000,0.0000000000,0.0899734721,0.0311689507,0.0479264185,0.0051683616,0.0000000000,0.1297306418,0.1599871218,0.1133042574,0.2183418721,0.0395389944,0.0000000000,0.0947324634,0.0870687068,0.0000000000,0.0000000000,0.0534651168,0.0535077043,0.2040644288,0.1914764196,0.1095462963,0.0481861271,0.1444714218,0.0735793635,0.0472018048,0.0461541712,0.1849839240,0.1731503755,0.0301406011,0.0281162374,0.0903762728,0.0887675509,0.1426430643,0.0000000000,0.0000000000,0.0290379561,0.1084967926,0.1182039231,0.1406941265,0.1442915052,0.0000038074,0.0000000000,0.0000000000,0.0000000000,-0.0257317852,0.1277679801,-0.0033053295,0.0531170666,0.1277667433,0.0068204515
20:20:00:52.055,61,0.0001922846,0.2074752003,0.0874082744,0.0000000000,0.0000000000,0.0905780271,0.0304562822,0.0001968861,0.2077000290,0.0427928455,0.0000000000,0.0000000000,0.0906799212,0.0312074684,0.0479846522,0.0053800559,0.0000000000,0.1302515715,0.1605929285,0.1136767566,0.2176541239,0.0400324725,0.0000000000,0.0946628377,0.0865498632,0.0000000000,0.0000000000,0.0534283705,0.0534500703,0.2058033794,0.1919970661,0.1098085791,0.0482067652,0.1445824206,0.0735812634,0.0470608249,0.0460345075,0.1853150278,0.1734649539,0.0301389676,0.0280886423,0.0926912725,0.0910414085,0.1429211348,0.0000000000,0.0000000000,0.0289284158,0.1089198068,0.1187364087,0.1409493089,0.1444881856,0.0000041838,0.0000000000,0.0000000000,0.0000000000,-0.0259304959,0.1269196570,-0.0033084925,0.0529660136,0.1269183606,0.0067554256
20:20:00:53.055,61,0.0001793816,0.2061682492,0.0861835852,0.0000000000,0.0000000000,0.0913633406,0.0301620793,0.0001836146,0.2063793689,0.0440762006,0.0000000000,0.0000000000,0.0914748907,0.0309226085,0.0481192656,0.0056910384,0.0000000000,0.1321154535,0.1633140445,0.1140679121,0.2133870870,0.0417695530,0.0000000000,0.0945905373,0.0860399604,0.0000000000,0.0000000000,0.0534881577,0.0534874126,0.2121683955,0.1942113191,0.1102567166,0.0483369492,0.1444979459,0.0734446421,0.0468042195,0.0458032899,0.1869713962,0.1743112952,0.0301545002,0.0280549303,0.0950003937,0.0933446139,0.1433724463,0.0000000000,0.0000000000,0.0286343936,0.1092849225,0.1192066073,0.1412008852,0.1446117759,0.0000046458,0.0000000000,0.0000000000,0.0000000000,-0.0267108865,0.1261152476,-0.0033862081,0.0522292182,0.1261139512,0.0066188690
20:20:00:54.057,61,0.0001663819,0.2057327032,0.0865737721,0.0000000000,0.0000000000,0.0920753926,0.0299239457,0.0001702766,0.2059471458,0.0437229536,0.0000000000,0.0000000000,0.0921908468,0.0306869224,0.0481971651,0.0058867782,0.0000000000,0.1329416484,0.1643760502,0.1144739687,0.2120832652,0.0425155796,0.0000000000,0.0948323086,0.0859282166,0.0000000000,0.0000000000,0.0534740239,0.0534466468,0.2140818983,0.1950150579,0.1104926765,0.0483368710,0.1445880979,0.0734591335,0.0466038175,0.0456278697,0.1877998263,0.1749263257,0.0302211624,0.0280817952,0.0979303643,0.0963155404,0.1439729780,0.0000000000,0.0000000000,0.0283647999,0.1097503603,0.1197520196,0.1416875869,0.1449602991,0.0000037067,0.0000000000,0.0000000000,0.0000000000,-0.0264977012,0.1258503795,-0.0033520586,0.0524674319,0.1258490682,0.0066349171
20:20:00:55.058,61,0.0001538160,0.2055301517,0.0862485543,0.0000000000,0.0000000000,0.0926138982,0.0296596047,0.0001573998,0.2057411671,0.0440548398,0.0000000000,0.0000000000,0.0927315801,0.0304243825,0.0481391698,0.0059467740,0.0000000000,0.1332135051,0.1648773849,0.1148592085,0.2158211172,0.0430102088,0.0000000000,0.0938858315,0.0822898373,0.0000000000,0.0000000000,0.0533065908,0.0532490201,0.2147462517,0.1953253895,0.1105734482,0.0482602604,0.1449994296,0.0736088455,0.0465112068,0.0455412045,0.1875072718,0.1748137325,0.0301844422,0.0280117746,0.0988795981,0.0972769931,0.1442193389,0.0000000000,0.0000000000,0.0282204263,0.1098184586,0.1197974905,0.1420123726,0.1450719982,0.0000049796,0.0000000000,0.0000000000,0.0000000000,-0.0266992580,0.1257251650,-0.0033741542,0.0522711612,0.1257238537,0.0066034738
20:20:00:56.058,61,0.0004188531,0.2052431405,0.0850371718,0.0000000000,0.0000000000,0.0930054411,0.0284452457,0.0004202662,0.2054418325,0.0452871285,0.0000000000,0.0000000000,0.0931238309,0.0291529354,0.0481321886,0.0060174358,0.0000000000,0.1332757771,0.1651391089,0.1149839461,0.2140265405,0.0431005061,0.0000000000,0.0937062278,0.0814800113,0.0000000000,0.0000000000,0.0532699414,0.0532155260,0.2150285393,0.1956451237,0.1108464897,0.0482688956,0.1452031136,0.0736355856,0.0463419259,0.0453712903,0.1873798966,0.1748417616,0.0301417727,0.0279611293,0.0994557813,0.0978617817,0.1444514096,0.0000000000,0.0000000000,0.0279177837,0.1097447202,0.1196721569,0.1420806050,0.1449709684,0.0000058472,0.0000000000,0.0000000000,0.0000000000,-0.0274467170,0.1255448163,-0.0034635628,0.0515381470,0.1255434752,0.0065015163
20:20:00:57.060,61,0.0006400544,0.2048144042,0.0850689039,0.0000000000,0.0000000000,0.0931879804,0.0275514554,0.0006400687,0.2050128728,0.0452915095,0.0000000000,0.0000000000,0.0933065936,0.0282414611,0.0478383116,0.0061218170,0.0000000000,0.1315416694,0.1636667401,0.1146149784,0.2136439830,0.0431302190,0.0000000000,0.0932727158,0.0807402357,0.0000000000,0.0000000000,0.0530985259,0.0530404672,0.2147151083,0.1955362558,0.1108680069,0.0480789691,0.1455721259,0.0737969205,0.0461900569,0.0452155322,0.1834827960,0.1726120412,0.0300474782,0.0278591421,0.1000769064,0.0984884128,0.1445154548,0.0000000000,0.0000000000,0.0276674684,0.1093687341,0.1192343831,0.1418367624,0.1445474178,0.0000056791,0.0000000000,0.0000000000,0.0000000000,-0.0274502747,0.1252827048,-0.0034567032,0.0515590794,0.1252813786,0.0064904327
20:20:00:58.061,61,0.0006866138,0.2046108991,0.0857643709,0.0000000000,0.0000000000,0.0934545770,0.0270755123,0.0006861358,0.2048158348,0.0446603745,0.0000000000,0.0000000000,0.0935740769,0.0277685393,0.0476877019,0.0063849054,0.0000000000,0.1311943382,0.1633592695,0.1146785021,0.2133426368,0.0434199423,0.0000000000,0.0927351415,0.0802029818,0.0000000000,0.0000000000,0.0529409349,0.0528891608,0.2142757624,0.1952028871,0.1110686958,0.0479552373,0.1458687335,0.0739920214,0.0460387804,0.0450754017,0.1825063676,0.1719889343,0.0301514138,0.0279303920,0.1006287187,0.0990309268,0.1450050175,0.0000000000,0.0000000000,0.0274995472,0.1096549407,0.1196033135,0.1420994252,0.1447392106,0.0000061281,0.0000000000,0.0000000000,0.0000000000,-0.0270681661,0.1251609772,-0.0034052515,0.0519814119,0.1251596361,0.0065371222
20:20:00:59.062,61,0.0006821898,0.2044185251,0.0861135945,0.0000000000,0.0000000000,0.0937133655,0.0268588290,0.0006814874,0.2046265602,0.0443634093,0.0000000000,0.0000000000,0.0938342661,0.0275573246,0.0476406738,0.0067060976,0.0000000000,0.1309507787,0.1630631089,0.1147190258,0.2127696127,0.0437849239,0.0000000000,0.0924298018,0.0800490230,0.0000000000,0.0000000000,0.0528688803,0.0528208949,0.2139431536,0.1948980987,0.1112897620,0.0479350239,0.1459875852,0.0740701258,0.0459582359,0.0450202972,0.1821723580,0.1717101187,0.0301906262,0.0279468242,0.1012219638,0.0996268094,0.1451409161,0.0000000000,0.0000000000,0.0274749342,0.1097419634,0.1198321581,0.1420165598,0.1446691006,0.0000049145,0.0000000000,0.0000000000,0.0000000000,-0.0268885754,0.1250447035,-0.0033794884,0.0521938354,0.1250433624,0.0065576499
20:20:01:00.063,61,0.0007974652,0.2035651356,0.0857810229,0.0000000000,0.0000000000,0.0942505747,0.0263097603,0.0007961883,0.2037689239,0.0447380878,0.0000000000,0.0000000000,0.0943733975,0.0270065833,0.0477119684,0.0069209123,0.0000000000,0.1311989427,0.1633206010,0.1150037274,0.2123530209,0.0443279594,0.0000000000,0.0922274962,0.0797860622,0.0000000000,0.0000000000,0.0528302677,0.0527616441,0.2140007317,0.1949681342,0.1116830111,0.0479470082,0.1462577879,0.0742010176,0.0458656177,0.0449483320,0.1823226511,0.1717917770,0.0302528162,0.0279618036,0.1019193083,0.1003255770,0.1454463601,0.0000000000,0.0000000000,0.0273472629,0.1100563481,0.1201929748,0.1422682405,0.1447950304,0.0000042886,0.0000000000,0.0000000000,0.0000000000,-0.0271174498,0.1245213896,-0.0033938347,0.0519956648,0.1245200485,0.0065051499
20:20:01:01.063,61,0.0010216420,0.2044690400,0.0853425637,0.0000000000,0.0000000000,0.0947428420,0.0254843533,0.0010189209,0.2046693563,0.0451744869,0.0000000000,0.0000000000,0.0948668048,0.0261694025,0.0477755107,0.0070331432,0.0000000000,0.1312581599,0.1633338332,0.1152861491,0.2124553174,0.0445915498,0.0000000000,0.0924210697,0.0799368843,0.0000000000,0.0000000000,0.0527300835,0.0526412278,0.2138241082,0.1948846728,0.1119717136,0.0478287898,0.1484637558,0.0746893361,0.0459299944,0.0450257808,0.1823615581,0.1718071997,0.0303825997,0.0280514937,0.1024434194,0.1008593813,0.1456690729,0.0000000000,0.0000000000,0.0272933636,0.1105283722,0.1206899211,0.1434687972,0.1453178674,0.0000048211,0.0000000000,0.0000000000,0.0000000000,-0.0273800753,0.1250725240,-0.0034420206,0.0517263077,0.1250711977,0.0065004262
20:20:01:02.065,61,0.0010858764,0.2061581910,0.0850522071,0.0000000000,0.0000000000,0.0948976502,0.0249484722,0.0010828261,0.2063573003,0.0454419740,0.0000000000,0.0000000000,0.0950213522,0.0256280787,0.0476309024,0.0069281841,0.0000000000,0.1310792118,0.1632055789,0.1156424806,0.2273745090,0.0445947684,0.0000000000,0.0923523605,0.0797342062,0.0000000000,0.0000000000,0.0524622612,0.0523450188,0.2128934860,0.1945789605,0.1118178293,0.0475320779,0.1507529020,0.0752578825,0.0460391305,0.0451234728,0.1819199622,0.1714957505,0.0304546300,0.0280969124,0.1023752317,0.1008008048,0.1457993686,0.0000000000,0.0000000000,0.0273383874,0.1107607931,0.1208900139,0.1442982256,0.1458211094,0.0000053257,0.0000000000,0.0000000000,0.0000000000,-0.0275386143,0.1261045784,-0.0034908159,0.0515436232,0.1261032671,0.0065315068
20:20:01:03.067,61,0.0012120142,0.2068314552,0.0850755945,0.0000000000,0.0000000000,0.0948686823,0.0244661793,0.0012084024,0.2070312798,0.0454359315,0.0000000000,0.0000000000,0.0949930251,0.0251469258,0.0475031212,0.0070970492,0.0000000000,0.1312145740,0.1634391248,0.1159106940,0.2299979776,0.0449289270,0.0000000000,0.0926283896,0.0799633339,0.0000000000,0.0000000000,0.0523435138,0.0522139966,0.2124485075,0.1942975372,0.1117965803,0.0473893546,0.1514455080,0.0754687339,0.0459628813,0.0450508296,0.1821327060,0.1716705412,0.0305642448,0.0281638820,0.1020811871,0.1004980803,0.1461509764,0.0000000000,0.0000000000,0.0272000935,0.1109752804,0.1211020425,0.1449259669,0.1462343782,0.0000049040,0.0000000000,0.0000000000,0.0000000000,-0.0275335144,0.1265164316,-0.0035016907,0.0515551046,0.1265151501,0.0065545267
20:20:01:04.068,61,0.0011908186,0.2057453543,0.0855518356,0.0000000000,0.0000000000,0.0950712860,0.0243824720,0.0011872011,0.2059489191,0.0449631512,0.0000000000,0.0000000000,0.0951977223,0.0250767563,0.0475359261,0.0073887203,0.0000000000,0.1313367784,0.1635834724,0.1160179675,0.2116902471,0.0453866795,0.0000000000,0.0927089527,0.0800565183,0.0000000000,0.0000000000,0.0524080582,0.0522797592,0.2124379128,0.1943027973,0.1122619137,0.0474850126,0.1516487747,0.0754971951,0.0459253043,0.0450257026,0.1822816283,0.1716909111,0.0305552986,0.0281222779,0.1016559303,0.1000623628,0.1461510956,0.0000000000,0.0000000000,0.0271478705,0.1110462770,0.1211906821,0.1448545754,0.1461179405,0.0000058109,0.0000000000,0.0000000000,0.0000000000,-0.0272493009,0.1258540154,-0.0034472160,0.0518480688,0.1258527189,0.0065568583
20:20:01:05.068,61,0.0011362734,0.2042962164,0.0862960219,0.0000000000,0.0000000000,0.0953733325,0.0243268665,0.0011327871,0.2045057565,0.0442277975,0.0000000000,0.0000000000,0.0955023691,0.0250328630,0.0475682952,0.0076426682,0.0000000000,0.1315278560,0.1638341993,0.1160460934,0.2031126320,0.0456912890,0.0000000000,0.0926237404,0.0801290125,0.0000000000,0.0000000000,0.0524959601,0.0523830280,0.2126938850,0.1945699453,0.1127316803,0.0475946330,0.1513797194,0.0753405616,0.0457212441,0.0448424257,0.1827166826,0.1719651669,0.0305563826,0.0281037763,0.1010435000,0.0994471461,0.1465660781,0.0000000000,0.0000000000,0.0269378945,0.1111516580,0.1213354468,0.1446409076,0.1459201425,0.0000065617,0.0000000000,0.0000000000,0.0000000000,-0.0268066302,0.1249706224,-0.0033671742,0.0523049049,0.1249692813,0.0065676575
20:20:01:06.070,61,0.0012653949,0.2033978403,0.0865006521,0.0000000000,0.0000000000,0.0957518667,0.0237872489,0.0012611505,0.2036085725,0.0440137088,0.0000000000,0.0000000000,0.0958819538,0.0244857110,0.0476356484,0.0077055134,0.0000000000,0.1317981035,0.1641733795,0.1162240729,0.2002158463,0.0457463637,0.0000000000,0.0924309641,0.0801447183,0.0000000000,0.0000000000,0.0525197685,0.0524062924,0.2129105628,0.1948747039,0.1130080223,0.0476600416,0.1512206793,0.0752750486,0.0455826931,0.0447211266,0.1830781102,0.1722708941,0.0305412803,0.0280878525,0.1007621884,0.0991790816,0.1468481719,0.0000000000,0.0000000000,0.0267855208,0.1112695113,0.1214464456,0.1446470618,0.1458880454,0.0000057740,0.0000000000,0.0000000000,0.0000000000,-0.0266787019,0.1244219095,-0.0033362429,0.0524325296,0.1244205385,0.0065544592
20:20:01:07.070,61,0.0013465227,0.2038970888,0.0848561600,0.0000000000,0.0000000000,0.0958989561,0.0232954752,0.0013419882,0.2040922940,0.0455983095,0.0000000000,0.0000000000,0.0960314423,0.0239846371,0.0476042777,0.0077442229,0.0000000000,0.1320395917,0.1645172238,0.1164735332,0.2267426997,0.0457990877,0.0000000000,0.0872146189,0.0774304122,0.0000000000,0.0000000000,0.0522989333,0.0521830209,0.2129676789,0.1950397640,0.1130156517,0.0475599431,0.1515150666,0.0754478425,0.0455359295,0.0446852818,0.1827433407,0.1720778942,0.0304600429,0.0280159973,0.0984107926,0.0969287232,0.1469812393,0.0000000000,0.0000000000,0.0268346816,0.1111915559,0.1214405969,0.1448324025,0.1460254341,0.0000054811,0.0000000000,0.0000000000,0.0000000000,-0.0276381746,0.1247207820,-0.0034645849,0.0514337644,0.1247194335,0.0064453268
20:20:01:08.071,61,0.0016159994,0.2039144188,0.0840819106,0.0000000000,0.0000000000,0.0960658044,0.0225424208,0.0016092078,0.2041021138,0.0463439114,0.0000000000,0.0000000000,0.0962010771,0.0232182574,0.0475748442,0.0078968722,0.0000000000,0.1323658526,0.1649904251,0.1167459488,0.2330260873,0.0460897125,0.0000000000,0.0855059251,0.0763149410,0.0000000000,0.0000000000,0.0520937331,0.0519832186,0.2128483653,0.1949788928,0.1129561886,0.0475171506,0.1515698731,0.0754774064,0.0454361066,0.0445874184,0.1825097352,0.1719554216,0.0303679835,0.0279163681,0.0965492874,0.0950554088,0.1470741779,0.0000000000,0.0000000000,0.0268017463,0.1110039428,0.1212660745,0.1449201107,0.1460085958,0.0000049576,0.0000000000,0.0000000000,0.0000000000,-0.0280900765,0.1247283593,-0.0035214343,0.0509644151,0.1247270405,0.0063869562
20:20:01:09.072,61,0.0020077508,0.2032161057,0.0838646218,0.0000000000,0.0000000000,0.0964251533,0.0215932019,0.0019967188,0.2034011781,0.0465428121,0.0000000000,0.0000000000,0.0965633616,0.0222524293,0.0473442599,0.0079531427,0.0000000000,0.1323796660,0.1652200818,0.1169807985,0.2367852777,0.0462111272,0.0000000000,0.0843958929,0.0754645094,0.0000000000,0.0000000000,0.0517876782,0.0516795218,0.2116875648,0.1945289373,0.1125618517,0.0473683476,0.1514784843,0.0754655078,0.0453426726,0.0444809608,0.1821115017,0.1716959924,0.0302677937,0.0278163645,0.0962188691,0.0947306752,0.1473035514,0.0000000000,0.0000000000,0.0268298127,0.1108618677,0.1211376041,0.1448722929,0.1458648443,0.0000045323,0.0000000000,0.0000000000,0.0000000000,-0.0282121506,0.1243004426,-0.0035244736,0.0508354157,0.1242990568,0.0063487189
20:20:01:10.074,61,0.0023034734,0.2025208324,0.0843331143,0.0000000000,0.0000000000,0.0968320891,0.0208389144,0.0022898603,0.2027098387,0.0460775085,0.0000000000,0.0000000000,0.0969741046,0.0214844756,0.0471605733,0.0081628617,0.0000000000,0.1326496005,0.1656758636,0.1173171699,0.2387957573,0.0463977195,0.0000000000,0.0839836001,0.0753157288,0.0000000000,0.0000000000,0.0515131950,0.0514203086,0.2109339386,0.1939378232,0.1120495424,0.0472652949,0.1511939615,0.0753585026,0.0452007093,0.0443393439,0.1821646690,0.1718077511,0.0301936269,0.0277465787,0.0959347710,0.0944466442,0.1476000249,0.0000000000,0.0000000000,0.0268107988,0.1107851490,0.1211175919,0.1447967887,0.1457686275,0.0000057390,0.0000000000,0.0000000000,0.0000000000,-0.0279315747,0.1238769814,-0.0034774207,0.0511221103,0.1238756329,0.0063625178
20:20:01:11.074,61,0.0023433827,0.2012449503,0.0843249485,0.0000000000,0.0000000000,0.0973598063,0.0205837376,0.0023294396,0.2014328390,0.0460639186,0.0000000000,0.0000000000,0.0975061059,0.0212287288,0.0472399667,0.0083899619,0.0000000000,0.1335249394,0.1675062925,0.1177655980,0.2396543920,0.0466295183,0.0000000000,0.0840563625,0.0754909962,0.0000000000,0.0000000000,0.0513393916,0.0512737148,0.2106643766,0.1937317103,0.1116297692,0.0472819172,0.1509196609,0.0752294511,0.0450822264,0.0442268588,0.1826435477,0.1724008918,0.0301341601,0.0276870020,0.0957267433,0.0942403078,0.1477681994,0.0000000000,0.0000000000,0.0266879518,0.1107670665,0.1211353540,0.1448296905,0.1457701921,0.0000072017,0.0000000000,0.0000000000,0.0000000000,-0.0279260371,0.1230965629,-0.0034546054,0.0511220992,0.1230951846,0.0063220230
20:20:01:12.076,61,0.0035718067,0.2005851418,0.0844258294,0.0000000000,0.0000000000,0.0978358909,0.0181941018,0.0034641041,0.2007733583,0.0459853075,0.0000000000,0.0000000000,0.0979854688,0.0188073162,0.0476422720,0.0085137077,0.0000000000,0.1375297010,0.1727949977,0.1180004552,0.2227693051,0.0470381677,0.0000000000,0.0874208808,0.0767231733,0.0000000000,0.0000000000,0.0514663458,0.0514218919,0.2123358101,0.1947803199,0.1115453020,0.0475827679,0.1502922475,0.0748376697,0.0448492840,0.0439997390,0.1905398369,0.1791295558,0.0300062969,0.0275571812,0.0956561193,0.0941745937,0.1474027038,0.0000000000,0.0000000000,0.0263527241,0.1103403717,0.1205616519,0.1445493698,0.1453908682,0.0000232181,0.0000000000,0.0000000000,0.0000000000,-0.0278797671,0.1226933971,-0.0034374727,0.0511858054,0.1226919889,0.0063089514
20:20:01:13.077,61,0.0052544596,0.1999013722,0.0837031826,0.0000000000,0.0000000000,0.0984576866,0.0149221662,0.0050348449,0.2000818998,0.0467468426,0.0000000000,0.0000000000,0.0986101329,0.0155078433,0.0481928699,0.0085565113,0.0000000000,0.1418686807,0.1770853400,0.1183095425,0.2139705718,0.0473897308,0.0000000000,0.0877790377,0.0766061991,0.0000000000,0.0000000000,0.0516674891,0.0516273975,0.2239650637,0.2040718049,0.1116286442,0.0480114482,0.1474707574,0.0742338076,0.0445024259,0.0436642431,0.1939008981,0.1825550497,0.0298170820,0.0273746680,0.0964953229,0.0950771570,0.1470888406,0.0000000000,0.0000000000,0.0259610619,0.1097500846,0.1196642518,0.1440783143,0.1447751969,0.0000364332,0.0000000000,0.0000000000,0.0000000000,-0.0283429343,0.1222724468,-0.0034824542,0.0507502854,0.1222710237,0.0062336423
20:20:01:14.078,61,0.0069715981,0.1995638162,0.0827200562,0.0000000000,0.0000000000,0.1004147083,0.0116255432,0.0066509754,0.1997343302,0.0477992594,0.0000000000,0.0000000000,0.1005866155,0.0121976668,0.0487256683,0.0086340643,0.0000000000,0.1499128342,0.1805642247,0.1246914640,0.2214887887,0.0477812029,0.0000000000,0.0880615860,0.0766247585,0.0000000000,0.0000000000,0.0516678616,0.0516468398,0.2254726440,0.2058697343,0.1060719639,0.0483809076,0.1393052787,0.0732254088,0.0441157408,0.0432866029,0.2071070671,0.1939182281,0.0298331100,0.0273757633,0.1023032889,0.1009952277,0.1472902149,0.0000000000,0.0000000000,0.0257007163,0.1094609797,0.1193324700,0.1436812729,0.1442250907,0.0000965226,0.0000000000,0.0000000000,0.0000000000,-0.0289817788,0.1220622808,-0.0035547435,0.0501554795,0.1220608652,0.0061499514
20:20:01:15.079,61,0.0080331406,0.1994908899,0.0815358087,0.0000000000,0.0000000000,0.1013021767,0.0091504939,0.0076750545,0.1996495873,0.0490856022,0.0000000000,0.0000000000,0.1014819965,0.0096810125,0.0501091965,0.0088332286,0.0000000000,0.1919723898,0.1915285289,0.1732018590,0.2617576122,0.0480422229,0.0000000000,0.0883375704,0.0767338201,0.0000000000,0.0000000000,0.0517002381,0.0517589450,0.2248951644,0.2064374983,0.0771285743,0.0488608778,0.1211958751,0.0708481148,0.0435888097,0.0427739322,0.2628485262,0.2422248125,0.0311569739,0.0283804983,0.1036663651,0.1023969203,0.1474954635,0.0000000000,0.0000000000,0.0255674683,0.1092906222,0.1194279790,0.1435421258,0.1439800262,0.0002807954,0.0000000000,0.0000000000,0.0000000000,-0.0297619067,0.1220133081,-0.0036489216,0.0494377166,0.1220118701,0.0060595572
20:20:01:16.080,61,0.0087885689,0.1982093602,0.0813504308,0.0000000000,0.0000000000,0.1022654176,0.0074570030,0.0084154131,0.1983643025,0.0495478436,0.0000000000,0.0000000000,0.1024603248,0.0079666702,0.0509662479,0.0092412848,0.0000000000,0.2038343847,0.1949282438,0.1936686933,0.2829357386,0.0479255356,0.0000000000,0.0883586556,0.0767480358,0.0000000000,0.0000000000,0.0516573675,0.0518688560,0.2099504173,0.1959076375,0.0581801273,0.0492184944,0.1076744869,0.0686986223,0.0429274477,0.0421387069,0.2787767351,0.2559085488,0.0390407033,0.0358021259,0.1044857949,0.1032303274,0.1476852894,0.0000000000,0.0000000000,0.0254115537,0.1089505330,0.1195572689,0.1432078481,0.1436317861,0.0003412708,0.0000000000,0.0000000000,0.0000000000,-0.0300450549,0.1212288365,-0.0036597087,0.0493300334,0.1212273985,0.0060071107
20:20:01:17.080,61,0.0092478199,0.1956890523,0.0815874115,0.0000000000,0.0000000000,0.1033587307,0.0064617982,0.0088753803,0.1958435923,0.0495433733,0.0000000000,0.0000000000,0.1035715416,0.0069566052,0.0531403720,0.0095662400,0.0000000000,0.2144877762,0.1926695108,0.2041429430,0.2656848729,0.0477337502,0.0000000000,0.0887591690,0.0770783275,0.0000000000,0.0000000000,0.0517272502,0.0521072485,0.2056453526,0.1919755340,0.0502630956,0.0494864732,0.0969454274,0.0664371029,0.0417364873,0.0410920046,0.3057670891,0.2764586508,0.0474849939,0.0432645418,0.1046113595,0.1033464223,0.1480526924,0.0000000000,0.0000000000,0.0250149947,0.1087165028,0.1197282746,0.1426293850,0.1430130005,0.0003363959,0.0000000000,0.0000000000,0.0000000000,-0.0300479420,0.1196883395,-0.0036131011,0.0494829565,0.1196868420,0.0059484034
20:20:01:18.081,61,0.0091593862,0.1916854978,0.0819831342,0.0000000000,0.0000000000,0.1047774106,0.0066812942,0.0088027446,0.1918399483,0.0493753627,0.0000000000,0.0000000000,0.1050184444,0.0071853921,0.0584568530,0.0170494560,0.0000000000,0.2235169560,0.1833115816,0.2144481093,0.2400982678,0.0476790033,0.0000000000,0.0890295431,0.0774436072,0.0000000000,0.0000000000,0.0519887619,0.0525086410,0.2058326900,0.1904438436,0.0460989811,0.0497420281,0.0906694233,0.0645394847,0.0408961959,0.0402975082,0.3475605845,0.3123911321,0.0532671884,0.0483134687,0.1001285091,0.0986366495,0.1483833343,0.0000000000,0.0000000000,0.0245486200,0.1084112152,0.1198235229,0.1413329095,0.1416896582,0.0002832921,0.0000000000,0.0000000000,0.0000000000,-0.0299547650,0.1172412112,-0.0035275705,0.0497374237,0.1172396690,0.0058555817
20:20:01:19.083,61,0.0092379693,0.1869613826,0.0814752951,0.0000000000,0.0000000000,0.1067783982,0.0065501519,0.0088959085,0.1871070117,0.0500758477,0.0000000000,0.0000000000,0.1070505977,0.0070513738,0.0613769256,0.0196777340,0.0000000000,0.2275931686,0.1541436613,0.2207780778,0.2242167890,0.0474497080,0.0000000000,0.0899812728,0.0788248181,0.0000000000,0.0000000000,0.0522695035,0.0529009178,0.2051582187,0.1888460368,0.0435793512,0.0497369692,0.0855747536,0.0633735731,0.0401177108,0.0395406522,0.3650681674,0.3297381103,0.0633362681,0.0572504327,0.0986902937,0.0971435085,0.1486748159,0.0000000000,0.0000000000,0.0240007266,0.1081358045,0.1198647320,0.1393721551,0.1395788044,0.0001061163,0.0000000000,0.0000000000,0.0000000000,-0.0303899460,0.1143502370,-0.0034897721,0.0494459234,0.1143485904,0.0056764707
20:20:01:20.084,61,0.0088024503,0.1822774261,0.0797765628,0.0000000000,0.0000000000,0.1082867309,0.0215176083,0.0084819589,0.1824039370,0.0519582443,0.0000000000,0.0000000000,0.1085786447,0.0225761756,0.0629683062,0.0235192906,0.0000000000,0.2296863496,0.1405427903,0.2236468047,0.2014548779,0.0473073311,0.0000000000,0.0906960815,0.0796026960,0.0000000000,0.0000000000,0.0524982400,0.0531945005,0.2045768201,0.1868213117,0.0420051925,0.0493920371,0.0831003711,0.0626803413,0.0391941816,0.0386779867,0.3735099733,0.3375132084,0.0729895383,0.0654329062,0.0980154648,0.0964493454,0.1492173970,0.0000000000,0.0000000000,0.0233592540,0.1078965589,0.1198871657,0.1377444863,0.1373388320,0.0000312331,0.0000000000,0.0000000000,0.0000000000,-0.0315425955,0.1114799082,-0.0035304057,0.0484307148,0.1114782095,0.0054192743
20:20:01:21.085,61,0.0082618995,0.1747156978,0.0756243020,0.0000000000,0.0000000000,0.1097026840,0.0322084762,0.0079639042,0.1748014539,0.0562427901,0.0000000000,0.0000000000,0.1100124866,0.0334156826,0.0639176965,0.0250185672,0.0000000000,0.2306069285,0.1349648982,0.2249884158,0.1937233806,0.0472340696,0.0000000000,0.0918010473,0.0802295133,0.0000000000,0.0000000000,0.0527228266,0.0534987897,0.2041343004,0.1857595146,0.0410655029,0.0490522794,0.0816532150,0.0621527471,0.0383787043,0.0379028283,0.3766739964,0.3405066431,0.0765340254,0.0685164034,0.0980814472,0.0965106264,0.1504560858,0.0000000000,0.0000000000,0.0227110442,0.1077999473,0.1200243160,0.1366676837,0.1353199333,0.0000223106,0.0000000000,0.0000000000,0.0000000000,-0.0341610089,0.1068427339,-0.0036630784,0.0459332131,0.1068408638,0.0049245316
20:20:01:22.086,61,0.0076896325,0.1692578197,0.0711355209,0.0000000000,0.0000000000,0.1107039601,0.0404653102,0.0074137547,0.1693035662,0.0608560219,0.0000000000,0.0000000000,0.1110223085,0.0417943001,0.0645768270,0.0259440951,0.0000000000,0.2312646359,0.1323505193,0.2253147513,0.1888824999,0.0473367646,0.0000000000,0.0941824317,0.0808907151,0.0000000000,0.0000000000,0.0530212745,0.0538594946,0.2037040889,0.1848881990,0.0405455865,0.0487630479,0.0807547569,0.0617360175,0.0376172438,0.0371688493,0.3780161142,0.3418134749,0.0784323290,0.0701517537,0.0979166776,0.0963439569,0.1510144770,0.0000000000,0.0000000000,0.0220664870,0.1077552587,0.1201282665,0.1357440203,0.1331716627,0.0000142603,0.0000000000,0.0000000000,0.0000000000,-0.0369761065,0.1034926772,-0.0038395827,0.0432220064,0.1034907326,0.0044876882
20:20:01:23.086,61,0.0071229367,0.1634867787,0.0697349086,0.0000000000,0.0000000000,0.1119731888,0.0441248380,0.0068681720,0.1635198593,0.0622949041,0.0000000000,0.0000000000,0.1123094931,0.0454920419,0.0651572719,0.0268612932,0.0000000000,0.2313027084,0.1311050802,0.2253826708,0.1861740351,0.0475650504,0.0000000000,0.0950654671,0.0811183080,0.0000000000,0.0000000000,0.0533064343,0.0541991517,0.2037950456,0.1845557988,0.0402222611,0.0484030396,0.0803109482,0.0615088157,0.0369535610,0.0365186594,0.3783021569,0.3419461250,0.0795077384,0.0710512698,0.0975895375,0.0960211456,0.1511676610,0.0000000000,0.0000000000,0.0214745775,0.1074959561,0.1199649796,0.1344930977,0.1310363710,0.0000072646,0.0000000000,0.0000000000,0.0000000000,-0.0378640182,0.0999604985,-0.0037966378,0.0423862524,0.0999584720,0.0042497339
20:20:01:24.088,61,0.0065799737,0.1539411992,0.0691701025,0.0000000000,0.0000000000,0.1161806956,0.0465914384,0.0063450448,0.1539686471,0.0628462136,0.0000000000,0.0000000000,0.1165884286,0.0479804650,0.0655638725,0.0359929167,0.0000000000,0.2292837203,0.1300006509,0.2252141982,0.1841755956,0.0495604128,0.0000000000,0.0957408473,0.0809166059,0.0000000000,0.0000000000,0.0535266548,0.0544145703,0.2039498240,0.1840806454,0.0399267301,0.0478844158,0.0800961554,0.0614764914,0.0363744460,0.0359336287,0.3785143495,0.3416951001,0.0804732218,0.0716953725,0.0973889530,0.0958115980,0.1511701047,0.0000000000,0.0000000000,0.0209417623,0.1072570160,0.1197136492,0.1330221444,0.1284538209,0.0000062544,0.0000000000,0.0000000000,0.0000000000,-0.0382208042,0.0941230506,-0.0036072256,0.0420668125,0.0941208526,0.0039699059
20:20:01:25.088,61,0.0060688118,0.1416399032,0.0705391169,0.0000000000,0.0000000000,0.1227444857,0.0482444316,0.0058523547,0.1416753978,0.0614527315,0.0000000000,0.0000000000,0.1232486963,0.0496423841,0.0658802986,0.0403385237,0.0000000000,0.2254316956,0.1286466569,0.2249591649,0.1827393323,0.0504550859,0.0000000000,0.0964033306,0.0810884163,0.0000000000,0.0000000000,0.0536590591,0.0545469783,0.2037438601,0.1826091558,0.0396119021,0.0473866612,0.0797157735,0.0613031574,0.0358697250,0.0354169756,0.3790832162,0.3418139815,0.0810642987,0.0720573887,0.0974053293,0.0958174691,0.1514811814,0.0000000000,0.0000000000,0.0204591341,0.1070137471,0.1194260567,0.1295411289,0.1250031590,0.0000063601,0.0000000000,0.0000000000,0.0000000000,-0.0373987742,0.0866053030,-0.0032462860,0.0429286100,0.0866028816,0.0037259017
20:20:01:26.089,61,0.0055922465,0.1344199479,0.0708362684,0.0000000000,0.0000000000,0.1273732036,0.0530332662,0.0053929053,0.1344560385,0.0611408800,0.0000000000,0.0000000000,0.1279023886,0.0544581451,0.0663627014,0.0424793698,0.0000000000,0.2237320691,0.1251927316,0.2244438231,0.1700275689,0.0509351902,0.0000000000,0.0981636196,0.0833329409,0.0000000000,0.0000000000,0.0538774431,0.0547588952,0.2035818249,0.1817952543,0.0394023694,0.0469154455,0.0792999640,0.0611527264,0.0354158953,0.0349516012,0.3870324194,0.3467828631,0.0816692710,0.0724961981,0.0979175344,0.0963382050,0.1518213898,0.0000000000,0.0000000000,0.0199811123,0.1068437248,0.1192039847,0.1270681024,0.1227631941,0.0000056023,0.0000000000,0.0000000000,0.0000000000,-0.0372228697,0.0821915939,-0.0030655975,0.0431255326,0.0821890533,0.0035513339
20:20:01:27.090,61,0.0051503740,0.1300861686,0.0685760081,0.0000000000,0.0000000000,0.1298644096,0.0592212938,0.0049668467,0.1301073730,0.0632560402,0.0000000000,0.0000000000,0.1304007769,0.0606541075,0.0666271374,0.0434337743,0.0000000000,0.2189915627,0.1232788935,0.2205569148,0.1646395028,0.0511697866,0.0000000000,0.1014141440,0.0874493197,0.0000000000,0.0000000000,0.0540733039,0.0549671017,0.2030321658,0.1803029180,0.0392765142,0.0464999527,0.0789395496,0.0609944090,0.0350010805,0.0345364623,0.3892652988,0.3483017683,0.0819693059,0.0727121234,0.0983153954,0.0967454389,0.1521473825,0.0000000000,0.0000000000,0.0195352733,0.1065362841,0.1188351810,0.1248547435,0.1207279861,0.0000046578,0.0000000000,0.0000000000,0.0000000000,-0.0385188796,0.0795372054,-0.0030693924,0.0417584293,0.0795346051,0.0033272821
20:20:01:28.092,61,0.0047419560,0.1262706667,0.0665336996,0.0000000000,0.0000000000,0.1324967444,0.0623762570,0.0045730160,0.1262786984,0.0653472245,0.0000000000,0.0000000000,0.1330352873,0.0638314411,0.0669727325,0.0439286344,0.0000000000,0.2171753943,0.1223121509,0.2135499865,0.1575790942,0.0515843295,0.0000000000,0.1055092886,0.0895335376,0.0000000000,0.0000000000,0.0544013418,0.0552750155,0.2026740611,0.1794566363,0.0393459834,0.0462739430,0.0785405859,0.0607252680,0.0346016511,0.0341367759,0.3907680809,0.3494359255,0.0819387585,0.0725828186,0.0988965258,0.0973272473,0.1523951590,0.0000000000,0.0000000000,0.0191101730,0.1063049510,0.1184614077,0.1227289438,0.1179364771,0.0000029318,0.0000000000,0.0000000000,0.0000000000,-0.0397995859,0.0772005245,-0.0030778451,0.0405222178,0.0771978870,0.0031335901
20:20:01:29.093,61,0.0043651443,0.1259368658,0.0649354905,0.0000000000,0.0000000000,0.1338750124,0.0670289323,0.0042096470,0.1259347945,0.0670142695,0.0000000000,0.0000000000,0.1344131231,0.0685860887,0.0672258958,0.0440871865,0.0000000000,0.2159287483,0.1215194017,0.2079095393,0.1501165777,0.0521173514,0.0000000000,0.1129567921,0.0931378081,0.0000000000,0.0000000000,0.0547287650,0.0555653609,0.2020938545,0.1780504137,0.0394516811,0.0460478775,0.0780758411,0.0604106933,0.0341878906,0.0337267853,0.3946842551,0.3531920910,0.0819436610,0.0724481046,0.0990597531,0.0974826142,0.1525227576,0.0000000000,0.0000000000,0.0186718218,0.1060420871,0.1179795563,0.1215093732,0.1162727922,0.0000021717,0.0000000000,0.0000000000,0.0000000000,-0.0408155508,0.0769934580,-0.0031478698,0.0395494550,0.0769907832,0.0030501694
20:20:01:30.093,61,0.0040178578,0.1223506704,0.0642739609,0.0000000000,0.0000000000,0.1359090358,0.0691714361,0.0038747413,0.1223446578,0.0677534789,0.0000000000,0.0000000000,0.1364519149,0.0707612634,0.0673518404,0.0439564511,0.0000000000,0.2151164412,0.1207776815,0.2048070729,0.1431608349,0.0523582175,0.0000000000,0.1176015958,0.1015949175,0.0000000000,0.0000000000,0.0550479852,0.0558597408,0.2008301765,0.1760514379,0.0394658595,0.0458543710,0.0767523348,0.0598987080,0.0337233543,0.0332627259,0.4004407227,0.3612340093,0.0819157660,0.0723764896,0.0996037796,0.0980197638,0.1525275707,0.0000000000,0.0000000000,0.0182002950,0.1059517041,0.1177086160,0.1205372065,0.1151575670,0.0000021835,0.0000000000,0.0000000000,0.0000000000,-0.0412726514,0.0747999251,-0.0030920738,0.0391530618,0.0747972131,0.0029332554
20:20:01:31.094,61,0.0036979776,0.1180610433,0.0641208515,0.0000000000,0.0000000000,0.1374787092,0.0754340515,0.0035662602,0.1180544570,0.0679626465,0.0000000000,0.0000000000,0.1380233318,0.0771944821,0.0674596056,0.0436108448,0.0000000000,0.2148114294,0.1206188351,0.2028941363,0.1383874267,0.0525041483,0.0000000000,0.1211447418,0.1076627970,0.0000000000,0.0000000000,0.0554005131,0.0562016815,0.2000436634,0.1750058681,0.0396351814,0.0457993038,0.0758261606,0.0592969097,0.0332457088,0.0327904969,0.4026885331,0.3645113707,0.0815875828,0.0720775947,0.0995300412,0.0979357660,0.1529166698,0.0000000000,0.0000000000,0.0177368429,0.1062007323,0.1177810133,0.1198037863,0.1143601239,0.0000031471,0.0000000000,0.0000000000,0.0000000000,-0.0414080545,0.0721773505,-0.0029930603,0.0390673317,0.0721745640,0.0028238478
20:20:01:32.096,61,0.0034034448,0.1141059101,0.0633510128,0.0000000000,0.0000000000,0.1391713023,0.0807292312,0.0032822210,0.1140954122,0.0687647462,0.0000000000,0.0000000000,0.1397313625,0.0826207399,0.0675046816,0.0417028964,0.0000000000,0.2143666595,0.1407634020,0.2008207589,0.1361162663,0.0530091114,0.0000000000,0.1287418604,0.1106746197,0.0000000000,0.0000000000,0.0558957942,0.0566577949,0.2000679523,0.1748612374,0.0404123925,0.0461829938,0.0751019195,0.0576775111,0.0328460112,0.0324042514,0.4034191072,0.3657011390,0.0745104551,0.0660590827,0.0972206518,0.0954918936,0.1532210112,0.0000000000,0.0000000000,0.0173596721,0.1073985994,0.1182054654,0.1194065660,0.1138745174,0.0000257312,0.0000000000,0.0000000000,0.0000000000,-0.0419039540,0.0697582737,-0.0029270328,0.0386049189,0.0697553903,0.0026966010
20:20:01:33.097,61,0.0031323065,0.1110754386,0.0631465986,0.0000000000,0.0000000000,0.1403887570,0.0873521343,0.0030207415,0.1110643670,0.0689473897,0.0000000000,0.0000000000,0.1409406066,0.0891958103,0.0676218793,0.0224084761,0.0000000000,0.2095498890,0.1854322851,0.1782894880,0.1346713006,0.0528899655,0.0000000000,0.1419987231,0.1234860346,0.0000000000,0.0000000000,0.0567279160,0.0577748567,0.2037053555,0.1869804114,0.0569052473,0.0483983867,0.0755705163,0.0568394624,0.0326366797,0.0322088413,0.3491417170,0.3303450644,0.0575005487,0.0536233895,0.0945081040,0.0927757323,0.1539726257,0.0000000000,0.0000000000,0.0171095990,0.1116776988,0.1212929413,0.1194829494,0.1138897911,0.0002079548,0.0000000000,0.0000000000,0.0000000000,-0.0420206077,0.0679053962,-0.0028569712,0.0384852663,0.0679024905,0.0026166169
20:20:01:34.099,61,0.0028827344,0.1098050997,0.0631394461,0.0000000000,0.0000000000,0.1409787834,0.0883117020,0.0027800594,0.1097943187,0.0689112842,0.0000000000,0.0000000000,0.1415238082,0.0901721418,0.0676711053,0.0169125441,0.0000000000,0.1998679638,0.1987702847,0.1538150012,0.1336887181,0.0540439971,0.0000000000,0.1461887658,0.1267422140,0.0000000000,0.0000000000,0.0583281815,0.0592280701,0.2059820145,0.1906675845,0.1035797298,0.0544495769,0.0836944804,0.0561361760,0.0326351784,0.0321914926,0.2817927599,0.2651841342,0.0449002124,0.0407571793,0.0933086425,0.0915386379,0.1538140178,0.0000000000,0.0000000000,0.0171253458,0.1132806167,0.1223167032,0.1193421036,0.1135284379,0.0002795230,0.0000000000,0.0000000000,0.0000000000,-0.0420008190,0.0671288371,-0.0028228711,0.0384829193,0.0671258792,0.0025864427
20:20:01:35.099,61,0.0026530290,0.1104713604,0.0626200587,0.0000000000,0.0000000000,0.1407546401,0.0873771980,0.0025585359,0.1104578823,0.0693465024,0.0000000000,0.0000000000,0.1412746310,0.0891623423,0.0677044466,0.0139543535,0.0000000000,0.1626220345,0.1967359781,0.1376962215,0.1311930269,0.0544736050,0.0000000000,0.1486322284,0.1284255385,0.0000000000,0.0000000000,0.0601412617,0.0608005673,0.2067281604,0.1923202127,0.1204228774,0.0573130324,0.0995390341,0.0558791980,0.0329772048,0.0325084813,0.2523468137,0.2385081351,0.0385791585,0.0347478539,0.0930199921,0.0912288353,0.1506291628,0.0000000000,0.0000000000,0.0173816830,0.1139941290,0.1225864813,0.1191018745,0.1130850762,0.0003136292,0.0000000000,0.0000000000,0.0000000000,-0.0422649197,0.0675352812,-0.0028578625,0.0381653123,0.0675323680,0.0025806869
20:20:01:36.100,61,0.0024416177,0.1087604016,0.0624308512,0.0000000000,0.0000000000,0.1405207068,0.0865269750,0.0023546545,0.1087464318,0.0694670752,0.0000000000,0.0000000000,0.1410247535,0.0881999657,0.0676191300,0.0123297432,0.0000000000,0.1514999270,0.1881895214,0.1288141906,0.1300825030,0.0543967709,0.0000000000,0.1485830992,0.1285156906,0.0000000000,0.0000000000,0.0611137822,0.0617072061,0.2067765296,0.1928717792,0.1314909309,0.0588814877,0.1110818982,0.0560209453,0.0335228294,0.0330392160,0.2302862108,0.2187962234,0.0349955112,0.0315351002,0.0932960138,0.0915013626,0.1470365375,0.0000000000,0.0000000000,0.0177914388,0.1142787188,0.1225509346,0.1187657490,0.1126205400,0.0003069206,0.0000000000,0.0000000000,0.0000000000,-0.0423413701,0.0664891005,-0.0028185458,0.0380526632,0.0664861500,0.0025330926
20:20:01:37.102,61,0.0022470476,0.1061129719,0.0621803366,0.0000000000,0.0000000000,0.1402836442,0.0845531002,0.0021670144,0.1060984656,0.0696279854,0.0000000000,0.0000000000,0.1407758296,0.0861101002,0.0668679103,0.0114673628,0.0000000000,0.1389759034,0.1688331664,0.1200607792,0.1291974932,0.0547784865,0.0000000000,0.1477621347,0.1224419773,0.0000000000,0.0000000000,0.0616768152,0.0621549785,0.2066960782,0.1928203553,0.1362048984,0.0593567677,0.1189960614,0.0569252335,0.0340019763,0.0335109979,0.2176720649,0.2044632137,0.0330232009,0.0296546612,0.0948814303,0.0930831060,0.1453934908,0.0000000000,0.0000000000,0.0180902798,0.1142120138,0.1220925227,0.1183957160,0.1120364890,0.0001445182,0.0000000000,0.0000000000,0.0000000000,-0.0424439646,0.0648703873,-0.0027563900,0.0379040018,0.0648673773,0.0024615931
20:20:01:38.103,61,0.0020679799,0.1036208645,0.0620839708,0.0000000000,0.0000000000,0.1401141733,0.0839842558,0.0019943246,0.1036065668,0.0696646124,0.0000000000,0.0000000000,0.1405941248,0.0854829550,0.0661780387,0.0108936960,0.0000000000,0.1335282922,0.1628412455,0.1163746268,0.1289312690,0.0545315221,0.0000000000,0.1364204884,0.1156297177,0.0000000000,0.0000000000,0.0618804917,0.0622922555,0.2064063549,0.1926001906,0.1382855177,0.0593374781,0.1233403981,0.0580553934,0.0344681181,0.0339722782,0.2106193006,0.1976913661,0.0318106003,0.0285132937,0.0955696777,0.0937806293,0.1447843909,0.0000000000,0.0000000000,0.0184122641,0.1141374856,0.1217536181,0.1179497242,0.1114850566,0.0000816854,0.0000000000,0.0000000000,0.0000000000,-0.0424704365,0.0633468479,-0.0026931565,0.0378489494,0.0633438155,0.0024001312
20:20:01:39.104,61,0.0019031805,0.1017975137,0.0618648790,0.0000000000,0.0000000000,0.1402271688,0.0827690512,0.0018353950,0.1017824709,0.0698903203,0.0000000000,0.0000000000,0.1406967491,0.0841322467,0.0653876960,0.0104178460,0.0000000000,0.1308795810,0.1600386947,0.1147990301,0.1303664893,0.0521132015,0.0000000000,0.1262602359,0.1120166853,0.0000000000,0.0000000000,0.0617731996,0.0621757172,0.2058738619,0.1922485977,0.1347391605,0.0590054765,0.1256090254,0.0588661358,0.0348238237,0.0343184955,0.2070072740,0.1943425089,0.0310714338,0.0278528463,0.0960258991,0.0942580998,0.1442753077,0.0000000000,0.0000000000,0.0186703615,0.1140782312,0.1215365082,0.1174933761,0.1110343114,0.0000557203,0.0000000000,0.0000000000,0.0000000000,-0.0426110253,0.0622319393,-0.0026543858,0.0377180278,0.0622288845,0.0023496237
20:20:01:40.105,61,0.0017515133,0.1018355861,0.0610917620,0.0000000000,0.0000000000,0.1400309354,0.0822651461,0.0016891299,0.1018166319,0.0706851631,0.0000000000,0.0000000000,0.1404885352,0.0835631564,0.0641171560,0.0100351796,0.0000000000,0.1295555085,0.1587643325,0.1139939278,0.1319264919,0.0481780320,0.0000000000,0.1164348722,0.1083529741,0.0000000000,0.0000000000,0.0614834763,0.0619088784,0.2038775980,0.1915278137,0.1322170049,0.0585037693,0.1269518137,0.0596116893,0.0350525714,0.0345421210,0.2047445923,0.1924562454,0.0306039676,0.0274735838,0.0962674096,0.0945242494,0.1441311538,0.0000000000,0.0000000000,0.0188271943,0.1139187366,0.1212969199,0.1171292961,0.1107147187,0.0000604021,0.0000000000,0.0000000000,0.0000000000,-0.0430955738,0.0622541197,-0.0026855103,0.0372466221,0.0622510538,0.0023211001
20:20:01:41.105,61,0.0016119323,0.1010557786,0.0599646270,0.0000000000,0.0000000000,0.1399717480,0.0821555406,0.0015545203,0.1010315120,0.0717799738,0.0000000000,0.0000000000,0.1404199153,0.0834030360,0.0632733032,0.0097960960,0.0000000000,0.1299008578,0.1603406072,0.1148630083,0.1340957582,0.0452850536,0.0000000000,0.1096821204,0.1055779904,0.0000000000,0.0000000000,0.0612238906,0.0616957135,0.2032047957,0.1912552565,0.1292570233,0.0581186563,0.1275429726,0.0601040982,0.0352383442,0.0347306617,0.2036789507,0.1917875260,0.0302188341,0.0271897521,0.0965644568,0.0948530585,0.1440480053,0.0000000000,0.0000000000,0.0189843308,0.1137603447,0.1211737394,0.1167843565,0.1104592010,0.0000563378,0.0000000000,0.0000000000,0.0000000000,-0.0437643602,0.0617758706,-0.0027061549,0.0365605019,0.0617727973,0.0022608142
20:20:01:42.107,61,0.0014834745,0.1015549526,0.0590631030,0.0000000000,0.0000000000,0.1397050172,0.0816652626,0.0014306379,0.1015207246,0.0726193115,0.0000000000,0.0000000000,0.1401428729,0.0828713849,0.0624887794,0.0096113086,0.0000000000,0.1382195652,0.1632037759,0.1355140358,0.1514032930,0.0437597223,0.0000000000,0.1066328883,0.1041867435,0.0000000000,0.0000000000,0.0607113875,0.0612609237,0.1993436217,0.1884638369,0.1011446863,0.0575841442,0.1271121651,0.0604903325,0.0353428051,0.0348271318,0.2098184377,0.2025737911,0.0302699450,0.0273094624,0.0967016965,0.0950193778,0.1439731568,0.0000000000,0.0000000000,0.0192214139,0.1135359108,0.1210600212,0.1165651679,0.1103370786,0.0000546566,0.0000000000,0.0000000000,0.0000000000,-0.0442752838,0.0620763935,-0.0027510799,0.0360101685,0.0620766915,0.0022377805
20:20:01:43.108,61,0.0013652536,0.1021378413,0.0584684461,0.0000000000,0.0000000000,0.1396965235,0.0816214681,0.0013166277,0.1021003425,0.0732434392,0.0000000000,0.0000000000,0.1401306838,0.0827979073,0.0614154078,0.0096963421,0.0000000000,0.1475931555,0.1647738069,0.1571306586,0.1694589704,0.0429532826,0.0000000000,0.1046947837,0.1020253375,0.0000000000,0.0000000000,0.0600682385,0.0607428141,0.1948524117,0.1845702529,0.0825400949,0.0569640882,0.1207171381,0.0607205741,0.0352861136,0.0347724073,0.2377348840,0.2208663225,0.0315997899,0.0284719635,0.0971702635,0.0955181941,0.1442773193,0.0000000000,0.0000000000,0.0193751678,0.1132096499,0.1210187897,0.1164804101,0.1103471816,0.0000682739,0.0000000000,0.0000000000,0.0000000000,-0.0446548238,0.0624318719,-0.0027905770,0.0356468111,0.0624321774,0.0022279287
20:20:01:44.108,61,0.0012564539,0.1035646275,0.0570224039,0.0000000000,0.0000000000,0.1398925483,0.0812368318,0.0012117032,0.1035190076,0.0747648552,0.0000000000,0.0000000000,0.1403306574,0.0823945031,0.0609055161,0.0098257139,0.0000000000,0.1628620476,0.1658675075,0.1734067798,0.1755157113,0.0426211841,0.0000000000,0.1041207239,0.1012472063,0.0000000000,0.0000000000,0.0595931597,0.0603991672,0.1933484823,0.1831442714,0.0688871816,0.0564838424,0.1054881588,0.0605955683,0.0351211540,0.0346240550,0.2963734269,0.2765502632,0.0358500145,0.0320115685,0.0976326615,0.0960083380,0.1445453167,0.0000000000,0.0000000000,0.0194156487,0.1128888726,0.1210365072,0.1164517701,0.1104189903,0.0000644694,0.0000000000,0.0000000000,0.0000000000,-0.0455799066,0.0633020028,-0.0028881514,0.0347632915,0.0633023381,0.0022030943
20:20:01:45.109,61,0.0011563246,0.1055332795,0.0564459488,0.0000000000,0.0000000000,0.1401966065,0.0812643170,0.0011151402,0.1054835394,0.0754253492,0.0000000000,0.0000000000,0.1406411380,0.0824051201,0.0606965572,0.0105351023,0.0000000000,0.1715282500,0.1475849897,0.1922642589,0.1786590815,0.0422387831,0.0000000000,0.1024203226,0.1000561938,0.0000000000,0.0000000000,0.0590329804,0.0599530078,0.1920033991,0.1794218123,0.0559266210,0.0546125695,0.0978244171,0.0606588461,0.0348898321,0.0344246440,0.3140612543,0.2927171588,0.0533043146,0.0483191572,0.0982783884,0.0967485458,0.1447915286,0.0000000000,0.0000000000,0.0194111913,0.1123183519,0.1208521202,0.1162998378,0.1104458719,0.0000531528,0.0000000000,0.0000000000,0.0000000000,-0.0459790304,0.0645044968,-0.0029689197,0.0344092138,0.0645048618,0.0022222027
20:20:01:46.110,61,0.0010641748,0.1084433421,0.0565922037,0.0000000000,0.0000000000,0.1405923516,0.0796392336,0.0010262724,0.1083926409,0.0753787085,0.0000000000,0.0000000000,0.1410448402,0.0807473212,0.0609018989,0.0169443171,0.0000000000,0.1865009218,0.1289938539,0.2022103071,0.1748336554,0.0418279171,0.0000000000,0.1018450558,0.0998908356,0.0000000000,0.0000000000,0.0586147532,0.0596245825,0.1905239969,0.1743716598,0.0492639989,0.0521530062,0.0917989463,0.0607965700,0.0346319005,0.0341842510,0.3499029875,0.3215498626,0.0684354231,0.0626218095,0.0988637432,0.0973876640,0.1449997127,0.0000000000,0.0000000000,0.0192884337,0.1117861792,0.1207137331,0.1161611378,0.1105057225,0.0000492615,0.0000000000,0.0000000000,0.0000000000,-0.0459452644,0.0662833601,-0.0030487918,0.0344943590,0.0662837699,0.0022893124
20:20:01:47.111,61,0.0009793687,0.1121191904,0.0580456555,0.0000000000,0.0000000000,0.1405331045,0.0791514814,0.0009444868,0.1120743304,0.0740432665,0.0000000000,0.0000000000,0.1409872174,0.0802493542,0.0613316521,0.0203145333,0.0000000000,0.1950086355,0.1200286672,0.2063560337,0.1466640383,0.0414872132,0.0000000000,0.1020490378,0.1031555161,0.0000000000,0.0000000000,0.0583717898,0.0594481565,0.1877399236,0.1686708778,0.0459648035,0.0507977679,0.0863535851,0.0607875921,0.0342792943,0.0338523760,0.3708525598,0.3434959948,0.0756610334,0.0694976524,0.0994269028,0.0979925320,0.1451510936,0.0000000000,0.0000000000,0.0190120023,0.1111286208,0.1203505397,0.1158700585,0.1104073226,0.0000285115,0.0000000000,0.0000000000,0.0000000000,-0.0451244302,0.0685321912,-0.0030962662,0.0353749134,0.0685326681,0.0024276287
20:20:01:48.113,61,0.0009013209,0.1173947081,0.0609696358,0.0000000000,0.0000000000,0.1401079744,0.0794152394,0.0008692187,0.1173643470,0.0711629093,0.0000000000,0.0000000000,0.1405591965,0.0805145279,0.0619112588,0.0285437256,0.0000000000,0.1992380172,0.1154912561,0.2081422061,0.1387164444,0.0414708778,0.0000000000,0.1104374826,0.1113687679,0.0000000000,0.0000000000,0.0583313257,0.0594393350,0.1865359545,0.1659410894,0.0442071818,0.0497677624,0.0839240924,0.0608779937,0.0339970700,0.0335867107,0.3841451108,0.3535010815,0.0801544264,0.0732919574,0.1000423208,0.0986350849,0.1447743028,0.0000000000,0.0000000000,0.0186999328,0.1102587134,0.1198130548,0.1157017201,0.1104293019,0.0000125557,0.0000000000,0.0000000000,0.0000000000,-0.0433592089,0.0717613697,-0.0031158817,0.0371484607,0.0717619583,0.0026698115
20:20:01:49.114,61,0.0008294928,0.1222976595,0.0620258152,0.0000000000,0.0000000000,0.1395049393,0.0839476436,0.0007999489,0.1222722530,0.0701154694,0.0000000000,0.0000000000,0.1399458796,0.0850661173,0.0628931224,0.0314854980,0.0000000000,0.2021085620,0.1128479615,0.2088649720,0.1343379468,0.0414165184,0.0000000000,0.1150850356,0.1156294495,0.0000000000,0.0000000000,0.0583945774,0.0595228411,0.1858080328,0.1644594967,0.0432415940,0.0489242859,0.0824232697,0.0609920248,0.0337277353,0.0333322063,0.3916319609,0.3604642451,0.0826306641,0.0755140185,0.1074678600,0.1061931327,0.1447312832,0.0000000000,0.0000000000,0.0183716659,0.1095572710,0.1192937419,0.1155917868,0.1104701981,0.0000106097,0.0000000000,0.0000000000,0.0000000000,-0.0427116230,0.0747602060,-0.0031981079,0.0377836861,0.0747608393,0.0028293335
20:20:01:50.115,61,0.0007633889,0.1278648078,0.0630412176,0.0000000000,0.0000000000,0.1384091377,0.0868370682,0.0007361994,0.1278443933,0.0691393837,0.0000000000,0.0000000000,0.1388160139,0.0879450440,0.0635245666,0.0326747335,0.0000000000,0.2032594532,0.1098596975,0.2088885307,0.1317646652,0.0413545743,0.0000000000,0.1214544028,0.1205253601,0.0000000000,0.0000000000,0.0584038645,0.0595550463,0.1846373081,0.1631737202,0.0426190533,0.0481180400,0.0813460872,0.0610762574,0.0334633328,0.0330927521,0.3978131413,0.3666845262,0.0849131867,0.0774292201,0.1111789793,0.1099684238,0.1446652412,0.0000000000,0.0000000000,0.0180238318,0.1088634133,0.1187124252,0.1155468076,0.1105479300,0.0000088945,0.0000000000,0.0000000000,0.0000000000,-0.0421060435,0.0781651288,-0.0032969574,0.0383922234,0.0781658888,0.0030063414
20:20:01:51.116,61,0.0007025529,0.1290109754,0.0618603304,0.0000000000,0.0000000000,0.1376017183,0.0903272331,0.0006775302,0.1289826930,0.0703655928,0.0000000000,0.0000000000,0.1379956156,0.0915000439,0.0641189069,0.0337888263,0.0000000000,0.2038915306,0.1085281223,0.2053837776,0.1288474053,0.0416184552,0.0000000000,0.1291200221,0.1252395511,0.0000000000,0.0000000000,0.0585814044,0.0597228371,0.1843264401,0.1625536531,0.0423413329,0.0475027412,0.0804757103,0.0610071756,0.0331977792,0.0328362957,0.4081951380,0.3751875460,0.0859643593,0.0783024654,0.1155721098,0.1142908111,0.1443307996,0.0000000000,0.0000000000,0.0176481195,0.1081425920,0.1180560440,0.1155151948,0.1106043682,0.0000122735,0.0000000000,0.0000000000,0.0000000000,-0.0428504646,0.0788635984,-0.0033853163,0.0376709886,0.0788644105,0.0029763617
20:20:01:52.117,61,0.0006465651,0.1307514459,0.0618234165,0.0000000000,0.0000000000,0.1368448734,0.0948743224,0.0006235365,0.1307224184,0.0704412162,0.0000000000,0.0000000000,0.1372284442,0.0961053893,0.0645457879,0.0345067605,0.0000000000,0.2044558376,0.1075914204,0.2030338049,0.1259073317,0.0418690480,0.0000000000,0.1316374540,0.1270364076,0.0000000000,0.0000000000,0.0587014109,0.0598354414,0.1842278540,0.1621929705,0.0421900116,0.0468672551,0.0797500610,0.0609628744,0.0328339525,0.0324894786,0.4119159579,0.3783903718,0.0868955255,0.0791147351,0.1177015901,0.1163952723,0.1441133916,0.0000000000,0.0000000000,0.0172170401,0.1074012965,0.1173525453,0.1155038998,0.1106750965,0.0000155836,0.0000000000,0.0000000000,0.0000000000,-0.0428928882,0.0799274594,-0.0034345721,0.0376453288,0.0799282715,0.0030146285
20:20:01:53.118,61,0.0005950390,0.1302389055,0.0616668276,0.0000000000,0.0000000000,0.1365682930,0.0955455303,0.0005738457,0.1302089095,0.0706151649,0.0000000000,0.0000000000,0.1369522661,0.0968186632,0.0648852512,0.0378256589,0.0000000000,0.2048693001,0.1074364409,0.2018594444,0.1249406934,0.0424246378,0.0000000000,0.1326796263,0.1275778562,0.0000000000,0.0000000000,0.0588506684,0.0599597506,0.1856100857,0.1623512506,0.0420842953,0.0463785902,0.0792173073,0.0608619153,0.0325425491,0.0321930908,0.4134720266,0.3795696199,0.0871137604,0.0792089403,0.1197401434,0.1183610484,0.1440688074,0.0000000000,0.0000000000,0.0168669391,0.1067081913,0.1167044193,0.1154210791,0.1106395870,0.0000171791,0.0000000000,0.0000000000,0.0000000000,-0.0429998823,0.0796138570,-0.0034295672,0.0375509150,0.0796146765,0.0029952233
20:20:01:54.119,61,0.0005476192,0.1273711026,0.0620747469,0.0000000000,0.0000000000,0.1370855123,0.0917812809,0.0005281148,0.1273443699,0.0702096745,0.0000000000,0.0000000000,0.1375127137,0.0931825340,0.0651491880,0.0555087253,0.0000000000,0.2051934600,0.1072702408,0.2014883012,0.1247024015,0.0436734147,0.0000000000,0.1302538365,0.1266744882,0.0000000000,0.0000000000,0.0589324422,0.0599903800,0.1868823469,0.1623964608,0.0418984964,0.0459336340,0.0786105841,0.0606651604,0.0323081277,0.0319371670,0.4144246280,0.3800117970,0.0872273445,0.0791848749,0.1200253591,0.1186155155,0.1437343657,0.0000000000,0.0000000000,0.0165427066,0.1060082540,0.1161167622,0.1151419580,0.1104485393,0.0000226534,0.0000000000,0.0000000000,0.0000000000,-0.0427588746,0.0778615698,-0.0033349884,0.0378045328,0.0778623372,0.0029488008
20:20:01:55.119,61,0.0005039783,0.1216797158,0.0606757440,0.0000000000,0.0000000000,0.1377410889,0.0967939794,0.0004860284,0.1216463074,0.0714822635,0.0000000000,0.0000000000,0.1382196695,0.0984264091,0.0651631802,0.0608177409,0.0000000000,0.2055444270,0.1073247939,0.2014907897,0.1246250570,0.0448432416,0.0000000000,0.1288666725,0.1259067953,0.0000000000,0.0000000000,0.0590281114,0.0600188337,0.1886244416,0.1626140326,0.0417430028,0.0455587357,0.0780132785,0.0604035035,0.0320496187,0.0316595137,0.4144119322,0.3776879609,0.0871186629,0.0789577663,0.1167425066,0.1152397692,0.1436166763,0.0000000000,0.0000000000,0.0162280835,0.1055631563,0.1158279106,0.1149209142,0.1102971733,0.0000226998,0.0000000000,0.0000000000,0.0000000000,-0.0435454547,0.0743801370,-0.0032438661,0.0369623154,0.0743808150,0.0027537344
20:20:01:56.121,61,0.0004638153,0.1203215569,0.0602554008,0.0000000000,0.0000000000,0.1383574456,0.0979173109,0.0004472958,0.1202862412,0.0718510151,0.0000000000,0.0000000000,0.1388616711,0.0996133983,0.0650962293,0.0635799319,0.0000000000,0.2050668597,0.1074756384,0.2015136033,0.1250253320,0.0457339585,0.0000000000,0.1253944337,0.1222244576,0.0000000000,0.0000000000,0.0589886345,0.0599361770,0.1900295764,0.1629687697,0.0415995307,0.0451488383,0.0777131021,0.0603032373,0.0318525396,0.0314451009,0.4072840512,0.3678377867,0.0869250447,0.0786507651,0.1154988036,0.1139707416,0.1433649510,0.0000000000,0.0000000000,0.0159714296,0.1050362214,0.1154655591,0.1147408932,0.1101704165,0.0000267163,0.0000000000,0.0000000000,0.0000000000,-0.0437727869,0.0735492855,-0.0032242339,0.0367085114,0.0735498965,0.0027041722
20:20:01:57.121,61,0.0004268530,0.1214436218,0.0595787950,0.0000000000,0.0000000000,0.1386621743,0.0986276940,0.0004116499,0.1214037389,0.0725856200,0.0000000000,0.0000000000,0.1391789466,0.1003460437,0.0650239438,0.0645575672,0.0000000000,0.2027994841,0.1085090488,0.1996690482,0.1252486557,0.0463914163,0.0000000000,0.1249501929,0.1216843575,0.0000000000,0.0000000000,0.0590037256,0.0599318966,0.1908534020,0.1632968336,0.0416837223,0.0448369570,0.0776410550,0.0602527708,0.0316942409,0.0312815011,0.4040215611,0.3647240698,0.0864184499,0.0781002641,0.1159022152,0.1143466458,0.1430093199,0.0000000000,0.0000000000,0.0157406591,0.1046633348,0.1152010486,0.1147384271,0.1102088913,0.0000473022,0.0000000000,0.0000000000,0.0000000000,-0.0442180820,0.0742340311,-0.0032874455,0.0362944677,0.0742346644,0.0026986690
20:20:01:58.123,61,0.0003928362,0.1221210435,0.0593289770,0.0000000000,0.0000000000,0.1384756565,0.1000958309,0.0003788447,0.1220793128,0.0728747472,0.0000000000,0.0000000000,0.1389903724,0.1017829478,0.0647624508,0.0526300818,0.0000000000,0.1929193139,0.1091353521,0.1962964386,0.1251569837,0.0468407907,0.0000000000,0.1247326285,0.1213234439,0.0000000000,0.0000000000,0.0589209832,0.0598631874,0.1910702586,0.1634382308,0.0418374129,0.0445797332,0.0775636807,0.0601225756,0.0315233916,0.0311201271,0.3999637365,0.3627354503,0.0853809789,0.0771907344,0.1167483777,0.1151220053,0.1427625865,0.0000000000,0.0000000000,0.0155420778,0.1040355116,0.1142124310,0.1146437973,0.1101342663,0.0000613332,0.0000000000,0.0000000000,0.0000000000,-0.0443928391,0.0746476874,-0.0033188898,0.0361411683,0.0746483356,0.0027023058
20:20:01:59.124,61,0.0003615303,0.1236324981,0.0601617210,0.0000000000,0.0000000000,0.1380356699,0.1015339866,0.0003486538,0.1235950440,0.0721082985,0.0000000000,0.0000000000,0.1385425478,0.1032161638,0.0644700825,0.0492073335,0.0000000000,0.1885858327,0.1104708165,0.1923213899,0.1248155162,0.0471852832,0.0000000000,0.1249264553,0.1214428768,0.0000000000,0.0000000000,0.0589268319,0.0599004254,0.1914119720,0.1637855023,0.0421523564,0.0444470197,0.0775153413,0.0599055290,0.0313952975,0.0309996121,0.3980726898,0.3615550101,0.0826902241,0.0749429688,0.1174136326,0.1157450154,0.1422405988,0.0000000000,0.0000000000,0.0153589193,0.1029606760,0.1125817671,0.1144846678,0.1100275442,0.0000649641,0.0000000000,0.0000000000,0.0000000000,-0.0439228937,0.0755729452,-0.0033246346,0.0366459079,0.0755736455,0.0027741210
20:20:02:00.126,61,0.0003327192,0.1248210296,0.0609922670,0.0000000000,0.0000000000,0.1376021057,0.1022119150,0.0003208689,0.1247881204,0.0713258684,0.0000000000,0.0000000000,0.1381010115,0.1038824692,0.0641279295,0.0472282358,0.0000000000,0.1852214634,0.1110820770,0.1907923818,0.1248345599,0.0473984927,0.0000000000,0.1248261631,0.1213525459,0.0000000000,0.0000000000,0.0588042773,0.0598163977,0.1915429682,0.1640181988,0.0423212945,0.0441912785,0.0776156187,0.0598677769,0.0312757082,0.0308907889,0.3938394189,0.3594523072,0.0816240981,0.0740065798,0.1191791669,0.1174391061,0.1419468671,0.0000000000,0.0000000000,0.0152175464,0.1020587683,0.1115877107,0.1143440530,0.1099517271,0.0000656916,0.0000000000,0.0000000000,0.0000000000,-0.0434438810,0.0763008595,-0.0033201969,0.0371497646,0.0763015822,0.0028394384
20:20:02:01.127,61,0.0003062042,0.1239983141,0.0621903241,0.0000000000,0.0000000000,0.1374435425,0.1027401686,0.0002952982,0.1239729598,0.0701268241,0.0000000000,0.0000000000,0.1379376352,0.1044011861,0.0639077127,0.0464921705,0.0000000000,0.1839197278,0.1118318066,0.1898337752,0.1248074546,0.0476820953,0.0000000000,0.1250324994,0.1215594038,0.0000000000,0.0000000000,0.0588262603,0.0598491952,0.1918705106,0.1643301398,0.0425928645,0.0440163165,0.0778083950,0.0598918274,0.0311783310,0.0308016855,0.3921233714,0.3582996726,0.0808886737,0.0733162910,0.1205635220,0.1187969893,0.1418614089,0.0000000000,0.0000000000,0.0150794713,0.1016170457,0.1111266091,0.1144689322,0.1101063639,0.0000800882,0.0000000000,0.0000000000,0.0000000000,-0.0427151881,0.0758000538,-0.0032430310,0.0378809273,0.0758007467,0.0028762186
20:20:02:02.127,61,0.0002818022,0.1222606897,0.0621756352,0.0000000000,0.0000000000,0.1376473457,0.1027062759,0.0002717653,0.1222357154,0.0701151565,0.0000000000,0.0000000000,0.1381414831,0.1043469012,0.0638217628,0.0463691875,0.0000000000,0.1836530268,0.1133866310,0.1896367520,0.1252492964,0.0480503365,0.0000000000,0.1252477914,0.1216558143,0.0000000000,0.0000000000,0.0588976778,0.0599197038,0.1923317015,0.1647099704,0.0427891985,0.0439165123,0.0779667795,0.0599008203,0.0311155710,0.0307490826,0.3910588324,0.3573698103,0.0803726912,0.0727870464,0.1213023812,0.1195367128,0.1417410672,0.0000000000,0.0000000000,0.0149733182,0.1014909074,0.1110898852,0.1147809103,0.1104202271,0.0000854786,0.0000000000,0.0000000000,0.0000000000,-0.0427114926,0.0747378469,-0.0031971387,0.0378750116,0.0747385174,0.0028353189
20:20:02:03.128,61,0.0002593448,0.1211416125,0.0621192791,0.0000000000,0.0000000000,0.1379352510,0.1019527167,0.0002501078,0.1211165860,0.0701584741,0.0000000000,0.0000000000,0.1384314150,0.1035563499,0.0638149828,0.0473447368,0.0000000000,0.1865625083,0.1140740514,0.1898244023,0.1256569922,0.0483982153,0.0000000000,0.1249911487,0.1213565320,0.0000000000,0.0000000000,0.0589630157,0.0599627830,0.1928426921,0.1650501192,0.0428678915,0.0437644981,0.0780179501,0.0599342696,0.0310093015,0.0306421965,0.3905621171,0.3567872941,0.0802474767,0.0726051554,0.1220536307,0.1202950925,0.1416400224,0.0000000000,0.0000000000,0.0148550784,0.1013894826,0.1111119986,0.1150224358,0.1106734127,0.0000934547,0.0000000000,0.0000000000,0.0000000000,-0.0427400582,0.0740536749,-0.0031698807,0.0378426090,0.0740543306,0.0028068661
20:20:02:04.130,61,0.0002386771,0.1204430610,0.0621950999,0.0000000000,0.0000000000,0.1382017136,0.1017333567,0.0002301762,0.1204185933,0.0701033249,0.0000000000,0.0000000000,0.1387011558,0.1033307984,0.0639950484,0.0513287894,0.0000000000,0.1945239156,0.1145242006,0.1912060231,0.1259392202,0.0488846786,0.0000000000,0.1229141131,0.1186560467,0.0000000000,0.0000000000,0.0591234714,0.0600737557,0.1941556782,0.1655139029,0.0429506712,0.0437250361,0.0778953359,0.0598528981,0.0309086945,0.0305300429,0.3912047148,0.3567954302,0.0801763237,0.0724252909,0.1218693033,0.1201162487,0.1416098922,0.0000000000,0.0000000000,0.0147420755,0.1012043133,0.1110307574,0.1150309592,0.1106620058,0.0000946922,0.0000000000,0.0000000000,0.0000000000,-0.0427078120,0.0736268014,-0.0031491651,0.0378899910,0.0736274198,0.0027941188
20:20:02:05.131,61,0.0002196565,0.1205259711,0.0622895584,0.0000000000,0.0000000000,0.1384987384,0.1014903039,0.0002118330,0.1205019355,0.0700427517,0.0000000000,0.0000000000,0.1390008181,0.1030925512,0.0643261001,0.0540387221,0.0000000000,0.1988455653,0.1149429902,0.1917825639,0.1258135736,0.0493796319,0.0000000000,0.1218033135,0.1174612716,0.0000000000,0.0000000000,0.0593920574,0.0602871180,0.1970499903,0.1661590636,0.0431349538,0.0438398384,0.0776221827,0.0596182384,0.0308068171,0.0304112136,0.3961077929,0.3587750793,0.0799555182,0.0721119493,0.1214791536,0.1197282672,0.1416004598,0.0000000000,0.0000000000,0.0146332644,0.1009647697,0.1108752489,0.1148452014,0.1104639471,0.0000643774,0.0000000000,0.0000000000,0.0000000000,-0.0426707529,0.0736776441,-0.0031486154,0.0379473977,0.0736782625,0.0028002891
20:20:02:06.132,61,0.0002021516,0.1189558357,0.0624013469,0.0000000000,0.0000000000,0.1388088465,0.1009589210,0.0001949516,0.1189326495,0.0699787065,0.0000000000,0.0000000000,0.1393057406,0.1025536358,0.0647492185,0.0525786839,0.0000000000,0.2008889019,0.1147469431,0.1922268122,0.1251332164,0.0495184548,0.0000000000,0.1188466549,0.1138225272,0.0000000000,0.0000000000,0.0595433973,0.0604272261,0.1978386492,0.1666003913,0.0432571284,0.0438346118,0.0773061439,0.0594815016,0.0306384768,0.0302445069,0.3978132308,0.3605246544,0.0801709965,0.0722177997,0.1222228408,0.1205136478,0.1417332590,0.0000000000,0.0000000000,0.0145084960,0.1007121652,0.1105754301,0.1145867109,0.1101299301,0.0000405708,0.0000000000,0.0000000000,0.0000000000,-0.0426347293,0.0727180317,-0.0031048392,0.0380181707,0.0727186278,0.0027688385
20:20:02:07.132,61,0.0001860417,0.1186922118,0.0631295890,0.0000000000,0.0000000000,0.1390770525,0.1009335369,0.0001794155,0.1186732948,0.0692686886,0.0000000000,0.0000000000,0.1395673901,0.1025210023,0.0653313547,0.0523726381,0.0000000000,0.2035155892,0.1140677705,0.1936498433,0.1246271208,0.0496978872,0.0000000000,0.1174068600,0.1118624210,0.0000000000,0.0000000000,0.0597288199,0.0605726540,0.1982613057,0.1668933630,0.0432782657,0.0438157208,0.0768783689,0.0593322329,0.0305108912,0.0301138572,0.4048854113,0.3669529259,0.0806715116,0.0725617036,0.1223456711,0.1206558868,0.1417298168,0.0000000000,0.0000000000,0.0143963797,0.1004561335,0.1102680117,0.1143069491,0.1097811460,0.0000254786,0.0000000000,0.0000000000,0.0000000000,-0.0422026329,0.0725581124,-0.0030666084,0.0384623073,0.0725587085,0.0027949871
20:20:02:08.133,61,0.0001712157,0.1187487692,0.0634506866,0.0000000000,0.0000000000,0.1391258836,0.1004198194,0.0001651175,0.1187316179,0.0689787865,0.0000000000,0.0000000000,0.1396095902,0.1019980237,0.0659395456,0.0520606264,0.0000000000,0.2101667821,0.1134552658,0.1964156181,0.1243273392,0.0499659069,0.0000000000,0.1169036254,0.1108820960,0.0000000000,0.0000000000,0.0599539131,0.0607553869,0.1983366907,0.1670367718,0.0431808904,0.0437615700,0.0763496086,0.0591433346,0.0303982068,0.0299926642,0.4125386477,0.3739910126,0.0814202949,0.0730006248,0.1223045886,0.1206245720,0.1415794343,0.0000000000,0.0000000000,0.0142820543,0.1002791151,0.1100006253,0.1141043082,0.1094885767,0.0000166116,0.0000000000,0.0000000000,0.0000000000,-0.0420259014,0.0725932419,-0.0030552573,0.0386578366,0.0725938380,0.0028105534
20:20:02:09.135,61,0.0001575712,0.1178062037,0.0638889968,0.0000000000,0.0000000000,0.1391773075,0.1000215560,0.0001519590,0.1177917346,0.0685477853,0.0000000000,0.0000000000,0.1396569461,0.1016022786,0.0665564314,0.0519179143,0.0000000000,0.2212745845,0.1131690666,0.1977229714,0.1241670474,0.0502848774,0.0000000000,0.1167064607,0.1101810485,0.0000000000,0.0000000000,0.0602482408,0.0610020608,0.1983725131,0.1672062427,0.0431065485,0.0437766835,0.0758011863,0.0589230694,0.0302635245,0.0298438296,0.4152893126,0.3765306771,0.0819854662,0.0733287930,0.1222752184,0.1205961034,0.1412726939,0.0000000000,0.0000000000,0.0141636170,0.1002083495,0.1098282486,0.1139661148,0.1092480570,0.0000093159,0.0000000000,0.0000000000,0.0000000000,-0.0417650491,0.0720178038,-0.0030121526,0.0389265120,0.0720183700,0.0028075641
20:20:02:10.136,61,0.0001450140,0.1161196604,0.0640317649,0.0000000000,0.0000000000,0.1395516694,0.0995432734,0.0001398491,0.1161062196,0.0684098080,0.0000000000,0.0000000000,0.1400347352,0.1011445373,0.0672378764,0.0545187145,0.0000000000,0.2260265052,0.1131179333,0.1986746192,0.1240517572,0.0533357821,0.0000000000,0.1182068437,0.1097581834,0.0000000000,0.0000000000,0.0606491603,0.0612780973,0.1985643357,0.1672178954,0.0430440344,0.0439284816,0.0749835670,0.0585188083,0.0301615316,0.0297125615,0.4251827896,0.3808613122,0.0823294818,0.0733241662,0.1218551099,0.1201530844,0.1408347636,0.0000000000,0.0000000000,0.0140750054,0.1003057435,0.1097464859,0.1138351709,0.1089516655,0.0000059295,0.0000000000,0.0000000000,0.0000000000,-0.0416840576,0.0709870309,-0.0029631404,0.0390163623,0.0709875822,0.0027736286
20:20:02:11.137,61,0.0001334575,0.1153947785,0.0639683828,0.0000000000,0.0000000000,0.1399853379,0.0990433693,0.0001287042,0.1153810844,0.0684741810,0.0000000000,0.0000000000,0.1404707283,0.1006537974,0.0677945241,0.0550047569,0.0000000000,0.2281726450,0.1126510873,0.2012867928,0.1242125034,0.0545444749,0.0000000000,0.1188828647,0.1092072204,0.0000000000,0.0000000000,0.0608498678,0.0613730103,0.1981966197,0.1668949276,0.0427828692,0.0439868830,0.0734859556,0.0580436178,0.0300661270,0.0295987148,0.4313350618,0.3862268329,0.0827974603,0.0734521374,0.1214302331,0.1197197139,0.1404191107,0.0000000000,0.0000000000,0.0140133174,0.1002790332,0.1095285565,0.1135541871,0.1085152403,0.0000037532,0.0000000000,0.0000000000,0.0000000000,-0.0417245887,0.0705438033,-0.0029474394,0.0389789678,0.0705443323,0.0027536117
20:20:02:12.138,61,0.0001228220,0.1148483381,0.0636201501,0.0000000000,0.0000000000,0.1403921843,0.0989976600,0.0001184475,0.1148327291,0.0688270777,0.0000000000,0.0000000000,0.1408819556,0.1006098390,0.0684332177,0.0550320186,0.0000000000,0.2309955359,0.1121710986,0.2045862973,0.1243470684,0.0549751036,0.0000000000,0.1195848659,0.1093434691,0.0000000000,0.0000000000,0.0610568374,0.0615129769,0.1970591545,0.1664231122,0.0424542688,0.0441090278,0.0711937323,0.0574641638,0.0299543981,0.0294663142,0.4378979504,0.3978661597,0.0832886696,0.0737364441,0.1208515614,0.1191463396,0.1402027160,0.0000000000,0.0000000000,0.0139253112,0.1003776416,0.1095508486,0.1133381352,0.1082086638,0.0000019328,0.0000000000,0.0000000000,0.0000000000,-0.0419406071,0.0702091828,-0.0029485903,0.0387676917,0.0702097043,0.0027256592
20:20:02:13.139,61,0.0001130341,0.1146616116,0.0631849617,0.0000000000,0.0000000000,0.1405888349,0.0986997634,0.0001090082,0.1146435216,0.0692817122,0.0000000000,0.0000000000,0.1410812736,0.1003085226,0.0691020861,0.0540294200,0.0000000000,0.2366963178,0.1116720885,0.2061288804,0.1243806407,0.0550504662,0.0000000000,0.1202062666,0.1095869988,0.0000000000,0.0000000000,0.0612501241,0.0616636798,0.1956010759,0.1659206748,0.0421271250,0.0442245044,0.0692971498,0.0568756685,0.0297920499,0.0292906296,0.4431433082,0.4054970443,0.0838858560,0.0741765723,0.1205459088,0.1188527048,0.1400621235,0.0000000000,0.0000000000,0.0138063030,0.1004529148,0.1095667705,0.1131397635,0.1079214662,0.0000012032,0.0000000000,0.0000000000,0.0000000000,-0.0422179922,0.0700943172,-0.0029632081,0.0385028087,0.0700948238,0.0027026022
20:20:02:14.140,61,0.0001040262,0.1150032058,0.0631517544,0.0000000000,0.0000000000,0.1407766789,0.0984993950,0.0001003211,0.1149847955,0.0693397895,0.0000000000,0.0000000000,0.1412688494,0.1001028195,0.0698118582,0.0506746955,0.0000000000,0.2384216636,0.1111047864,0.2067355365,0.1240084544,0.0550787821,0.0000000000,0.1263435632,0.1117694527,0.0000000000,0.0000000000,0.0614280105,0.0618037656,0.1946205795,0.1654724777,0.0418342128,0.0443485491,0.0676363483,0.0562290251,0.0296428949,0.0291301720,0.4578840733,0.4204032719,0.0844168961,0.0745432153,0.1203372627,0.1186533868,0.1398491412,0.0000000000,0.0000000000,0.0136821680,0.1005522609,0.1095462590,0.1130251884,0.1077051461,0.0000017939,0.0000000000,0.0000000000,0.0000000000,-0.0422527641,0.0703030750,-0.0029745086,0.0384820141,0.0703036115,0.0027092148
20:20:02:15.141,61,0.0000957362,0.1153242439,0.0632460415,0.0000000000,0.0000000000,0.1409462690,0.0984584168,0.0000923263,0.1153062284,0.0692698732,0.0000000000,0.0000000000,0.1414399892,0.1000562459,0.0708869770,0.0496407039,0.0000000000,0.2394200712,0.1108530983,0.2077307403,0.1240388751,0.0549730361,0.0000000000,0.1286318898,0.1131971925,0.0000000000,0.0000000000,0.0616680384,0.0620171987,0.1940033436,0.1651995331,0.0415915661,0.0445471965,0.0666557476,0.0556605496,0.0296020508,0.0290663298,0.4623526037,0.4252111912,0.0847617239,0.0747671276,0.1201402918,0.1184606627,0.1393926144,0.0000000000,0.0000000000,0.0136217140,0.1007520258,0.1096844301,0.1130961180,0.1076881438,0.0000020835,0.0000000000,0.0000000000,0.0000000000,-0.0422095656,0.0704994649,-0.0029797985,0.0385389328,0.0705000162,0.0027208254
20:20:02:16.142,61,0.0000881068,0.1163623109,0.0625737309,0.0000000000,0.0000000000,0.1410298496,0.0986483470,0.0000849687,0.1163401604,0.0699767396,0.0000000000,0.0000000000,0.1415221542,0.1002485305,0.0715924874,0.0489952937,0.0000000000,0.2399461865,0.1106202081,0.2079438865,0.1237106621,0.0550603606,0.0000000000,0.1299878657,0.1138949245,0.0000000000,0.0000000000,0.0619819649,0.0622733906,0.1936785579,0.1650454253,0.0414496213,0.0447593592,0.0659365356,0.0551444255,0.0295235515,0.0289679021,0.4642405808,0.4271637797,0.0849177092,0.0747808814,0.1202362254,0.1185493842,0.1391119808,0.0000000000,0.0000000000,0.0135564189,0.1008689553,0.1096802503,0.1130186096,0.1074938029,0.0000022529,0.0000000000,0.0000000000,0.0000000000,-0.0426383913,0.0711329281,-0.0030371896,0.0381275490,0.0711334869,0.0027160640
20:20:02:17.143,61,0.0000810854,0.1172835976,0.0625052229,0.0000000000,0.0000000000,0.1411327422,0.1003758833,0.0000781973,0.1172608212,0.0700570717,0.0000000000,0.0000000000,0.1416230053,0.1019837558,0.0723176673,0.0486685671,0.0000000000,0.2403907180,0.1104697958,0.2080767900,0.1233596504,0.0550982021,0.0000000000,0.1321786195,0.1151723787,0.0000000000,0.0000000000,0.0623816326,0.0626169592,0.1935011446,0.1649937481,0.0413432270,0.0450455807,0.0653326735,0.0546345338,0.0295044780,0.0289229378,0.4654827118,0.4283833504,0.0850221589,0.0747593269,0.1198403761,0.1181441247,0.1387582868,0.0000000000,0.0000000000,0.0135019878,0.1010384336,0.1097464859,0.1130882651,0.1074648798,0.0000026559,0.0000000000,0.0000000000,0.0000000000,-0.0426856205,0.0716959760,-0.0030647018,0.0380842723,0.0716965571,0.0027345314
20:20:02:18.144,61,0.0000746235,0.1176650003,0.0623354539,0.0000000000,0.0000000000,0.1414721757,0.1014965847,0.0000719656,0.1176412553,0.0701954812,0.0000000000,0.0000000000,0.1419678628,0.1031096205,0.0729941055,0.0491596535,0.0000000000,0.2408995628,0.1102029979,0.2082471400,0.1231310964,0.0550718345,0.0000000000,0.1331744790,0.1162394285,0.0000000000,0.0000000000,0.0626723021,0.0628418848,0.1934102327,0.1648599356,0.0411911272,0.0452089012,0.0648001954,0.0542106666,0.0294642914,0.0288578141,0.4664917290,0.4292832315,0.0853604153,0.0749975815,0.1196116433,0.1179173216,0.1385948211,0.0000000000,0.0000000000,0.0134220440,0.1012451872,0.1099662334,0.1132344678,0.1075557321,0.0000028921,0.0000000000,0.0000000000,0.0000000000,-0.0427692384,0.0719288364,-0.0030807091,0.0379801951,0.0719294250,0.0027359501
20:20:02:19.145,61,0.0000686766,0.1161165386,0.0617798232,0.0000000000,0.0000000000,0.1423758715,0.1065146849,0.0000662306,0.1160900965,0.0707074031,0.0000000000,0.0000000000,0.1429076195,0.1081655696,0.0735280439,0.0525424108,0.0000000000,0.2410996258,0.1098631173,0.2144609988,0.1234321222,0.0551032200,0.0000000000,0.1334101409,0.1166608259,0.0000000000,0.0000000000,0.0628514290,0.0629682466,0.1937713176,0.1650259644,0.0409533307,0.0452413857,0.0644093528,0.0539006554,0.0294832792,0.0288539305,0.4673518836,0.4299144149,0.0858794451,0.0753900558,0.1196274459,0.1179400310,0.1387307644,0.0000000000,0.0000000000,0.0133673158,0.1014806181,0.1103148088,0.1134703904,0.1077665463,0.0000027120,0.0000000000,0.0000000000,0.0000000000,-0.0430840775,0.0709814057,-0.0030623572,0.0376442038,0.0709819496,0.0026759170
20:20:02:20.146,61,0.0000632036,0.1143058985,0.0615347438,0.0000000000,0.0000000000,0.1441531777,0.1175166517,0.0000609525,0.1142786518,0.0709085613,0.0000000000,0.0000000000,0.1447562277,0.1194584444,0.0738839507,0.0603962578,0.0000000000,0.2412842959,0.1095074043,0.2428067178,0.1355569363,0.0553725883,0.0000000000,0.1270377636,0.1098017022,0.0000000000,0.0000000000,0.0629078224,0.0629436001,0.1943379045,0.1652753055,0.0405985005,0.0451882184,0.0642062947,0.0537707247,0.0296034124,0.0289357062,0.4674242139,0.4288629889,0.0867211521,0.0758599937,0.1193268001,0.1176326424,0.1388146579,0.0000000000,0.0000000000,0.0133904228,0.1016778573,0.1106582880,0.1136832535,0.1079389080,0.0000026040,0.0000000000,0.0000000000,0.0000000000,-0.0432100035,0.0698741972,-0.0030232375,0.0374977961,0.0698747113,0.0026237990
20:20:02:21.147,61,0.0000581668,0.1147976741,0.0613525547,0.0000000000,0.0000000000,0.1449408978,0.1220432743,0.0000560951,0.1147692725,0.0710931793,0.0000000000,0.0000000000,0.1455654502,0.1239662021,0.0743232593,0.0625969619,0.0000000000,0.2417896092,0.1091137901,0.2486847043,0.1385006756,0.0553596467,0.0000000000,0.1255217791,0.1084190384,0.0000000000,0.0000000000,0.0629921407,0.0629839078,0.1947305202,0.1655236632,0.0402568020,0.0450984314,0.0639571100,0.0536319278,0.0296468362,0.0289564300,0.4678117037,0.4288893044,0.0878430456,0.0765132904,0.1192330718,0.1175489426,0.1388158500,0.0000000000,0.0000000000,0.0133502567,0.1018402800,0.1109645143,0.1139681190,0.1082290113,0.0000029865,0.0000000000,0.0000000000,0.0000000000,-0.0433216058,0.0701745003,-0.0030441107,0.0373859890,0.0701750293,0.0026272598
20:20:02:22.148,61,0.0000535314,0.1150704771,0.0613833703,0.0000000000,0.0000000000,0.1453145444,0.1243760213,0.0000516248,0.1150421575,0.0710675120,0.0000000000,0.0000000000,0.1459453553,0.1263087839,0.0748488456,0.0636373088,0.0000000000,0.2438694537,0.1086376831,0.2372548133,0.1363788247,0.0554640479,0.0000000000,0.1250785589,0.1079632044,0.0000000000,0.0000000000,0.0632306039,0.0631568953,0.1949734092,0.1656130105,0.0400412828,0.0451558828,0.0635710657,0.0533566624,0.0296541303,0.0289430059,0.4697553813,0.4294397533,0.0884917155,0.0769256428,0.1192624792,0.1175722927,0.1386604905,0.0000000000,0.0000000000,0.0133091258,0.1018764526,0.1110248342,0.1140174046,0.1082476452,0.0000025199,0.0000000000,0.0000000000,0.0000000000,-0.0433054492,0.0703413188,-0.0030502332,0.0374043211,0.0703418329,0.0026348166
20:20:02:23.149,61,0.0000492654,0.1153856814,0.0617811047,0.0000000000,0.0000000000,0.1453767717,0.1252815276,0.0000475107,0.1153594106,0.0707091838,0.0000000000,0.0000000000,0.1459997147,0.1272099614,0.0753564313,0.0580645166,0.0000000000,0.2442282587,0.1081888899,0.2211301923,0.1271784157,0.0554002374,0.0000000000,0.1252138764,0.1081232056,0.0000000000,0.0000000000,0.0634942874,0.0633853525,0.1950082034,0.1657290310,0.0400148518,0.0452950485,0.0632415935,0.0530691221,0.0296188165,0.0289008170,0.4702970982,0.4297131300,0.0887719691,0.0771012753,0.1196726263,0.1179756895,0.1384983510,0.0000000000,0.0000000000,0.0132622579,0.1018504053,0.1108873263,0.1139523685,0.1081227362,0.0000027511,0.0000000000,0.0000000000,0.0000000000,-0.0430865176,0.0705346242,-0.0030431903,0.0376461744,0.0705351606,0.0026591572
20:20:02:24.150,61,0.0000453393,0.1150675565,0.0617329516,0.0000000000,0.0000000000,0.1452485025,0.1260307729,0.0000437245,0.1150411144,0.0707510114,0.0000000000,0.0000000000,0.1458558589,0.1279407740,0.0757244900,0.0424553379,0.0000000000,0.2424993813,0.1078905165,0.2144270837,0.1237999126,0.0551681668,0.0000000000,0.1251602173,0.1079540327,0.0000000000,0.0000000000,0.0636580810,0.0635524839,0.1949713677,0.1661047041,0.0401627459,0.0453769229,0.0632423237,0.0529990047,0.0295526851,0.0288482290,0.4557246268,0.4214049280,0.0888370872,0.0771426335,0.1212999076,0.1196407229,0.1384064406,0.0000000000,0.0000000000,0.0132403839,0.1016529873,0.1104982942,0.1137809679,0.1078440398,0.0000043422,0.0000000000,0.0000000000,0.0000000000,-0.0431125984,0.0703400820,-0.0030366050,0.0376173444,0.0703406185,0.0026497692
20:20:02:25.151,61,0.0000417261,0.1146347001,0.0619034395,0.0000000000,0.0000000000,0.1451352090,0.1267711073,0.0000402400,0.1146093309,0.0705730394,0.0000000000,0.0000000000,0.1457262784,0.1286605597,0.0759554058,0.0376208723,0.0000000000,0.2353043407,0.1077837870,0.2066105306,0.1180659682,0.0550121740,0.0000000000,0.1257022172,0.1083758250,0.0000000000,0.0000000000,0.0638471171,0.0637379587,0.1952659190,0.1670878828,0.0404472388,0.0454393588,0.0633497387,0.0529535785,0.0294467304,0.0287641566,0.4516433775,0.4188077152,0.0886704698,0.0770020038,0.1218755841,0.1202347577,0.1385325342,0.0000000000,0.0000000000,0.0131788412,0.1016100422,0.1102716252,0.1136876792,0.1076375544,0.0000038322,0.0000000000,0.0000000000,0.0000000000,-0.0430049449,0.0700757653,-0.0030176074,0.0377219357,0.0700762868,0.0026471149
20:20:02:26.152,61,0.0000384009,0.1132327095,0.0620434321,0.0000000000,0.0000000000,0.1450400054,0.1276189834,0.0000370332,0.1132085696,0.0704043657,0.0000000000,0.0000000000,0.1456118524,0.1294376403,0.0760628134,0.0294045471,0.0000000000,0.2276330292,0.1079206094,0.2024895549,0.1150630638,0.0547294430,0.0000000000,0.1254098415,0.1079751477,0.0000000000,0.0000000000,0.0639205724,0.0638446659,0.1969940364,0.1742004305,0.0408300869,0.0454921350,0.0636343732,0.0529740453,0.0292994864,0.0286519118,0.4399972856,0.4089159369,0.0882196948,0.0766534582,0.1222531050,0.1206337214,0.1387751997,0.0000000000,0.0000000000,0.0131263332,0.1014798433,0.1099455506,0.1135600060,0.1073819473,0.0000033822,0.0000000000,0.0000000000,0.0000000000,-0.0429047160,0.0692189932,-0.0029736527,0.0378095135,0.0692194775,0.0026207119
20:20:02:27.153,61,0.0000353406,0.1128148362,0.0623472594,0.0000000000,0.0000000000,0.1447142363,0.1280014515,0.0000340819,0.1127924323,0.0701110139,0.0000000000,0.0000000000,0.1452611685,0.1297666728,0.0760687143,0.0156882182,0.0000000000,0.2180003524,0.1081641689,0.1971467435,0.1128076911,0.0540039465,0.0000000000,0.1252908558,0.1077973396,0.0000000000,0.0000000000,0.0638811141,0.0638860911,0.1975775361,0.1768139899,0.0412479676,0.0455424897,0.0639670566,0.0529899560,0.0291410033,0.0285437107,0.4321251512,0.4041969180,0.0870999396,0.0761487335,0.1228589341,0.1212655157,0.1387900859,0.0000000000,0.0000000000,0.0130813513,0.1012631059,0.1094708592,0.1133748069,0.1070738807,0.0000028834,0.0000000000,0.0000000000,0.0000000000,-0.0427267030,0.0689640194,-0.0029503794,0.0379953310,0.0689645261,0.0026238547
20:20:02:28.154,61,0.0000325243,0.1132658869,0.0628192052,0.0000000000,0.0000000000,0.1441245377,0.1284668595,0.0000313659,0.1132459193,0.0696744248,0.0000000000,0.0000000000,0.1446182281,0.1301839650,0.0759846121,0.0100276899,0.0000000000,0.2116400898,0.1109158322,0.1944822520,0.1115424111,0.0533144809,0.0000000000,0.1235017627,0.1051079482,0.0000000000,0.0000000000,0.0638256967,0.0639161691,0.1997404397,0.1840821356,0.0419070870,0.0457029827,0.0644691810,0.0529898070,0.0290127117,0.0284629278,0.4149107635,0.3911130428,0.0830301121,0.0739278570,0.1232727915,0.1216949970,0.1388351768,0.0000000000,0.0000000000,0.0130702695,0.1010753214,0.1090233475,0.1133093387,0.1068837941,0.0000021579,0.0000000000,0.0000000000,0.0000000000,-0.0424598269,0.0692405030,-0.0029437542,0.0382822156,0.0692410246,0.0026542887
20:20:02:29.155,61,0.0000299324,0.1140032634,0.0629572570,0.0000000000,0.0000000000,0.1434825510,0.1290481836,0.0000288663,0.1139838099,0.0695825145,0.0000000000,0.0000000000,0.1439450681,0.1307169646,0.0757544786,0.0068087177,0.0000000000,0.2063613087,0.1120453030,0.1931373179,0.1110491231,0.0511325337,0.0000000000,0.1113314182,0.0988100693,0.0000000000,0.0000000000,0.0636359304,0.0638440922,0.2007702589,0.1869648248,0.0424741246,0.0458155610,0.0651072413,0.0530813821,0.0289177597,0.0284163877,0.3995164931,0.3783188760,0.0803399459,0.0726055875,0.1233999133,0.1218426451,0.1388271302,0.0000000000,0.0000000000,0.0131104570,0.1006428003,0.1084158495,0.1129944548,0.1065293252,0.0000039189,0.0000000000,0.0000000000,0.0000000000,-0.0424024835,0.0696914941,-0.0029589904,0.0383651331,0.0696919858,0.0026774169
20:20:02:30.157,61,0.0000275470,0.1136963665,0.0627293661,0.0000000000,0.0000000000,0.1432469487,0.1295385808,0.0000265659,0.1136756986,0.0698000640,0.0000000000,0.0000000000,0.1436882913,0.1311617345,0.0752707347,0.0049941144,0.0000000000,0.1950652450,0.1148477644,0.1922771335,0.1113504395,0.0500367321,0.0000000000,0.1062493697,0.0952302814,0.0000000000,0.0000000000,0.0632997081,0.0636307970,0.2015417963,0.1886070371,0.0431046970,0.0459176339,0.0673839077,0.0532984287,0.0288914368,0.0284477398,0.3854336441,0.3630714417,0.0776868537,0.0709210038,0.1236611456,0.1221296787,0.1389996409,0.0000000000,0.0000000000,0.0132051948,0.1002553627,0.1079674736,0.1128794849,0.1063758433,0.0000050558,0.0000000000,0.0000000000,0.0000000000,-0.0425356179,0.0695035011,-0.0029602423,0.0382267609,0.0695040375,0.0026605462
20:20:02:31.158,61,0.0000253517,0.1118891984,0.0615044087,0.0000000000,0.0000000000,0.1434201002,0.1293650270,0.0000244488,0.1118622050,0.0710053071,0.0000000000,0.0000000000,0.1438518465,0.1309433728,0.0736123919,0.0041915220,0.0000000000,0.1787181646,0.1175804287,0.1920704991,0.1294530332,0.0494482331,0.0000000000,0.1036090553,0.0924092606,0.0000000000,0.0000000000,0.0627488047,0.0631944537,0.2018121928,0.1891949624,0.0435610376,0.0458994322,0.0721044987,0.0537304692,0.0289855618,0.0286060981,0.3679574132,0.3410376310,0.0759931803,0.0695312470,0.1234620661,0.1219630092,0.1393849254,0.0000000000,0.0000000000,0.0134193776,0.0999848545,0.1077724844,0.1129530892,0.1064200997,0.0000123796,0.0000000000,0.0000000000,0.0000000000,-0.0432733893,0.0683968738,-0.0029634547,0.0374831446,0.0683973432,0.0025671462
20:20:02:32.158,61,0.0000233314,0.1099653989,0.0607245192,0.0000000000,0.0000000000,0.1437600255,0.1290784180,0.0000225004,0.1099348143,0.0717390776,0.0000000000,0.0000000000,0.1441855282,0.1306132525,0.0720638707,0.0039077988,0.0000000000,0.1707549691,0.1226067320,0.1921453923,0.1385144889,0.0490446836,0.0000000000,0.1011020541,0.0889518559,0.0000000000,0.0000000000,0.0621457845,0.0626986846,0.2019871026,0.1894552112,0.0440696627,0.0459323563,0.0765217692,0.0542313270,0.0291880034,0.0288698189,0.3544282615,0.3277578950,0.0737667158,0.0674836189,0.1223508194,0.1209823042,0.1397352070,0.0000000000,0.0000000000,0.0137227243,0.0997899622,0.1077229008,0.1131185293,0.1065498069,0.0000171682,0.0000000000,0.0000000000,0.0000000000,-0.0437240675,0.0672196969,-0.0029426070,0.0370107964,0.0672201514,0.0024910516
20:20:02:33.160,61,0.0000214721,0.1094505265,0.0593852103,0.0000000000,0.0000000000,0.1440326571,0.1283751279,0.0000207073,0.1094129607,0.0730529130,0.0000000000,0.0000000000,0.1444531381,0.1298120469,0.0705502406,0.0038575684,0.0000000000,0.1622420251,0.1254957467,0.1919270754,0.1423118114,0.0487248562,0.0000000000,0.0997690707,0.0874301270,0.0000000000,0.0000000000,0.0615135878,0.0621653423,0.2020272315,0.1894451976,0.0446266271,0.0459900200,0.0789386332,0.0546625257,0.0294283815,0.0291652791,0.3481595218,0.3219046295,0.0710441768,0.0649928823,0.1216367185,0.1203201264,0.1400036365,0.0000000000,0.0000000000,0.0140416548,0.0995109752,0.1076080576,0.1131934673,0.1066245809,0.0000175163,0.0000000000,0.0000000000,0.0000000000,-0.0445257872,0.0669029802,-0.0029823661,0.0361952744,0.0669034049,0.0024246725
20:20:02:34.161,61,0.0000197609,0.1103481948,0.0586306117,0.0000000000,0.0000000000,0.1439169198,0.1280978918,0.0000190571,0.1103062183,0.0737968981,0.0000000000,0.0000000000,0.1443316936,0.1294947267,0.0696037263,0.0040167538,0.0000000000,0.1590603143,0.1400614530,0.1893936843,0.1440090686,0.0488529466,0.0000000000,0.0992038846,0.0863218307,0.0000000000,0.0000000000,0.0611022823,0.0618246831,0.2030410767,0.1898431033,0.0480546579,0.0463042147,0.0811971128,0.0549984314,0.0296784434,0.0294724423,0.3448912203,0.3186004758,0.0664078146,0.0601912662,0.1205463856,0.1192718297,0.1403487772,0.0000000000,0.0000000000,0.0143477190,0.0993342921,0.1075340509,0.1134013534,0.1067574248,0.0000194413,0.0000000000,0.0000000000,0.0000000000,-0.0449775904,0.0674505606,-0.0030373391,0.0357340276,0.0674510077,0.0024134398
20:20:02:35.162,61,0.0000181861,0.1099551097,0.0576391332,0.0000000000,0.0000000000,0.1440646797,0.1278256476,0.0000175384,0.1099080667,0.0747344121,0.0000000000,0.0000000000,0.1444756538,0.1291871518,0.0687372684,0.0043481831,0.0000000000,0.1570212245,0.1445431411,0.1883189827,0.1450807452,0.0489197932,0.0000000000,0.0930857062,0.0792716965,0.0000000000,0.0000000000,0.0605976470,0.0613911711,0.2047864050,0.1904394180,0.0504107699,0.0465732627,0.0852264911,0.0554573238,0.0299737453,0.0298228227,0.3282686770,0.3025253117,0.0631122366,0.0571561791,0.1190374643,0.1178407222,0.1408496499,0.0000000000,0.0000000000,0.0147086978,0.0990940854,0.1074360758,0.1134592518,0.1067936271,0.0000148954,0.0000000000,0.0000000000,0.0000000000,-0.0455497354,0.0672088414,-0.0030648927,0.0351303220,0.0672092885,0.0023641547
20:20:02:36.163,61,0.0000167368,0.1093687713,0.0578395426,0.0000000000,0.0000000000,0.1441715658,0.1322093457,0.0000161407,0.1093232781,0.0744747818,0.0000000000,0.0000000000,0.1445784867,0.1334551573,0.0662331432,0.0048324214,0.0000000000,0.1504042894,0.1455068737,0.1876084656,0.1461660117,0.0488323048,0.0000000000,0.0892337784,0.0768901110,0.0000000000,0.0000000000,0.0596396625,0.0606763735,0.2047631890,0.1897270828,0.0513766892,0.0464403741,0.0904918313,0.0576668121,0.0302704982,0.0301878415,0.3101591468,0.2835657001,0.0617846362,0.0558969676,0.1175548658,0.1164509431,0.1411303729,0.0000000000,0.0000000000,0.0151347741,0.0988136828,0.1073303074,0.1135540307,0.1069393605,0.0000156189,0.0000000000,0.0000000000,0.0000000000,-0.0453925803,0.0668507591,-0.0030380040,0.0352533124,0.0668511689,0.0023597495
20:20:02:37.163,61,0.0000154030,0.1067784131,0.0577029511,0.0000000000,0.0000000000,0.1444697678,0.1347193718,0.0000148544,0.1067336872,0.0744927973,0.0000000000,0.0000000000,0.1448764652,0.1359334886,0.0650316328,0.0053919945,0.0000000000,0.1479551196,0.1460852176,0.1870263815,0.1470006704,0.0486073308,0.0000000000,0.0873087347,0.0755585730,0.0000000000,0.0000000000,0.0588816889,0.0600272790,0.2045435309,0.1892537326,0.0521202087,0.0463215932,0.0939521343,0.0590995140,0.0305918176,0.0305746384,0.3013514578,0.2756533027,0.0609093830,0.0550974235,0.1147505715,0.1137024239,0.1412050724,0.0000000000,0.0000000000,0.0155833578,0.0987751707,0.1074820161,0.1137153804,0.1071760282,0.0000205710,0.0000000000,0.0000000000,0.0000000000,-0.0454083122,0.0652672723,-0.0029668636,0.0351737365,0.0652676523,0.0022984946
20:20:02:38.165,61,0.0000141755,0.1049097702,0.0581687354,0.0000000000,0.0000000000,0.1446912289,0.1374387443,0.0000136707,0.1048686206,0.0739120692,0.0000000000,0.0000000000,0.1450970024,0.1386109143,0.0630416647,0.0059428397,0.0000000000,0.1431914270,0.1460031867,0.1863908470,0.1549632549,0.0482565686,0.0000000000,0.0859667137,0.0748438537,0.0000000000,0.0000000000,0.0578806549,0.0590388253,0.2036738247,0.1882292479,0.0528678894,0.0460506491,0.1014964134,0.0618204400,0.0310719404,0.0311171170,0.2708818913,0.2511472702,0.0600871332,0.0543754250,0.1120136753,0.1110331789,0.1409074068,0.0000000000,0.0000000000,0.0164476261,0.0989370942,0.1078350917,0.1139762849,0.1075552627,0.0000202715,0.0000000000,0.0000000000,0.0000000000,-0.0450576432,0.0641257763,-0.0028923363,0.0354602896,0.0641261116,0.0022765712
20:20:02:39.166,61,0.0000130459,0.1050083339,0.0577661619,0.0000000000,0.0000000000,0.1445696950,0.1364527792,0.0000125812,0.1049650982,0.0742973983,0.0000000000,0.0000000000,0.1449702978,0.1375579089,0.0619758628,0.0063580149,0.0000000000,0.1407303065,0.1458721161,0.1811592281,0.1570420712,0.0480001122,0.0000000000,0.0834563747,0.0740752295,0.0000000000,0.0000000000,0.0570977442,0.0582625605,0.2031578869,0.1875896305,0.0559536666,0.0458905548,0.1043444946,0.0630389675,0.0314644612,0.0315522552,0.2619970739,0.2437604815,0.0590174422,0.0535968170,0.1108767837,0.1099205986,0.1410263032,0.0000000000,0.0000000000,0.0170379151,0.0989777297,0.1079660058,0.1141022816,0.1077645198,0.0000224012,0.0000000000,0.0000000000,0.0000000000,-0.0452923626,0.0641854480,-0.0029101060,0.0352147445,0.0641857982,0.0022629236
20:20:02:40.167,61,0.0000120062,0.1061595455,0.0579127669,0.0000000000,0.0000000000,0.1441060752,0.1361446232,0.0000115786,0.1061166376,0.0741302893,0.0000000000,0.0000000000,0.1444972903,0.1372176707,0.0613567047,0.0065661697,0.0000000000,0.1396743953,0.1458078921,0.1794359386,0.1574097425,0.0476256460,0.0000000000,0.0780528486,0.0693684891,0.0000000000,0.0000000000,0.0565039739,0.0577019081,0.2031285763,0.1876573116,0.0572941601,0.0458090156,0.1060551405,0.0639678091,0.0317696333,0.0318821743,0.2601845562,0.2417041361,0.0583561026,0.0530311763,0.1099495068,0.1090026423,0.1412805915,0.0000000000,0.0000000000,0.0174425784,0.0988567621,0.1078849360,0.1141368896,0.1078379303,0.0000177578,0.0000000000,0.0000000000,0.0000000000,-0.0451884530,0.0648893192,-0.0029353625,0.0353025012,0.0648896694,0.0022935080
20:20:02:41.167,61,0.0000110494,0.1068739742,0.0580823496,0.0000000000,0.0000000000,0.1435894519,0.1367597729,0.0000106559,0.1068316400,0.0739645511,0.0000000000,0.0000000000,0.1439682841,0.1377885640,0.0609123372,0.0065898746,0.0000000000,0.1392693967,0.1461121887,0.1782443821,0.1569823176,0.0461781286,0.0000000000,0.0700551197,0.0648597777,0.0000000000,0.0000000000,0.0559733212,0.0572157614,0.2032779306,0.1881106496,0.0600137599,0.0458677821,0.1071325839,0.0645442456,0.0320123211,0.0321294628,0.2587076724,0.2405560911,0.0573592521,0.0523529798,0.1092531830,0.1083036065,0.1413645297,0.0000000000,0.0000000000,0.0177490786,0.0987326652,0.1077643633,0.1141111180,0.1078755856,0.0000115103,0.0000000000,0.0000000000,0.0000000000,-0.0450861305,0.0653262138,-0.0029484953,0.0354048684,0.0653265938,0.0023156875
20:20:02:42.169,61,0.0000101689,0.1080101654,0.0583257973,0.0000000000,0.0000000000,0.1430652738,0.1359269321,0.0000098067,0.1079656333,0.0737704560,0.0000000000,0.0000000000,0.1434338689,0.1369260401,0.0604651533,0.0066938894,0.0000000000,0.1387377530,0.1462052315,0.1763861179,0.1566602439,0.0456481613,0.0000000000,0.0674988553,0.0630421042,0.0000000000,0.0000000000,0.0554762855,0.0567355119,0.2034412771,0.1884627938,0.0625809133,0.0458728336,0.1080841050,0.0650740266,0.0323075950,0.0324192606,0.2578308284,0.2398475260,0.0563788787,0.0515285470,0.1090224460,0.1080644354,0.1413450390,0.0000000000,0.0000000000,0.0180871543,0.0986199081,0.1076332554,0.1141035184,0.1078824177,0.0000100271,0.0000000000,0.0000000000,0.0000000000,-0.0449657701,0.0660192743,-0.0029719179,0.0355516486,0.0660214424,0.0023500880
20:20:02:43.169,61,0.0000093585,0.1076305360,0.0576986633,0.0000000000,0.0000000000,0.1426634192,0.1346977353,0.0000090252,0.1075830683,0.0743222311,0.0000000000,0.0000000000,0.1430258155,0.1356680691,0.0599807426,0.0068440177,0.0000000000,0.1380960941,0.1462221146,0.1741545945,0.1558384895,0.0452592969,0.0000000000,0.0663391426,0.0622564517,0.0000000000,0.0000000000,0.0550064109,0.0562707148,0.2038779855,0.1889936924,0.0649602711,0.0457951091,0.1089909747,0.0655655265,0.0325583667,0.0326674208,0.2572620809,0.2394688427,0.0555439107,0.0507766269,0.1086103544,0.1076466814,0.1419047713,0.0000000000,0.0000000000,0.0183462184,0.0986866131,0.1077444032,0.1142043397,0.1079898328,0.0000070141,0.0000000000,0.0000000000,0.0000000000,-0.0453027934,0.0657863468,-0.0029835829,0.0351699255,0.0657885000,0.0023166391
20:20:02:44.170,61,0.0000086127,0.1064449996,0.0584535152,0.0000000000,0.0000000000,0.1422591656,0.1341815144,0.0000083059,0.1064021438,0.0735182464,0.0000000000,0.0000000000,0.1426164061,0.1351470798,0.0595119037,0.0071592391,0.0000000000,0.1359273046,0.1460552961,0.1696189791,0.1552436650,0.0450533442,0.0000000000,0.0655808300,0.0617661849,0.0000000000,0.0000000000,0.0545118526,0.0557569042,0.2043013573,0.1893918365,0.0690761432,0.0456031188,0.1138249263,0.0663111061,0.0328798406,0.0329967663,0.2469590753,0.2307189852,0.0542095043,0.0496804528,0.1075307056,0.1065423787,0.1422287226,0.0000000000,0.0000000000,0.0186753236,0.0989012271,0.1079748943,0.1143365130,0.1081613079,0.0000101437,0.0000000000,0.0000000000,0.0000000000,-0.0448148511,0.0650627762,-0.0029189151,0.0356317312,0.0650649220,0.0023211574
20:20:02:45.171,61,0.0000079263,0.1043756232,0.0583287813,0.0000000000,0.0000000000,0.1418980360,0.1341082305,0.0000076440,0.1043331325,0.0735780224,0.0000000000,0.0000000000,0.1422504783,0.1350784600,0.0590054914,0.0074941865,0.0000000000,0.1340432316,0.1457556933,0.1663017124,0.1536430269,0.0449465849,0.0000000000,0.0652607083,0.0616124086,0.0000000000,0.0000000000,0.0540075265,0.0552221537,0.2042103410,0.1892195195,0.0710593760,0.0454351306,0.1154537871,0.0668355972,0.0331247523,0.0332578868,0.2438791692,0.2280061245,0.0533545986,0.0488994010,0.1067814380,0.1057835072,0.1423805654,0.0000000000,0.0000000000,0.0189399924,0.0991349816,0.1081993654,0.1145068184,0.1083359495,0.0000139083,0.0000000000,0.0000000000,0.0000000000,-0.0448549427,0.0637977496,-0.0028645645,0.0355585963,0.0637998357,0.0022712329
20:20:02:46.173,61,0.0000072947,0.1036183983,0.0587053970,0.0000000000,0.0000000000,0.1415711343,0.1356941611,0.0000070349,0.1035781652,0.0731890425,0.0000000000,0.0000000000,0.1419198960,0.1367559582,0.0586809702,0.0078042122,0.0000000000,0.1331072152,0.1456160396,0.1646380723,0.1524806470,0.0450949073,0.0000000000,0.0652907938,0.0613130182,0.0000000000,0.0000000000,0.0536431633,0.0548118725,0.2049914896,0.1897376776,0.0735650957,0.0453053229,0.1173144430,0.0674545020,0.0334285572,0.0335700735,0.2419461310,0.2259654701,0.0525359064,0.0480498224,0.1044243276,0.1033292934,0.1424644291,0.0000000000,0.0000000000,0.0192609299,0.0994646996,0.1084419414,0.1146215275,0.1084222645,0.0000146255,0.0000000000,0.0000000000,0.0000000000,-0.0446191207,0.0633354038,-0.0028288090,0.0357892476,0.0633374900,0.0022693491
20:20:02:47.174,61,0.0000067133,0.1038082913,0.0588991195,0.0000000000,0.0000000000,0.1409536302,0.1360732466,0.0000064742,0.1037690043,0.0729869753,0.0000000000,0.0000000000,0.1412976831,0.1371726990,0.0582696982,0.0082123689,0.0000000000,0.1322244853,0.1453078091,0.1627536118,0.1520811915,0.0454615131,0.0000000000,0.0653358996,0.0608787537,0.0000000000,0.0000000000,0.0532573909,0.0543722734,0.2051546872,0.1897259951,0.0752976835,0.0451259799,0.1199896932,0.0682379678,0.0337885991,0.0339444950,0.2355141044,0.2181159407,0.0516984388,0.0470605120,0.1035965085,0.1024666578,0.1423257589,0.0000000000,0.0000000000,0.0197211765,0.0996086895,0.1084886640,0.1146605164,0.1084275246,0.0000168905,0.0000000000,0.0000000000,0.0000000000,-0.0444956012,0.0634517744,-0.0028261798,0.0359070785,0.0634538308,0.0022810106
20:20:02:48.175,61,0.0000061783,0.1031629965,0.0590642877,0.0000000000,0.0000000000,0.1405359805,0.1363862306,0.0000059583,0.1031248495,0.0727980807,0.0000000000,0.0000000000,0.1408763677,0.1375088990,0.0578491613,0.0085013555,0.0000000000,0.1308004856,0.1448576003,0.1611630619,0.1515788138,0.0454913601,0.0000000000,0.0657324791,0.0609964281,0.0000000000,0.0000000000,0.0528898425,0.0539685301,0.2049922943,0.1895594448,0.0763681829,0.0449376926,0.1212378517,0.0688847080,0.0341327712,0.0342997238,0.2333164960,0.2156178057,0.0509738959,0.0463213436,0.1029876545,0.1018400043,0.1423266381,0.0000000000,0.0000000000,0.0201198235,0.0998408124,0.1086580679,0.1147259623,0.1085019931,0.0000144132,0.0000000000,0.0000000000,0.0000000000,-0.0443815514,0.0630575642,-0.0028013804,0.0360086672,0.0630596131,0.0022732124
20:20:02:49.176,61,0.0000056860,0.1009840667,0.0592679419,0.0000000000,0.0000000000,0.1401817501,0.1369999796,0.0000054835,0.1009479091,0.0725297704,0.0000000000,0.0000000000,0.1405186355,0.1381358057,0.0575085953,0.0087835714,0.0000000000,0.1296145469,0.1444972008,0.1592430472,0.1503340751,0.0453627445,0.0000000000,0.0658290386,0.0610545613,0.0000000000,0.0000000000,0.0525596142,0.0536076017,0.2049910724,0.1895617843,0.0786512494,0.0448022187,0.1222286299,0.0694630742,0.0344421864,0.0346225947,0.2299805731,0.2131393552,0.0502126925,0.0455934741,0.1024312973,0.1012754813,0.1422033906,0.0000000000,0.0000000000,0.0204487182,0.1001001969,0.1088856459,0.1147991121,0.1086119339,0.0000127330,0.0000000000,0.0000000000,0.0000000000,-0.0442216545,0.0617259927,-0.0027321998,0.0361358337,0.0617280118,0.0022329411
20:20:02:50.177,61,0.0000052328,0.0983983800,0.0599244051,0.0000000000,0.0000000000,0.1399112940,0.1374050826,0.0000050465,0.0983664468,0.0718166307,0.0000000000,0.0000000000,0.1402463913,0.1385516375,0.0570723563,0.0091534583,0.0000000000,0.1267748624,0.1440080106,0.1568435133,0.1499106735,0.0452960990,0.0000000000,0.0655861273,0.0607935637,0.0000000000,0.0000000000,0.0522339270,0.0532365441,0.2051137388,0.1896344572,0.0818231031,0.0446252152,0.1248960495,0.0701222643,0.0348682031,0.0350669846,0.2136300057,0.1986041218,0.0482508577,0.0440806039,0.1023081318,0.1011507139,0.1419436932,0.0000000000,0.0000000000,0.0209612641,0.1002664044,0.1090531424,0.1147814021,0.1086611375,0.0000125948,0.0000000000,0.0000000000,0.0000000000,-0.0437910631,0.0601463728,-0.0026362054,0.0365395993,0.0601483546,0.0021999576
20:20:02:51.179,61,0.0000048158,0.0974690840,0.0592809096,0.0000000000,0.0000000000,0.1398607939,0.1376474351,0.0000046443,0.0974344611,0.0724235550,0.0000000000,0.0000000000,0.1401966810,0.1388024986,0.0567307547,0.0095877582,0.0000000000,0.1257005036,0.1438384652,0.1557640284,0.1497834474,0.0454696156,0.0000000000,0.0611388199,0.0557389706,0.0000000000,0.0000000000,0.0519373864,0.0529030301,0.2054579258,0.1898563802,0.0835635662,0.0445925891,0.1259319037,0.0705152303,0.0352205969,0.0354335904,0.2090575844,0.1944535524,0.0467970632,0.0427949168,0.1020800993,0.1009207293,0.1418918222,0.0000000000,0.0000000000,0.0213847440,0.1004217714,0.1092604250,0.1147328988,0.1086580828,0.0000110684,0.0000000000,0.0000000000,0.0000000000,-0.0441626422,0.0595774837,-0.0026333546,0.0361484550,0.0595794506,0.0021557841
20:20:02:52.179,61,0.0000044320,0.0964565948,0.0593220070,0.0000000000,0.0000000000,0.1397683620,0.1380791515,0.0000042742,0.0964226350,0.0723364949,0.0000000000,0.0000000000,0.1401032656,0.1392309964,0.0564394109,0.0099274730,0.0000000000,0.1249024943,0.1437426209,0.1546030939,0.1492822170,0.0453116223,0.0000000000,0.0598033220,0.0545081347,0.0000000000,0.0000000000,0.0517696254,0.0527168140,0.2064212710,0.1906832904,0.0862818658,0.0445910916,0.1268421561,0.0709074140,0.0355551951,0.0357811078,0.2063973695,0.1920682192,0.0451563410,0.0415745899,0.1018431932,0.1006848514,0.1416771561,0.0000000000,0.0000000000,0.0217192657,0.1005079225,0.1093969494,0.1145371720,0.1085736006,0.0000090369,0.0000000000,0.0000000000,0.0000000000,-0.0441111773,0.0589586608,-0.0026029034,0.0361748375,0.0589606054,0.0021348963
20:20:02:53.180,61,0.0000040789,0.0964702964,0.0592259318,0.0000000000,0.0000000000,0.1396295577,0.1380790621,0.0000039336,0.0964359045,0.0724294856,0.0000000000,0.0000000000,0.1399603933,0.1392197311,0.0561503842,0.0100610806,0.0000000000,0.1241462156,0.1436582208,0.1520188749,0.1483802497,0.0449855924,0.0000000000,0.0546133593,0.0510805883,0.0000000000,0.0000000000,0.0516253859,0.0525407679,0.2075178027,0.1921814829,0.0900813490,0.0445893407,0.1276543140,0.0712637454,0.0358657613,0.0360922739,0.2032632083,0.1900076568,0.0435554422,0.0403322652,0.1018788815,0.1007245108,0.1412030160,0.0000000000,0.0000000000,0.0220002532,0.1005088910,0.1094157100,0.1143211797,0.1084412411,0.0000085878,0.0000000000,0.0000000000,0.0000000000,-0.0441678539,0.0589669235,-0.0026066119,0.0361162387,0.0589688569,0.0021317385
20:20:02:54.181,61,0.0000037538,0.0964821652,0.0592968725,0.0000000000,0.0000000000,0.1393687129,0.1378975213,0.0000036201,0.0964481756,0.0723247826,0.0000000000,0.0000000000,0.1396953762,0.1390248388,0.0558808297,0.0102214795,0.0000000000,0.1232881323,0.1434656382,0.1486071050,0.1478969753,0.0446873717,0.0000000000,0.0395925865,0.0373811759,0.0000000000,0.0000000000,0.0513579436,0.0522442535,0.2080831528,0.1928549111,0.0941688195,0.0445220657,0.1303220391,0.0717841238,0.0362131186,0.0364410803,0.1956172287,0.1836955547,0.0422649905,0.0392550007,0.1017450616,0.1005936265,0.1410035491,0.0000000000,0.0000000000,0.0223590042,0.1004926637,0.1093910486,0.1141103730,0.1083253399,0.0000076488,0.0000000000,0.0000000000,0.0000000000,-0.0441039912,0.0589742586,-0.0026031698,0.0361594781,0.0589762032,0.0021345564
20:20:02:55.182,61,0.0000034547,0.0971992239,0.0591510013,0.0000000000,0.0000000000,0.1387822330,0.1338864118,0.0000033316,0.0971643329,0.0724563748,0.0000000000,0.0000000000,0.1391014308,0.1350056827,0.0554744788,0.0104385680,0.0000000000,0.1199393943,0.1429867148,0.1413016021,0.1472388655,0.0446043871,0.0000000000,0.0356541835,0.0336536877,0.0000000000,0.0000000000,0.0511038713,0.0519450642,0.2080437392,0.1928227693,0.0979122743,0.0444471501,0.1317393333,0.0722238943,0.0365692899,0.0367942564,0.1889589578,0.1770325154,0.0410427377,0.0380635671,0.1019487977,0.1007984802,0.1397115290,0.0000000000,0.0000000000,0.0227664653,0.1002087370,0.1090622395,0.1137829572,0.1080491096,0.0000058947,0.0000000000,0.0000000000,0.0000000000,-0.0441830829,0.0594123676,-0.0026272538,0.0360695906,0.0594143271,0.0021451074
20:20:02:56.184,61,0.0000031793,0.0969899893,0.0591260642,0.0000000000,0.0000000000,0.1381810606,0.1345554590,0.0000030661,0.0969551653,0.0724395216,0.0000000000,0.0000000000,0.1384988129,0.1357348561,0.0550243109,0.0108611658,0.0000000000,0.1185395941,0.1424779892,0.1389425397,0.1469404697,0.0446906015,0.0000000000,0.0389276296,0.0346668065,0.0000000000,0.0000000000,0.0508147888,0.0516222492,0.2078364640,0.1925574839,0.0993389562,0.0442866981,0.1327730417,0.0727372989,0.0368584692,0.0370942578,0.1864964366,0.1744987816,0.0403055660,0.0373305492,0.1019273698,0.1007723138,0.1391877532,0.0000000000,0.0000000000,0.0230961125,0.1000579074,0.1089183912,0.1136545911,0.1079687104,0.0000081973,0.0000000000,0.0000000000,0.0000000000,-0.0441731513,0.0592844374,-0.0026209941,0.0360546596,0.0592863932,0.0021395916
20:20:02:57.184,61,0.0000029260,0.0959285274,0.0592009202,0.0000000000,0.0000000000,0.1379212439,0.1348316669,0.0000028218,0.0958944783,0.0723473728,0.0000000000,0.0000000000,0.1382407695,0.1360491067,0.0546373166,0.0113087259,0.0000000000,0.1175490916,0.1419503689,0.1376515329,0.1467941701,0.0451758914,0.0000000000,0.0394093916,0.0343007296,0.0000000000,0.0000000000,0.0505658388,0.0513078123,0.2077350169,0.1922448575,0.1003199518,0.0441710241,0.1338167489,0.0732763857,0.0372214951,0.0374797434,0.1851374656,0.1729261875,0.0396795087,0.0366619453,0.1018627509,0.1006940827,0.1387046278,0.0000000000,0.0000000000,0.0236045793,0.1000701934,0.1088917032,0.1135252118,0.1078369245,0.0000088881,0.0000000000,0.0000000000,0.0000000000,-0.0441186540,0.0586357228,-0.0025890523,0.0361016877,0.0586376488,0.0021188844
20:20:02:58.185,61,0.0000026928,0.0957459137,0.0596265532,0.0000000000,0.0000000000,0.1375616193,0.1350187361,0.0000025969,0.0957139283,0.0719186664,0.0000000000,0.0000000000,0.1378814578,0.1362543404,0.0542756282,0.0116285114,0.0000000000,0.1167346984,0.1414545625,0.1366867572,0.1465386301,0.0453521833,0.0000000000,0.0404007770,0.0347528905,0.0000000000,0.0000000000,0.0503679812,0.0510581508,0.2076260298,0.1920115203,0.1011591777,0.0440663099,0.1348116696,0.0737988576,0.0375923924,0.0378718004,0.1842821091,0.1719099730,0.0391079336,0.0360735282,0.1020032167,0.1008294150,0.1381639093,0.0000000000,0.0000000000,0.0240786970,0.1001437381,0.1089590490,0.1135206893,0.1078684852,0.0000093943,0.0000000000,0.0000000000,0.0000000000,-0.0438574962,0.0585246608,-0.0025688503,0.0363614820,0.0585265867,0.0021300740
20:20:02:59.186,61,0.0000024782,0.0958401933,0.0602047890,0.0000000000,0.0000000000,0.1374315023,0.1342979223,0.0000023899,0.0958108827,0.0713437647,0.0000000000,0.0000000000,0.1377543211,0.1355718821,0.0539643243,0.0119979484,0.0000000000,0.1162841320,0.1412203312,0.1360998750,0.1465825886,0.0457025878,0.0000000000,0.0407120138,0.0347501747,0.0000000000,0.0000000000,0.0501945168,0.0508459546,0.2076258212,0.1918513626,0.1018161699,0.0440194905,0.1355866492,0.0742365271,0.0379267372,0.0382147096,0.1838127077,0.1712598205,0.0385725498,0.0355095863,0.1022096500,0.1010244265,0.1376524717,0.0000000000,0.0000000000,0.0245084930,0.1002490520,0.1090745926,0.1134809926,0.1078529730,0.0000109697,0.0000000000,0.0000000000,0.0000000000,-0.0435067639,0.0585830510,-0.0025508679,0.0367139727,0.0585849695,0.0021528644
20:20:03:00.188,61,0.0000022807,0.0976373255,0.0604863949,0.0000000000,0.0000000000,0.1369116306,0.1333754957,0.0000021995,0.0976087525,0.0710867643,0.0000000000,0.0000000000,0.1372323483,0.1346384287,0.0536461137,0.0121365581,0.0000000000,0.1150555536,0.1403857619,0.1354142427,0.1462837160,0.0456155054,0.0000000000,0.0415083617,0.0358314849,0.0000000000,0.0000000000,0.0500216037,0.0506397411,0.2073258311,0.1915476322,0.1023971438,0.0438745879,0.1369117647,0.0748199448,0.0382843204,0.0385778286,0.1833422780,0.1707253456,0.0381175652,0.0350495316,0.1026323065,0.1014428437,0.1373877674,0.0000000000,0.0000000000,0.0249346364,0.1002575010,0.1090616435,0.1134237424,0.1078462675,0.0000087836,0.0000000000,0.0000000000,0.0000000000,-0.0433472209,0.0596819334,-0.0025893047,0.0368833095,0.0596838929,0.0022034538
20:20:03:01.189,61,0.0000020990,0.0992806181,0.0608529001,0.0000000000,0.0000000000,0.1363945156,0.1310689300,0.0000020242,0.0992532969,0.0707433373,0.0000000000,0.0000000000,0.1367129087,0.1322620213,0.0533321127,0.0122707682,0.0000000000,0.1140304953,0.1397268921,0.1345558316,0.1460287273,0.0455685370,0.0000000000,0.0421766676,0.0365402773,0.0000000000,0.0000000000,0.0498333909,0.0504175909,0.2067477107,0.1909409463,0.1030455604,0.0437758565,0.1376963407,0.0752442405,0.0385999531,0.0388930403,0.1827597469,0.1700994223,0.0376299284,0.0345556550,0.1037877575,0.1026159376,0.1369227767,0.0000000000,0.0000000000,0.0252881534,0.1001153961,0.1089016646,0.1133261248,0.1077856198,0.0000051658,0.0000000000,0.0000000000,0.0000000000,-0.0431351960,0.0606869124,-0.0026201415,0.0371045470,0.0606889054,0.0022540821
20:20:03:02.190,61,0.0000019317,0.1021971330,0.0610677041,0.0000000000,0.0000000000,0.1358401626,0.1301891059,0.0000018629,0.1021700129,0.0705629811,0.0000000000,0.0000000000,0.1361534894,0.1313553602,0.0530308075,0.0122569446,0.0000000000,0.1132458448,0.1391664147,0.1339824796,0.1458521485,0.0454226360,0.0000000000,0.0432682447,0.0372681580,0.0000000000,0.0000000000,0.0496960171,0.0502485707,0.2063466758,0.1906148493,0.1035536975,0.0437163264,0.1383336186,0.0755874589,0.0389263034,0.0392052457,0.1821614504,0.1695268452,0.0371178091,0.0340458043,0.1044142544,0.1032437384,0.1363380402,0.0000000000,0.0000000000,0.0256302524,0.0998530760,0.1085968092,0.1131836399,0.1076966077,0.0000039104,0.0000000000,0.0000000000,0.0000000000,-0.0430204980,0.0624699928,-0.0026901551,0.0372314341,0.0624720380,0.0023284119
20:20:03:03.191,61,0.0000017777,0.1042931601,0.0604502968,0.0000000000,0.0000000000,0.1352332085,0.1291505098,0.0000017144,0.1042623520,0.0711754709,0.0000000000,0.0000000000,0.1355418861,0.1302788109,0.0526757501,0.0122719975,0.0000000000,0.1122736484,0.1384325922,0.1314628869,0.1455705613,0.0453514606,0.0000000000,0.0434300415,0.0372125395,0.0000000000,0.0000000000,0.0495593399,0.0500824414,0.2060580701,0.1903826296,0.1041572243,0.0436269753,0.1390716285,0.0759716108,0.0392567143,0.0395183563,0.1786801517,0.1667618006,0.0365130194,0.0334512629,0.1048414931,0.1036722809,0.1355879158,0.0000000000,0.0000000000,0.0259531830,0.0993972048,0.1080906019,0.1128819883,0.1074279919,0.0000014697,0.0000000000,0.0000000000,0.0000000000,-0.0433904231,0.0637503415,-0.0027690313,0.0368520394,0.0637524128,0.0023520580
20:20:03:04.191,61,0.0000016361,0.1044234484,0.0601338893,0.0000000000,0.0000000000,0.1347083151,0.1266852468,0.0000015778,0.1043910682,0.0714683309,0.0000000000,0.0000000000,0.1350144893,0.1277834624,0.0523711070,0.0124503477,0.0000000000,0.1115529388,0.1378548741,0.1276495010,0.1422352642,0.0455597714,0.0000000000,0.0500832386,0.0413692966,0.0000000000,0.0000000000,0.0495373681,0.0500289202,0.2060726285,0.1902799457,0.1052647084,0.0435615778,0.1397320628,0.0763176605,0.0394687355,0.0397237986,0.1775724739,0.1657121330,0.0360113122,0.0329343043,0.1053197756,0.1041466221,0.1349323094,0.0000000000,0.0000000000,0.0259840768,0.0991228968,0.1077540964,0.1127533615,0.1072811112,0.0000026837,0.0000000000,0.0000000000,0.0000000000,-0.0435687304,0.0638295412,-0.0027838668,0.0366589613,0.0638316050,0.0023426546
20:20:03:05.193,61,0.0000015057,0.1035598963,0.0607885383,0.0000000000,0.0000000000,0.1344930530,0.1271960884,0.0000014521,0.1035310850,0.0708131492,0.0000000000,0.0000000000,0.1347973645,0.1283261627,0.0520061217,0.0125645399,0.0000000000,0.1108589247,0.1373407692,0.1265734732,0.1415657848,0.0459343605,0.0000000000,0.0558085553,0.0442367308,0.0000000000,0.0000000000,0.0494543314,0.0498930663,0.2058353573,0.1899484396,0.1056780815,0.0434332043,0.1401904523,0.0765946582,0.0396685153,0.0399196520,0.1771836877,0.1651974618,0.0356667526,0.0325436369,0.1068169028,0.1055888683,0.1346972585,0.0000000000,0.0000000000,0.0261028130,0.0991357416,0.1077022105,0.1128399372,0.1073282287,0.0000049139,0.0000000000,0.0000000000,0.0000000000,-0.0431707650,0.0633026063,-0.0027356215,0.0370592922,0.0633046702,0.0023486230
20:20:03:06.193,61,0.0000013857,0.1021686122,0.0614391305,0.0000000000,0.0000000000,0.1345452815,0.1323201954,0.0000013363,0.1021434143,0.0701709837,0.0000000000,0.0000000000,0.1348520070,0.1336466819,0.0516689532,0.0127028953,0.0000000000,0.1102202088,0.1368533075,0.1261116564,0.1428346932,0.0478222631,0.0000000000,0.0586180463,0.0454134606,0.0000000000,0.0000000000,0.0493859388,0.0497422926,0.2061641216,0.1900598854,0.1061226204,0.0432699732,0.1422668844,0.0770358220,0.0399892367,0.0402512252,0.1769092679,0.1646620482,0.0352557413,0.0320698544,0.1071248055,0.1058658212,0.1347063333,0.0000000000,0.0000000000,0.0263875723,0.0992531106,0.1076918468,0.1128255725,0.1072658077,0.0000145692,0.0000000000,0.0000000000,0.0000000000,-0.0427815579,0.0624530911,-0.0026744972,0.0374579281,0.0624551289,0.0023419342
20:20:03:07.194,61,0.0000012753,0.1011216119,0.0618395954,0.0000000000,0.0000000000,0.1347364187,0.1374794841,0.0000012299,0.1010986492,0.0697691664,0.0000000000,0.0000000000,0.1350466758,0.1389586180,0.0514700562,0.0127991615,0.0000000000,0.1100041568,0.1367905587,0.1262875050,0.1434762180,0.0509094894,0.0000000000,0.0633957312,0.0463470519,0.0000000000,0.0000000000,0.0494285859,0.0496777594,0.2080039531,0.1904864013,0.1065458357,0.0432086401,0.1431735307,0.0773434117,0.0402390845,0.0405185297,0.1779787987,0.1647525877,0.0349661335,0.0316816829,0.1070299074,0.1057391316,0.1349896640,0.0000000000,0.0000000000,0.0265809670,0.0997416750,0.1080314964,0.1130612716,0.1073908433,0.0000326179,0.0000000000,0.0000000000,0.0000000000,-0.0425382629,0.0618136488,-0.0026319993,0.0377035774,0.0618156716,0.0023330881
20:20:03:08.195,61,0.0000011736,0.1008985266,0.0617624447,0.0000000000,0.0000000000,0.1345849186,0.1480900943,0.0000011318,0.1008752361,0.0698466003,0.0000000000,0.0000000000,0.1348997504,0.1497131586,0.0514248833,0.0130557045,0.0000000000,0.1099271104,0.1368213296,0.1263541281,0.1433288008,0.0535497889,0.0000000000,0.0704421252,0.0485182554,0.0000000000,0.0000000000,0.0496268459,0.0497675054,0.2110773623,0.1911699325,0.1076274365,0.0431843884,0.1441242695,0.0777439624,0.0404300876,0.0407403745,0.1795536280,0.1650398076,0.0347878337,0.0313866958,0.1069700718,0.1056491584,0.1349792033,0.0000000000,0.0000000000,0.0265985876,0.1001690254,0.1082816646,0.1134055033,0.1075714827,0.0000383861,0.0000000000,0.0000000000,0.0000000000,-0.0425858311,0.0616771653,-0.0026291085,0.0376568586,0.0616791919,0.0023250408
20:20:03:09.197,61,0.0000010801,0.0997964442,0.0624737404,0.0000000000,0.0000000000,0.1346308887,0.1511029601,0.0000010416,0.0997769982,0.0690886378,0.0000000000,0.0000000000,0.1349524558,0.1527856439,0.0511324778,0.0132678654,0.0000000000,0.1094895378,0.1364537925,0.1263321489,0.1498279274,0.0594609529,0.0000000000,0.0725946203,0.0487621538,0.0000000000,0.0000000000,0.0495889373,0.0495870411,0.2116034925,0.1904692352,0.1081800833,0.0430542044,0.1466665119,0.0783156902,0.0408013426,0.0411398374,0.1796252429,0.1642344743,0.0345371068,0.0309951790,0.1067579165,0.1054037884,0.1347858906,0.0000000000,0.0000000000,0.0270847697,0.1005315781,0.1084066778,0.1136329845,0.1075974777,0.0000420645,0.0000000000,0.0000000000,0.0000000000,-0.0421254337,0.0610044897,-0.0025722666,0.0380921178,0.0610065013,0.0023261870
20:20:03:10.197,61,0.0000009940,0.0997603163,0.0625751764,0.0000000000,0.0000000000,0.1344553530,0.1520539373,0.0000009586,0.0997415632,0.0689124763,0.0000000000,0.0000000000,0.1347879171,0.1537993103,0.0507338978,0.0137495268,0.0000000000,0.1066385061,0.1324733794,0.1236967072,0.1515626758,0.0678400099,0.0000000000,0.0785675421,0.0493918844,0.0000000000,0.0000000000,0.0496017858,0.0494295582,0.2115819603,0.1880544722,0.1088747531,0.0427893065,0.1550926417,0.0808955282,0.0412464514,0.0416263528,0.1775246561,0.1588664949,0.0343199037,0.0305920355,0.1066919267,0.1052941903,0.1342825592,0.0000000000,0.0000000000,0.0275706947,0.1008722335,0.1084668115,0.1138814911,0.1075998470,0.0000327572,0.0000000000,0.0000000000,0.0000000000,-0.0420180745,0.0609825440,-0.0025647900,0.0381540097,0.0609845519,0.0023291248
20:20:03:11.199,61,0.0000009148,0.1003293991,0.0624351948,0.0000000000,0.0000000000,0.1341043860,0.1516045928,0.0000008822,0.1003099531,0.0690146312,0.0000000000,0.0000000000,0.1344473511,0.1534445137,0.0501905233,0.0142967813,0.0000000000,0.1027695686,0.1273794323,0.1182138845,0.1535273492,0.0755833089,0.0000000000,0.0848795548,0.0499476455,0.0000000000,0.0000000000,0.0495641567,0.0491891094,0.2061664313,0.1778444052,0.1095162034,0.0424487665,0.1601789445,0.0835105255,0.0417379402,0.0421659015,0.1726846248,0.1521743238,0.0341015942,0.0301543809,0.1070934683,0.1056367382,0.1337561011,0.0000000000,0.0000000000,0.0281656273,0.1012146771,0.1084624231,0.1141687557,0.1075507775,0.0000165902,0.0000000000,0.0000000000,0.0000000000,-0.0420794748,0.0613302253,-0.0025832159,0.0380678438,0.0613322370,0.0023371493
20:20:03:12.200,61,0.0000008419,0.1002990305,0.0628395304,0.0000000000,0.0000000000,0.1337374002,0.1492584199,0.0000008119,0.1002817601,0.0685412586,0.0000000000,0.0000000000,0.1340873241,0.1511128843,0.0496564358,0.0147325136,0.0000000000,0.0990654156,0.1224394962,0.1120690554,0.1545668691,0.0784519166,0.0000000000,0.0874389559,0.0505033322,0.0000000000,0.0000000000,0.0495206341,0.0489507765,0.2010887265,0.1730015278,0.1105251014,0.0421356596,0.1632194221,0.0854136869,0.0423525609,0.0428314321,0.1674712449,0.1472223401,0.0337890908,0.0296713058,0.1082311422,0.1066620722,0.1332481951,0.0000000000,0.0000000000,0.0293942988,0.1013926566,0.1083337367,0.1143604964,0.1074600443,0.0000089103,0.0000000000,0.0000000000,0.0000000000,-0.0417908952,0.0613122433,-0.0025647571,0.0383144207,0.0613142513,0.0023515888
20:20:03:13.201,61,0.0000007748,0.1009856686,0.0637595728,0.0000000000,0.0000000000,0.1330831796,0.1458465457,0.0000007472,0.1009729207,0.0675798878,0.0000000000,0.0000000000,0.1334375441,0.1476455033,0.0492292568,0.0150696496,0.0000000000,0.0972741395,0.1202239692,0.1073197350,0.1547906250,0.0796480179,0.0000000000,0.0983004197,0.0628402084,0.0000000000,0.0000000000,0.0496192351,0.0488824062,0.1982165277,0.1705968976,0.1133482084,0.0418701097,0.1650572270,0.0866476670,0.0429388359,0.0434572287,0.1654134095,0.1450861692,0.0335346200,0.0292766131,0.1101527289,0.1084859446,0.1323482841,0.0000000000,0.0000000000,0.0300728362,0.1016295552,0.1083058566,0.1147355139,0.1076143533,0.0000031447,0.0000000000,0.0000000000,0.0000000000,-0.0412036516,0.0617333129,-0.0025461481,0.0388743877,0.0617353432,0.0024023675
20:20:03:14.201,61,0.0000007131,0.1020046920,0.0644924194,0.0000000000,0.0000000000,0.1326963007,0.1445332170,0.0000006877,0.1019955575,0.0668223426,0.0000000000,0.0000000000,0.1330561489,0.1463208050,0.0488224551,0.0154568525,0.0000000000,0.0951158404,0.1171035543,0.1044488698,0.1551676095,0.0806257129,0.0000000000,0.1015918106,0.0658634976,0.0000000000,0.0000000000,0.0496479012,0.0487159826,0.1967372149,0.1691179127,0.1157747135,0.0415471084,0.1729346812,0.0909788981,0.0440639742,0.0448630191,0.1625553668,0.1421466917,0.0332810804,0.0288574044,0.1111156866,0.1094045192,0.1314808428,0.0000000000,0.0000000000,0.0313843563,0.1019321531,0.1083042175,0.1151108146,0.1077123880,0.0000037849,0.0000000000,0.0000000000,0.0000000000,-0.0407401994,0.0623573549,-0.0025430401,0.0393196754,0.0623593852,0.0024544969
20:20:03:15.202,61,0.0000006562,0.1050388142,0.0647777393,0.0000000000,0.0000000000,0.1318397224,0.1434361786,0.0000006329,0.1050309315,0.0665228814,0.0000000000,0.0000000000,0.1321963370,0.1452121735,0.0483782589,0.0157333706,0.0000000000,0.0932677835,0.1147024333,0.1017270461,0.1552550644,0.0809929296,0.0000000000,0.1035197377,0.0675036237,0.0000000000,0.0000000000,0.0496620536,0.0485615283,0.1955218166,0.1680438221,0.1170590371,0.0411840938,0.1758117229,0.0931723714,0.0448289402,0.0457100645,0.1598960757,0.1398873031,0.0330426134,0.0284782890,0.1119537801,0.1102092788,0.1303999573,0.0000000000,0.0000000000,0.0321795903,0.1021175683,0.1082007438,0.1154880375,0.1078539118,0.0000048652,0.0000000000,0.0000000000,0.0000000000,-0.0405528583,0.0642126203,-0.0026068697,0.0394890048,0.0642146841,0.0025385998
20:20:03:16.203,61,0.0000006040,0.1088228002,0.0650861338,0.0000000000,0.0000000000,0.1306073964,0.1427603960,0.0000005824,0.1088163480,0.0661892444,0.0000000000,0.0000000000,0.1309499145,0.1445194930,0.0480354279,0.0158686023,0.0000000000,0.0920407027,0.1127509698,0.0968027860,0.1548414528,0.0811655149,0.0000000000,0.1061954349,0.0685095936,0.0000000000,0.0000000000,0.0498069040,0.0485206582,0.1945813894,0.1672759652,0.1208433136,0.0408997163,0.1787135303,0.0951892510,0.0455507822,0.0464770719,0.1576298177,0.1379234344,0.0327864438,0.0280892979,0.1125739813,0.1108074188,0.1284495145,0.0000000000,0.0000000000,0.0327409431,0.1023608297,0.1081079766,0.1159956828,0.1080568582,0.0000052327,0.0000000000,0.0000000000,0.0000000000,-0.0403433628,0.0665263385,-0.0026871276,0.0396709964,0.0665284917,0.0026424529
20:20:03:17.205,61,0.0000005558,0.1128653660,0.0658500046,0.0000000000,0.0000000000,0.1294940710,0.1417784542,0.0000005360,0.1128628179,0.0654622689,0.0000000000,0.0000000000,0.1298136264,0.1434465945,0.0476717018,0.0157602523,0.0000000000,0.0889706090,0.1082087010,0.0916731060,0.1547406465,0.0713328570,0.0000000000,0.1069405153,0.0692719072,0.0000000000,0.0000000000,0.0498014055,0.0484031998,0.1882021874,0.1661068052,0.1226466969,0.0405250899,0.1829804331,0.0990864262,0.0470236540,0.0479798801,0.1506071985,0.1342720240,0.0324741267,0.0277558677,0.1138833836,0.1121919379,0.1265901327,0.0000000000,0.0000000000,0.0334672667,0.1024721190,0.1080447212,0.1164322272,0.1083843634,0.0000055802,0.0000000000,0.0000000000,0.0000000000,-0.0398935787,0.0689989626,-0.0027562538,0.0401298627,0.0690011904,0.0027726591
20:20:03:18.207,61,0.0000005115,0.1152534932,0.0666032210,0.0000000000,0.0000000000,0.1285800189,0.1404458284,0.0000004933,0.1152551249,0.0647116676,0.0000000000,0.0000000000,0.1288860142,0.1420373917,0.0471976995,0.0156857204,0.0000000000,0.0847323164,0.1019478515,0.0878004879,0.1550552994,0.0690424740,0.0000000000,0.1071586758,0.0687197149,0.0000000000,0.0000000000,0.0497535132,0.0481988378,0.1840204000,0.1627597064,0.1237164959,0.0400791913,0.1905261576,0.1048132181,0.0489574075,0.0499856882,0.1434469968,0.1273266971,0.0321735106,0.0273903720,0.1155923530,0.1139173955,0.1245166808,0.0000000000,0.0000000000,0.0353525504,0.1024578437,0.1077704132,0.1166883633,0.1084429249,0.0000052201,0.0000000000,0.0000000000,0.0000000000,-0.0394321270,0.0704602301,-0.0027822752,0.0405847505,0.0704624802,0.0028636502
20:20:03:19.208,61,0.0000004708,0.1132896394,0.0665173754,0.0000000000,0.0000000000,0.1281931102,0.1394203156,0.0000004540,0.1132909209,0.0647472963,0.0000000000,0.0000000000,0.1284949034,0.1409980059,0.0467319191,0.0157132111,0.0000000000,0.0825690255,0.0991931483,0.0858718604,0.1555000246,0.0695561767,0.0000000000,0.1073877066,0.0682370439,0.0000000000,0.0000000000,0.0496990941,0.0479677059,0.1818231344,0.1596606374,0.1245286241,0.0396755151,0.1934907883,0.1072609276,0.0503741615,0.0515168309,0.1405737102,0.1241162494,0.0318762511,0.0270024594,0.1169233844,0.1151988134,0.1234614328,0.0000000000,0.0000000000,0.0370855518,0.1026504561,0.1076428294,0.1169053763,0.1084040701,0.0000024506,0.0000000000,0.0000000000,0.0000000000,-0.0394571498,0.0692594722,-0.0027364425,0.0405358411,0.0692616999,0.0028113022
20:20:03:20.208,61,0.0000004332,0.1143207327,0.0667406842,0.0000000000,0.0000000000,0.1277728826,0.1381749958,0.0000004178,0.1143233329,0.0644916743,0.0000000000,0.0000000000,0.1280736774,0.1397180557,0.0461510979,0.0157931279,0.0000000000,0.0798502341,0.0960024595,0.0846144557,0.1616257131,0.0702462047,0.0000000000,0.1071772203,0.0666776523,0.0000000000,0.0000000000,0.0494871028,0.0475974455,0.1788521707,0.1557368189,0.1248084232,0.0391488336,0.1980366409,0.1109808087,0.0519250892,0.0532151312,0.1366975009,0.1202847883,0.0316242054,0.0266528297,0.1179331839,0.1161880121,0.1223960370,0.0000000000,0.0000000000,0.0398296453,0.1027279124,0.1074340492,0.1170184836,0.1082819402,0.0000022616,0.0000000000,0.0000000000,0.0000000000,-0.0392996445,0.0698901936,-0.0027504256,0.0406701379,0.0698924586,0.0028463807
20:20:03:21.209,61,0.0000003987,0.1159604639,0.0669410452,0.0000000000,0.0000000000,0.1272098422,0.1344850659,0.0000003845,0.1159643233,0.0642706975,0.0000000000,0.0000000000,0.1275125444,0.1360617727,0.0454854742,0.0159099195,0.0000000000,0.0773757324,0.0932044163,0.0837340355,0.1662687361,0.0784809813,0.0000000000,0.1065241173,0.0546859168,0.0000000000,0.0000000000,0.0491738431,0.0471082404,0.1773821712,0.1531873345,0.1248820499,0.0385144539,0.2073285133,0.1177459732,0.0531138852,0.0544028990,0.1328782886,0.1160885245,0.0315036140,0.0263523012,0.1188960671,0.1170663312,0.1215805560,0.0000000000,0.0000000000,0.0419044308,0.1027837396,0.1071130633,0.1171967834,0.1081076562,0.0000018926,0.0000000000,0.0000000000,0.0000000000,-0.0391622223,0.0708930269,-0.0027802708,0.0407893583,0.0708952844,0.0028958162
20:20:03:22.211,61,0.0000003669,0.1165296137,0.0670829043,0.0000000000,0.0000000000,0.1266773790,0.1330552548,0.0000003539,0.1165342629,0.0641452372,0.0000000000,0.0000000000,0.1269789487,0.1346270591,0.0449413285,0.0158807468,0.0000000000,0.0758823752,0.0911413506,0.0828104764,0.1681140661,0.0802938491,0.0000000000,0.1050243303,0.0512802973,0.0000000000,0.0000000000,0.0489423014,0.0467519611,0.1751605272,0.1517355442,0.1250615865,0.0379977971,0.2105035186,0.1202863678,0.0541971847,0.0554009601,0.1302461326,0.1140560433,0.0312950872,0.0260569770,0.1204104871,0.1185623035,0.1208140627,0.0000000000,0.0000000000,0.0430732593,0.1027105227,0.1067410931,0.1171615049,0.1078481153,0.0000011542,0.0000000000,0.0000000000,0.0000000000,-0.0390848108,0.0712412372,-0.0027884534,0.0408747755,0.0712435022,0.0029161791
20:20:03:23.211,61,0.0000003377,0.1176097244,0.0675676018,0.0000000000,0.0000000000,0.1259964257,0.1322127730,0.0000003257,0.1176172346,0.0636413619,0.0000000000,0.0000000000,0.1262956262,0.1337754428,0.0443717986,0.0158702787,0.0000000000,0.0741998702,0.0889979824,0.0820224434,0.1692834646,0.0809214041,0.0000000000,0.1037390903,0.0494926423,0.0000000000,0.0000000000,0.0486693457,0.0463727713,0.1729172766,0.1504913419,0.1250888556,0.0374470577,0.2128799856,0.1228000298,0.0551724434,0.0563277267,0.1278087497,0.1122574583,0.0311477482,0.0258296784,0.1213522851,0.1194926053,0.1200887188,0.0000000000,0.0000000000,0.0439683385,0.1025537103,0.1063226685,0.1171778664,0.1076668128,0.0000010407,0.0000000000,0.0000000000,0.0000000000,-0.0387759469,0.0719024390,-0.0027921926,0.0411681682,0.0719047263,0.0029644521
20:20:03:24.212,61,0.0000003108,0.1182338446,0.0672370940,0.0000000000,0.0000000000,0.1254601926,0.1319588274,0.0000002997,0.1182395145,0.0639639497,0.0000000000,0.0000000000,0.1257612407,0.1335276514,0.0437546447,0.0160121508,0.0000000000,0.0721976012,0.0864234716,0.0812285095,0.1701269895,0.0818217769,0.0000000000,0.1029475257,0.0479362011,0.0000000000,0.0000000000,0.0483900905,0.0459474251,0.1717080772,0.1489015967,0.1249931082,0.0368527547,0.2158760130,0.1257295460,0.0560260601,0.0572367795,0.1254715472,0.1096194535,0.0310337190,0.0255791582,0.1221165359,0.1202364117,0.1193506196,0.0000000000,0.0000000000,0.0447937362,0.1024547741,0.1058995351,0.1171728298,0.1073520407,0.0000009079,0.0000000000,0.0000000000,0.0000000000,-0.0389714241,0.0722833872,-0.0028211817,0.0409656651,0.0722856969,0.0029655616
20:20:03:25.213,61,0.0000002860,0.1182994246,0.0674296468,0.0000000000,0.0000000000,0.1250518113,0.1328284442,0.0000002758,0.1183062568,0.0637507886,0.0000000000,0.0000000000,0.1253560930,0.1344448626,0.0432357118,0.0162101611,0.0000000000,0.0710358992,0.0848416239,0.0804988667,0.1707232893,0.0829662681,0.0000000000,0.1019462198,0.0450596735,0.0000000000,0.0000000000,0.0481465757,0.0455434211,0.1708532423,0.1477335691,0.1250919253,0.0363445468,0.2179923803,0.1275606304,0.0569328591,0.0583325401,0.1238960773,0.1076375842,0.0309057850,0.0253104959,0.1224273145,0.1205233857,0.1187768653,0.0000000000,0.0000000000,0.0460522957,0.1023584977,0.1054832190,0.1170427203,0.1069075763,0.0000007217,0.0000000000,0.0000000000,0.0000000000,-0.0388414375,0.0723238215,-0.0028133546,0.0410828590,0.0723261386,0.0029757107
20:20:03:26.214,61,0.0000002632,0.1185716465,0.0669326559,0.0000000000,0.0000000000,0.1244310811,0.1330847144,0.0000002539,0.1185756847,0.0642314404,0.0000000000,0.0000000000,0.1247389093,0.1347173154,0.0427015834,0.0164970756,0.0000000000,0.0701145455,0.0837488547,0.0797721520,0.1711355895,0.0838283673,0.0000000000,0.1011123732,0.0436536744,0.0000000000,0.0000000000,0.0479316078,0.0451848991,0.1703547388,0.1469611079,0.1250411719,0.0358484536,0.2191838473,0.1286665648,0.0576017834,0.0590697117,0.1228250116,0.1064239815,0.0307726711,0.0250484403,0.1225539520,0.1206349656,0.1183020920,0.0000000000,0.0000000000,0.0467859581,0.1020772532,0.1049486548,0.1168179363,0.1064017862,0.0000008713,0.0000000000,0.0000000000,0.0000000000,-0.0391338170,0.0724893585,-0.0028410321,0.0407795757,0.0724916905,0.0029605399
20:20:03:27.215,61,0.0000002423,0.1185272038,0.0665335357,0.0000000000,0.0000000000,0.1238260344,0.1334409714,0.0000002336,0.1185290813,0.0645722225,0.0000000000,0.0000000000,0.1241362244,0.1350786984,0.0421422347,0.0168166421,0.0000000000,0.0693869591,0.0829771161,0.0792381614,0.1715748608,0.0840792060,0.0000000000,0.0977934003,0.0427929088,0.0000000000,0.0000000000,0.0476165377,0.0447842591,0.1699470133,0.1464075744,0.1247213930,0.0353264622,0.2198970318,0.1294087023,0.0580980889,0.0596034117,0.1219447702,0.1055260301,0.0306839235,0.0248664171,0.1224474758,0.1205239370,0.1179650500,0.0000000000,0.0000000000,0.0472299419,0.1017995700,0.1045422554,0.1167717576,0.1061554179,0.0000007079,0.0000000000,0.0000000000,0.0000000000,-0.0393415242,0.0724614710,-0.0028550003,0.0405364856,0.0724637881,0.0029417654
20:20:03:28.216,61,0.0000002229,0.1176131070,0.0664103553,0.0000000000,0.0000000000,0.1235752404,0.1332220584,0.0000002150,0.1176142991,0.0646846890,0.0000000000,0.0000000000,0.1238885075,0.1348512769,0.0417139940,0.0170112066,0.0000000000,0.0687829107,0.0823759362,0.0787068605,0.1714869738,0.0841030627,0.0000000000,0.0967303291,0.0425896347,0.0000000000,0.0000000000,0.0474361628,0.0445227213,0.1697102189,0.1460807174,0.1245518401,0.0349277183,0.2200979888,0.1297308505,0.0585466586,0.0600697584,0.1214111075,0.1049834043,0.0305383243,0.0246614683,0.1224721000,0.1205555201,0.1176482290,0.0000000000,0.0000000000,0.0475346297,0.1015945375,0.1042155400,0.1166336164,0.1058788672,0.0000007833,0.0000000000,0.0000000000,0.0000000000,-0.0394116491,0.0719024241,-0.0028379438,0.0404630676,0.0719047338,0.0029137069
20:20:03:29.217,61,0.0000002052,0.1172548756,0.0658385381,0.0000000000,0.0000000000,0.1233325303,0.1333014071,0.0000001979,0.1172528118,0.0652570277,0.0000000000,0.0000000000,0.1236503273,0.1349414885,0.0412290581,0.0173011553,0.0000000000,0.0682533830,0.0819001049,0.0783084780,0.1714208722,0.0859318897,0.0000000000,0.0962255970,0.0421195664,0.0000000000,0.0000000000,0.0472205132,0.0442026630,0.1695553809,0.1456693411,0.1240997687,0.0344985873,0.2200054377,0.1298277974,0.0588154048,0.0603329726,0.1209128499,0.1044235528,0.0304381158,0.0244391300,0.1224650666,0.1205357015,0.1171879917,0.0000000000,0.0000000000,0.0477321409,0.1013108715,0.1037138477,0.1164494976,0.1054551452,0.0000007308,0.0000000000,0.0000000000,0.0000000000,-0.0397609882,0.0716824234,-0.0028542960,0.0401152931,0.0716847032,0.0028798077
20:20:03:30.218,61,0.0000001888,0.1174115613,0.0654865429,0.0000000000,0.0000000000,0.1229901388,0.1333980262,0.0000001821,0.1174074262,0.0656198189,0.0000000000,0.0000000000,0.1233117208,0.1350434273,0.0408643000,0.0175473839,0.0000000000,0.0680310130,0.0818013772,0.0781098679,0.1714814901,0.0863043144,0.0000000000,0.0959206223,0.0421646051,0.0000000000,0.0000000000,0.0470644385,0.0439847447,0.1696853340,0.1456825137,0.1238828525,0.0341618285,0.2198079526,0.1297457069,0.0590250827,0.0605353564,0.1207676232,0.1042579338,0.0303595681,0.0242892839,0.1227030754,0.1207673550,0.1167292446,0.0000000000,0.0000000000,0.0477927625,0.1011299267,0.1034357473,0.1165004298,0.1053601801,0.0000004277,0.0000000000,0.0000000000,0.0000000000,-0.0399817638,0.0717775822,-0.0028739593,0.0399005562,0.0717798695,0.0028682170
20:20:03:31.219,61,0.0000001738,0.1167438403,0.0646512210,0.0000000000,0.0000000000,0.1227310002,0.1335311234,0.0000001676,0.1167349145,0.0664718375,0.0000000000,0.0000000000,0.1230567098,0.1351855546,0.0405988991,0.0178716742,0.0000000000,0.0680222958,0.0819039792,0.0778563321,0.1709484905,0.0866927058,0.0000000000,0.0955671370,0.0420043245,0.0000000000,0.0000000000,0.0470212139,0.0438771360,0.1700643599,0.1458614320,0.1239414588,0.0339540690,0.2193587571,0.1294285208,0.0590921119,0.0605963357,0.1207418889,0.1041682214,0.0302482098,0.0241082050,0.1228034496,0.1208595857,0.1163729504,0.0000000000,0.0000000000,0.0476563163,0.1009011492,0.1031028405,0.1163918525,0.1050881669,0.0000007211,0.0000000000,0.0000000000,0.0000000000,-0.0405020826,0.0713679194,-0.0028946677,0.0393927507,0.0713702440,0.0028155174
20:20:03:32.221,61,0.0000001599,0.1172367483,0.0643167570,0.0000000000,0.0000000000,0.1224893034,0.1334093064,0.0000001542,0.1172259152,0.0667978749,0.0000000000,0.0000000000,0.1228171065,0.1350529194,0.0403856970,0.0180829074,0.0000000000,0.0679207146,0.0818773136,0.0775236413,0.1706406027,0.0862771124,0.0000000000,0.0951333195,0.0421794653,0.0000000000,0.0000000000,0.0469810069,0.0438081920,0.1701563299,0.1459634453,0.1239843220,0.0337913111,0.2189453393,0.1291795969,0.0592911690,0.0607874803,0.1206784546,0.1041287109,0.0300907027,0.0239474811,0.1231402606,0.1212114766,0.1159704775,0.0000000000,0.0000000000,0.0476515330,0.1005581170,0.1027762219,0.1162338182,0.1048942357,0.0000008025,0.0000000000,0.0000000000,0.0000000000,-0.0406998694,0.0716686994,-0.0029210960,0.0391881093,0.0716709793,0.0028127420
20:20:03:33.222,61,0.0000001472,0.1164417118,0.0628694072,0.0000000000,0.0000000000,0.1224083751,0.1330787688,0.0000001419,0.1164226606,0.0682642013,0.0000000000,0.0000000000,0.1227400750,0.1347195208,0.0402006470,0.0183639973,0.0000000000,0.0680394024,0.0821026191,0.0773984939,0.1704218090,0.0859680399,0.0000000000,0.0899467319,0.0417655930,0.0000000000,0.0000000000,0.0469343774,0.0437446721,0.1705726832,0.1462886781,0.1240095571,0.0337198041,0.2163716108,0.1282166392,0.0593621358,0.0608530715,0.1207217053,0.1041888297,0.0298636369,0.0237414278,0.1236359552,0.1217215359,0.1156020612,0.0000000000,0.0000000000,0.0477180071,0.1001104638,0.1024065241,0.1158901006,0.1045628339,0.0000008494,0.0000000000,0.0000000000,0.0000000000,-0.0415947586,0.0711802319,-0.0029648712,0.0383075848,0.0711825192,0.0027307703
20:20:03:34.223,61,0.0000001355,0.1154679358,0.0631305128,0.0000000000,0.0000000000,0.1222244874,0.1331171244,0.0000001306,0.1154505834,0.0679846257,0.0000000000,0.0000000000,0.1225639582,0.1347821802,0.0399666838,0.0187855531,0.0000000000,0.0682442859,0.0825165361,0.0776279420,0.1703094691,0.0884635821,0.0000000000,0.0889035314,0.0415096395,0.0000000000,0.0000000000,0.0468821861,0.0436307304,0.1725293398,0.1466963887,0.1239017770,0.0335842073,0.2152372003,0.1274871081,0.0592960902,0.0607907958,0.1210893244,0.1043886170,0.0297845025,0.0235826019,0.1236100867,0.1216811389,0.1154650748,0.0000000000,0.0000000000,0.0477002487,0.0998804346,0.1021316499,0.1158171073,0.1043683961,0.0000010832,0.0000000000,0.0000000000,0.0000000000,-0.0414261483,0.0705853999,-0.0029281019,0.0384682976,0.0705876574,0.0027192286
20:20:03:35.224,61,0.0000001247,0.1150777042,0.0630255640,0.0000000000,0.0000000000,0.1221255586,0.1322942525,0.0000001202,0.1150598079,0.0680892020,0.0000000000,0.0000000000,0.1224714518,0.1339817792,0.0397183374,0.0190298334,0.0000000000,0.0683903769,0.0828460604,0.0778787136,0.1707938015,0.0893199891,0.0000000000,0.0880775452,0.0409544967,0.0000000000,0.0000000000,0.0467303023,0.0434307791,0.1731773764,0.1468566805,0.1236784458,0.0334200971,0.2145365924,0.1269765049,0.0593168102,0.0607982390,0.1212213635,0.1044629440,0.0297071021,0.0234386493,0.1237462163,0.1218087673,0.1152654588,0.0000000000,0.0000000000,0.0479116812,0.0997154787,0.1019174680,0.1157612726,0.1042184979,0.0000008072,0.0000000000,0.0000000000,0.0000000000,-0.0414905697,0.0703466758,-0.0029227014,0.0384049974,0.0703489333,0.0027055445
20:20:03:36.226,61,0.0000001147,0.1142710075,0.0633050576,0.0000000000,0.0000000000,0.1218621135,0.1318397969,0.0000001106,0.1142548248,0.0677944645,0.0000000000,0.0000000000,0.1222141311,0.1335457861,0.0395077318,0.0194185935,0.0000000000,0.0685621276,0.0832323581,0.0780823976,0.1707625091,0.0904727280,0.0000000000,0.0881675705,0.0407909267,0.0000000000,0.0000000000,0.0466493964,0.0432937592,0.1738739461,0.1470867842,0.1234654933,0.0332697518,0.2137687206,0.1263470352,0.0591658689,0.0606382079,0.1215666831,0.1046527252,0.0296895262,0.0233183652,0.1238424107,0.1218891963,0.1152039468,0.0000000000,0.0000000000,0.0478104018,0.0995175466,0.1016213819,0.1157163680,0.1040399373,0.0000007226,0.0000000000,0.0000000000,0.0000000000,-0.0413124040,0.0698540062,-0.0028897100,0.0385766290,0.0698562413,0.0026985349
20:20:03:37.227,61,0.0000001056,0.1134077907,0.0634624362,0.0000000000,0.0000000000,0.1216956452,0.1306720525,0.0000001018,0.1133925617,0.0676539689,0.0000000000,0.0000000000,0.1220517009,0.1323923916,0.0393119529,0.0196759198,0.0000000000,0.0688410252,0.0837315023,0.0782363489,0.1706666350,0.0908892527,0.0000000000,0.0885316283,0.0410757475,0.0000000000,0.0000000000,0.0466311239,0.0432364307,0.1741833091,0.1471670121,0.1233029440,0.0332259163,0.2109752744,0.1245381609,0.0589726679,0.0604204312,0.1219543368,0.1049508005,0.0296123829,0.0231906325,0.1238883883,0.1219233647,0.1150805652,0.0000000000,0.0000000000,0.0476382747,0.0993801504,0.1014293432,0.1156711429,0.1039306596,0.0000009143,0.0000000000,0.0000000000,0.0000000000,-0.0412283055,0.0693265796,-0.0028619864,0.0386739597,0.0693287849,0.0026848472
20:20:03:38.228,61,0.0000000972,0.1130129695,0.0634516329,0.0000000000,0.0000000000,0.1216753721,0.1304488927,0.0000000937,0.1129976884,0.0676814392,0.0000000000,0.0000000000,0.1220349744,0.1321832985,0.0391456187,0.0198568255,0.0000000000,0.0689654425,0.0839778259,0.0782772079,0.1706748456,0.0910346881,0.0000000000,0.0832822695,0.0324514396,0.0000000000,0.0000000000,0.0465631932,0.0431404449,0.1746053845,0.1475126892,0.1230761632,0.0331764296,0.2097842544,0.1236409247,0.0588843115,0.0603124239,0.1220050454,0.1049783528,0.0294274800,0.0229936149,0.1241097227,0.1221411526,0.1148982793,0.0000000000,0.0000000000,0.0476133563,0.0989456773,0.1009703055,0.1153002307,0.1035273373,0.0000028192,0.0000000000,0.0000000000,0.0000000000,-0.0412457287,0.0690852031,-0.0028531952,0.0386680290,0.0690874308,0.0026750602
20:20:03:39.229,61,0.0000000894,0.1131436825,0.0636333227,0.0000000000,0.0000000000,0.1214913949,0.1303004473,0.0000000862,0.1131294742,0.0674671009,0.0000000000,0.0000000000,0.1218562201,0.1320540011,0.0391418785,0.0201229956,0.0000000000,0.0701415390,0.0873010904,0.0795546845,0.1703641713,0.0914925560,0.0000000000,0.0838919356,0.0321314260,0.0000000000,0.0000000000,0.0466129705,0.0431620106,0.1772405058,0.1484169662,0.1230728030,0.0332564786,0.2074746042,0.1214278936,0.0586084835,0.0600242838,0.1251871139,0.1067011282,0.0294184405,0.0229201782,0.1237870008,0.1217942536,0.1149467006,0.0000000000,0.0000000000,0.0473429225,0.0989310071,0.1009144112,0.1153488681,0.1035104468,0.0000041989,0.0000000000,0.0000000000,0.0000000000,-0.0411148742,0.0691654161,-0.0028474608,0.0387785360,0.0691676214,0.0026858249
20:20:03:40.229,61,0.0000000823,0.1127408594,0.0635837093,0.0000000000,0.0000000000,0.1214569211,0.1330433190,0.0000000794,0.1127264798,0.0675028116,0.0000000000,0.0000000000,0.1218301579,0.1349945068,0.0392110161,0.0204093289,0.0000000000,0.0711711049,0.0892840698,0.0808235928,0.1706093997,0.0973569080,0.0000000000,0.0853958353,0.0315398835,0.0000000000,0.0000000000,0.0466651171,0.0431374013,0.1787742525,0.1489782929,0.1233043894,0.0333758108,0.2065430433,0.1203799918,0.0584594794,0.0598743409,0.1265130788,0.1075362712,0.0294427332,0.0228214115,0.1232602820,0.1212234125,0.1149950773,0.0000000000,0.0000000000,0.0473978221,0.0991826952,0.1010082364,0.1155442074,0.1035078019,0.0000041008,0.0000000000,0.0000000000,0.0000000000,-0.0411373451,0.0689190924,-0.0028388372,0.0387489609,0.0689212903,0.0026741892
20:20:03:41.231,61,0.0000000757,0.1127171963,0.0639890581,0.0000000000,0.0000000000,0.1214697510,0.1337854415,0.0000000730,0.1127051041,0.0670763552,0.0000000000,0.0000000000,0.1218496487,0.1357929260,0.0392267704,0.0205329601,0.0000000000,0.0718416199,0.0903882012,0.0816588476,0.1709884405,0.0992949605,0.0000000000,0.0875895172,0.0315125100,0.0000000000,0.0000000000,0.0466871411,0.0430860668,0.1796957403,0.1494473964,0.1233700812,0.0334485248,0.2058183104,0.1195582971,0.0583333038,0.0597343259,0.1274475604,0.1082054675,0.0294605605,0.0227260254,0.1227671951,0.1206938252,0.1150747240,0.0000000000,0.0000000000,0.0474795178,0.0994730517,0.1011378095,0.1157976240,0.1035654396,0.0000042804,0.0000000000,0.0000000000,0.0000000000,-0.0408774912,0.0689052865,-0.0028203481,0.0389960185,0.0689074993,0.0026906908
20:20:03:42.231,61,0.0000000697,0.1124080271,0.0640780926,0.0000000000,0.0000000000,0.1215222254,0.1339353323,0.0000000672,0.1123963669,0.0670126528,0.0000000000,0.0000000000,0.1218988523,0.1359390020,0.0393302925,0.0202430636,0.0000000000,0.0724470988,0.0911850706,0.0819310620,0.1686056554,0.0948760509,0.0000000000,0.0884142742,0.0319212340,0.0000000000,0.0000000000,0.0468003675,0.0431681499,0.1804385483,0.1515286714,0.1236684620,0.0335798524,0.2050454170,0.1187919006,0.0581059158,0.0594635606,0.1280523539,0.1088304073,0.0293769445,0.0226343144,0.1226628199,0.1205857098,0.1150126904,0.0000000000,0.0000000000,0.0470841341,0.0996285751,0.1011861712,0.1159603745,0.1036411598,0.0000060336,0.0000000000,0.0000000000,0.0000000000,-0.0408392027,0.0687164292,-0.0028099611,0.0390507877,0.0687186345,0.0026870593
20:20:03:43.233,61,0.0000000642,0.1143144369,0.0651602671,0.0000000000,0.0000000000,0.1212959588,0.1342132986,0.0000000619,0.1143084764,0.0659849197,0.0000000000,0.0000000000,0.1216607019,0.1361806542,0.0394681431,0.0191087555,0.0000000000,0.0728939995,0.0917329341,0.0818434358,0.1631977707,0.0681878552,0.0000000000,0.0885357857,0.0351015031,0.0000000000,0.0000000000,0.0468225293,0.0432519503,0.1804797202,0.1526008844,0.1237928271,0.0337240100,0.1985661387,0.1162230596,0.0577106476,0.0589792132,0.1283918619,0.1094854921,0.0292040370,0.0225733146,0.1227772608,0.1207123399,0.1151312217,0.0000000000,0.0000000000,0.0456639566,0.0994750187,0.1010087058,0.1159598678,0.1037689820,0.0000048015,0.0000000000,0.0000000000,0.0000000000,-0.0402096249,0.0698836595,-0.0028138133,0.0397070870,0.0698858947,0.0027787543
20:20:03:44.234,61,0.0000000590,0.1146866605,0.0654542744,0.0000000000,0.0000000000,0.1210416779,0.1347510517,0.0000000569,0.1146822944,0.0657009780,0.0000000000,0.0000000000,0.1213936955,0.1366654336,0.0396244787,0.0184247773,0.0000000000,0.0734836012,0.0924243852,0.0819623098,0.1612636298,0.0604213253,0.0000000000,0.0878682882,0.0389717966,0.0000000000,0.0000000000,0.0467793122,0.0433358401,0.1802939624,0.1534782052,0.1237287149,0.0339081734,0.1937212646,0.1132717729,0.0572548509,0.0584303103,0.1287057996,0.1103540212,0.0290392991,0.0225682911,0.1223827749,0.1203449890,0.1152396053,0.0000000000,0.0000000000,0.0444983728,0.0992465764,0.1008847430,0.1159451902,0.1039988920,0.0000057196,0.0000000000,0.0000000000,0.0000000000,-0.0400359444,0.0701117143,-0.0028108386,0.0398856103,0.0701139569,0.0028003792
20:20:03:45.234,61,0.0000000543,0.1150645167,0.0657205880,0.0000000000,0.0000000000,0.1208562404,0.1347260028,0.0000000524,0.1150615066,0.0654793456,0.0000000000,0.0000000000,0.1212021783,0.1366201043,0.0396558382,0.0181643087,0.0000000000,0.0738179609,0.0927718431,0.0819084197,0.1604269594,0.0648222193,0.0000000000,0.0878592283,0.0403806232,0.0000000000,0.0000000000,0.0467391387,0.0433483087,0.1801169366,0.1538354605,0.1238306463,0.0339526124,0.1923291683,0.1123486832,0.0569251515,0.0580372699,0.1288395822,0.1107660607,0.0289862026,0.0225619692,0.1229665652,0.1208885759,0.1154407039,0.0000000000,0.0000000000,0.0438492298,0.0992132649,0.1008174717,0.1160471663,0.1041441411,0.0000068608,0.0000000000,0.0000000000,0.0000000000,-0.0399002470,0.0703431517,-0.0028105944,0.0400472395,0.0703454241,0.0028210341
20:20:03:46.235,61,0.0000000500,0.1152330413,0.0662320331,0.0000000000,0.0000000000,0.1207037270,0.1339880675,0.0000000482,0.1152328551,0.0649767369,0.0000000000,0.0000000000,0.1210559011,0.1359877139,0.0396606363,0.0183863081,0.0000000000,0.0744079053,0.0934980437,0.0824809819,0.1613449007,0.1120054945,0.0000000000,0.0920749083,0.0408384390,0.0000000000,0.0000000000,0.0468197316,0.0433674045,0.1811711937,0.1541268229,0.1239275560,0.0340149626,0.1919140071,0.1118109897,0.0566458739,0.0577241778,0.1298557073,0.1113185957,0.0291030407,0.0225447528,0.1228131354,0.1206697598,0.1156359836,0.0000000000,0.0000000000,0.0435494781,0.0994888470,0.1009007543,0.1163178608,0.1042137444,0.0000040228,0.0000000000,0.0000000000,0.0000000000,-0.0395936891,0.0704470724,-0.0027931449,0.0403586030,0.0704493299,0.0028471686
20:20:03:47.237,61,0.0000000460,0.1146447137,0.0664926991,0.0000000000,0.0000000000,0.1207299232,0.1336942166,0.0000000444,0.1146459579,0.0647328421,0.0000000000,0.0000000000,0.1210886911,0.1357305646,0.0395609923,0.0185588282,0.0000000000,0.0746871904,0.0937732831,0.0827593282,0.1667906195,0.1193228066,0.0000000000,0.0932615474,0.0407505743,0.0000000000,0.0000000000,0.0467886776,0.0432794690,0.1813718975,0.1540506035,0.1238092482,0.0339874290,0.1925758719,0.1117161289,0.0565415993,0.0575988963,0.1300121248,0.1113994867,0.0291023515,0.0224526115,0.1223591417,0.1201742589,0.1157054156,0.0000000000,0.0000000000,0.0436243676,0.0996287763,0.1008690298,0.1163532212,0.1040778533,0.0000042189,0.0000000000,0.0000000000,0.0000000000,-0.0394460596,0.0700878426,-0.0027685002,0.0405184552,0.0700900853,0.0028438161
20:20:03:48.238,61,0.0000000424,0.1137368008,0.0660067275,0.0000000000,0.0000000000,0.1207793504,0.1342511028,0.0000000408,0.1137352511,0.0652436316,0.0000000000,0.0000000000,0.1211402565,0.1362660974,0.0394942574,0.0186180454,0.0000000000,0.0748678595,0.0939423591,0.0829735249,0.1683268398,0.0941923782,0.0000000000,0.0933983549,0.0406919569,0.0000000000,0.0000000000,0.0467009284,0.0432040654,0.1814870983,0.1542616487,0.1235473827,0.0339538269,0.1927889138,0.1115458906,0.0563680008,0.0573987365,0.1300782859,0.1115555987,0.0290137678,0.0223662630,0.1218367666,0.1196448877,0.1158830822,0.0000000000,0.0000000000,0.0435137115,0.0994736701,0.1006736383,0.1162030175,0.1039101630,0.0000032967,0.0000000000,0.0000000000,0.0000000000,-0.0397588685,0.0695319623,-0.0027682392,0.0402238891,0.0695342049,0.0028006898
20:20:03:49.239,61,0.0000000390,0.1144021451,0.0659939870,0.0000000000,0.0000000000,0.1209112927,0.1347043365,0.0000000376,0.1144003794,0.0653119981,0.0000000000,0.0000000000,0.1212691590,0.1366872191,0.0395280197,0.0184191111,0.0000000000,0.0750747323,0.0941713676,0.0830992907,0.1687169373,0.0837779865,0.0000000000,0.0933357254,0.0411793664,0.0000000000,0.0000000000,0.0466451123,0.0431844071,0.1814830601,0.1545971036,0.1233426481,0.0339622796,0.1926178336,0.1112195849,0.0561636686,0.0571637973,0.1303459853,0.1120091155,0.0289193317,0.0223411638,0.1214257404,0.1192527637,0.1161788404,0.0000000000,0.0000000000,0.0433104374,0.0994309038,0.1006790996,0.1161610857,0.1039641649,0.0000025838,0.0000000000,0.0000000000,0.0000000000,-0.0397993959,0.0699386969,-0.0027873223,0.0402149782,0.0699409470,0.0028165022
20:20:03:50.239,61,0.0000000359,0.1146046221,0.0665723681,0.0000000000,0.0000000000,0.1210467145,0.1349303871,0.0000000346,0.1146060005,0.0647622049,0.0000000000,0.0000000000,0.1214047074,0.1369085610,0.0395138897,0.0183746461,0.0000000000,0.0752671137,0.0943821445,0.0832738429,0.1689283550,0.0832685158,0.0000000000,0.0940723568,0.0414618813,0.0000000000,0.0000000000,0.0466295332,0.0431503132,0.1814282238,0.1546162069,0.1231082156,0.0339562334,0.1925911009,0.1109897196,0.0559509248,0.0569159202,0.1306733936,0.1123629436,0.0289271921,0.0223082080,0.1212030873,0.1190154776,0.1163248122,0.0000000000,0.0000000000,0.0430946909,0.0995128751,0.1006335393,0.1162542328,0.1039815694,0.0000025122,0.0000000000,0.0000000000,0.0000000000,-0.0394640155,0.0700634718,-0.0027687931,0.0405670851,0.0700657219,0.0028462335
20:20:03:51.241,61,0.0000000330,0.1136468351,0.0667674169,0.0000000000,0.0000000000,0.1212335676,0.1355017126,0.0000000318,0.1136491820,0.0645965487,0.0000000000,0.0000000000,0.1215957403,0.1374839395,0.0395247564,0.0184311066,0.0000000000,0.0756380260,0.0947696120,0.0835760459,0.1694489121,0.0840272382,0.0000000000,0.0942319930,0.0413546972,0.0000000000,0.0000000000,0.0466384776,0.0431377217,0.1818455160,0.1550076902,0.1231038868,0.0339748338,0.1929847449,0.1109495088,0.0558701754,0.0568275489,0.1309394687,0.1126426905,0.0288917832,0.0222415347,0.1206735969,0.1184732467,0.1164861917,0.0000000000,0.0000000000,0.0430603288,0.0996952057,0.1007388979,0.1163994521,0.1040383428,0.0000057672,0.0000000000,0.0000000000,0.0000000000,-0.0393646844,0.0694782436,-0.0027386846,0.0406875983,0.0694805011,0.0028307638
20:20:03:52.242,61,0.0000000304,0.1143101677,0.0670304224,0.0000000000,0.0000000000,0.1212608144,0.1360114664,0.0000000293,0.1143139899,0.0643379018,0.0000000000,0.0000000000,0.1216280535,0.1380032450,0.0394773856,0.0185666829,0.0000000000,0.0759751424,0.0951537117,0.0840553939,0.1744221151,0.0874119923,0.0000000000,0.0942796096,0.0410787910,0.0000000000,0.0000000000,0.0465825461,0.0430479310,0.1820477843,0.1550770700,0.1229190156,0.0339597538,0.1934102029,0.1109620109,0.0558197163,0.0567761771,0.1312628835,0.1129386574,0.0289222430,0.0222095475,0.1202554479,0.1180386692,0.1166666597,0.0000000000,0.0000000000,0.0432087183,0.0998926461,0.1008844748,0.1166161001,0.1041489914,0.0000060758,0.0000000000,0.0000000000,0.0000000000,-0.0392059535,0.0698842481,-0.0027436374,0.0408467166,0.0698865056,0.0028584879
20:20:03:53.243,61,0.0000000280,0.1135863885,0.0672786236,0.0000000000,0.0000000000,0.1213655174,0.1392775774,0.0000000270,0.1135915741,0.0640965551,0.0000000000,0.0000000000,0.1217304915,0.1412076056,0.0394892208,0.0184253175,0.0000000000,0.0760463253,0.0951957926,0.0840697661,0.1744513810,0.0881313533,0.0000000000,0.0947274566,0.0413338691,0.0000000000,0.0000000000,0.0465585291,0.0430079699,0.1817698777,0.1550004482,0.1228064671,0.0339545347,0.1935413778,0.1108942106,0.0557114258,0.0566386618,0.1313841045,0.1131089628,0.0289001111,0.0221689902,0.1196244359,0.1174004748,0.1169346645,0.0000000000,0.0000000000,0.0430824161,0.1000656188,0.1009258106,0.1166672409,0.1041329727,0.0000058078,0.0000000000,0.0000000000,0.0000000000,-0.0390600935,0.0694422051,-0.0027160901,0.0409992263,0.0694444478,0.0028509477
20:20:03:54.244,61,0.0000000257,0.1141024753,0.0685492903,0.0000000000,0.0000000000,0.1212823763,0.1415490359,0.0000000248,0.1141145676,0.0628963485,0.0000000000,0.0000000000,0.1216373593,0.1433238089,0.0396830700,0.0179113969,0.0000000000,0.0763444528,0.0954783708,0.0840264857,0.1731515527,0.0715262070,0.0000000000,0.0945329815,0.0425565876,0.0000000000,0.0000000000,0.0466101095,0.0431261919,0.1814094931,0.1553553343,0.1228624955,0.0341352746,0.1930286437,0.1104109734,0.0556033552,0.0564766489,0.1315762699,0.1135793254,0.0287170727,0.0221095383,0.1192476153,0.1170534194,0.1168187037,0.0000000000,0.0000000000,0.0428980291,0.0998463631,0.1007272601,0.1165027991,0.1041634753,0.0000050620,0.0000000000,0.0000000000,0.0000000000,-0.0383278318,0.0697599500,-0.0026774316,0.0417726487,0.0697622076,0.0029180313
20:20:03:55.244,61,0.0000000237,0.1138179600,0.0688395873,0.0000000000,0.0000000000,0.1212324426,0.1453593522,0.0000000228,0.1138316542,0.0625982955,0.0000000000,0.0000000000,0.1215774044,0.1470183432,0.0400270112,0.0175581556,0.0000000000,0.0769456029,0.0961157978,0.0840722546,0.1652242541,0.0669900030,0.0000000000,0.0942604169,0.0444288738,0.0000000000,0.0000000000,0.0468392521,0.0434468389,0.1812862754,0.1559257507,0.1232867911,0.0345651209,0.1896884888,0.1081543863,0.0553948730,0.0562189184,0.1320058852,0.1145065278,0.0285060350,0.0220422205,0.1187887639,0.1166191623,0.1168185472,0.0000000000,0.0000000000,0.0425401218,0.0996675864,0.1006209403,0.1162552312,0.1041513160,0.0000013904,0.0000000000,0.0000000000,0.0000000000,-0.0381466709,0.0695865229,-0.0026581360,0.0419500507,0.0695887730,0.0029231079
20:20:03:56.245,61,0.0000000218,0.1149585247,0.0695468858,0.0000000000,0.0000000000,0.1211245060,0.1461165100,0.0000000210,0.1149761975,0.0619418100,0.0000000000,0.0000000000,0.1214625090,0.1477429867,0.0402469113,0.0173349362,0.0000000000,0.0772219300,0.0963660181,0.0839194208,0.1628263891,0.0651171580,0.0000000000,0.0940407515,0.0451724008,0.0000000000,0.0000000000,0.0469676964,0.0436318070,0.1809351593,0.1560716629,0.1236212924,0.0348345786,0.1886800379,0.1073644385,0.0552646406,0.0560363904,0.1321532130,0.1149227470,0.0283624027,0.0219934247,0.1187236533,0.1165598780,0.1168340147,0.0000000000,0.0000000000,0.0423539057,0.0995168239,0.1004910693,0.1160913780,0.1041304097,0.0000014191,0.0000000000,0.0000000000,0.0000000000,-0.0377447717,0.0702851191,-0.0026566354,0.0423790030,0.0702873841,0.0029827221
20:20:03:57.246,61,0.0000000201,0.1157433912,0.0701369271,0.0000000000,0.0000000000,0.1210719272,0.1406036168,0.0000000193,0.1157644615,0.0613805763,0.0000000000,0.0000000000,0.1214071959,0.1423175335,0.0403182618,0.0172589961,0.0000000000,0.0771246403,0.0962083787,0.0836279169,0.1620086133,0.0666246265,0.0000000000,0.0976827294,0.0500081852,0.0000000000,0.0000000000,0.0471228063,0.0437982753,0.1804306954,0.1558413953,0.1237446517,0.0349369571,0.1884572357,0.1071250066,0.0553442463,0.0560924411,0.1322672814,0.1151553467,0.0282637533,0.0219549220,0.1203093529,0.1181862354,0.1166158691,0.0000000000,0.0000000000,0.0425133631,0.0993507653,0.1003460884,0.1158877760,0.1040607393,0.0000025832,0.0000000000,0.0000000000,0.0000000000,-0.0374015048,0.0707660690,-0.0026505601,0.0427371003,0.0707683489,0.0030285616
20:20:03:58.247,61,0.0000000185,0.1150080115,0.0712441131,0.0000000000,0.0000000000,0.1216104403,0.1367535740,0.0000000178,0.1150352657,0.0602380671,0.0000000000,0.0000000000,0.1219606176,0.1385614723,0.0403002426,0.0173405111,0.0000000000,0.0770527720,0.0961377174,0.0838863999,0.1700795740,0.0791396946,0.0000000000,0.0986680239,0.0511019342,0.0000000000,0.0000000000,0.0471230298,0.0437713042,0.1803363413,0.1556459963,0.1233843118,0.0349326134,0.1884924620,0.1070481464,0.0554961972,0.0562507808,0.1325646639,0.1153980196,0.0282211732,0.0219054818,0.1208251938,0.1187086850,0.1164111793,0.0000000000,0.0000000000,0.0430825539,0.0993376747,0.1003085077,0.1156191975,0.1038477644,0.0000045292,0.0000000000,0.0000000000,0.0000000000,-0.0367064923,0.0703184903,-0.0025848215,0.0434131250,0.0703207701,0.0030569164
20:20:03:59.248,61,0.0000000170,0.1145033464,0.0718473047,0.0000000000,0.0000000000,0.1219727248,0.1332772076,0.0000000164,0.1145339310,0.0596111529,0.0000000000,0.0000000000,0.1223296896,0.1351818293,0.0403832868,0.0174364559,0.0000000000,0.0770736337,0.0961715430,0.0840818807,0.1717160940,0.0838065967,0.0000000000,0.1047564968,0.0525277033,0.0000000000,0.0000000000,0.0473058783,0.0438972674,0.1803931296,0.1554962844,0.1233895272,0.0349751748,0.1887415051,0.1071234867,0.0556195118,0.0563937575,0.1336258352,0.1158772185,0.0282891598,0.0219236948,0.1213595495,0.1192372069,0.1162746698,0.0000000000,0.0000000000,0.0433542952,0.0995682627,0.1004320085,0.1156135350,0.1038128510,0.0000070587,0.0000000000,0.0000000000,0.0000000000,-0.0363252535,0.0700110644,-0.0025467679,0.0437816344,0.0700133219,0.0030693256
20:20:04:00.249,61,0.0000000156,0.1145482510,0.0725640655,0.0000000000,0.0000000000,0.1222082227,0.1315361261,0.0000000151,0.1145828441,0.0589031130,0.0000000000,0.0000000000,0.1225688830,0.1334734112,0.0404359438,0.0175122339,0.0000000000,0.0771317855,0.0962786674,0.0843074098,0.1724039614,0.0858099014,0.0000000000,0.1065088063,0.0534149446,0.0000000000,0.0000000000,0.0473780222,0.0439489372,0.1804707795,0.1554749161,0.1232970059,0.0349385999,0.1890516281,0.1072945073,0.0556242876,0.0564154983,0.1343933344,0.1164290458,0.0283969194,0.0220056120,0.1217672080,0.1196465567,0.1165578812,0.0000000000,0.0000000000,0.0433838442,0.0998114571,0.1006409228,0.1157189980,0.1039332971,0.0000082279,0.0000000000,0.0000000000,0.0000000000,-0.0358937234,0.0700398684,-0.0025175649,0.0442183279,0.0700421259,0.0031011994
20:20:04:01.251,61,0.0000000144,0.1147273704,0.0727459937,0.0000000000,0.0000000000,0.1223792508,0.1307978183,0.0000000139,0.1147629768,0.0587466247,0.0000000000,0.0000000000,0.1227428615,0.1327606589,0.0404073037,0.0175744183,0.0000000000,0.0773803815,0.0966884419,0.0847809315,0.1725641042,0.0872057825,0.0000000000,0.1071293056,0.0534772277,0.0000000000,0.0000000000,0.0474063307,0.0439492427,0.1808076054,0.1556564420,0.1229530424,0.0348944217,0.1889125109,0.1071511954,0.0553204454,0.0561050735,0.1364303082,0.1175376847,0.0285785850,0.0221168734,0.1221850365,0.1200487763,0.1172272265,0.0000000000,0.0000000000,0.0430600643,0.1000727043,0.1008360758,0.1159029752,0.1040391624,0.0000084246,0.0000000000,0.0000000000,0.0000000000,-0.0357980840,0.0701497272,-0.0025148110,0.0443288460,0.0701519996,0.0031138384
20:20:04:02.252,61,0.0000000132,0.1146004871,0.0732525438,0.0000000000,0.0000000000,0.1222955287,0.1301180869,0.0000000128,0.1146388352,0.0582627878,0.0000000000,0.0000000000,0.1226570979,0.1320865005,0.0403080285,0.0175125245,0.0000000000,0.0772812292,0.0966958776,0.0850084946,0.1721966863,0.0871775448,0.0000000000,0.1076780111,0.0544290654,0.0000000000,0.0000000000,0.0474309810,0.0439748205,0.1806460321,0.1555782557,0.1224122494,0.0347917005,0.1886428893,0.1070116758,0.0550941639,0.0558684841,0.1373139918,0.1181998029,0.0287185162,0.0222463682,0.1228356138,0.1207171902,0.1173534840,0.0000000000,0.0000000000,0.0428406037,0.1000650674,0.1008221209,0.1159563661,0.1041391194,0.0000087634,0.0000000000,0.0000000000,0.0000000000,-0.0355034471,0.0700731203,-0.0024913887,0.0446377583,0.0700753778,0.0031320876
20:20:04:03.253,61,0.0000000122,0.1134406030,0.0734805316,0.0000000000,0.0000000000,0.1224228516,0.1323780417,0.0000000118,0.1134798005,0.0580492355,0.0000000000,0.0000000000,0.1227835566,0.1343073100,0.0402757265,0.0174687766,0.0000000000,0.0772715434,0.0967776254,0.0852195174,0.1717793643,0.0869149417,0.0000000000,0.1077529490,0.0549551807,0.0000000000,0.0000000000,0.0474318340,0.0439929999,0.1805588454,0.1556472629,0.1220437065,0.0347286463,0.1884536445,0.1068810001,0.0548621863,0.0556241982,0.1379014552,0.1187193990,0.0288074054,0.0223409496,0.1230325922,0.1209226921,0.1177475974,0.0000000000,0.0000000000,0.0425314866,0.1001967862,0.1009722874,0.1159928441,0.1042256504,0.0000079547,0.0000000000,0.0000000000,0.0000000000,-0.0353750587,0.0693643391,-0.0024571933,0.0447788984,0.0693665668,0.0031101010
20:20:04:04.254,61,0.0000000112,0.1130507663,0.0735274032,0.0000000000,0.0000000000,0.1223912388,0.1362866759,0.0000000108,0.1130901277,0.0579823814,0.0000000000,0.0000000000,0.1227473170,0.1381604373,0.0402257219,0.0173594560,0.0000000000,0.0771965310,0.0967509523,0.0853119344,0.1701079607,0.0862194523,0.0000000000,0.1078004837,0.0556018353,0.0000000000,0.0000000000,0.0474299081,0.0440090038,0.1802536845,0.1555443406,0.1217701882,0.0346743204,0.1883007586,0.1067823991,0.0546980612,0.0554628111,0.1382685006,0.1190854684,0.0288753547,0.0224308949,0.1228350848,0.1207369491,0.1180356592,0.0000000000,0.0000000000,0.0423068702,0.1002950668,0.1010882109,0.1160977334,0.1044067368,0.0000070998,0.0000000000,0.0000000000,0.0000000000,-0.0353349037,0.0691260397,-0.0024459460,0.0448082015,0.0691282749,0.0031014099
20:20:04:05.255,61,0.0000000103,0.1130028591,0.0740557984,0.0000000000,0.0000000000,0.1224082336,0.1412168145,0.0000000100,0.1130450740,0.0574831180,0.0000000000,0.0000000000,0.1227575243,0.1429665536,0.0402637385,0.0170840286,0.0000000000,0.0772492215,0.0968701094,0.0854202956,0.1689177901,0.0830982998,0.0000000000,0.1074519306,0.0560117699,0.0000000000,0.0000000000,0.0474123694,0.0440357514,0.1801069081,0.1557720304,0.1215096861,0.0346653238,0.1879380494,0.1065141931,0.0544904023,0.0552406944,0.1386072338,0.1195243075,0.0288629308,0.0224803891,0.1225425377,0.1204643920,0.1183613688,0.0000000000,0.0000000000,0.0419920310,0.1003052890,0.1011344790,0.1161609739,0.1045919135,0.0000061386,0.0000000000,0.0000000000,0.0000000000,-0.0350307152,0.0690977797,-0.0024239037,0.0451303050,0.0691000000,0.0031224065
20:20:04:06.257,61,0.0000000095,0.1130628437,0.0744609609,0.0000000000,0.0000000000,0.1221874356,0.1453837007,0.0000000092,0.1131073013,0.0570845865,0.0000000000,0.0000000000,0.1225256249,0.1469421387,0.0404649191,0.0166965425,0.0000000000,0.0775592476,0.0972073376,0.0853218138,0.1631050557,0.0678936765,0.0000000000,0.1069356576,0.0595028549,0.0000000000,0.0000000000,0.0475493595,0.0442668051,0.1798706651,0.1561462730,0.1218083724,0.0348993503,0.1871291846,0.1059913710,0.0543058328,0.0550489612,0.1388876289,0.1200479195,0.0287237111,0.0225015711,0.1208984628,0.1189958751,0.1184486896,0.0000000000,0.0000000000,0.0416535027,0.1002748460,0.1012776196,0.1161642969,0.1048782319,0.0000048855,0.0000000000,0.0000000000,0.0000000000,-0.0347877517,0.0691352189,-0.0024084076,0.0453770943,0.0691374540,0.0031411764
20:20:04:07.258,61,0.0000000087,0.1137652770,0.0747867301,0.0000000000,0.0000000000,0.1217619926,0.1472033113,0.0000000084,0.1138116494,0.0568237901,0.0000000000,0.0000000000,0.1220888942,0.1487006545,0.0406730473,0.0163577385,0.0000000000,0.0779392272,0.0976251140,0.0851835161,0.1602726132,0.0633186549,0.0000000000,0.1065234914,0.0614463836,0.0000000000,0.0000000000,0.0477304123,0.0445462838,0.1795527488,0.1564247161,0.1221506968,0.0351662338,0.1855708510,0.1053363308,0.0540724583,0.0547994114,0.1392636746,0.1206710562,0.0285744425,0.0225119460,0.1206151098,0.1187691018,0.1185252666,0.0000000000,0.0000000000,0.0412729755,0.1000747904,0.1012193412,0.1160714924,0.1050640270,0.0000033038,0.0000000000,0.0000000000,0.0000000000,-0.0346277915,0.0695653558,-0.0024123013,0.0455742665,0.0695676133,0.0031745080
20:20:04:08.258,61,0.0000000080,0.1149323657,0.0749594942,0.0000000000,0.0000000000,0.1214332879,0.1481914818,0.0000000078,0.1149800792,0.0567044131,0.0000000000,0.0000000000,0.1217498332,0.1496616453,0.0408359729,0.0160040949,0.0000000000,0.0780812278,0.0977312177,0.0848827958,0.1589359194,0.0608931407,0.0000000000,0.1058947444,0.0622648150,0.0000000000,0.0000000000,0.0478534847,0.0447349995,0.1792335957,0.1566341072,0.1226216108,0.0353404731,0.1851620376,0.1050844714,0.0540251136,0.0547465347,0.1392381787,0.1209027618,0.0284230970,0.0225059241,0.1205427572,0.1187249497,0.1184587330,0.0000000000,0.0000000000,0.0411682725,0.0999766365,0.1012340784,0.1160049513,0.1052413657,0.0000032786,0.0000000000,0.0000000000,0.0000000000,-0.0345533192,0.0702793598,-0.0024319023,0.0456772633,0.0702816173,0.0032144389
20:20:04:09.260,61,0.0000000074,0.1153289154,0.0744486079,0.0000000000,0.0000000000,0.1211679801,0.1485408992,0.0000000071,0.1153738126,0.0572516657,0.0000000000,0.0000000000,0.1214759052,0.1500075459,0.0408704691,0.0157107059,0.0000000000,0.0780827850,0.0977133214,0.0846234709,0.1582519561,0.0596117787,0.0000000000,0.1048004925,0.0626769364,0.0000000000,0.0000000000,0.0478894450,0.0448426418,0.1788675338,0.1567550898,0.1227369383,0.0354311913,0.1847372204,0.1047869921,0.0539533868,0.0546608642,0.1391369551,0.1210499480,0.0282807220,0.0225033611,0.1205920577,0.1187902093,0.1184163466,0.0000000000,0.0000000000,0.0410985723,0.0998100638,0.1012189612,0.1159012765,0.1053751409,0.0000059314,0.0000000000,0.0000000000,0.0000000000,-0.0348861963,0.0705208331,-0.0024637855,0.0453651696,0.0705230981,0.0032034970
20:20:04:10.260,61,0.0000000068,0.1156000644,0.0742871463,0.0000000000,0.0000000000,0.1210500598,0.1475777328,0.0000000066,0.1156440973,0.0574287325,0.0000000000,0.0000000000,0.1213526204,0.1491066068,0.0409310684,0.0156237278,0.0000000000,0.0780996606,0.0976908952,0.0842957795,0.1576134861,0.0601993948,0.0000000000,0.1043987870,0.0628899783,0.0000000000,0.0000000000,0.0480364561,0.0450116098,0.1788702458,0.1569343656,0.1230043620,0.0355543345,0.1844976246,0.1045600921,0.0539002344,0.0546230637,0.1391901374,0.1211773753,0.0281492583,0.0224582981,0.1205036342,0.1187036932,0.1185464114,0.0000000000,0.0000000000,0.0409898199,0.0997162014,0.1011989042,0.1157441661,0.1053608507,0.0000076213,0.0000000000,0.0000000000,0.0000000000,-0.0349936821,0.0706863105,-0.0024771919,0.0452662557,0.0706885979,0.0032040435
20:20:04:11.261,61,0.0000000063,0.1155783758,0.0743903592,0.0000000000,0.0000000000,0.1209158972,0.1450829357,0.0000000060,0.1156230271,0.0573141016,0.0000000000,0.0000000000,0.1212121993,0.1465678364,0.0408874042,0.0154334847,0.0000000000,0.0780167654,0.0976560190,0.0841129422,0.1571048647,0.0598956719,0.0000000000,0.1039098799,0.0637677759,0.0000000000,0.0000000000,0.0480341949,0.0450859666,0.1785684526,0.1570079774,0.1227851436,0.0355545059,0.1839773208,0.1042318195,0.0537396185,0.0544575751,0.1392852217,0.1214734465,0.0280920975,0.0225267913,0.1204878762,0.1187100708,0.1186439916,0.0000000000,0.0000000000,0.0407750942,0.0995808467,0.1012754366,0.1156982034,0.1055586934,0.0000082444,0.0000000000,0.0000000000,0.0000000000,-0.0349238664,0.0706732571,-0.0024717937,0.0453291945,0.0706755370,0.0032079003
20:20:04:12.262,61,0.0000000058,0.1150881052,0.0743086189,0.0000000000,0.0000000000,0.1209366918,0.1425155103,0.0000000056,0.1151321605,0.0573733971,0.0000000000,0.0000000000,0.1212285385,0.1440081894,0.0408159383,0.0153783606,0.0000000000,0.0778362378,0.0975061879,0.0840225965,0.1565754861,0.0600404590,0.0000000000,0.1034958288,0.0641169176,0.0000000000,0.0000000000,0.0480183885,0.0451187193,0.1783207804,0.1569636166,0.1225122437,0.0355247818,0.1835147589,0.1039796472,0.0535906479,0.0543059073,0.1393633336,0.1216534302,0.0280836094,0.0225943644,0.1210574508,0.1192982495,0.1189592555,0.0000000000,0.0000000000,0.0405583233,0.0995151103,0.1013532355,0.1156778783,0.1056943685,0.0000086515,0.0000000000,0.0000000000,0.0000000000,-0.0349607430,0.0703733042,-0.0024638658,0.0452803448,0.0703755766,0.0031908003
20:20:04:13.263,61,0.0000000053,0.1150727868,0.0740070492,0.0000000000,0.0000000000,0.1207620800,0.1408779770,0.0000000051,0.1151151955,0.0576517917,0.0000000000,0.0000000000,0.1210527122,0.1424230486,0.0405774154,0.0156164160,0.0000000000,0.0774232224,0.0970722586,0.0839826539,0.1566666514,0.0624534674,0.0000000000,0.1008523852,0.0632000044,0.0000000000,0.0000000000,0.0478923209,0.0450152755,0.1782058775,0.1567651480,0.1220690906,0.0353550613,0.1835491657,0.1040639207,0.0535379499,0.0542816743,0.1390748769,0.1213953346,0.0280844085,0.0226293989,0.1228248850,0.1210842803,0.1191866174,0.0000000000,0.0000000000,0.0406414233,0.0992209166,0.1012305096,0.1155520529,0.1056801751,0.0000051884,0.0000000000,0.0000000000,0.0000000000,-0.0351304039,0.0703633726,-0.0024754668,0.0450966172,0.0703656301,0.0031774119
20:20:04:14.265,61,0.0000000049,0.1153624207,0.0733822584,0.0000000000,0.0000000000,0.1204059198,0.1397331655,0.0000000047,0.1154013947,0.0582835115,0.0000000000,0.0000000000,0.1206954941,0.1413028240,0.0404045805,0.0158677306,0.0000000000,0.0771828517,0.0968522355,0.0840104446,0.1566403359,0.0633447617,0.0000000000,0.0998311043,0.0629585683,0.0000000000,0.0000000000,0.0478112921,0.0449773222,0.1782009155,0.1567601264,0.1217154786,0.0352048762,0.1835860163,0.1041190326,0.0533944331,0.0541507937,0.1390090585,0.1213687360,0.0281409509,0.0227213837,0.1241665706,0.1224419698,0.1195641458,0.0000000000,0.0000000000,0.0405099951,0.0989309922,0.1011184007,0.1154689118,0.1057207063,0.0000022864,0.0000000000,0.0000000000,0.0000000000,-0.0355149060,0.0705392584,-0.0025088259,0.0447153412,0.0705415234,0.0031584676
20:20:04:15.265,61,0.0000000045,0.1154193580,0.0728541240,0.0000000000,0.0000000000,0.1201207861,0.1391114295,0.0000000043,0.1154554859,0.0587655567,0.0000000000,0.0000000000,0.1204092875,0.1406886727,0.0402923971,0.0160511918,0.0000000000,0.0769396871,0.0966089815,0.0842052922,0.1570820212,0.0637946650,0.0000000000,0.0990560278,0.0628691837,0.0000000000,0.0000000000,0.0477288812,0.0449351743,0.1781959236,0.1567713618,0.1213777065,0.0350855067,0.1838163882,0.1042885929,0.0534739122,0.0542649999,0.1389255375,0.1213347763,0.0281745009,0.0228073895,0.1245650351,0.1228615567,0.1194872409,0.0000000000,0.0000000000,0.0407587476,0.0986514688,0.1010460407,0.1153451949,0.1057814136,0.0000020398,0.0000000000,0.0000000000,0.0000000000,-0.0358085558,0.0705730692,-0.0025307774,0.0443934128,0.0705753267,0.0031372514
20:20:04:16.266,61,0.0000000041,0.1149260700,0.0721229985,0.0000000000,0.0000000000,0.1200950146,0.1393245906,0.0000000040,0.1149579883,0.0594756417,0.0000000000,0.0000000000,0.1203819290,0.1409004331,0.0402242206,0.0161356758,0.0000000000,0.0767753795,0.0964473560,0.0843288824,0.1573073566,0.0640341118,0.0000000000,0.0984473974,0.0627571270,0.0000000000,0.0000000000,0.0476773418,0.0449165776,0.1781646460,0.1568276435,0.1210932955,0.0350465924,0.1837456971,0.1042255685,0.0535038710,0.0543154590,0.1388615966,0.1213287115,0.0281333923,0.0228264704,0.1247436255,0.1230587065,0.1193816811,0.0000000000,0.0000000000,0.0408430845,0.0984444469,0.1010110676,0.1152484193,0.1058078781,0.0000015588,0.0000000000,0.0000000000,0.0000000000,-0.0362420231,0.0702700540,-0.0025503652,0.0439488366,0.0702723190,0.0030924752
20:20:04:17.268,61,0.0000000038,0.1141823381,0.0716512501,0.0000000000,0.0000000000,0.1202428341,0.1389170140,0.0000000037,0.1142114848,0.0599087738,0.0000000000,0.0000000000,0.1205286831,0.1404906958,0.0402311981,0.0162040945,0.0000000000,0.0767996907,0.0964506865,0.0843274817,0.1572915614,0.0643306002,0.0000000000,0.0977102518,0.0623164438,0.0000000000,0.0000000000,0.0476317257,0.0449132547,0.1782383621,0.1569869369,0.1209556833,0.0350780189,0.1836044490,0.1040721387,0.0534643941,0.0542723089,0.1387083828,0.1212586388,0.0280424282,0.0227861628,0.1237186417,0.1220146641,0.1192274988,0.0000000000,0.0000000000,0.0408062749,0.0982484743,0.1009097770,0.1150337011,0.1056979969,0.0000027864,0.0000000000,0.0000000000,0.0000000000,-0.0365071185,0.0698144212,-0.0025523002,0.0436627679,0.0698166639,0.0030523723
20:20:04:18.269,61,0.0000000035,0.1134096235,0.0718806833,0.0000000000,0.0000000000,0.1204696223,0.1388276666,0.0000000034,0.1134398133,0.0596873090,0.0000000000,0.0000000000,0.1207507700,0.1403907686,0.0402756184,0.0160376709,0.0000000000,0.0768746734,0.0964740962,0.0841181800,0.1571921110,0.0639799610,0.0000000000,0.0911914259,0.0603457615,0.0000000000,0.0000000000,0.0475397483,0.0448779240,0.1780206710,0.1570890695,0.1209533438,0.0351615772,0.1833365411,0.1038471684,0.0534197688,0.0542079248,0.1382934153,0.1210659221,0.0278702229,0.0227043927,0.1232533306,0.1215532571,0.1190301701,0.0000000000,0.0000000000,0.0407477878,0.0980105996,0.1007306501,0.1147535518,0.1055491865,0.0000048271,0.0000000000,0.0000000000,0.0000000000,-0.0363733582,0.0693423748,-0.0025257033,0.0438040234,0.0693446323,0.0030414693
20:20:04:19.270,61,0.0000000032,0.1136847660,0.0725514740,0.0000000000,0.0000000000,0.1205341592,0.1376533657,0.0000000031,0.1137188002,0.0590177588,0.0000000000,0.0000000000,0.1208119094,0.1392070651,0.0402682126,0.0159687698,0.0000000000,0.0768948346,0.0964620262,0.0839688480,0.1573653817,0.0641216263,0.0000000000,0.0893319845,0.0594160818,0.0000000000,0.0000000000,0.0474461466,0.0448131934,0.1777555346,0.1569610089,0.1209374592,0.0351819508,0.1833476275,0.1038040817,0.0533913113,0.0541551821,0.1378684938,0.1208086312,0.0277890582,0.0226573255,0.1229069382,0.1211991832,0.1189583167,0.0000000000,0.0000000000,0.0407690741,0.0979206413,0.1006247550,0.1146394387,0.1054801494,0.0000059591,0.0000000000,0.0000000000,0.0000000000,-0.0359649099,0.0695118755,-0.0025034780,0.0442122780,0.0695141181,0.0030773249
20:20:04:20.271,61,0.0000000030,0.1136588901,0.0730276108,0.0000000000,0.0000000000,0.1207418665,0.1373907626,0.0000000029,0.1136954650,0.0585671552,0.0000000000,0.0000000000,0.1210142523,0.1389302313,0.0403246768,0.0156831313,0.0000000000,0.0769912824,0.0965577140,0.0837823749,0.1573656350,0.0626409799,0.0000000000,0.0881461576,0.0590194426,0.0000000000,0.0000000000,0.0473887734,0.0448133200,0.1775877327,0.1571700424,0.1209772378,0.0352718420,0.1830112785,0.1035162359,0.0533423498,0.0540803969,0.1376140118,0.1208017021,0.0276211463,0.0225900207,0.1228210106,0.1211205125,0.1190301925,0.0000000000,0.0000000000,0.0407029390,0.0978094786,0.1005891263,0.1145068854,0.1055032387,0.0000070491,0.0000000000,0.0000000000,0.0000000000,-0.0356903523,0.0694969445,-0.0024838389,0.0445024818,0.0694991872,0.0030968434
20:20:04:21.272,61,0.0000000027,0.1131159142,0.0732886419,0.0000000000,0.0000000000,0.1211093888,0.1367946267,0.0000000026,0.1131537259,0.0583208390,0.0000000000,0.0000000000,0.1213801876,0.1383291930,0.0403457582,0.0155867189,0.0000000000,0.0770228133,0.0965965763,0.0835959017,0.1572995186,0.0624647178,0.0000000000,0.0879986286,0.0589398928,0.0000000000,0.0000000000,0.0473908670,0.0448313206,0.1775515825,0.1572529972,0.1209219024,0.0353170410,0.1827284992,0.1032974496,0.0532672033,0.0539892353,0.1375356764,0.1208294705,0.0275282413,0.0225410778,0.1228640229,0.1211671382,0.1189461425,0.0000000000,0.0000000000,0.0405897014,0.0977933779,0.1005845964,0.1143756658,0.1054229885,0.0000091036,0.0000000000,0.0000000000,0.0000000000,-0.0355410650,0.0691654235,-0.0024616171,0.0446625873,0.0691676810,0.0030931046
20:20:04:22.272,61,0.0000000025,0.1119715124,0.0738438740,0.0000000000,0.0000000000,0.1215936914,0.1363903582,0.0000000024,0.1120119840,0.0577639006,0.0000000000,0.0000000000,0.1218682677,0.1379313767,0.0403949544,0.0156272240,0.0000000000,0.0772841796,0.0969515592,0.0838356391,0.1574275345,0.0636825264,0.0000000000,0.0881973878,0.0588514470,0.0000000000,0.0000000000,0.0473830402,0.0448270030,0.1783339679,0.1576820612,0.1208706200,0.0353260078,0.1826356798,0.1031557843,0.0531451330,0.0538680814,0.1378398538,0.1211176738,0.0275541116,0.0225586072,0.1226929650,0.1209865585,0.1190909147,0.0000000000,0.0000000000,0.0403945483,0.0980772600,0.1008745506,0.1145116314,0.1055505350,0.0000086263,0.0000000000,0.0000000000,0.0000000000,-0.0352033600,0.0684667155,-0.0024135287,0.0450031050,0.0684689432,0.0030850875
20:20:04:23.274,61,0.0000000023,0.1122110114,0.0738291889,0.0000000000,0.0000000000,0.1216941029,0.1358441412,0.0000000022,0.1122515425,0.0577637777,0.0000000000,0.0000000000,0.1219745502,0.1374070495,0.0403237864,0.0159345716,0.0000000000,0.0773430914,0.0970478132,0.0840109289,0.1578435600,0.0726317987,0.0000000000,0.0885987878,0.0584166609,0.0000000000,0.0000000000,0.0473687164,0.0447740555,0.1788419038,0.1577430069,0.1207715794,0.0352618732,0.1828658581,0.1032413021,0.0530878417,0.0538324267,0.1379576325,0.1210932359,0.0276225284,0.0225554518,0.1227029115,0.1209804490,0.1191325486,0.0000000000,0.0000000000,0.0403684080,0.0981783494,0.1009534672,0.1145861372,0.1055139229,0.0000089147,0.0000000000,0.0000000000,0.0000000000,-0.0352029316,0.0686131418,-0.0024186769,0.0449937098,0.0686153620,0.0030910608
20:20:04:24.275,61,0.0000000021,0.1109575629,0.0745668337,0.0000000000,0.0000000000,0.1221398413,0.1357880235,0.0000000021,0.1110016257,0.0570280142,0.0000000000,0.0000000000,0.1224221513,0.1373522878,0.0403825007,0.0159531850,0.0000000000,0.0775987506,0.0974211916,0.0842821151,0.1577068716,0.0727787837,0.0000000000,0.0884036720,0.0582165606,0.0000000000,0.0000000000,0.0473496132,0.0447772294,0.1795366108,0.1588529199,0.1207784042,0.0352923311,0.1825652421,0.1029902324,0.0529219098,0.0536765158,0.1383367628,0.1214663684,0.0276315324,0.0225933827,0.1229067445,0.1211885810,0.1196423545,0.0000000000,0.0000000000,0.0401028134,0.0984357372,0.1013152152,0.1147797927,0.1057403907,0.0000076632,0.0000000000,0.0000000000,0.0000000000,-0.0347563438,0.0678480864,-0.0023612967,0.0454456247,0.0678502768,0.0030871665
20:20:04:25.276,61,0.0000000020,0.1107405052,0.0753762349,0.0000000000,0.0000000000,0.1223638728,0.1361091435,0.0000000019,0.1107888073,0.0562493652,0.0000000000,0.0000000000,0.1226427332,0.1376624554,0.0405183733,0.0157468654,0.0000000000,0.0778734311,0.0977249518,0.0842030048,0.1569574177,0.0688751042,0.0000000000,0.0883779153,0.0583165511,0.0000000000,0.0000000000,0.0473920964,0.0448546633,0.1796735227,0.1593208462,0.1210084558,0.0354155451,0.1821938753,0.1026933193,0.0527782813,0.0535274222,0.1384539902,0.1216882244,0.0275666174,0.0225935504,0.1224872693,0.1207802370,0.1198228300,0.0000000000,0.0000000000,0.0398174599,0.0985968634,0.1015266404,0.1148528531,0.1058991998,0.0000044791,0.0000000000,0.0000000000,0.0000000000,-0.0342820957,0.0677168891,-0.0023245721,0.0459393375,0.0677190870,0.0031146286
20:20:04:26.277,61,0.0000000018,0.1106272712,0.0770722851,0.0000000000,0.0000000000,0.1225303710,0.1382838935,0.0000000017,0.1106846929,0.0545741208,0.0000000000,0.0000000000,0.1228017136,0.1397171915,0.0409044512,0.0152834542,0.0000000000,0.0784285143,0.0982937217,0.0840923190,0.1556168348,0.0576062091,0.0000000000,0.0880423561,0.0586076863,0.0000000000,0.0000000000,0.0475714132,0.0451097749,0.1798572540,0.1602545530,0.1224963069,0.0357844457,0.1816199571,0.1022038460,0.0527227707,0.0534536242,0.1386101246,0.1221039146,0.0274044517,0.0225657895,0.1219023615,0.1202142760,0.1197885275,0.0000000000,0.0000000000,0.0396077894,0.0986994728,0.1017427370,0.1148310006,0.1060859859,0.0000028273,0.0000000000,0.0000000000,0.0000000000,-0.0332612358,0.0676509067,-0.0022531727,0.0469732471,0.0676530972,0.0031815614
20:20:04:27.278,61,0.0000000017,0.1113166958,0.0783286467,0.0000000000,0.0000000000,0.1225606278,0.1392488778,0.0000000016,0.1113813147,0.0533179939,0.0000000000,0.0000000000,0.1228238195,0.1406387091,0.0412568562,0.0147445379,0.0000000000,0.0788983330,0.0987602621,0.0839368179,0.1548599601,0.0536392219,0.0000000000,0.0878286734,0.0589226447,0.0000000000,0.0000000000,0.0477605276,0.0453784280,0.1799310297,0.1609842479,0.1233276203,0.0361518562,0.1810972393,0.1017344445,0.0527258664,0.0534205101,0.1386907399,0.1224825755,0.0272047669,0.0225038249,0.1217389256,0.1200684533,0.1195790023,0.0000000000,0.0000000000,0.0394438356,0.0986233056,0.1017640457,0.1147321239,0.1062040627,0.0000009116,0.0000000000,0.0000000000,0.0000000000,-0.0324947312,0.0680749640,-0.0022151077,0.0477375872,0.0680771843,0.0032536224
20:20:04:28.279,61,0.0000000015,0.1123947278,0.0784962922,0.0000000000,0.0000000000,0.1223169491,0.1372850686,0.0000000015,0.1124609336,0.0531384349,0.0000000000,0.0000000000,0.1225728691,0.1385743916,0.0414520167,0.0143851861,0.0000000000,0.0791571960,0.0990242511,0.0837780163,0.1546248347,0.0513220355,0.0000000000,0.0874850675,0.0593853369,0.0000000000,0.0000000000,0.0477936193,0.0455207638,0.1795303971,0.1611610353,0.1237286627,0.0363657475,0.1807175279,0.1014248356,0.0527340844,0.0533937067,0.1385513991,0.1226836219,0.0270598587,0.0224932209,0.1219039559,0.1202524006,0.1193395555,0.0000000000,0.0000000000,0.0393388420,0.0984177738,0.1016911417,0.1146508977,0.1063573286,0.0000003695,0.0000000000,0.0000000000,0.0000000000,-0.0323838294,0.0687345788,-0.0022290072,0.0478376001,0.0687367991,0.0032921238
20:20:04:29.280,61,0.0000000014,0.1121699661,0.0785729140,0.0000000000,0.0000000000,0.1222299635,0.1364430636,0.0000000014,0.1122364551,0.0530695170,0.0000000000,0.0000000000,0.1224818975,0.1377176493,0.0415031239,0.0143134603,0.0000000000,0.0793216601,0.0991700739,0.0836215690,0.1546381712,0.0526571125,0.0000000000,0.0874324143,0.0593383983,0.0000000000,0.0000000000,0.0478386059,0.0455903448,0.1792272925,0.1609850079,0.1239516065,0.0365071557,0.1805270910,0.1012375355,0.0527142361,0.0533588380,0.1383655369,0.1226223707,0.0269657597,0.0224423390,0.1220122203,0.1203538328,0.1194482073,0.0000000000,0.0000000000,0.0393462256,0.0983653963,0.1016211659,0.1145124808,0.1062944010,0.0000002614,0.0000000000,0.0000000000,0.0000000000,-0.0323421359,0.0685972795,-0.0022216782,0.0478847511,0.0685994998,0.0032887629
20:20:04:30.281,61,0.0000000013,0.1111864299,0.0791709200,0.0000000000,0.0000000000,0.1223202720,0.1309190094,0.0000000012,0.1112555787,0.0524711385,0.0000000000,0.0000000000,0.1225707904,0.1322524250,0.0416007787,0.0142643200,0.0000000000,0.0795728713,0.0995263085,0.0838377029,0.1535808295,0.0530913547,0.0000000000,0.0876159966,0.0596111007,0.0000000000,0.0000000000,0.0479066968,0.0456963889,0.1793624312,0.1611598879,0.1239027977,0.0366009325,0.1799433827,0.1008669510,0.0524940565,0.0531178676,0.1390446573,0.1231874600,0.0270163286,0.0225131493,0.1223245487,0.1206631437,0.1198124588,0.0000000000,0.0000000000,0.0390494913,0.0984115824,0.1016620547,0.1144348085,0.1062743813,0.0000055735,0.0000000000,0.0000000000,0.0000000000,-0.0319787748,0.0679969862,-0.0021774436,0.0482511707,0.0679991916,0.0032848208
20:20:04:31.282,61,0.0000000012,0.1098061129,0.0792742521,0.0000000000,0.0000000000,0.1225301325,0.1290538907,0.0000000011,0.1098748669,0.0523993000,0.0000000000,0.0000000000,0.1227808669,0.1304108948,0.0417707004,0.0141187487,0.0000000000,0.0800674483,0.1002047360,0.0842791349,0.1528167576,0.0548857972,0.0000000000,0.0880043730,0.0595999770,0.0000000000,0.0000000000,0.0480444394,0.0458305106,0.1805079430,0.1617739648,0.1240125597,0.0366960913,0.1796287894,0.1006251946,0.0522341877,0.0528425612,0.1405557841,0.1244392991,0.0271230415,0.0225924812,0.1220535710,0.1203804091,0.1210604534,0.0000000000,0.0000000000,0.0386759266,0.0987285003,0.1018627137,0.1144813746,0.1062431931,0.0000079657,0.0000000000,0.0000000000,0.0000000000,-0.0319368057,0.0671530291,-0.0021475148,0.0483168997,0.0671552196,0.0032483432
20:20:04:32.284,61,0.0000000011,0.1087707207,0.0788972601,0.0000000000,0.0000000000,0.1230151579,0.1283700615,0.0000000011,0.1088367254,0.0528335348,0.0000000000,0.0000000000,0.1232665628,0.1297374517,0.0420687012,0.0139139099,0.0000000000,0.0813664347,0.1030842885,0.0860647261,0.1521738917,0.0555402674,0.0000000000,0.0879224613,0.0595322177,0.0000000000,0.0000000000,0.0481336229,0.0459434167,0.1836959422,0.1651234776,0.1241710857,0.0368395969,0.1791704893,0.1002815142,0.0519286580,0.0525233112,0.1451043934,0.1289334148,0.0272763241,0.0227448959,0.1216261312,0.1199523062,0.1225529760,0.0000000000,0.0000000000,0.0381907150,0.0992431641,0.1023630276,0.1147520468,0.1064742953,0.0000119647,0.0000000000,0.0000000000,0.0000000000,-0.0322028473,0.0665191188,-0.0021448957,0.0480891652,0.0665212721,0.0032024337
20:20:04:33.284,61,0.0000000010,0.1088549718,0.0787815899,0.0000000000,0.0000000000,0.1230615675,0.1280371994,0.0000000010,0.1089203954,0.0529488660,0.0000000000,0.0000000000,0.1233124956,0.1294075698,0.0422240421,0.0138380174,0.0000000000,0.0818270221,0.1038952395,0.0867689177,0.1516687870,0.0558945835,0.0000000000,0.0860507414,0.0587019585,0.0000000000,0.0000000000,0.0480866954,0.0459441133,0.1845570058,0.1660746783,0.1241199672,0.0368594043,0.1790516078,0.1002215669,0.0517299473,0.0523132756,0.1461998075,0.1300819814,0.0273899101,0.0228653699,0.1210907623,0.1194217280,0.1230523586,0.0000000000,0.0000000000,0.0378899947,0.0992636010,0.1023986638,0.1147218496,0.1064564735,0.0000141793,0.0000000000,0.0000000000,0.0000000000,-0.0322730392,0.0665704086,-0.0021512317,0.0480184965,0.0665725842,0.0032002048
20:20:04:34.285,61,0.0000000009,0.1096575931,0.0783980563,0.0000000000,0.0000000000,0.1229972988,0.1258179694,0.0000000009,0.1097213477,0.0533751994,0.0000000000,0.0000000000,0.1232474893,0.1272033900,0.0423256494,0.0137538463,0.0000000000,0.0821361467,0.1043301448,0.0869505629,0.1512496620,0.0565032773,0.0000000000,0.0854662731,0.0580016561,0.0000000000,0.0000000000,0.0480460338,0.0459247343,0.1849070489,0.1664557755,0.1241882369,0.0368505381,0.1790233254,0.1001940891,0.0514945276,0.0520446524,0.1465181708,0.1304778159,0.0274844989,0.0229318235,0.1211044565,0.1194223091,0.1231933460,0.0000000000,0.0000000000,0.0375062861,0.0992822722,0.1023491025,0.1147738993,0.1064315736,0.0000090297,0.0000000000,0.0000000000,0.0000000000,-0.0325318202,0.0670604929,-0.0021844874,0.0477831662,0.0670626760,0.0032080479
20:20:04:35.286,61,0.0000000009,0.1099905372,0.0785864368,0.0000000000,0.0000000000,0.1229122579,0.1244420335,0.0000000008,0.1100554764,0.0531968735,0.0000000000,0.0000000000,0.1231604889,0.1257930696,0.0423000753,0.0137512684,0.0000000000,0.0820839182,0.1042362005,0.0866072401,0.1507620811,0.0563822836,0.0000000000,0.0848040134,0.0578563139,0.0000000000,0.0000000000,0.0479561165,0.0459109731,0.1847583055,0.1664981097,0.1240693927,0.0367805846,0.1789885461,0.1002016440,0.0513038114,0.0518263616,0.1455067545,0.1302790195,0.0274565965,0.0229523499,0.1214461923,0.1197726205,0.1228988320,0.0000000000,0.0000000000,0.0370852351,0.0989601463,0.1021089926,0.1146126986,0.1063577309,0.0000084931,0.0000000000,0.0000000000,0.0000000000,-0.0324226841,0.0672644675,-0.0021838036,0.0478973240,0.0672666728,0.0032255168
20:20:04:36.288,61,0.0000000008,0.1089776605,0.0777743384,0.0000000000,0.0000000000,0.1231644228,0.1240687296,0.0000000008,0.1090376899,0.0539894812,0.0000000000,0.0000000000,0.1234144494,0.1254261285,0.0423095338,0.0138525739,0.0000000000,0.0821279064,0.1042159274,0.0866965130,0.1505104005,0.0588632934,0.0000000000,0.0847975165,0.0574926436,0.0000000000,0.0000000000,0.0479491539,0.0458918288,0.1850339025,0.1665861607,0.1239566505,0.0367256589,0.1791601181,0.1003220007,0.0512163453,0.0517368093,0.1452676803,0.1301205009,0.0275128018,0.0229744557,0.1213000864,0.1196136177,0.1230026558,0.0000000000,0.0000000000,0.0369198881,0.0990252867,0.1021044552,0.1145647839,0.1062628850,0.0000102525,0.0000000000,0.0000000000,0.0000000000,-0.0329071395,0.0666434839,-0.0021958989,0.0474043377,0.0666456521,0.0031627833
20:20:04:37.289,61,0.0000000007,0.1069058701,0.0760267228,0.0000000000,0.0000000000,0.1236681938,0.1238212287,0.0000000007,0.1069556102,0.0557386428,0.0000000000,0.0000000000,0.1239205822,0.1251801848,0.0422940180,0.0138750607,0.0000000000,0.0821874216,0.1042321175,0.0869228169,0.1508098692,0.0595584773,0.0000000000,0.0845278278,0.0571214817,0.0000000000,0.0000000000,0.0478754118,0.0458297133,0.1853751093,0.1668624729,0.1236438379,0.0366520882,0.1792314500,0.1003610715,0.0511565991,0.0516765490,0.1450737268,0.1300113499,0.0275022183,0.0229679253,0.1211025417,0.1194189414,0.1231888756,0.0000000000,0.0000000000,0.0368295386,0.0990528241,0.1021339521,0.1144454852,0.1061544344,0.0000132583,0.0000000000,0.0000000000,0.0000000000,-0.0339761265,0.0653732419,-0.0022238675,0.0463430174,0.0653753877,0.0030329209
20:20:04:38.289,61,0.0000000007,0.1060055420,0.0755814016,0.0000000000,0.0000000000,0.1241567731,0.1239490360,0.0000000006,0.1060525477,0.0561691783,0.0000000000,0.0000000000,0.1244130358,0.1253203005,0.0422807746,0.0139544886,0.0000000000,0.0823139995,0.1043691561,0.0874527991,0.1510702819,0.0605334900,0.0000000000,0.0843538791,0.0565686673,0.0000000000,0.0000000000,0.0478106886,0.0457554832,0.1868459731,0.1673814058,0.1232341006,0.0365606099,0.1792308539,0.1003511697,0.0510534197,0.0515835732,0.1453019381,0.1301399767,0.0275717601,0.0230046157,0.1209641472,0.1192795411,0.1235378906,0.0000000000,0.0000000000,0.0366967581,0.0991234854,0.1021904871,0.1144265980,0.1061100736,0.0000152931,0.0000000000,0.0000000000,0.0000000000,-0.0342397988,0.0648218617,-0.0022221634,0.0460732244,0.0648240075,0.0029897741
20:20:04:39.290,61,0.0000000006,0.1071272045,0.0740061179,0.0000000000,0.0000000000,0.1241229475,0.1232210696,0.0000000006,0.1071664020,0.0577579886,0.0000000000,0.0000000000,0.1243784577,0.1245747358,0.0422829092,0.0138591016,0.0000000000,0.0823618248,0.1044278592,0.0876038894,0.1510572433,0.0602495447,0.0000000000,0.0840885714,0.0565446652,0.0000000000,0.0000000000,0.0477135479,0.0457127020,0.1870722324,0.1676100940,0.1229814962,0.0365015641,0.1789127588,0.1001794338,0.0508623533,0.0513727404,0.1454757601,0.1303941309,0.0276216343,0.0230917353,0.1219174340,0.1202684715,0.1240295395,0.0000000000,0.0000000000,0.0364143029,0.0990044922,0.1021751314,0.1144298241,0.1061754450,0.0000180616,0.0000000000,0.0000000000,0.0000000000,-0.0352067426,0.0655048862,-0.0023090367,0.0451109409,0.0655070320,0.0029583054
20:20:04:40.291,61,0.0000000006,0.1088551581,0.0728847384,0.0000000000,0.0000000000,0.1237588301,0.1229421794,0.0000000005,0.1088890359,0.0588741079,0.0000000000,0.0000000000,0.1240121052,0.1242976040,0.0423650742,0.0138602657,0.0000000000,0.0825046301,0.1045089439,0.0875006691,0.1489538699,0.0603968874,0.0000000000,0.0850661099,0.0567327775,0.0000000000,0.0000000000,0.0478384197,0.0458490178,0.1872466803,0.1677329242,0.1230775267,0.0365527570,0.1786887199,0.1000326425,0.0506308042,0.0511202216,0.1455891430,0.1304903626,0.0276818536,0.0231364612,0.1221274734,0.1204681695,0.1242120117,0.0000000000,0.0000000000,0.0359894894,0.0988908112,0.1019876748,0.1142966747,0.1060108542,0.0000147038,0.0000000000,0.0000000000,0.0000000000,-0.0358845852,0.0665594488,-0.0023914739,0.0444242954,0.0665616095,0.0029603445
20:20:04:41.293,61,0.0000000005,0.1112832651,0.0720493570,0.0000000000,0.0000000000,0.1232640892,0.1209524795,0.0000000005,0.1113133430,0.0596973747,0.0000000000,0.0000000000,0.1235143170,0.1223266795,0.0424473956,0.0138705410,0.0000000000,0.0825033560,0.1044068933,0.0871956274,0.1470121294,0.0606413893,0.0000000000,0.0864351019,0.0569396466,0.0000000000,0.0000000000,0.0479908288,0.0460016914,0.1870818883,0.1675666869,0.1231868565,0.0366337970,0.1783787012,0.0998535454,0.0504257977,0.0508800186,0.1455766857,0.1304554492,0.0277173240,0.0231413264,0.1225950643,0.1209134907,0.1241322383,0.0000000000,0.0000000000,0.0355808809,0.0986207724,0.1016011834,0.1140336245,0.1056988612,0.0000096405,0.0000000000,0.0000000000,0.0000000000,-0.0363827422,0.0680425689,-0.0024788503,0.0439107381,0.0680447817,0.0029915455
20:20:04:42.293,61,0.0000000005,0.1123133078,0.0716032758,0.0000000000,0.0000000000,0.1227888688,0.1198063865,0.0000000005,0.1123414934,0.0601313785,0.0000000000,0.0000000000,0.1230390295,0.1212449670,0.0423813500,0.0140206395,0.0000000000,0.0824790522,0.1043465286,0.0872718245,0.1463483572,0.0647841915,0.0000000000,0.0903935283,0.0571379475,0.0000000000,0.0000000000,0.0481327474,0.0460961424,0.1870284230,0.1672540903,0.1230143905,0.0366212763,0.1781904399,0.0997606218,0.0502378792,0.0506770238,0.1457696855,0.1304657012,0.0278789569,0.0231994912,0.1227511019,0.1210289523,0.1241594106,0.0000000000,0.0000000000,0.0353608355,0.0985529572,0.1013700068,0.1139571369,0.1055056602,0.0000085558,0.0000000000,0.0000000000,0.0000000000,-0.0366456732,0.0686716959,-0.0025199144,0.0436369851,0.0686737746,0.0030004748
20:20:04:43.294,61,0.0000000004,0.1116947681,0.0718524978,0.0000000000,0.0000000000,0.1228478849,0.1190938726,0.0000000004,0.1117241383,0.0598833188,0.0000000000,0.0000000000,0.1231001019,0.1205605194,0.0423530750,0.0140992338,0.0000000000,0.0825537965,0.1044069827,0.0873719007,0.1464054585,0.0658747703,0.0000000000,0.0916882977,0.0574419722,0.0000000000,0.0000000000,0.0481971502,0.0461366065,0.1869932860,0.1671073884,0.1229753122,0.0366174541,0.1781288385,0.0997086167,0.0501690246,0.0506078862,0.1459763050,0.1305432171,0.0279719178,0.0232511293,0.1228731126,0.1211349070,0.1244507879,0.0000000000,0.0000000000,0.0353014767,0.0987855718,0.1015699655,0.1141101345,0.1055886596,0.0000065315,0.0000000000,0.0000000000,0.0000000000,-0.0364954472,0.0682939440,-0.0024957408,0.0437900014,0.0682960525,0.0029943762
20:20:04:44.295,61,0.0000000004,0.1099924892,0.0718467087,0.0000000000,0.0000000000,0.1229784414,0.1229266077,0.0000000004,0.1100214794,0.0598519966,0.0000000000,0.0000000000,0.1232314259,0.1244141161,0.0423382260,0.0140958047,0.0000000000,0.0825859383,0.1044020578,0.0877281800,0.1474675238,0.0661714524,0.0000000000,0.0920489430,0.0575284474,0.0000000000,0.0000000000,0.0481908545,0.0461206734,0.1869498491,0.1670959443,0.1228141487,0.0365769640,0.1782954782,0.0998069346,0.0501953512,0.0506488830,0.1460212618,0.1305170953,0.0280319639,0.0233034864,0.1225457340,0.1208061501,0.1247336045,0.0000000000,0.0000000000,0.0353476554,0.0989558548,0.1017426178,0.1141707227,0.1056460440,0.0000061184,0.0000000000,0.0000000000,0.0000000000,-0.0364789292,0.0672531128,-0.0024564769,0.0437895618,0.0672551543,0.0029485715
20:20:04:45.297,61,0.0000000004,0.1105063558,0.0712424293,0.0000000000,0.0000000000,0.1229859143,0.1248328090,0.0000000004,0.1105322018,0.0604551807,0.0000000000,0.0000000000,0.1232385561,0.1262956113,0.0424659774,0.0138737597,0.0000000000,0.0827929899,0.1046305373,0.0881363526,0.1475995630,0.0660975352,0.0000000000,0.0925426334,0.0578073561,0.0000000000,0.0000000000,0.0482618324,0.0461869426,0.1872151643,0.1675356179,0.1228714511,0.0365939178,0.1782892942,0.0997562334,0.0501353405,0.0505784862,0.1463809162,0.1308376789,0.0281279776,0.0233860631,0.1222388148,0.1204999462,0.1250448078,0.0000000000,0.0000000000,0.0351960585,0.0992498472,0.1020303071,0.1144342348,0.1058732942,0.0000080932,0.0000000000,0.0000000000,0.0000000000,-0.0368457809,0.0675662160,-0.0024927561,0.0434203409,0.0675682724,0.0029373786
20:20:04:46.298,61,0.0000000003,0.1115954518,0.0712991804,0.0000000000,0.0000000000,0.1228084639,0.1257779151,0.0000000003,0.1116218567,0.0604067296,0.0000000000,0.0000000000,0.1230578199,0.1272159815,0.0426656902,0.0135772377,0.0000000000,0.0831092149,0.1049887836,0.0884073675,0.1473261714,0.0621902794,0.0000000000,0.0924714655,0.0582976080,0.0000000000,0.0000000000,0.0483015217,0.0462876298,0.1871765405,0.1678989530,0.1230534911,0.0366854928,0.1779694110,0.0995366052,0.0499845110,0.0504081771,0.1467340738,0.1312858611,0.0282086544,0.0235125553,0.1218233481,0.1200989634,0.1252802908,0.0000000000,0.0000000000,0.0349015035,0.0993824601,0.1022546738,0.1146314517,0.1061438099,0.0000083502,0.0000000000,0.0000000000,0.0000000000,-0.0368145891,0.0682322234,-0.0025152727,0.0434529670,0.0682342947,0.0029686498
20:20:04:47.299,61,0.0000000003,0.1133105606,0.0723533779,0.0000000000,0.0000000000,0.1226523146,0.1259862483,0.0000000003,0.1133431718,0.0593743734,0.0000000000,0.0000000000,0.1228982806,0.1274042577,0.0428275540,0.0132323690,0.0000000000,0.0833158791,0.1052141339,0.0886471421,0.1472705603,0.0611455552,0.0000000000,0.0928514153,0.0587151609,0.0000000000,0.0000000000,0.0483851880,0.0463736393,0.1871734113,0.1681319624,0.1232532039,0.0367405228,0.1779560894,0.0995034948,0.0499606840,0.0503672734,0.1471044868,0.1316482723,0.0283081867,0.0236073565,0.1215624735,0.1198447794,0.1253480315,0.0000000000,0.0000000000,0.0348085165,0.0996286720,0.1024702489,0.1149525940,0.1064519063,0.0000074574,0.0000000000,0.0000000000,0.0000000000,-0.0361828022,0.0692828223,-0.0025103125,0.0440922603,0.0692849234,0.0030588259
20:20:04:48.300,61,0.0000000003,0.1147954538,0.0731607452,0.0000000000,0.0000000000,0.1224086657,0.1264943480,0.0000000003,0.1148329601,0.0585918836,0.0000000000,0.0000000000,0.1226507425,0.1278894097,0.0429873839,0.0128783444,0.0000000000,0.0834873840,0.1053887829,0.0888443813,0.1474149376,0.0599063709,0.0000000000,0.0919732228,0.0587525181,0.0000000000,0.0000000000,0.0483528301,0.0463810936,0.1871130019,0.1684563607,0.1234638095,0.0367614739,0.1780837029,0.0995761901,0.0499720015,0.0503620803,0.1471616775,0.1318203658,0.0283679906,0.0237094723,0.1213103682,0.1196099520,0.1253031939,0.0000000000,0.0000000000,0.0347745307,0.0997131914,0.1026163101,0.1152206585,0.1067885458,0.0000085935,0.0000000000,0.0000000000,0.0000000000,-0.0357036926,0.0701922774,-0.0025097090,0.0445814431,0.0701944008,0.0031334697
20:20:04:49.301,61,0.0000000003,0.1156744063,0.0739005432,0.0000000000,0.0000000000,0.1221474856,0.1284999847,0.0000000003,0.1157163978,0.0578640215,0.0000000000,0.0000000000,0.1223851591,0.1298033297,0.0431507304,0.0126412082,0.0000000000,0.0837372392,0.1056119874,0.0888743699,0.1474633813,0.0588114560,0.0000000000,0.0906359479,0.0588367917,0.0000000000,0.0000000000,0.0483359173,0.0464250296,0.1871813238,0.1688777804,0.1238559857,0.0368282385,0.1782753319,0.0996356383,0.0499651991,0.0503534973,0.1471288800,0.1318902075,0.0283702500,0.0237788819,0.1208644435,0.1191819757,0.1251160353,0.0000000000,0.0000000000,0.0346393138,0.0997588038,0.1027825773,0.1154801026,0.1071580201,0.0000074246,0.0000000000,0.0000000000,0.0000000000,-0.0352588110,0.0707311630,-0.0024975408,0.0450305454,0.0707333013,0.0031893929
20:20:04:50.301,61,0.0000000002,0.1173160002,0.0745350942,0.0000000000,0.0000000000,0.1218726337,0.1296091676,0.0000000002,0.1173622385,0.0572248995,0.0000000000,0.0000000000,0.1221054271,0.1308367699,0.0432034694,0.0123340376,0.0000000000,0.0837775916,0.1056177765,0.0886658877,0.1477428377,0.0548124090,0.0000000000,0.0897754654,0.0592611395,0.0000000000,0.0000000000,0.0482420959,0.0464144163,0.1870222986,0.1692007482,0.1241708398,0.0367731228,0.1787868440,0.0999413431,0.0499767400,0.0503530912,0.1467870027,0.1317913085,0.0283692889,0.0238771178,0.1209137514,0.1192569807,0.1252401173,0.0000000000,0.0000000000,0.0344830677,0.0998809189,0.1031080857,0.1158622429,0.1076971889,0.0000061846,0.0000000000,0.0000000000,0.0000000000,-0.0348668732,0.0717361867,-0.0025050032,0.0454139523,0.0717383698,0.0032623895
20:20:04:51.302,61,0.0000000002,0.1186564788,0.0747977868,0.0000000000,0.0000000000,0.1216199547,0.1339465082,0.0000000002,0.1187047511,0.0569792949,0.0000000000,0.0000000000,0.1218500063,0.1351188719,0.0431318134,0.0121574169,0.0000000000,0.0836366192,0.1054096892,0.0886210203,0.1523270756,0.0539033078,0.0000000000,0.0895293802,0.0594301187,0.0000000000,0.0000000000,0.0481116809,0.0462954417,0.1866768450,0.1690933108,0.1241746321,0.0366567820,0.1794260442,0.1003215834,0.0501405224,0.0505292751,0.1463635564,0.1314401031,0.0283660050,0.0239054225,0.1204618588,0.1188249886,0.1251596510,0.0000000000,0.0000000000,0.0346702188,0.1000198945,0.1033631042,0.1162545756,0.1081255302,0.0000045869,0.0000000000,0.0000000000,0.0000000000,-0.0347151682,0.0725564063,-0.0025227249,0.0455713160,0.0725585744,0.0033112464
20:20:04:52.303,61,0.0000000002,0.1193423644,0.0740769580,0.0000000000,0.0000000000,0.1213482246,0.1390318722,0.0000000002,0.1193867102,0.0576901585,0.0000000000,0.0000000000,0.1215772331,0.1402864158,0.0430183709,0.0121709136,0.0000000000,0.0833177269,0.1049798578,0.0883393884,0.1538067460,0.0536492579,0.0000000000,0.0895252079,0.0596990883,0.0000000000,0.0000000000,0.0480566807,0.0462234393,0.1864063889,0.1688875556,0.1242853701,0.0365635902,0.1800125241,0.1006712094,0.0503943972,0.0508216657,0.1458659172,0.1309249252,0.0283213053,0.0238938965,0.1203226224,0.1187040806,0.1248161048,0.0000000000,0.0000000000,0.0350087024,0.1000798047,0.1035889238,0.1166270003,0.1085265353,0.0000030324,0.0000000000,0.0000000000,0.0000000000,-0.0351471975,0.0729743466,-0.0025688712,0.0451307558,0.0729765445,0.0032982139
20:20:04:53.304,61,0.0000000002,0.1185833290,0.0734487101,0.0000000000,0.0000000000,0.1210316569,0.1502404511,0.0000000002,0.1186238378,0.0582716130,0.0000000000,0.0000000000,0.1212651581,0.1519257575,0.0428637899,0.0125859994,0.0000000000,0.0830841884,0.1046128720,0.0884980261,0.1564632505,0.0697577372,0.0000000000,0.0892946646,0.0558861569,0.0000000000,0.0000000000,0.0479535721,0.0460391305,0.1864037365,0.1684592813,0.1242424920,0.0364191458,0.1825624853,0.1012673751,0.0506577529,0.0511549301,0.1453755200,0.1299724430,0.0284192208,0.0238960665,0.1193098798,0.1176241338,0.1245242655,0.0000000000,0.0000000000,0.0355677567,0.1001546383,0.1036660895,0.1168191805,0.1085718572,0.0000020522,0.0000000000,0.0000000000,0.0000000000,-0.0355026536,0.0725089610,-0.0025782338,0.0447495244,0.0725111589,0.0032494422
20:20:04:54.306,61,0.0000000002,0.1186668947,0.0731308609,0.0000000000,0.0000000000,0.1208063066,0.1554189920,0.0000000002,0.1187056527,0.0585648865,0.0000000000,0.0000000000,0.1210481003,0.1573179215,0.0427515656,0.0130651454,0.0000000000,0.0829999894,0.1044396535,0.0888182074,0.1576717496,0.0802646726,0.0000000000,0.0894886330,0.0536570624,0.0000000000,0.0000000000,0.0479089692,0.0458656996,0.1866786629,0.1680501848,0.1243357062,0.0363118239,0.1837398410,0.1017621011,0.0508640856,0.0514359102,0.1452196687,0.1293949932,0.0285855476,0.0238933358,0.1185684577,0.1168421060,0.1243398935,0.0000000000,0.0000000000,0.0361314043,0.1004234254,0.1038287431,0.1171525940,0.1086372286,0.0000030305,0.0000000000,0.0000000000,0.0000000000,-0.0356811956,0.0725594312,-0.0025930048,0.0445557088,0.0725616217,0.0032376375
20:20:04:55.306,61,0.0000000002,0.1186703444,0.0730106086,0.0000000000,0.0000000000,0.1207354814,0.1589362174,0.0000000002,0.1187084466,0.0586753935,0.0000000000,0.0000000000,0.1209863275,0.1609576643,0.0426205285,0.0135837216,0.0000000000,0.0828409195,0.1041875854,0.0892455727,0.1603660136,0.0844651386,0.0000000000,0.0891674235,0.0485277176,0.0000000000,0.0000000000,0.0477960669,0.0456324629,0.1870863587,0.1677353084,0.1242571399,0.0361764319,0.1847218573,0.1022889465,0.0511538684,0.0518032685,0.1449248642,0.1287443787,0.0287134703,0.0238625202,0.1179220527,0.1161656231,0.1240541786,0.0000000000,0.0000000000,0.0374818370,0.1006081849,0.1039297208,0.1173476279,0.1085867509,0.0000032699,0.0000000000,0.0000000000,0.0000000000,-0.0357485265,0.0725613087,-0.0025979630,0.0444824360,0.0725634992,0.0032324009
20:20:04:56.309,61,0.0000000001,0.1187233105,0.0728425086,0.0000000000,0.0000000000,0.1206149980,0.1605401486,0.0000000001,0.1187604740,0.0588321388,0.0000000000,0.0000000000,0.1208725199,0.1626071483,0.0424550958,0.0139848953,0.0000000000,0.0826165974,0.1038967520,0.0894875303,0.1614168882,0.0863515362,0.0000000000,0.0888363123,0.0466851592,0.0000000000,0.0000000000,0.0476200730,0.0453675240,0.1873244196,0.1674292237,0.1241779700,0.0359787792,0.1855667979,0.1028617024,0.0513027385,0.0520085469,0.1446315497,0.1281759441,0.0288933441,0.0239015929,0.1175428927,0.1157605723,0.1242385954,0.0000000000,0.0000000000,0.0379765928,0.1009210795,0.1041711643,0.1177496612,0.1087530926,0.0000027491,0.0000000000,0.0000000000,0.0000000000,-0.0358439386,0.0725933537,-0.0026060482,0.0443799160,0.0725955516,0.0032263859
20:20:04:57.309,61,0.0000000001,0.1183447167,0.0725562200,0.0000000000,0.0000000000,0.1205939725,0.1617937833,0.0000000001,0.1183801740,0.0590963475,0.0000000000,0.0000000000,0.1208562553,0.1638775319,0.0423420705,0.0142419655,0.0000000000,0.0823852196,0.1035827175,0.0896991715,0.1620103121,0.0870134681,0.0000000000,0.0886292756,0.0456744432,0.0000000000,0.0000000000,0.0474932119,0.0451553315,0.1874706596,0.1671591401,0.1241726801,0.0358476602,0.1861645281,0.1033140495,0.0515226424,0.0522849001,0.1443794370,0.1276869327,0.0289922748,0.0238986108,0.1172078177,0.1154120341,0.1242757440,0.0000000000,0.0000000000,0.0385154262,0.1011743993,0.1043571234,0.1180700660,0.1088978574,0.0000032287,0.0000000000,0.0000000000,0.0000000000,-0.0360055156,0.0723613128,-0.0026093940,0.0442062393,0.0723634884,0.0032034582
20:20:04:58.310,61,0.0000000001,0.1180121973,0.0719581023,0.0000000000,0.0000000000,0.1206321642,0.1626945585,0.0000000001,0.1180440858,0.0596910901,0.0000000000,0.0000000000,0.1208986565,0.1647853851,0.0421956033,0.0144530218,0.0000000000,0.0820462704,0.1031460240,0.0897155628,0.1622756720,0.0873255655,0.0000000000,0.0886282697,0.0449431427,0.0000000000,0.0000000000,0.0473542102,0.0449279323,0.1873139143,0.1666684747,0.1240515038,0.0356996618,0.1866029948,0.1036892235,0.0516618267,0.0524495654,0.1439326406,0.1270506233,0.0290666278,0.0238537900,0.1169841513,0.1151615083,0.1242929026,0.0000000000,0.0000000000,0.0388564654,0.1013535932,0.1043813899,0.1182568520,0.1088614091,0.0000026502,0.0000000000,0.0000000000,0.0000000000,-0.0363684222,0.0721568391,-0.0026282086,0.0438424572,0.0721590072,0.0031681051
20:20:04:59.311,61,0.0000000001,0.1181718633,0.0721180439,0.0000000000,0.0000000000,0.1206813753,0.1630295962,0.0000000001,0.1182046831,0.0595439449,0.0000000000,0.0000000000,0.1209488511,0.1651067436,0.0421632119,0.0143758906,0.0000000000,0.0818879530,0.1029254496,0.0897822753,0.1622572839,0.0872029960,0.0000000000,0.0886507481,0.0443321504,0.0000000000,0.0000000000,0.0472856425,0.0447665416,0.1873710006,0.1665033847,0.1241187081,0.0356263854,0.1868779063,0.1039267182,0.0517717972,0.0525658056,0.1437328756,0.1267023087,0.0291184299,0.0238058455,0.1169385388,0.1150961742,0.1243449822,0.0000000000,0.0000000000,0.0391277373,0.1015855372,0.1044178382,0.1185183898,0.1089065596,0.0000039352,0.0000000000,0.0000000000,0.0000000000,-0.0362785049,0.0722547695,-0.0026252845,0.0439396016,0.0722569376,0.0031794447
20:20:05:00.312,61,0.0000000001,0.1183797643,0.0723724738,0.0000000000,0.0000000000,0.1205975935,0.1631259024,0.0000000001,0.1184140742,0.0593117252,0.0000000000,0.0000000000,0.1208611056,0.1651507914,0.0421551391,0.0141046038,0.0000000000,0.0818999559,0.1029414907,0.0897409916,0.1619993299,0.0627979636,0.0000000000,0.0867229998,0.0446541049,0.0000000000,0.0000000000,0.0471475683,0.0446616970,0.1871172041,0.1665633619,0.1240893751,0.0356185548,0.1865568608,0.1037708893,0.0516987182,0.0524805635,0.1435267180,0.1266227812,0.0290566552,0.0238036439,0.1164195091,0.1145946085,0.1246790886,0.0000000000,0.0000000000,0.0390036367,0.1016334519,0.1045462936,0.1186929494,0.1091717780,0.0000039352,0.0000000000,0.0000000000,0.0000000000,-0.0361366794,0.0723823905,-0.0026196609,0.0440942124,0.0723845661,0.0031962798
20:20:05:01.313,61,0.0000000001,0.1239981204,0.0731058344,0.0000000000,0.0000000000,0.1198061556,0.1568747163,0.0000000001,0.1240380406,0.0587456822,0.0000000000,0.0000000000,0.1200546697,0.1584820896,0.0420824662,0.0137932897,0.0000000000,0.0819035918,0.1029809043,0.0897064805,0.1621031314,0.0563469194,0.0000000000,0.0861772522,0.0462925173,0.0000000000,0.0000000000,0.0469911173,0.0445557199,0.1867278963,0.1665566564,0.1239589080,0.0355103798,0.1865650713,0.1038286537,0.0516228564,0.0523637682,0.1433776170,0.1266680211,0.0290874783,0.0238873977,0.1158280671,0.1140155718,0.1250400394,0.0000000000,0.0000000000,0.0388197042,0.1016712561,0.1046889871,0.1190923080,0.1096703336,0.0000046454,0.0000000000,0.0000000000,0.0000000000,-0.0357826799,0.0758191422,-0.0027176365,0.0445296802,0.0758214518,0.0033816590
20:20:05:02.314,61,0.0000000001,0.1340211779,0.0728797615,0.0000000000,0.0000000000,0.1176203117,0.1422300637,0.0000000001,0.1340624541,0.0591097698,0.0000000000,0.0000000000,0.1178540140,0.1436882317,0.0418674909,0.0135799805,0.0000000000,0.0815849006,0.1026633754,0.0895123333,0.1626296639,0.0614587925,0.0000000000,0.0902997777,0.0474876873,0.0000000000,0.0000000000,0.0468055718,0.0443603918,0.1850222647,0.1648894697,0.1235657185,0.0352540277,0.1869671345,0.1042194813,0.0516278073,0.0523259491,0.1431230456,0.1264785975,0.0292583797,0.0239932295,0.1139911488,0.1121169850,0.1252982318,0.0000000000,0.0000000000,0.0388366692,0.1016756296,0.1046320871,0.1196191609,0.1101153791,0.0000089496,0.0000000000,0.0000000000,0.0000000000,-0.0359870382,0.0819472820,-0.0029550125,0.0443705060,0.0819497257,0.0036431006
20:20:05:03.315,61,0.0000000001,0.1402189732,0.0728811398,0.0000000000,0.0000000000,0.1153529957,0.1361979991,0.0000000001,0.1402619183,0.0591749251,0.0000000000,0.0000000000,0.1155883446,0.1377215236,0.0416393541,0.0136037590,0.0000000000,0.0814083889,0.1025326997,0.0894830525,0.1643624455,0.0761662871,0.0000000000,0.0955654532,0.0482392013,0.0000000000,0.0000000000,0.0466956794,0.0441930555,0.1845531464,0.1641488075,0.1232780442,0.0349955857,0.1877113879,0.1046888977,0.0516106635,0.0522893332,0.1432185620,0.1264410466,0.0295342468,0.0241200924,0.1126652136,0.1106345579,0.1256621778,0.0000000000,0.0000000000,0.0388175249,0.1018487662,0.1046953797,0.1204838902,0.1106140316,0.0000083419,0.0000000000,0.0000000000,0.0000000000,-0.0360152461,0.0857368857,-0.0030947442,0.0443572327,0.0857394561,0.0038112430
20:20:05:04.317,61,0.0000000001,0.1451924443,0.0722429231,0.0000000000,0.0000000000,0.1124793515,0.1298869550,0.0000000001,0.1452323198,0.0598256402,0.0000000000,0.0000000000,0.1127258614,0.1315834522,0.0413246118,0.0138272084,0.0000000000,0.0813280717,0.1025322750,0.0895496458,0.1687567681,0.0828885958,0.0000000000,0.0973454565,0.0483957380,0.0000000000,0.0000000000,0.0465610623,0.0439964794,0.1844724864,0.1636131555,0.1228743121,0.0346976109,0.1886830032,0.1052159891,0.0515181348,0.0521872193,0.1433472782,0.1263721138,0.0298676696,0.0242686663,0.1116611734,0.1094991788,0.1259848475,0.0000000000,0.0000000000,0.0387645178,0.1018977463,0.1046811715,0.1212172657,0.1110721454,0.0000088138,0.0000000000,0.0000000000,0.0000000000,-0.0364016145,0.0887763351,-0.0032393916,0.0439571254,0.0887789950,0.0039114752
20:20:05:05.318,61,0.0000000001,0.1497341990,0.0715939030,0.0000000000,0.0000000000,0.1103572026,0.1269196570,0.0000000001,0.1497703046,0.0605577528,0.0000000000,0.0000000000,0.1106079668,0.1286771744,0.0410713032,0.0140042696,0.0000000000,0.0813085958,0.1026067734,0.0895322412,0.1703330874,0.0855824053,0.0000000000,0.0985947102,0.0489442647,0.0000000000,0.0000000000,0.0464906022,0.0438858196,0.1846899986,0.1634985358,0.1225863844,0.0344341435,0.1893141568,0.1056069210,0.0514021218,0.0520704016,0.1436272115,0.1264900863,0.0301281158,0.0244073141,0.1108805165,0.1086697206,0.1264146566,0.0000000000,0.0000000000,0.0386293195,0.1019147411,0.1047080159,0.1218566298,0.1115516350,0.0000112010,0.0000000000,0.0000000000,0.0000000000,-0.0368378423,0.0915517733,-0.0033812462,0.0435512885,0.0915544778,0.0039972090
20:20:05:06.319,61,0.0000000001,0.1515437961,0.0717463568,0.0000000000,0.0000000000,0.1090066433,0.1250976473,0.0000000001,0.1515814066,0.0604205616,0.0000000000,0.0000000000,0.1092591211,0.1268866360,0.0408108942,0.0142047182,0.0000000000,0.0810493231,0.1023436263,0.0893781185,0.1711736768,0.0872363150,0.0000000000,0.0994168296,0.0491756164,0.0000000000,0.0000000000,0.0464218818,0.0437444709,0.1847635359,0.1631504595,0.1224016175,0.0341655351,0.1903844625,0.1061745584,0.0514525697,0.0521356128,0.1435932517,0.1262678504,0.0303605329,0.0244969707,0.1102613807,0.1080236584,0.1267478317,0.0000000000,0.0000000000,0.0387888514,0.1018998474,0.1046395749,0.1223896146,0.1118903160,0.0000097201,0.0000000000,0.0000000000,0.0000000000,-0.0367506370,0.0926585644,-0.0034142584,0.0436395779,0.0926613137,0.0040540048
20:20:05:07.319,61,0.0000000001,0.1516963542,0.0713410676,0.0000000000,0.0000000000,0.1079742387,0.1239723712,0.0000000001,0.1517310739,0.0608047582,0.0000000000,0.0000000000,0.1082265154,0.1257659942,0.0405186005,0.0144420024,0.0000000000,0.0808051899,0.1021041051,0.0892024934,0.1719154418,0.0857844502,0.0000000000,0.0992768407,0.0495405123,0.0000000000,0.0000000000,0.0462855659,0.0436037406,0.1846369058,0.1628599465,0.1220878512,0.0339162908,0.1909916401,0.1066038460,0.0514517091,0.0521518886,0.1434127092,0.1260318905,0.0304982495,0.0245966837,0.1096911058,0.1074620485,0.1271811128,0.0000000000,0.0000000000,0.0388314873,0.1017078161,0.1045708284,0.1227710843,0.1122685000,0.0000135993,0.0000000000,0.0000000000,0.0000000000,-0.0369840115,0.0927508622,-0.0034393719,0.0433926843,0.0927535892,0.0040351208
20:20:05:08.320,61,0.0000000001,0.1531918049,0.0705020651,0.0000000000,0.0000000000,0.1070682481,0.1212694198,0.0000000001,0.1532204598,0.0616648085,0.0000000000,0.0000000000,0.1073187590,0.1230134442,0.0402575210,0.0145685291,0.0000000000,0.0804597139,0.1017253697,0.0889365301,0.1722465158,0.0854714364,0.0000000000,0.0996745974,0.0500964113,0.0000000000,0.0000000000,0.0462032482,0.0434852652,0.1842072457,0.1622313410,0.1218578368,0.0336668156,0.1916331202,0.1071335450,0.0515058748,0.0522103459,0.1431880444,0.1257386208,0.0306981895,0.0247105137,0.1094927415,0.1072714180,0.1273254007,0.0000000000,0.0000000000,0.0389580540,0.1016187966,0.1044816822,0.1231961921,0.1126086116,0.0000130204,0.0000000000,0.0000000000,0.0000000000,-0.0375039354,0.0936631113,-0.0035222035,0.0428787135,0.0936659127,0.0040268051
20:20:05:09.322,61,0.0000000001,0.1547708511,0.0699312985,0.0000000000,0.0000000000,0.1063290015,0.1180088744,0.0000000000,0.1547955573,0.0622179136,0.0000000000,0.0000000000,0.1065770313,0.1196233705,0.0400151834,0.0145544494,0.0000000000,0.0799831301,0.1012352556,0.0886274949,0.1725590527,0.0803359300,0.0000000000,0.0999177471,0.0532159805,0.0000000000,0.0000000000,0.0460965075,0.0433938988,0.1838684827,0.1619590968,0.1215316802,0.0334022753,0.1921731830,0.1076157242,0.0516291112,0.0523306616,0.1429440975,0.1255611479,0.0307957679,0.0248144977,0.1092486531,0.1070595086,0.1277066022,0.0000000000,0.0000000000,0.0391114056,0.1014422327,0.1044267491,0.1235444620,0.1130239144,0.0000115301,0.0000000000,0.0000000000,0.0000000000,-0.0378368907,0.0946271569,-0.0035902504,0.0425277092,0.0946299583,0.0040352126
20:20:05:10.323,61,0.0000000000,0.1549346596,0.0702119917,0.0000000000,0.0000000000,0.1058069244,0.1134571731,0.0000000000,0.1549614221,0.0619656406,0.0000000000,0.0000000000,0.1060524434,0.1150306687,0.0398227796,0.0146274837,0.0000000000,0.0795845762,0.1008333266,0.0883544013,0.1724911183,0.0787609518,0.0000000000,0.1008025035,0.0569038875,0.0000000000,0.0000000000,0.0460763648,0.0433714762,0.1834960133,0.1615332365,0.1212423667,0.0332114473,0.1923356950,0.1078829765,0.0516785905,0.0523788296,0.1429512650,0.1255443394,0.0309259538,0.0249241609,0.1092764810,0.1071079299,0.1280424893,0.0000000000,0.0000000000,0.0391553231,0.1013616771,0.1043904051,0.1237751618,0.1133031920,0.0000093638,0.0000000000,0.0000000000,0.0000000000,-0.0376831107,0.0947280005,-0.0035794990,0.0426980034,0.0947307870,0.0040557035
20:20:05:11.324,61,0.0000000000,0.1561322510,0.0704288557,0.0000000000,0.0000000000,0.1052798331,0.1089909524,0.0000000000,0.1561609507,0.0617149509,0.0000000000,0.0000000000,0.1055229530,0.1105421484,0.0395772234,0.0145913828,0.0000000000,0.0789976567,0.1000718921,0.0879203454,0.1726712584,0.0782005489,0.0000000000,0.1041799486,0.0584867895,0.0000000000,0.0000000000,0.0460433140,0.0432970971,0.1818534136,0.1594900638,0.1210019365,0.0329892486,0.1928908974,0.1084350422,0.0519119315,0.0526027046,0.1426216215,0.1251852363,0.0310671683,0.0249996465,0.1094500795,0.1072972491,0.1281294078,0.0000000000,0.0000000000,0.0395438112,0.1013218462,0.1042897925,0.1240576208,0.1135492101,0.0000049685,0.0000000000,0.0000000000,0.0000000000,-0.0375280343,0.0954607204,-0.0035925165,0.0428268947,0.0954635665,0.0040995968
20:20:05:12.325,61,0.0000000000,0.1568580568,0.0707728192,0.0000000000,0.0000000000,0.1047965363,0.1055157930,0.0000000000,0.1568896025,0.0613569729,0.0000000000,0.0000000000,0.1050345376,0.1069168374,0.0393758826,0.0142915761,0.0000000000,0.0784346461,0.0994303599,0.0874694735,0.1726663858,0.0682593957,0.0000000000,0.1049652621,0.0618067160,0.0000000000,0.0000000000,0.0459634624,0.0432623997,0.1790230870,0.1585917026,0.1207156107,0.0328242294,0.1929877251,0.1086816564,0.0521193705,0.0527782477,0.1422235221,0.1249896586,0.0310448110,0.0250583142,0.1099309921,0.1078293398,0.1280266196,0.0000000000,0.0000000000,0.0398487486,0.1010385528,0.1041352004,0.1241579279,0.1138783321,0.0000064656,0.0000000000,0.0000000000,0.0000000000,-0.0373087674,0.0959053561,-0.0035882739,0.0430342183,0.0959082097,0.0041387351
20:20:05:13.326,61,0.0000000000,0.1567072570,0.0710759088,0.0000000000,0.0000000000,0.1044765115,0.1039123535,0.0000000000,0.1567411274,0.0610597283,0.0000000000,0.0000000000,0.1047096327,0.1052602753,0.0393191352,0.0140904272,0.0000000000,0.0782385990,0.0992164537,0.0871907920,0.1707630903,0.0651744604,0.0000000000,0.1047142074,0.0630288124,0.0000000000,0.0000000000,0.0459059887,0.0432736725,0.1779332161,0.1581776142,0.1205270663,0.0327715762,0.1926788539,0.1086113527,0.0520880148,0.0527101196,0.1420442462,0.1249960810,0.0310385507,0.0251323916,0.1095808968,0.1075199842,0.1279956698,0.0000000000,0.0000000000,0.0397316478,0.1008073986,0.1039982066,0.1241406500,0.1140561849,0.0000089263,0.0000000000,0.0000000000,0.0000000000,-0.0371283479,0.0958139524,-0.0035675052,0.0432188995,0.0958167762,0.0041524987
20:20:05:14.327,61,0.0000000000,0.1551187634,0.0724032745,0.0000000000,0.0000000000,0.1043630838,0.1028232500,0.0000000000,0.1551625431,0.0596825406,0.0000000000,0.0000000000,0.1045945883,0.1041541323,0.0392698348,0.0140512539,0.0000000000,0.0780576319,0.0989993513,0.0871423930,0.1705501080,0.0641791001,0.0000000000,0.1044093892,0.0632605031,0.0000000000,0.0000000000,0.0458372273,0.0432332307,0.1773420572,0.1578271240,0.1203292161,0.0327157192,0.1928039342,0.1087910384,0.0521833487,0.0527780429,0.1418072730,0.1248499602,0.0310557541,0.0251609832,0.1099041924,0.1078582555,0.1280332506,0.0000000000,0.0000000000,0.0398078933,0.1006120369,0.1037790105,0.1239950284,0.1140151545,0.0000109501,0.0000000000,0.0000000000,0.0000000000,-0.0362942778,0.0948460624,-0.0034519569,0.0440301038,0.0948488712,0.0041873963
20:20:05:15.328,61,0.0000000000,0.1530909538,0.0742200315,0.0000000000,0.0000000000,0.1044289917,0.0913816541,0.0000000000,0.1531480849,0.0577853285,0.0000000000,0.0000000000,0.1046605781,0.0926794261,0.0392019786,0.0139093716,0.0000000000,0.0779750794,0.0989587680,0.0873474553,0.1706333309,0.0636184961,0.0000000000,0.1023401171,0.0630584210,0.0000000000,0.0000000000,0.0457614474,0.0432175361,0.1772178560,0.1579376906,0.1198855415,0.0326760337,0.1926103532,0.1087420434,0.0521733277,0.0527001657,0.1416558176,0.1249008626,0.0310526807,0.0251944251,0.1127317920,0.1107180044,0.1278327852,0.0000000000,0.0000000000,0.0396914631,0.1003573686,0.1035328731,0.1236808300,0.1138943434,0.0000175930,0.0000000000,0.0000000000,0.0000000000,-0.0351446308,0.0936108232,-0.0032988705,0.0451401919,0.0936135948,0.0042366586
20:20:05:16.329,61,0.0000000000,0.1504135430,0.0758373514,0.0000000000,0.0000000000,0.1045241132,0.0852021649,0.0000000000,0.1504818946,0.0560740121,0.0000000000,0.0000000000,0.1047562733,0.0864777416,0.0391796157,0.0138214277,0.0000000000,0.0779984817,0.0989970863,0.0873442441,0.1706788838,0.0630366579,0.0000000000,0.1014920399,0.0632842779,0.0000000000,0.0000000000,0.0458246842,0.0433604382,0.1774581224,0.1583866477,0.1196940765,0.0327352211,0.1923822463,0.1085563228,0.0522194244,0.0526957996,0.1414853483,0.1249863207,0.0309141260,0.0251490474,0.1137152985,0.1117200181,0.1274620891,0.0000000000,0.0000000000,0.0396026149,0.1000350788,0.1032695770,0.1231687814,0.1136572883,0.0000165809,0.0000000000,0.0000000000,0.0000000000,-0.0341089852,0.0919778123,-0.0031455269,0.0461308509,0.0919805393,0.0042536128
20:20:05:17.330,61,0.0000000000,0.1483804435,0.0784581676,0.0000000000,0.0000000000,0.1046752483,0.0789640248,0.0000000000,0.1484671086,0.0533974953,0.0000000000,0.0000000000,0.1049077883,0.0802236125,0.0392137840,0.0136207603,0.0000000000,0.0781050324,0.0991102606,0.0872113183,0.1707653701,0.0628098100,0.0000000000,0.1011148468,0.0634371042,0.0000000000,0.0000000000,0.0459495373,0.0435405187,0.1779824048,0.1593773663,0.1196980327,0.0328205489,0.1922922879,0.1083987206,0.0522518642,0.0526627712,0.1413651109,0.1251249164,0.0307321046,0.0250477586,0.1145056561,0.1125159040,0.1273897290,0.0000000000,0.0000000000,0.0394190736,0.0997940674,0.1030033752,0.1226100698,0.1133277491,0.0000137946,0.0000000000,0.0000000000,0.0000000000,-0.0324845649,0.0907414034,-0.0029552842,0.0477304757,0.0907440856,0.0043415106
20:20:05:18.331,61,0.0000000000,0.1470967978,0.0794949010,0.0000000000,0.0000000000,0.1048708186,0.0716055334,0.0000000000,0.1471901983,0.0523514152,0.0000000000,0.0000000000,0.1051046848,0.0729331821,0.0391249470,0.0134826405,0.0000000000,0.0780110061,0.0989842489,0.0870376006,0.1708721966,0.0637904704,0.0000000000,0.1009132713,0.0631160736,0.0000000000,0.0000000000,0.0459911972,0.0436051711,0.1780616790,0.1595568806,0.1194019169,0.0328113660,0.1922195256,0.1083469838,0.0522379726,0.0525696203,0.1410312355,0.1249874756,0.0306186099,0.0249415431,0.1151649356,0.1131657958,0.1272341460,0.0000000000,0.0000000000,0.0392654873,0.0994278565,0.1024994925,0.1217056662,0.1126719266,0.0000126304,0.0000000000,0.0000000000,0.0000000000,-0.0318504348,0.0899591222,-0.0028724982,0.0483646095,0.0899618044,0.0043610148
20:20:05:19.331,61,0.0000000000,0.1446719468,0.0826973096,0.0000000000,0.0000000000,0.1050804704,0.0692029372,0.0000000000,0.1447865367,0.0491503365,0.0000000000,0.0000000000,0.1053132713,0.0705515146,0.0390428714,0.0132702589,0.0000000000,0.0777322352,0.0986457020,0.0867922455,0.1710321456,0.0637912303,0.0000000000,0.0988952741,0.0621457584,0.0000000000,0.0000000000,0.0459155366,0.0435827225,0.1778363436,0.1596220285,0.1189642847,0.0327827707,0.1919965446,0.1082382873,0.0522760488,0.0525224656,0.1403491795,0.1246542186,0.0304435361,0.0248211715,0.1156519428,0.1136502996,0.1272433102,0.0000000000,0.0000000000,0.0392142124,0.0989376307,0.1019198969,0.1209236979,0.1120752171,0.0000079477,0.0000000000,0.0000000000,0.0000000000,-0.0299068447,0.0884847417,-0.0026528256,0.0503196120,0.0884873644,0.0044623949
20:20:05:20.332,61,0.0000000000,0.1462509930,0.0844226405,0.0000000000,0.0000000000,0.1048243865,0.0686667413,0.0000000000,0.1463791430,0.0474351421,0.0000000000,0.0000000000,0.1050560847,0.0700805336,0.0390139669,0.0133183375,0.0000000000,0.0773327798,0.0981045738,0.0855405480,0.1690148413,0.0645634457,0.0000000000,0.0987788811,0.0618000627,0.0000000000,0.0000000000,0.0460039191,0.0436691567,0.1777156442,0.1594790965,0.1189203411,0.0327305421,0.1923388988,0.1085510030,0.0523367226,0.0525384583,0.1397539377,0.1241413727,0.0304040816,0.0247630179,0.1162600219,0.1142422557,0.1268101335,0.0000000000,0.0000000000,0.0390351303,0.0984670669,0.1012774706,0.1204334199,0.1116198599,0.0000090273,0.0000000000,0.0000000000,0.0000000000,-0.0288606826,0.0894552916,-0.0025882844,0.0513650067,0.0894579589,0.0046052472
20:20:05:21.334,61,0.0000000000,0.1462770551,0.0855134577,0.0000000000,0.0000000000,0.1045476794,0.0699827373,0.0000000000,0.1464130878,0.0463331863,0.0000000000,0.0000000000,0.1047788337,0.0714414194,0.0389982872,0.0134133371,0.0000000000,0.0769872516,0.0975957736,0.0845445022,0.1682119071,0.0650405139,0.0000000000,0.0990957990,0.0619104579,0.0000000000,0.0000000000,0.0461242981,0.0437836498,0.1775451899,0.1592421383,0.1190512255,0.0326937512,0.1928102076,0.1089300290,0.0524773560,0.0526610203,0.1391173154,0.1235831603,0.0303369313,0.0246987306,0.1166884378,0.1146661937,0.1265655160,0.0000000000,0.0000000000,0.0389959700,0.0981480181,0.1008437797,0.1201117635,0.1113422886,0.0000101915,0.0000000000,0.0000000000,0.0000000000,-0.0281901769,0.0894743279,-0.0025287089,0.0520286113,0.0894769877,0.0046656877
20:20:05:22.334,61,0.0000000000,0.1465394646,0.0873472616,0.0000000000,0.0000000000,0.1041457653,0.0701513439,0.0000000000,0.1466890275,0.0444610789,0.0000000000,0.0000000000,0.1043774933,0.0716313198,0.0389037915,0.0135043841,0.0000000000,0.0764617398,0.0967043340,0.0837526992,0.1677913964,0.0661262199,0.0000000000,0.0994818062,0.0617018156,0.0000000000,0.0000000000,0.0461670421,0.0438006744,0.1771616042,0.1587544829,0.1191053092,0.0325742550,0.1942870766,0.1096151248,0.0526683778,0.0528285950,0.1376061440,0.1223753020,0.0303340945,0.0246558692,0.1169875860,0.1149557233,0.1262957901,0.0000000000,0.0000000000,0.0390694588,0.0978224277,0.1003504321,0.1198667660,0.1110929176,0.0000168532,0.0000000000,0.0000000000,0.0000000000,-0.0270507373,0.0896401182,-0.0024310458,0.0531435721,0.0896427631,0.0047744540
20:20:05:23.336,61,0.0000000000,0.1457444429,0.0870151743,0.0000000000,0.0000000000,0.1039059684,0.0652859211,0.0000000000,0.1458909214,0.0447428674,0.0000000000,0.0000000000,0.1041369215,0.0667162761,0.0388531052,0.0133589339,0.0000000000,0.0763972700,0.0965713188,0.0835622549,0.1675346196,0.0662509352,0.0000000000,0.0994188786,0.0616162531,0.0000000000,0.0000000000,0.0462494195,0.0439082161,0.1770859808,0.1587261558,0.1189567968,0.0326307267,0.1932961494,0.1094292328,0.0526940450,0.0528141186,0.1372403651,0.1222202629,0.0302570947,0.0246140566,0.1167510450,0.1147231236,0.1259135306,0.0000000000,0.0000000000,0.0391325317,0.0974056870,0.0998787582,0.1193515882,0.1107363477,0.0000152703,0.0000000000,0.0000000000,0.0000000000,-0.0272233672,0.0891528055,-0.0024331850,0.0529438294,0.0891554728,0.0047305329
20:20:05:24.337,61,0.0000000000,0.1466447115,0.0869095027,0.0000000000,0.0000000000,0.1037533209,0.0562080443,0.0000000000,0.1467912197,0.0448913909,0.0000000000,0.0000000000,0.1039820537,0.0574013665,0.0389298983,0.0129580954,0.0000000000,0.0767599791,0.0976661593,0.0838661194,0.1673662663,0.0603156053,0.0000000000,0.0971854180,0.0618004799,0.0000000000,0.0000000000,0.0462639742,0.0440357886,0.1772481948,0.1595879495,0.1186660454,0.0327952690,0.1842275709,0.1061544120,0.0524739437,0.0525362715,0.1382613778,0.1260649115,0.0301186368,0.0246134717,0.1148111224,0.1129416525,0.1259103864,0.0000000000,0.0000000000,0.0389255397,0.0969488323,0.0995616838,0.1187756434,0.1105072275,0.0000129436,0.0000000000,0.0000000000,0.0000000000,-0.0273123924,0.0897032022,-0.0024562913,0.0528769232,0.0897058696,0.0047538835
20:20:05:25.338,61,0.0000000000,0.1484334618,0.0862688944,0.0000000000,0.0000000000,0.1036932170,0.0531404875,0.0000000000,0.1485768408,0.0456288271,0.0000000000,0.0000000000,0.1039220542,0.0542831160,0.0390666202,0.0127178915,0.0000000000,0.0786615536,0.1014970690,0.0843019783,0.1674046665,0.0588373169,0.0000000000,0.0979119912,0.0662230700,0.0000000000,0.0000000000,0.0464542210,0.0442979559,0.1777702719,0.1602938622,0.1188317537,0.0330290049,0.1816010475,0.1048258618,0.0522580594,0.0522862859,0.1415876448,0.1291607618,0.0300140548,0.0246164370,0.1116751656,0.1097749174,0.1260483116,0.0000000000,0.0000000000,0.0387271643,0.0970610753,0.0997989625,0.1185852811,0.1105952859,0.0000108101,0.0000000000,0.0000000000,0.0000000000,-0.0277583152,0.0907955021,-0.0025269489,0.0524819791,0.0907981992,0.0047761789
20:20:05:26.340,61,0.0000000000,0.1512329578,0.0854274929,0.0000000000,0.0000000000,0.1035154164,0.0532481931,0.0000000000,0.1513724625,0.0465957671,0.0000000000,0.0000000000,0.1037444845,0.0544054396,0.0391512029,0.0125423316,0.0000000000,0.0794863179,0.1029716581,0.0849061012,0.1676551104,0.0585451610,0.0000000000,0.1056014150,0.0711630359,0.0000000000,0.0000000000,0.0466057993,0.0444766916,0.1783371270,0.1608322114,0.1188858226,0.0331254676,0.1802981049,0.1040221080,0.0520267822,0.0520407036,0.1460386664,0.1316656917,0.0300945807,0.0247309469,0.1104862764,0.1085868999,0.1271765381,0.0000000000,0.0000000000,0.0385072045,0.0976027101,0.1008604690,0.1190841645,0.1114987358,0.0000029781,0.0000000000,0.0000000000,0.0000000000,-0.0283421036,0.0925054476,-0.0026289453,0.0519619584,0.0925081670,0.0048184590
