Timecode,BlendshapeCount,EyeBlinkLeft,EyeLookDownLeft,EyeLookInLeft,EyeLookOutLeft,EyeLookUpLeft,EyeSquintLeft,EyeWideLeft,EyeBlinkRight,EyeLookDownRight,EyeLookInRight,EyeLookOutRight,EyeLookUpRight,EyeSquintRight,EyeWideRight,JawForward,JawRight,JawLeft,JawOpen,MouthClose,MouthFunnel,MouthPucker,MouthRight,MouthLeft,MouthSmileLeft,MouthSmileRight,MouthFrownLeft,MouthFrownRight,MouthDimpleLeft,MouthDimpleRight,MouthStretchLeft,MouthStretchRight,MouthRollLower,MouthRollUpper,MouthShrugLower,MouthShrugUpper,MouthPressLeft,MouthPressRight,MouthLowerDownLeft,MouthLowerDownRight,MouthUpperUpLeft,MouthUpperUpRight,BrowDownLeft,BrowDownRight,BrowInnerUp,BrowOuterUpLeft,BrowOuterUpRight,CheekPuff,CheekSquintLeft,CheekSquintRight,NoseSneerLeft,NoseSneerRight,TongueOut,HeadYaw,HeadPitch,HeadRoll,LeftEyeYaw,LeftEyePitch,LeftEyeRoll,RightEyeYaw,RightEyePitch,RightEyeRoll
20:19:31:42.240,61,0.0023371521,0.2033739686,0.0697884485,0.0000000000,0.0000000000,0.0799051225,0.0228615738,0.0023316955,0.2033905238,0.0588122793,0.0000000000,0.0000000000,0.0800073519,0.0235385373,0.0564903095,0.0059446539,0.0000000000,0.1483341753,0.1726240367,0.1124766022,0.1730184108,0.0445374176,0.0000000000,0.1237418950,0.1120589599,0.0000000000,0.0000000000,0.0563076884,0.0570155941,0.2002520114,0.1870789826,0.1230380535,0.0530815870,0.1493795812,0.0758896321,0.0516015328,0.0512291603,0.1935044527,0.1850283295,0.0290211160,0.0272841528,0.0826045945,0.0814265907,0.1210827678,0.0000000000,0.0000000000,0.0297843181,0.0903051198,0.0988864973,0.1357239336,0.1372329146,0.0000138615,0.0000000000,0.0000000000,0.0000000000,-0.0356493182,0.1243235990,-0.0044540563,0.0423025712,0.1243459135,0.0052858051
20:19:31:43.240,61,0.0021654132,0.2052200139,0.0696045831,0.0000000000,0.0000000000,0.0798235238,0.0238833241,0.0021603622,0.2052350193,0.0590272471,0.0000000000,0.0000000000,0.0799239278,0.0245371368,0.0561645888,0.0056021083,0.0000000000,0.1464231312,0.1715421230,0.1120238528,0.1739727259,0.0444205143,0.0000000000,0.1241306290,0.1121967956,0.0000000000,0.0000000000,0.0561682545,0.0568234399,0.1995309740,0.1865022331,0.1228961721,0.0527283847,0.1501653790,0.0762754753,0.0516743921,0.0512946062,0.1925454140,0.1841987371,0.0290838480,0.0273307301,0.0870440528,0.0859444737,0.1206213981,0.0000000000,0.0000000000,0.0296726376,0.0903820619,0.0989192799,0.1360305548,0.1374719590,0.0000121684,0.0000000000,0.0000000000,0.0000000000,-0.0357745662,0.1254516095,-0.0045106784,0.0421851575,0.1254740059,0.0053194668
20:19:31:44.241,61,0.0020006155,0.2049943060,0.0695919022,0.0000000000,0.0000000000,0.0798270777,0.0245107133,0.0019959512,0.2050092369,0.0590204149,0.0000000000,0.0000000000,0.0799253061,0.0251492523,0.0557911284,0.0051746010,0.0000000000,0.1437355876,0.1692585647,0.1115665659,0.1750451773,0.0438127071,0.0000000000,0.1240278706,0.1121511534,0.0000000000,0.0000000000,0.0559806190,0.0565918013,0.1971168369,0.1854564846,0.1225608885,0.0524329543,0.1505302191,0.0765130892,0.0517648049,0.0513785630,0.1913340390,0.1834077388,0.0290701650,0.0273414701,0.0928991437,0.0919056535,0.1200560182,0.0000000000,0.0000000000,0.0296743307,0.0902848691,0.0987722948,0.1360004693,0.1374497265,0.0000131424,0.0000000000,0.0000000000,0.0000000000,-0.0357710533,0.1253135949,-0.0045052208,0.0421782024,0.1253359765,0.0053126770
20:19:31:45.242,61,0.0018453404,0.2060703933,0.0699317008,0.0000000000,0.0000000000,0.0798688158,0.0245683566,0.0018410394,0.2060891390,0.0586279295,0.0000000000,0.0000000000,0.0799660832,0.0251965765,0.0553550124,0.0049001542,0.0000000000,0.1402006894,0.1654287726,0.1110529453,0.1761583388,0.0435000733,0.0000000000,0.1242401972,0.1123850420,0.0000000000,0.0000000000,0.0557890795,0.0563497543,0.1943028271,0.1826036721,0.1221408620,0.0521210842,0.1508417428,0.0767912045,0.0519450903,0.0515511185,0.1904988438,0.1826585829,0.0290761329,0.0273578968,0.0951697305,0.0942113176,0.1196222007,0.0000000000,0.0000000000,0.0298048072,0.0902307481,0.0987009853,0.1359779686,0.1374254525,0.0000137192,0.0000000000,0.0000000000,0.0000000000,-0.0355302170,0.1259726286,-0.0044986848,0.0423806235,0.1259949654,0.0053665233
20:19:31:46.243,61,0.0020837840,0.2080356628,0.0710978955,0.0000000000,0.0000000000,0.0798086077,0.0234988332,0.0020761474,0.2080662549,0.0574742705,0.0000000000,0.0000000000,0.0799054578,0.0240648501,0.0548252724,0.0048193750,0.0000000000,0.1382599175,0.1637407094,0.1105496362,0.1780004352,0.0434517041,0.0000000000,0.1247028783,0.1128914654,0.0000000000,0.0000000000,0.0555684268,0.0560847335,0.1915238202,0.1786718667,0.1218160987,0.0517568551,0.1512265354,0.0771275833,0.0520796552,0.0516881756,0.1897956878,0.1819282323,0.0291350912,0.0274122395,0.0963395536,0.0953902006,0.1195486113,0.0000000000,0.0000000000,0.0298752207,0.0903782323,0.0988384336,0.1362550408,0.1377181858,0.0000123673,0.0000000000,0.0000000000,0.0000000000,-0.0348257162,0.1271779984,-0.0044521699,0.0430807844,0.1272004098,0.0055078813
20:19:31:47.245,61,0.0021637788,0.2084348351,0.0728635788,0.0000000000,0.0000000000,0.0795716867,0.0229729787,0.0021552695,0.2084826976,0.0557849370,0.0000000000,0.0000000000,0.0796682835,0.0235261209,0.0544531047,0.0049352595,0.0000000000,0.1375707239,0.1631432623,0.1102084816,0.1784412265,0.0447288826,0.0000000000,0.1252936721,0.1133157387,0.0000000000,0.0000000000,0.0554748885,0.0559604093,0.1905377209,0.1772242785,0.1218496934,0.0515091009,0.1515646577,0.0773815364,0.0520575047,0.0516715273,0.1894768476,0.1814479083,0.0292329919,0.0274568964,0.0952864289,0.0942132324,0.1197672486,0.0000000000,0.0000000000,0.0297779460,0.0905421823,0.0989590064,0.1366340667,0.1380634010,0.0000097946,0.0000000000,0.0000000000,0.0000000000,-0.0338009968,0.1274280250,-0.0043298081,0.0441492982,0.1274504811,0.0056556156
20:19:31:48.246,61,0.0021070165,0.2080581337,0.0740924254,0.0000000000,0.0000000000,0.0793502033,0.0226592422,0.0020985038,0.2081178725,0.0545805804,0.0000000000,0.0000000000,0.0794463158,0.0232099369,0.0541640781,0.0050037066,0.0000000000,0.1373782307,0.1629632264,0.1101715639,0.1790381074,0.0453222133,0.0000000000,0.1253081709,0.1133583412,0.0000000000,0.0000000000,0.0553349480,0.0557995513,0.1902355403,0.1766005307,0.1217633411,0.0512717441,0.1518884003,0.0776205882,0.0520296209,0.0516547970,0.1892378926,0.1810697317,0.0293302462,0.0275153257,0.0930815339,0.0919516981,0.1200551689,0.0000000000,0.0000000000,0.0297938045,0.0906491056,0.0990476757,0.1369479299,0.1384052783,0.0000053294,0.0000000000,0.0000000000,0.0000000000,-0.0330722071,0.1272019446,-0.0042288899,0.0448951833,0.1272243857,0.0057407878
20:19:31:49.246,61,0.0019958247,0.2087122500,0.0765044093,0.0000000000,0.0000000000,0.0791084096,0.0227110442,0.0019876279,0.2087959647,0.0522292145,0.0000000000,0.0000000000,0.0792043656,0.0232682284,0.0538292043,0.0050779297,0.0000000000,0.1373250782,0.1628709137,0.1101926118,0.1814122349,0.0457675941,0.0000000000,0.1258324236,0.1138889417,0.0000000000,0.0000000000,0.0551833361,0.0556264259,0.1898670942,0.1760264933,0.1215270758,0.0509797558,0.1522930264,0.0779271647,0.0520931520,0.0517253987,0.1890810728,0.1807664335,0.0294610057,0.0276123397,0.0921790451,0.0910245851,0.1200628951,0.0000000000,0.0000000000,0.0299546700,0.0909399539,0.0993688405,0.1375292838,0.1393041164,0.0000027756,0.0000000000,0.0000000000,0.0000000000,-0.0316457637,0.1276104301,-0.0040596942,0.0463543013,0.1276329011,0.0059464709
20:19:31:50.248,61,0.0018671331,0.2093831599,0.0774883032,0.0000000000,0.0000000000,0.0788122267,0.0226782560,0.0018593955,0.2094768137,0.0512855090,0.0000000000,0.0000000000,0.0789084285,0.0232451949,0.0535630211,0.0052742693,0.0000000000,0.1375741959,0.1630387157,0.1102877706,0.1826249212,0.0463727638,0.0000000000,0.1259305626,0.1140074581,0.0000000000,0.0000000000,0.0550403483,0.0554637499,0.1900574267,0.1759258658,0.1213868782,0.0506956577,0.1527935565,0.0782773495,0.0521095172,0.0517578758,0.1889946014,0.1804790646,0.0296091922,0.0277148839,0.0915949047,0.0904241875,0.1200530678,0.0000000000,0.0000000000,0.0300953742,0.0911918655,0.0996841565,0.1381522715,0.1400532424,0.0000026087,0.0000000000,0.0000000000,0.0000000000,-0.0310723055,0.1280242503,-0.0039992207,0.0469479635,0.1280467361,0.0060423128
20:19:31:51.249,61,0.0017609170,0.2084361315,0.0784045532,0.0000000000,0.0000000000,0.0787741318,0.0225910526,0.0017536759,0.2085381746,0.0504089110,0.0000000000,0.0000000000,0.0788717493,0.0231676660,0.0533213653,0.0055891923,0.0000000000,0.1384919137,0.1635880470,0.1106033847,0.1890261471,0.0470270626,0.0000000000,0.1258165091,0.1140584648,0.0000000000,0.0000000000,0.0548762158,0.0552912503,0.1902600378,0.1758090854,0.1211143956,0.0504915379,0.1530899256,0.0785071701,0.0520801544,0.0517459735,0.1891113073,0.1803752929,0.0297476705,0.0278108492,0.0916576162,0.0904760286,0.1200192049,0.0000000000,0.0000000000,0.0301926825,0.0915850326,0.1002002507,0.1387955844,0.1408138573,0.0000029025,0.0000000000,0.0000000000,0.0000000000,-0.0305434614,0.1274484992,-0.0039133043,0.0475066081,0.1274709851,0.0060863639
20:19:31:52.250,61,0.0016365504,0.2078619897,0.0787686259,0.0000000000,0.0000000000,0.0786788166,0.0227816496,0.0016298261,0.2079671621,0.0500773005,0.0000000000,0.0000000000,0.0787781179,0.0233733691,0.0531066544,0.0059533971,0.0000000000,0.1401719302,0.1652848721,0.1109546795,0.1908156127,0.0479489528,0.0000000000,0.1256258637,0.1138745323,0.0000000000,0.0000000000,0.0548348948,0.0552406572,0.1911024153,0.1760822684,0.1209640577,0.0503994934,0.1531821340,0.0785782263,0.0519411862,0.0516154878,0.1894237101,0.1804482937,0.0298845153,0.0278877690,0.0920270756,0.0908300504,0.1200327575,0.0000000000,0.0000000000,0.0300439578,0.0917998180,0.1005217060,0.1393273324,0.1413661391,0.0000027256,0.0000000000,0.0000000000,0.0000000000,-0.0303438902,0.1270987540,-0.0038769578,0.0477293506,0.1271212250,0.0060979179
20:19:31:53.251,61,0.0015146753,0.2066697031,0.0797439069,0.0000000000,0.0000000000,0.0789068714,0.0244507715,0.0015084548,0.2067834437,0.0491732433,0.0000000000,0.0000000000,0.0790087134,0.0251137055,0.0530766249,0.0062891319,0.0000000000,0.1420404613,0.1673005819,0.1111451015,0.1914233714,0.0484416969,0.0000000000,0.1252324730,0.1136174053,0.0000000000,0.0000000000,0.0549018905,0.0553103015,0.1929878592,0.1769165099,0.1210952327,0.0505027175,0.1530766189,0.0784955919,0.0518579520,0.0515379161,0.1897757202,0.1806102097,0.0299268197,0.0279025361,0.0933136642,0.0920716822,0.1198808178,0.0000000000,0.0000000000,0.0299307760,0.0920693278,0.1009211540,0.1395808011,0.1416885853,0.0000020482,0.0000000000,0.0000000000,0.0000000000,-0.0297988318,0.1263732314,-0.0037853718,0.0483247936,0.1263956875,0.0061383154
20:19:31:54.252,61,0.0013985415,0.2040174603,0.0812359676,0.0000000000,0.0000000000,0.0792802647,0.0276289620,0.0013927994,0.2041436285,0.0477757491,0.0000000000,0.0000000000,0.0793842748,0.0284101982,0.0531872027,0.0065353848,0.0000000000,0.1434024423,0.1693646610,0.1110816598,0.1710709035,0.0487189479,0.0000000000,0.1255227774,0.1138947457,0.0000000000,0.0000000000,0.0552383065,0.0556600578,0.1971774846,0.1808600277,0.1232835874,0.0508143120,0.1527696699,0.0782256052,0.0517286249,0.0514130518,0.1903213561,0.1809477359,0.0299017783,0.0278637316,0.0938601419,0.0925888345,0.1198664904,0.0000000000,0.0000000000,0.0296180863,0.0924665257,0.1013761759,0.1396062523,0.1417290568,0.0000005795,0.0000000000,0.0000000000,0.0000000000,-0.0289578456,0.1247568280,-0.0036310265,0.0492390320,0.1247792020,0.0061735203
20:19:31:55.253,61,0.0012895371,0.2017667443,0.0816700011,0.0000000000,0.0000000000,0.0796915293,0.0314724073,0.0012842433,0.2018951625,0.0474042632,0.0000000000,0.0000000000,0.0797975734,0.0323534161,0.0533187799,0.0068632648,0.0000000000,0.1443774849,0.1704546213,0.1111127809,0.1658418775,0.0489659645,0.0000000000,0.1253419816,0.1138501614,0.0000000000,0.0000000000,0.0554953516,0.0559317768,0.1994630992,0.1825199574,0.1242215410,0.0511094481,0.1524116993,0.0779567808,0.0515913069,0.0512978286,0.1907013506,0.1810935885,0.0298774727,0.0278299898,0.0941042975,0.0928095430,0.1199966967,0.0000000000,0.0000000000,0.0294147320,0.0928678215,0.1018529683,0.1394855082,0.1416741014,0.0000001430,0.0000000000,0.0000000000,0.0000000000,-0.0287376046,0.1233819425,-0.0035632988,0.0495105907,0.1234042868,0.0061384384
20:19:31:56.254,61,0.0011880816,0.2007264048,0.0819683522,0.0000000000,0.0000000000,0.0800986066,0.0333790556,0.0011832048,0.2008566409,0.0471757203,0.0000000000,0.0000000000,0.0802065209,0.0343046635,0.0535023250,0.0071024681,0.0000000000,0.1452405602,0.1713499725,0.1111665815,0.1632202268,0.0493257120,0.0000000000,0.1253612787,0.1137934029,0.0000000000,0.0000000000,0.0557720251,0.0562129542,0.2011661679,0.1838302910,0.1250025034,0.0514079779,0.1520971954,0.0777133107,0.0514702275,0.0511926673,0.1912362278,0.1813891083,0.0298825279,0.0278076865,0.0944307074,0.0931135118,0.1201464385,0.0000000000,0.0000000000,0.0292121023,0.0933368057,0.1023627445,0.1394662261,0.1416701525,0.0000000572,0.0000000000,0.0000000000,0.0000000000,-0.0286013000,0.1227468029,-0.0035279614,0.0496953614,0.1227691099,0.0061292937
20:19:31:57.255,61,0.0010941023,0.2006097883,0.0816710293,0.0000000000,0.0000000000,0.0804898068,0.0342126936,0.0010896116,0.2007370442,0.0474778116,0.0000000000,0.0000000000,0.0805992484,0.0351493768,0.0536273718,0.0072253654,0.0000000000,0.1458877027,0.1720581055,0.1112051457,0.1621374190,0.0492955483,0.0000000000,0.1251025349,0.1137362123,0.0000000000,0.0000000000,0.0559910238,0.0564445257,0.2025868893,0.1853038967,0.1254838258,0.0516452976,0.1516971588,0.0774306729,0.0513303205,0.0510583334,0.1917445362,0.1817795634,0.0298676360,0.0278016198,0.0949517861,0.0936300233,0.1201950386,0.0000000000,0.0000000000,0.0290182419,0.0936801508,0.1028010249,0.1394643486,0.1417625099,0.0000000405,0.0000000000,0.0000000000,0.0000000000,-0.0287847128,0.1226743832,-0.0035484626,0.0495155491,0.1226966828,0.0061034951
20:19:31:58.256,61,0.0010072865,0.2002142817,0.0811167955,0.0000000000,0.0000000000,0.0807187781,0.0347863324,0.0010031522,0.2003358901,0.0480389073,0.0000000000,0.0000000000,0.0808297545,0.0357220508,0.0536661632,0.0073915496,0.0000000000,0.1465544254,0.1726714373,0.1114965975,0.1645345390,0.0491868965,0.0000000000,0.1249612570,0.1138825715,0.0000000000,0.0000000000,0.0561329238,0.0566099100,0.2033592165,0.1860895306,0.1256030798,0.0517680645,0.1514629573,0.0772818252,0.0512073226,0.0509424992,0.1922057420,0.1821440309,0.0299188755,0.0278624799,0.0955246016,0.0942032486,0.1202565953,0.0000000000,0.0000000000,0.0288422871,0.0940580294,0.1033162922,0.1395996362,0.1419950128,0.0000000426,0.0000000000,0.0000000000,0.0000000000,-0.0291257724,0.1224304289,-0.0035832827,0.0491809919,0.1224527657,0.0060501173
20:19:31:59.257,61,0.0009272147,0.2004845887,0.0799438879,0.0000000000,0.0000000000,0.0807453170,0.0347946361,0.0009234092,0.2005950660,0.0492502004,0.0000000000,0.0000000000,0.0808568373,0.0357193798,0.0533886552,0.0075029968,0.0000000000,0.1465943307,0.1728028059,0.1115784571,0.1710353196,0.0491595827,0.0000000000,0.1244160309,0.1135945916,0.0000000000,0.0000000000,0.0560514443,0.0565311387,0.2035668492,0.1863004416,0.1253013462,0.0515548550,0.1515790373,0.0773971081,0.0510297529,0.0507671759,0.1920648813,0.1819768548,0.0300185103,0.0279601794,0.0965593681,0.0952749923,0.1201032028,0.0000000000,0.0000000000,0.0285868533,0.0941227600,0.1034767628,0.1397459060,0.1421718001,0.0000001294,0.0000000000,0.0000000000,0.0000000000,-0.0298595838,0.1225914881,-0.0036784161,0.0484688841,0.1226137951,0.0059705069
20:19:32:00.259,61,0.0008654487,0.2008447647,0.0795453787,0.0000000000,0.0000000000,0.0805971995,0.0341018587,0.0008619427,0.2009516060,0.0496623255,0.0000000000,0.0000000000,0.0807094574,0.0350159332,0.0530721806,0.0078453608,0.0000000000,0.1464387178,0.1727151722,0.1114580855,0.1731735170,0.0499509238,0.0000000000,0.1240367368,0.1132901013,0.0000000000,0.0000000000,0.0559529997,0.0564312190,0.2035437524,0.1860899329,0.1250045300,0.0513093658,0.1518104970,0.0775868669,0.0508394428,0.0505911931,0.1918541044,0.1816097498,0.0301441215,0.0280389097,0.0971985906,0.0959171206,0.1199039668,0.0000000000,0.0000000000,0.0282770582,0.0939059928,0.1032808349,0.1397436410,0.1421458125,0.0000002033,0.0000000000,0.0000000000,0.0000000000,-0.0301086400,0.1228103042,-0.0037157747,0.0482259654,0.1228326336,0.0059513180
20:19:32:01.259,61,0.0008080562,0.2020715773,0.0795541480,0.0000000000,0.0000000000,0.0804505423,0.0334737562,0.0008048269,0.2021792233,0.0496668667,0.0000000000,0.0000000000,0.0805637538,0.0343866907,0.0528549030,0.0081108399,0.0000000000,0.1463641077,0.1726964861,0.1112564504,0.1743619740,0.0532230623,0.0000000000,0.1238968074,0.1127098054,0.0000000000,0.0000000000,0.0559207536,0.0563599244,0.2036766857,0.1859702915,0.1250011325,0.0511344150,0.1522130817,0.0778189600,0.0507158898,0.0504746996,0.1916347146,0.1811849624,0.0302440189,0.0280506834,0.0973298699,0.0960365161,0.1199251860,0.0000000000,0.0000000000,0.0280521177,0.0938206762,0.1031338796,0.1398849785,0.1421532780,0.0000002255,0.0000000000,0.0000000000,0.0000000000,-0.0301085990,0.1235605702,-0.0037387018,0.0482268110,0.1235829443,0.0059881462
20:19:32:02.260,61,0.0007477305,0.2017346025,0.0798918679,0.0000000000,0.0000000000,0.0804345235,0.0333826579,0.0007447574,0.2018453628,0.0493064672,0.0000000000,0.0000000000,0.0805488154,0.0342876911,0.0525861941,0.0083862115,0.0000000000,0.1461337805,0.1725140065,0.1111817285,0.1752225012,0.0541324541,0.0000000000,0.1234148741,0.1122763604,0.0000000000,0.0000000000,0.0558250435,0.0562477894,0.2037900537,0.1858984232,0.1249118149,0.0508787930,0.1527431607,0.0781702101,0.0506317653,0.0504146591,0.1911509335,0.1805569679,0.0303442460,0.0281124748,0.0977520049,0.0964581892,0.1200139895,0.0000000000,0.0000000000,0.0278448779,0.0938823819,0.1032129750,0.1401539147,0.1424337178,0.0000002445,0.0000000000,0.0000000000,0.0000000000,-0.0298908781,0.1233557090,-0.0037054580,0.0484327748,0.1233780682,0.0060036285
20:19:32:03.262,61,0.0006903207,0.2015786320,0.0797356740,0.0000000000,0.0000000000,0.0804899484,0.0335243642,0.0006875840,0.2016879618,0.0494156107,0.0000000000,0.0000000000,0.0806050450,0.0344236791,0.0524483994,0.0085009420,0.0000000000,0.1458341926,0.1722988337,0.1109339073,0.1751008779,0.0544374324,0.0000000000,0.1233673543,0.1121224239,0.0000000000,0.0000000000,0.0558130629,0.0562289208,0.2038878053,0.1860081702,0.1251248121,0.0506898090,0.1532401443,0.0784790963,0.0505746789,0.0503657795,0.1906952113,0.1800405085,0.0304149054,0.0281572416,0.0978658050,0.0965673700,0.1201956570,0.0000000000,0.0000000000,0.0276042130,0.0940647870,0.1033672914,0.1403636485,0.1426198035,0.0000002683,0.0000000000,0.0000000000,0.0000000000,-0.0299573969,0.1232597530,-0.0037107838,0.0483386591,0.1232821122,0.0059872638
20:19:32:04.263,61,0.0006364737,0.2014202029,0.0795299113,0.0000000000,0.0000000000,0.0806440338,0.0334290378,0.0006339548,0.2015276700,0.0495700128,0.0000000000,0.0000000000,0.0807597861,0.0343262963,0.0523237810,0.0086084260,0.0000000000,0.1456718892,0.1722136289,0.1108221188,0.1749259233,0.0545359664,0.0000000000,0.1231651306,0.1119227409,0.0000000000,0.0000000000,0.0557830036,0.0562106818,0.2038496137,0.1860031486,0.1252098978,0.0505723804,0.1534704268,0.0786188766,0.0504753850,0.0502670445,0.1902658939,0.1795900762,0.0304281507,0.0281521548,0.0976796523,0.0963693187,0.1204356775,0.0000000000,0.0000000000,0.0273625962,0.0941673517,0.1034083813,0.1403749436,0.1426109821,0.0000004353,0.0000000000,0.0000000000,0.0000000000,-0.0300513655,0.1231621429,-0.0037194423,0.0482145026,0.1231844872,0.0059671202
20:19:32:05.264,61,0.0005863759,0.2021375000,0.0795882419,0.0000000000,0.0000000000,0.0807612985,0.0330195688,0.0005840576,0.2022460699,0.0494936518,0.0000000000,0.0000000000,0.0808772594,0.0339150503,0.0520961210,0.0086726304,0.0000000000,0.1453890353,0.1719601005,0.1106827185,0.1758776754,0.0544928052,0.0000000000,0.1229280159,0.1116774231,0.0000000000,0.0000000000,0.0556837842,0.0561071187,0.2034516335,0.1856619567,0.1252086759,0.0503998399,0.1539094299,0.0788839832,0.0504754521,0.0502691865,0.1896500140,0.1789725274,0.0304303709,0.0281424150,0.0978226066,0.0965035558,0.1206120700,0.0000000000,0.0000000000,0.0273045376,0.0943061188,0.1034915075,0.1404474676,0.1426842511,0.0000004636,0.0000000000,0.0000000000,0.0000000000,-0.0300034434,0.1236010268,-0.0037268808,0.0482472405,0.1236233637,0.0059926598
20:19:32:06.265,61,0.0005399805,0.2023862600,0.0799853355,0.0000000000,0.0000000000,0.0808105692,0.0330982842,0.0005378469,0.2024988830,0.0490768850,0.0000000000,0.0000000000,0.0809267238,0.0339954905,0.0519029535,0.0087389341,0.0000000000,0.1450209022,0.1716168374,0.1105402187,0.1762589514,0.0542069785,0.0000000000,0.1228887290,0.1116732508,0.0000000000,0.0000000000,0.0556279086,0.0560601987,0.2031229138,0.1854390055,0.1251936704,0.0502591804,0.1542370319,0.0790750459,0.0505313203,0.0503218286,0.1891362369,0.1784746498,0.0304113254,0.0281286892,0.0978848040,0.0965536460,0.1206551865,0.0000000000,0.0000000000,0.0273020640,0.0943020210,0.1034490094,0.1403366923,0.1426240504,0.0000004692,0.0000000000,0.0000000000,0.0000000000,-0.0297502205,0.1237545907,-0.0037000752,0.0484870374,0.1237769425,0.0060299798
20:19:32:07.265,61,0.0004971272,0.2012095749,0.0810204893,0.0000000000,0.0000000000,0.0810729861,0.0338191949,0.0004951636,0.2013313323,0.0480486192,0.0000000000,0.0000000000,0.0811894387,0.0347448885,0.0518445410,0.0088023059,0.0000000000,0.1447684616,0.1714374274,0.1103099883,0.1748108268,0.0539455265,0.0000000000,0.1234264523,0.1122624576,0.0000000000,0.0000000000,0.0557484031,0.0561773144,0.2029352933,0.1852996200,0.1255301237,0.0503577627,0.1541109234,0.0789618120,0.0505848564,0.0503757522,0.1891308427,0.1783764660,0.0303636510,0.0280872639,0.0978579521,0.0965097994,0.1209131181,0.0000000000,0.0000000000,0.0272831693,0.0946589485,0.1037963331,0.1402743161,0.1425893009,0.0000005968,0.0000000000,0.0000000000,0.0000000000,-0.0291294716,0.1230387762,-0.0036017257,0.0491189286,0.1230611354,0.0060728122
20:19:32:08.266,61,0.0004576059,0.1970749795,0.0838131011,0.0000000000,0.0000000000,0.0820456445,0.0340787359,0.0004557987,0.1972200274,0.0452542640,0.0000000000,0.0000000000,0.0821668804,0.0350116715,0.0517004840,0.0089174435,0.0000000000,0.1446701586,0.1713545769,0.1103458405,0.1741005927,0.0537213199,0.0000000000,0.1231043637,0.1121756583,0.0000000000,0.0000000000,0.0557867438,0.0562302880,0.2028842866,0.1852778494,0.1255626827,0.0504485890,0.1536660492,0.0787016526,0.0504786782,0.0502755009,0.1890063882,0.1781232953,0.0303263776,0.0280535929,0.0977954715,0.0964402333,0.1214245707,0.0000000000,0.0000000000,0.0272146650,0.0950960666,0.1042724773,0.1398318559,0.1421933770,0.0000005061,0.0000000000,0.0000000000,0.0000000000,-0.0274438336,0.1205204725,-0.0033232223,0.0508276261,0.1205426827,0.0061540194
20:19:32:09.267,61,0.0004211896,0.1934629232,0.0852405354,0.0000000000,0.0000000000,0.0827829316,0.0344138891,0.0004195264,0.1936180890,0.0438231304,0.0000000000,0.0000000000,0.0829068571,0.0353530087,0.0516931005,0.0091097476,0.0000000000,0.1448219270,0.1714755893,0.1107796580,0.1713296920,0.0534621552,0.0000000000,0.1230116561,0.1124715656,0.0000000000,0.0000000000,0.0558984131,0.0563822761,0.2031334192,0.1855157018,0.1254875064,0.0506967381,0.1500615627,0.0780403838,0.0502952859,0.0500993207,0.1896855980,0.1784047484,0.0302855764,0.0280242320,0.0949193016,0.0935348421,0.1229760274,0.0000000000,0.0000000000,0.0270989481,0.0956056118,0.1048672050,0.1392567605,0.1417335570,0.0000014094,0.0000000000,0.0000000000,0.0000000000,-0.0265829600,0.1183165684,-0.0031595810,0.0517069623,0.1183386892,0.0061448417
20:19:32:10.269,61,0.0003876516,0.1913909167,0.0866936296,0.0000000000,0.0000000000,0.0836232528,0.0349708609,0.0003861210,0.1915573180,0.0424183272,0.0000000000,0.0000000000,0.0837535486,0.0359212272,0.0518916324,0.0092883343,0.0000000000,0.1469325721,0.1731228530,0.1113413051,0.1702667922,0.0533000976,0.0000000000,0.1226557568,0.1124380901,0.0000000000,0.0000000000,0.0560470112,0.0565770008,0.2037828118,0.1861594468,0.1255468875,0.0510937013,0.1479877383,0.0773602128,0.0500833690,0.0498949774,0.1911600083,0.1789492220,0.0302236229,0.0279739313,0.0925115496,0.0910691619,0.1241547540,0.0000000000,0.0000000000,0.0269767977,0.0962545648,0.1058692783,0.1387877315,0.1413611025,0.0000019317,0.0000000000,0.0000000000,0.0000000000,-0.0257346481,0.1170546636,-0.0030258512,0.0525962636,0.1170767099,0.0061831572
20:19:32:11.270,61,0.0003567736,0.1918620020,0.0875035599,0.0000000000,0.0000000000,0.0841235444,0.0348760374,0.0003553649,0.1920363307,0.0416033641,0.0000000000,0.0000000000,0.0842549056,0.0358333774,0.0521491840,0.0092749903,0.0000000000,0.1477706879,0.1737895310,0.1115404591,0.1696108878,0.0526245274,0.0000000000,0.1225537285,0.1126876324,0.0000000000,0.0000000000,0.0562390983,0.0568114407,0.2038423419,0.1864028424,0.1258233339,0.0515502393,0.1468627453,0.0767804235,0.0500117466,0.0498213284,0.1918856055,0.1794531941,0.0301209446,0.0279135276,0.0913783684,0.0899177194,0.1248272434,0.0000000000,0.0000000000,0.0270191412,0.0967403501,0.1064416766,0.1382917166,0.1409956217,0.0000018257,0.0000000000,0.0000000000,0.0000000000,-0.0252393521,0.1173458770,-0.0029750790,0.0530858412,0.1173679307,0.0062563224
20:19:32:12.270,61,0.0003283494,0.1920030564,0.0887503698,0.0000000000,0.0000000000,0.0844713226,0.0353009216,0.0003270530,0.1921888888,0.0403721705,0.0000000000,0.0000000000,0.0846027955,0.0362626649,0.0523722954,0.0092499889,0.0000000000,0.1481397152,0.1741123945,0.1115121096,0.1692934185,0.0519854724,0.0000000000,0.1223289147,0.1128299832,0.0000000000,0.0000000000,0.0563873015,0.0569827259,0.2039906830,0.1866859347,0.1261342019,0.0518704131,0.1463285536,0.0764012933,0.0500212535,0.0498404838,0.1922168434,0.1797276139,0.0300092604,0.0278523881,0.0909189358,0.0894532055,0.1251403689,0.0000000000,0.0000000000,0.0271258689,0.0970399082,0.1067935675,0.1379352361,0.1407807916,0.0000018461,0.0000000000,0.0000000000,0.0000000000,-0.0244921613,0.1174369007,-0.0028892825,0.0538416915,0.1174589992,0.0063502821
20:19:32:13.272,61,0.0003021868,0.1921488047,0.0881221592,0.0000000000,0.0000000000,0.0847110748,0.0355465263,0.0003009937,0.1923289448,0.0410384983,0.0000000000,0.0000000000,0.0848414749,0.0365068354,0.0524348468,0.0091296425,0.0000000000,0.1480898857,0.1741511524,0.1111772209,0.1687903851,0.0513195023,0.0000000000,0.1226919591,0.1133316904,0.0000000000,0.0000000000,0.0565209538,0.0571389422,0.2036921829,0.1866428256,0.1265538484,0.0520090349,0.1463348866,0.0762914047,0.0500254333,0.0498329177,0.1921325475,0.1797485501,0.0299446546,0.0278243572,0.0911884084,0.0897002518,0.1251668930,0.0000000000,0.0000000000,0.0270101558,0.0972884968,0.1069969088,0.1376186311,0.1405161917,0.0000010245,0.0000000000,0.0000000000,0.0000000000,-0.0248961467,0.1175236627,-0.0029391195,0.0534600168,0.1175457314,0.0063100099
20:19:32:14.273,61,0.0002781072,0.1932967305,0.0864008218,0.0000000000,0.0000000000,0.0848399922,0.0352144726,0.0002770092,0.1934621036,0.0427738577,0.0000000000,0.0000000000,0.0849699676,0.0361762084,0.0524352938,0.0090176985,0.0000000000,0.1478372812,0.1739211082,0.1111410409,0.1756483018,0.0506363362,0.0000000000,0.1225911379,0.1133908331,0.0000000000,0.0000000000,0.0564312339,0.0570764430,0.2026802301,0.1862945110,0.1263451129,0.0519892685,0.1465555429,0.0763302147,0.0501253642,0.0499066897,0.1918058097,0.1796709746,0.0299103558,0.0278321169,0.0915218890,0.0900299624,0.1249133125,0.0000000000,0.0000000000,0.0271430053,0.0972498581,0.1069398373,0.1373818666,0.1403321475,0.0000005142,0.0000000000,0.0000000000,0.0000000000,-0.0259467736,0.1182192639,-0.0030814228,0.0524114147,0.1182413846,0.0062233112
20:19:32:15.273,61,0.0002559455,0.1946876645,0.0843150169,0.0000000000,0.0000000000,0.0848631859,0.0348226950,0.0002549350,0.1948351711,0.0448052138,0.0000000000,0.0000000000,0.0849924460,0.0357865840,0.0525275730,0.0088430103,0.0000000000,0.1478006244,0.1738944054,0.1112141758,0.1778942794,0.0499798767,0.0000000000,0.1216971874,0.1129468530,0.0000000000,0.0000000000,0.0563397184,0.0570073240,0.2022468150,0.1862173080,0.1262896508,0.0520471558,0.1468607783,0.0763545483,0.0502310060,0.0499876365,0.1914226711,0.1796033084,0.0298325233,0.0277977567,0.0916743577,0.0901770294,0.1247692108,0.0000000000,0.0000000000,0.0273122843,0.0971355587,0.1067888066,0.1372559071,0.1402467787,0.0000005768,0.0000000000,0.0000000000,0.0000000000,-0.0271762758,0.1190622151,-0.0032506329,0.0511409901,0.1190843806,0.0061163013
20:19:32:16.274,61,0.0002355493,0.1958491206,0.0824505389,0.0000000000,0.0000000000,0.0847219825,0.0343157053,0.0002346194,0.1959805638,0.0465698652,0.0000000000,0.0000000000,0.0848498121,0.0352806002,0.0526262224,0.0086099440,0.0000000000,0.1477470994,0.1737139821,0.1113823429,0.1802212447,0.0494111516,0.0000000000,0.1214699224,0.1126984358,0.0000000000,0.0000000000,0.0562326498,0.0569204763,0.2015784532,0.1859148294,0.1259942502,0.0520639941,0.1472105980,0.0764378309,0.0504121222,0.0501339324,0.1911091059,0.1795659363,0.0297779161,0.0277705174,0.0918474942,0.0903465375,0.1244936734,0.0000000000,0.0000000000,0.0275703594,0.0969216824,0.1064849421,0.1370611936,0.1400550753,0.0000035304,0.0000000000,0.0000000000,0.0000000000,-0.0282442402,0.1197657287,-0.0033984934,0.0500058532,0.1197878644,0.0060163299
20:19:32:17.275,61,0.0002167783,0.1951385140,0.0824967399,0.0000000000,0.0000000000,0.0846771300,0.0339906365,0.0002159224,0.1952699572,0.0464883000,0.0000000000,0.0000000000,0.0848032087,0.0349543318,0.0527810529,0.0083183106,0.0000000000,0.1474760771,0.1734083295,0.1112105325,0.1806112528,0.0475017764,0.0000000000,0.1215666905,0.1128973216,0.0000000000,0.0000000000,0.0562575050,0.0569766015,0.2010154724,0.1857431382,0.1261368245,0.0522095598,0.1474162042,0.0763827860,0.0506394692,0.0503299162,0.1906926185,0.1794853956,0.0296126567,0.0276659448,0.0919849575,0.0904848501,0.1240772456,0.0000000000,0.0000000000,0.0278489739,0.0966756642,0.1061384529,0.1366219074,0.1396714896,0.0000037937,0.0000000000,0.0000000000,0.0000000000,-0.0281962398,0.1193312928,-0.0033802958,0.0500364751,0.1193534359,0.0059979707
20:19:32:18.277,61,0.0002462589,0.1967304200,0.0815556794,0.0000000000,0.0000000000,0.0845607668,0.0332712680,0.0002454195,0.1968543380,0.0474169999,0.0000000000,0.0000000000,0.0846842006,0.0342200957,0.0526446588,0.0079300450,0.0000000000,0.1462424248,0.1727080196,0.1109723076,0.1819051951,0.0451353416,0.0000000000,0.1213275045,0.1127804071,0.0000000000,0.0000000000,0.0561025329,0.0568348207,0.1982827485,0.1852110475,0.1258256882,0.0521028526,0.1477193981,0.0764455572,0.0508277155,0.0504793860,0.1887378991,0.1790545136,0.0294603202,0.0275823902,0.0930437967,0.0915695056,0.1234881803,0.0000000000,0.0000000000,0.0281168930,0.0962466821,0.1055682600,0.1361974627,0.1393117011,0.0000040632,0.0000000000,0.0000000000,0.0000000000,-0.0287561677,0.1203014553,-0.0034757014,0.0494599156,0.1203236580,0.0059775766
20:19:32:19.278,61,0.0002395382,0.2009637356,0.0796505064,0.0000000000,0.0000000000,0.0842791051,0.0329068415,0.0002387514,0.2010724396,0.0493545085,0.0000000000,0.0000000000,0.0844004080,0.0338474922,0.0525734760,0.0076151807,0.0000000000,0.1460410804,0.1725417376,0.1112966835,0.1996184289,0.0443746857,0.0000000000,0.1211358011,0.1124338284,0.0000000000,0.0000000000,0.0558944345,0.0566055924,0.1974098086,0.1849240512,0.1249144748,0.0518570133,0.1488927901,0.0767863840,0.0510407537,0.0506580807,0.1880536228,0.1789015383,0.0294863023,0.0276244413,0.0940176100,0.0925640017,0.1230051666,0.0000000000,0.0000000000,0.0284762569,0.0961528420,0.1054190546,0.1365187317,0.1396007687,0.0000049387,0.0000000000,0.0000000000,0.0000000000,-0.0299217496,0.1228834838,-0.0036949401,0.0482892692,0.1229057610,0.0059627071
20:19:32:20.279,61,0.0002273558,0.2035168856,0.0779797658,0.0000000000,0.0000000000,0.0839897469,0.0329253413,0.0002266241,0.2036111802,0.0509885401,0.0000000000,0.0000000000,0.0841094702,0.0338573009,0.0526770055,0.0074750511,0.0000000000,0.1473846287,0.1728862077,0.1127682179,0.2046176791,0.0442767218,0.0000000000,0.1209270880,0.1120444685,0.0000000000,0.0000000000,0.0557333604,0.0564302430,0.1974575222,0.1851126105,0.1240274832,0.0516286679,0.1499757916,0.0771916285,0.0511694364,0.0507701933,0.1879379153,0.1790620536,0.0295865238,0.0277119633,0.0942240283,0.0927797928,0.1226297021,0.0000000000,0.0000000000,0.0286977924,0.0960654989,0.1053099111,0.1370104253,0.1400209516,0.0000062392,0.0000000000,0.0000000000,0.0000000000,-0.0309064388,0.1244387329,-0.0038652988,0.0472672060,0.1244611293,0.0059112255
20:19:32:21.280,61,0.0002129343,0.2042116076,0.0757049173,0.0000000000,0.0000000000,0.0839967951,0.0323619731,0.0002122568,0.2042841762,0.0532640778,0.0000000000,0.0000000000,0.0841155350,0.0332568549,0.0530835763,0.0072595477,0.0000000000,0.1600109786,0.1809175909,0.1195583716,0.2068587840,0.0439610928,0.0000000000,0.1205704585,0.1117396280,0.0000000000,0.0000000000,0.0557237454,0.0564339459,0.2105555683,0.1974480450,0.1214300394,0.0515283309,0.1503016204,0.0772887021,0.0510853902,0.0506676659,0.1920807362,0.1848385334,0.0296874139,0.0278311074,0.0939119160,0.0924869925,0.1227076650,0.0000000000,0.0000000000,0.0286541693,0.0960958153,0.1053312346,0.1374098808,0.1403293908,0.0000198579,0.0000000000,0.0000000000,0.0000000000,-0.0322840773,0.1248555258,-0.0040511959,0.0458859019,0.1248778999,0.0057580238
20:19:32:22.281,61,0.0003770475,0.2050759196,0.0741786063,0.0000000000,0.0000000000,0.0838773102,0.0311361216,0.0003756458,0.2051338851,0.0548107438,0.0000000000,0.0000000000,0.0839956477,0.0319655649,0.0546613000,0.0071324306,0.0000000000,0.1823607981,0.1961729378,0.1258803904,0.2041203529,0.0441695154,0.0000000000,0.1208704039,0.1118461564,0.0000000000,0.0000000000,0.0558976568,0.0566296205,0.2151461691,0.2012688518,0.1191231757,0.0517461076,0.1486195773,0.0769760236,0.0508121513,0.0503750332,0.2191669047,0.2063323706,0.0299133360,0.0280318875,0.0935661569,0.0921510383,0.1228364632,0.0000000000,0.0000000000,0.0284236278,0.0962714404,0.1055142879,0.1380314529,0.1407900900,0.0000373750,0.0000000000,0.0000000000,0.0000000000,-0.0332193524,0.1253786832,-0.0041861674,0.0449577942,0.1254011244,0.0056655277
20:19:32:23.283,61,0.0006084049,0.2065206766,0.0738864094,0.0000000000,0.0000000000,0.0838314369,0.0298491903,0.0006058179,0.2065761536,0.0551493652,0.0000000000,0.0000000000,0.0839496180,0.0306188408,0.0566839129,0.0070076711,0.0000000000,0.1909127086,0.2030665129,0.1307547390,0.1996062249,0.0444829166,0.0000000000,0.1279928833,0.1148894951,0.0000000000,0.0000000000,0.0562749729,0.0570282824,0.2205510288,0.2055184245,0.1149478182,0.0520704985,0.1438949406,0.0764174536,0.0504279360,0.0499691553,0.2390739620,0.2260033339,0.0302787181,0.0283588469,0.0935750529,0.0921639577,0.1230885834,0.0000000000,0.0000000000,0.0280842762,0.0965623185,0.1058245897,0.1391006559,0.1414115578,0.0000452059,0.0000000000,0.0000000000,0.0000000000,-0.0334208570,0.1262610853,-0.0042415056,0.0447757058,0.1262835562,0.0056827259
20:19:32:24.283,61,0.0022866635,0.2095086128,0.0736425743,0.0000000000,0.0000000000,0.0836515874,0.0251557678,0.0021826148,0.2095618993,0.0555945933,0.0000000000,0.0000000000,0.0837692320,0.0257967636,0.0620662943,0.0068685994,0.0000000000,0.2434016168,0.2102488428,0.1687922627,0.1981363595,0.0444646813,0.0000000000,0.1442660093,0.1285347939,0.0000000000,0.0000000000,0.0567791350,0.0576210991,0.2223466337,0.2070663422,0.0704938844,0.0524272211,0.1224184781,0.0754376501,0.0496054254,0.0491879657,0.3171107769,0.2938907146,0.0423538461,0.0390337482,0.0933866948,0.0919870660,0.1244131997,0.0000000000,0.0000000000,0.0275646802,0.0985219553,0.1103212237,0.1523762196,0.1522339135,0.0000517344,0.0000000000,0.0000000000,0.0000000000,-0.0336828157,0.1280871034,-0.0043372372,0.0446175337,0.1281097382,0.0057454477
20:19:32:25.284,61,0.0036758601,0.2141240984,0.0736599714,0.0000000000,0.0000000000,0.0833431706,0.0206266269,0.0035017822,0.2141782939,0.0557858087,0.0000000000,0.0000000000,0.0834596306,0.0211510807,0.0670472682,0.0066638845,0.0000000000,0.2635548413,0.1858649403,0.1815515906,0.1947627366,0.0443477482,0.0000000000,0.1493515670,0.1326543391,0.0000000000,0.0000000000,0.0573060364,0.0582490265,0.2230319679,0.2075568438,0.0574152395,0.0524013340,0.1060025096,0.0740393400,0.0482496209,0.0479316004,0.3532041907,0.3215898573,0.0597413220,0.0542125478,0.0929952860,0.0916160420,0.1257161498,0.0000000000,0.0000000000,0.0269324873,0.0991794243,0.1116637141,0.1558875591,0.1550780088,0.0000414308,0.0000000000,0.0000000000,0.0000000000,-0.0337862521,0.1309092343,-0.0044474965,0.0446116887,0.1309320033,0.0058726901
20:19:32:26.286,61,0.0050068777,0.2158033997,0.0731599778,0.0000000000,0.0000000000,0.0832696408,0.0165661275,0.0047719702,0.2158529907,0.0563092828,0.0000000000,0.0000000000,0.0833857134,0.0170212984,0.0740698650,0.0082548596,0.0000000000,0.2933625579,0.1471147686,0.1875179112,0.1414497942,0.0441464819,0.0000000000,0.1543098092,0.1384723336,0.0000000000,0.0000000000,0.0587835535,0.0599728040,0.2239291221,0.2080131322,0.0504833162,0.0520587564,0.0927430913,0.0719352737,0.0463395417,0.0457505696,0.4155472517,0.3807356358,0.0722947568,0.0653021559,0.0912356749,0.0899860412,0.1269385964,0.0000000000,0.0000000000,0.0249416381,0.0993143544,0.1121514514,0.1548130065,0.1539995223,0.0000280059,0.0000000000,0.0000000000,0.0000000000,-0.0340986811,0.1319342405,-0.0045241616,0.0443028770,0.1319570392,0.0058782552
20:19:32:27.287,61,0.0059438092,0.2172278613,0.0729513615,0.0000000000,0.0000000000,0.0832966268,0.0139504950,0.0056849257,0.2172756940,0.0565345623,0.0000000000,0.0000000000,0.0834127069,0.0143640554,0.0791452825,0.0124152647,0.0000000000,0.3034798503,0.1351812780,0.1901926994,0.1270543635,0.0438658707,0.0000000000,0.1654818654,0.1528045088,0.0000000000,0.0000000000,0.0601390973,0.0614963621,0.2247707397,0.2083380371,0.0466827005,0.0515496247,0.0858917087,0.0701906309,0.0450577624,0.0441722386,0.4364244640,0.4012031555,0.0809800625,0.0734856576,0.0903759077,0.0891654193,0.1277208030,0.0000000000,0.0000000000,0.0230450667,0.0993963704,0.1124167889,0.1543740034,0.1536416560,0.0000211082,0.0000000000,0.0000000000,0.0000000000,-0.0342311412,0.1328044534,-0.0045720385,0.0441714190,0.1328272820,0.0058999332
20:19:32:28.287,61,0.0064946017,0.2176078111,0.0724650100,0.0000000000,0.0000000000,0.0833712369,0.0126239788,0.0062308591,0.2176504433,0.0570636690,0.0000000000,0.0000000000,0.0834887326,0.0130263418,0.0824955106,0.0251948647,0.0000000000,0.3086864054,0.1288379282,0.1857959330,0.1189146638,0.0437695980,0.0000000000,0.1727028191,0.1597278118,0.0000000000,0.0000000000,0.0616690032,0.0630566478,0.2303721309,0.2089353055,0.0446301252,0.0509307720,0.0818578899,0.0685495809,0.0438892581,0.0426980145,0.4519957900,0.4164983034,0.0858796164,0.0777646825,0.0894849077,0.0882683173,0.1284232587,0.0000000000,0.0000000000,0.0213340595,0.0994398072,0.1125741377,0.1538387388,0.1531466693,0.0000109806,0.0000000000,0.0000000000,0.0000000000,-0.0345504470,0.1330349743,-0.0046227751,0.0438755825,0.1330578774,0.0058707390
20:19:32:29.288,61,0.0069469148,0.2169041038,0.0723002478,0.0000000000,0.0000000000,0.0838477686,0.0116154235,0.0066843899,0.2169447690,0.0572449341,0.0000000000,0.0000000000,0.0839664936,0.0120127797,0.0840974227,0.0282325223,0.0000000000,0.3086645901,0.1253123432,0.1847468764,0.1149029285,0.0432592928,0.0000000000,0.1760489643,0.1642823368,0.0000000000,0.0000000000,0.0624047853,0.0638693124,0.2313470989,0.2088232487,0.0433737002,0.0502555221,0.0794941708,0.0674510077,0.0429724865,0.0416708887,0.4551047981,0.4225774705,0.0884782746,0.0803939700,0.0892993957,0.0880822465,0.1289912313,0.0000000000,0.0000000000,0.0202572513,0.0996242836,0.1127981097,0.1499880403,0.1507939249,0.0000080393,0.0000000000,0.0000000000,0.0000000000,-0.0346621946,0.1326041222,-0.0046225227,0.0437783375,0.1326270103,0.0058385427
20:19:32:30.289,61,0.0070129409,0.2178781182,0.0736469775,0.0000000000,0.0000000000,0.0841124281,0.0114785060,0.0067613167,0.2179326266,0.0559984408,0.0000000000,0.0000000000,0.0842309147,0.0118891075,0.0852404535,0.0293641966,0.0000000000,0.3089709878,0.1231933087,0.1750459820,0.1113572791,0.0428272076,0.0000000000,0.1893089265,0.1777063608,0.0000000000,0.0000000000,0.0630386248,0.0645563975,0.2316765338,0.2086821645,0.0426148959,0.0495886207,0.0764426738,0.0649761856,0.0418785326,0.0405399576,0.4607242644,0.4298387766,0.0899952576,0.0819233954,0.0878298581,0.0866276175,0.1294909567,0.0000000000,0.0000000000,0.0193455014,0.0998187512,0.1129908338,0.1484952718,0.1496734470,0.0000038854,0.0000000000,0.0000000000,0.0000000000,-0.0339047052,0.1332044899,-0.0045422590,0.0445902422,0.1332273781,0.0059739896
20:19:32:31.290,61,0.0069388747,0.2180768698,0.0735059679,0.0000000000,0.0000000000,0.0842926726,0.0115897022,0.0067011765,0.2181298733,0.0561566353,0.0000000000,0.0000000000,0.0844104737,0.0120147793,0.0860835761,0.0260552671,0.0000000000,0.3087655604,0.1217403263,0.1720219254,0.1094557270,0.0423359275,0.0000000000,0.1933183521,0.1817576587,0.0000000000,0.0000000000,0.0635372028,0.0651057959,0.2317331284,0.2087485045,0.0420393459,0.0489084832,0.0746044591,0.0635247156,0.0410372689,0.0396773219,0.4631999135,0.4330471158,0.0910086408,0.0829919428,0.0869980305,0.0858066007,0.1298520565,0.0000000000,0.0000000000,0.0185724832,0.0997930169,0.1129124686,0.1470941454,0.1483331323,0.0000025349,0.0000000000,0.0000000000,0.0000000000,-0.0339999273,0.1333254725,-0.0045591984,0.0445041358,0.1333484203,0.0059679425
20:19:32:32.291,61,0.0072875465,0.2191542685,0.0732554644,0.0000000000,0.0000000000,0.0841729343,0.0107434681,0.0070529771,0.2192049772,0.0564279631,0.0000000000,0.0000000000,0.0842883810,0.0111677917,0.0876499116,0.0213679597,0.0000000000,0.3090169430,0.1197445765,0.1647642404,0.1054976732,0.0417863876,0.0000000000,0.1969915926,0.1864975542,0.0000000000,0.0000000000,0.0641238987,0.0657636598,0.2321548760,0.2098305970,0.0415410325,0.0482166894,0.0728722736,0.0621411167,0.0402403064,0.0388737768,0.4834369123,0.4582505524,0.0917702615,0.0838397369,0.0848561749,0.0837334543,0.1301761121,0.0000000000,0.0000000000,0.0178397875,0.0995134190,0.1124978662,0.1461732984,0.1474608630,0.0000021362,0.0000000000,0.0000000000,0.0000000000,-0.0341611952,0.1339833438,-0.0046036900,0.0443485565,0.1340063065,0.0059767864
20:19:32:33.293,61,0.0076937685,0.2200391889,0.0724158809,0.0000000000,0.0000000000,0.0841613486,0.0094646234,0.0074604172,0.2200814039,0.0572511293,0.0000000000,0.0000000000,0.0842741057,0.0098628914,0.0899287015,0.0148260687,0.0000000000,0.3091296256,0.1190588921,0.1619782597,0.1037276983,0.0411285236,0.0000000000,0.1988364607,0.1887193918,0.0000000000,0.0000000000,0.0650609061,0.0670244768,0.2327363491,0.2123298347,0.0412902869,0.0477946699,0.0718546882,0.0611736253,0.0395869613,0.0382386036,0.4889250994,0.4650288820,0.0920730978,0.0843090340,0.0842734724,0.0831873193,0.1302521527,0.0000000000,0.0000000000,0.0171736162,0.0993666947,0.1122365817,0.1456478834,0.1469595432,0.0000015078,0.0000000000,0.0000000000,0.0000000000,-0.0346570238,0.1345213652,-0.0046894639,0.0438370854,0.1345443428,0.0059319097
20:19:32:34.294,61,0.0086383875,0.2213803977,0.0718539953,0.0000000000,0.0000000000,0.0840400457,0.0067325989,0.0083282851,0.2214173526,0.0577620752,0.0000000000,0.0000000000,0.0841506124,0.0071518617,0.0916926712,0.0127992332,0.0000000000,0.3093468249,0.1182638109,0.1569328159,0.1011586785,0.0404888541,0.0000000000,0.2001943886,0.1936498433,0.0000000000,0.0000000000,0.0657666251,0.0678666234,0.2333940566,0.2134913653,0.0410043932,0.0472955182,0.0709805042,0.0603344664,0.0389536358,0.0376145132,0.4937925339,0.4694934487,0.0924395025,0.0848536417,0.0835274011,0.0824721679,0.1303466707,0.0000000000,0.0000000000,0.0165453143,0.0990621820,0.1118590161,0.1452429146,0.1466160864,0.0000013939,0.0000000000,0.0000000000,0.0000000000,-0.0349624529,0.1353393942,-0.0047598951,0.0434921086,0.1353623867,0.0059214807
20:19:32:35.295,61,0.0090797311,0.2211743891,0.0720360950,0.0000000000,0.0000000000,0.0838916674,0.0056471555,0.0087568117,0.2212132961,0.0575652979,0.0000000000,0.0000000000,0.0840011165,0.0060678292,0.0924703404,0.0136702079,0.0000000000,0.3090898991,0.1176102012,0.1545727849,0.0998685211,0.0400619097,0.0000000000,0.2039721906,0.1982654035,0.0000000000,0.0000000000,0.0663239434,0.0685006380,0.2335647196,0.2137621045,0.0408079401,0.0468231328,0.0702437460,0.0595805310,0.0383888148,0.0370487981,0.4957826436,0.4713149369,0.0926726460,0.0852140635,0.0828121230,0.0817674994,0.1304965168,0.0000000000,0.0000000000,0.0159836356,0.0988470092,0.1116252467,0.1449052542,0.1462879479,0.0000008415,0.0000000000,0.0000000000,0.0000000000,-0.0348439366,0.1352141052,-0.0047393213,0.0436030775,0.1352370679,0.0059310170
20:19:32:36.296,61,0.0092900163,0.2222662866,0.0725301430,0.0000000000,0.0000000000,0.0837654918,0.0051004384,0.0089692036,0.2223107070,0.0570797771,0.0000000000,0.0000000000,0.0838738829,0.0055192159,0.0928808302,0.0144146169,0.0000000000,0.3052830696,0.1169520244,0.1533710510,0.0992127731,0.0395583957,0.0000000000,0.2051922530,0.2000525892,0.0000000000,0.0000000000,0.0666171536,0.0688445345,0.2331850529,0.2129682451,0.0406277552,0.0463047288,0.0697529912,0.0590678491,0.0379006416,0.0365649015,0.4931053519,0.4658879042,0.0930686668,0.0857576281,0.0825250670,0.0814907402,0.1305543333,0.0000000000,0.0000000000,0.0154951373,0.0986383930,0.1114605740,0.1445646286,0.1460101455,0.0000006187,0.0000000000,0.0000000000,0.0000000000,-0.0345468931,0.1358834654,-0.0047224853,0.0438981168,0.1359064877,0.0060010455
20:19:32:37.296,61,0.0092053656,0.2247355282,0.0732467175,0.0000000000,0.0000000000,0.0835087299,0.0051613003,0.0088970801,0.2247882187,0.0563953668,0.0000000000,0.0000000000,0.0836155787,0.0055809626,0.0932045653,0.0157721601,0.0000000000,0.3043800592,0.1162347198,0.1516146213,0.0986449346,0.0391842723,0.0000000000,0.2058809549,0.2010253966,0.0000000000,0.0000000000,0.0669131204,0.0691338629,0.2330552191,0.2125656158,0.0404203273,0.0456974395,0.0692673996,0.0585949272,0.0373743884,0.0360494107,0.4928456247,0.4647464454,0.0935011357,0.0862982124,0.0822089911,0.0811905339,0.1307348907,0.0000000000,0.0000000000,0.0150186112,0.0983027220,0.1111773998,0.1444398463,0.1458606571,0.0000005776,0.0000000000,0.0000000000,0.0000000000,-0.0341255702,0.1373958141,-0.0047174883,0.0443226285,0.1374189407,0.0061273160
20:19:32:38.297,61,0.0092559494,0.2272102982,0.0743218735,0.0000000000,0.0000000000,0.0834467039,0.0048649469,0.0089592179,0.2272755206,0.0553229302,0.0000000000,0.0000000000,0.0835518613,0.0052763782,0.0937266126,0.0164653696,0.0000000000,0.3041175604,0.1157699302,0.1502218246,0.0982207358,0.0386535227,0.0000000000,0.2064455897,0.2020915896,0.0000000000,0.0000000000,0.0672847629,0.0695111677,0.2330204993,0.2123059034,0.0402841568,0.0452235565,0.0688679665,0.0581733510,0.0369156934,0.0356126986,0.4928981662,0.4643824995,0.0937399045,0.0867294669,0.0821195096,0.0811255202,0.1308025271,0.0000000000,0.0000000000,0.0145767191,0.0981132537,0.1110847816,0.1444431394,0.1458952576,0.0000004648,0.0000000000,0.0000000000,0.0000000000,-0.0334695540,0.1389130056,-0.0046785884,0.0449637584,0.1389362216,0.0062854020
20:19:32:39.299,61,0.0095567405,0.2291868031,0.0746938735,0.0000000000,0.0000000000,0.0832759812,0.0041776588,0.0092634633,0.2292568237,0.0549764670,0.0000000000,0.0000000000,0.0833799690,0.0045836614,0.0941671953,0.0205033384,0.0000000000,0.3034514785,0.1151780486,0.1493062377,0.0978493467,0.0383472517,0.0000000000,0.2068551481,0.2027667910,0.0000000000,0.0000000000,0.0676059127,0.0698282942,0.2329722345,0.2119117379,0.0401860178,0.0447923951,0.0685686767,0.0578425638,0.0365630277,0.0352641158,0.4930858314,0.4642213881,0.0941209793,0.0872124583,0.0820636451,0.0810826719,0.1308510154,0.0000000000,0.0000000000,0.0141807012,0.0978685990,0.1109137088,0.1444921196,0.1459644586,0.0000004185,0.0000000000,0.0000000000,0.0000000000,-0.0332543030,0.1401230246,-0.0046895328,0.0451811552,0.1401462406,0.0063714981
20:19:32:40.300,61,0.0097957095,0.2288864553,0.0736562908,0.0000000000,0.0000000000,0.0831072703,0.0037490474,0.0095082149,0.2289496362,0.0560610220,0.0000000000,0.0000000000,0.0832119733,0.0041519729,0.0942437723,0.0242940672,0.0000000000,0.3014219701,0.1145717800,0.1487012655,0.0975325406,0.0381600074,0.0000000000,0.2071865499,0.2032106966,0.0000000000,0.0000000000,0.0678062811,0.0700585544,0.2327139825,0.2113707215,0.0401212536,0.0443447754,0.0683947355,0.0576168373,0.0362273119,0.0349269845,0.4914788008,0.4617058337,0.0944893435,0.0876282230,0.0820385218,0.0810576975,0.1309763789,0.0000000000,0.0000000000,0.0138167329,0.0975799114,0.1107142121,0.1442396641,0.1457158029,0.0000003081,0.0000000000,0.0000000000,0.0000000000,-0.0339112282,0.1399383843,-0.0047757509,0.0445546955,0.1399586052,0.0062746922
20:19:32:41.301,61,0.0098105744,0.2293036580,0.0733646229,0.0000000000,0.0000000000,0.0828356445,0.0038325833,0.0095347753,0.2293638140,0.0563455299,0.0000000000,0.0000000000,0.0829402357,0.0042381519,0.0942238644,0.0260643009,0.0000000000,0.2969681025,0.1140820757,0.1481193900,0.0970480070,0.0379917175,0.0000000000,0.2074306607,0.2035279125,0.0000000000,0.0000000000,0.0680026263,0.0702923536,0.2324696481,0.2108621150,0.0401821472,0.0440284945,0.0681777596,0.0573096983,0.0359265283,0.0346252769,0.4906206131,0.4603789151,0.0946285576,0.0878233910,0.0816964507,0.0807090849,0.1311173886,0.0000000000,0.0000000000,0.0134751182,0.0973431692,0.1105531827,0.1439609081,0.1454308182,0.0000005452,0.0000000000,0.0000000000,0.0000000000,-0.0340821072,0.1401923597,-0.0048086331,0.0443766676,0.1402125806,0.0062611280
20:19:32:42.302,61,0.0100416299,0.2296131551,0.0735130981,0.0000000000,0.0000000000,0.0825045854,0.0034186477,0.0097701903,0.2296751738,0.0561753437,0.0000000000,0.0000000000,0.0826086327,0.0038218787,0.0941244215,0.0269034468,0.0000000000,0.2953223288,0.1135776639,0.1479285955,0.0967726111,0.0378259569,0.0000000000,0.2072284520,0.2033304870,0.0000000000,0.0000000000,0.0681671277,0.0704826489,0.2323925346,0.2106244266,0.0401374698,0.0436739810,0.0680436045,0.0571065471,0.0356402546,0.0343381353,0.4871775508,0.4568314850,0.0948496163,0.0880865902,0.0812844038,0.0802975222,0.1311642379,0.0000000000,0.0000000000,0.0131683489,0.0969146341,0.1101388037,0.1435668468,0.1450323313,0.0000006334,0.0000000000,0.0000000000,0.0000000000,-0.0339782536,0.1403821558,-0.0048005627,0.0444652922,0.1404023916,0.0062822299
20:19:32:43.303,61,0.0103180464,0.2299793363,0.0733880401,0.0000000000,0.0000000000,0.0822007135,0.0027940171,0.0100486223,0.2300401181,0.0562849008,0.0000000000,0.0000000000,0.0823034346,0.0031920476,0.0942145810,0.0270211380,0.0000000000,0.2944134772,0.1131771579,0.1476272494,0.0964292884,0.0375161357,0.0000000000,0.2068657428,0.2031253725,0.0000000000,0.0000000000,0.0683771893,0.0707308948,0.2322277725,0.2103919834,0.0401186235,0.0434771404,0.0677754655,0.0567728281,0.0353810191,0.0340895317,0.4862194657,0.4558888078,0.0947966203,0.0881473869,0.0809491873,0.0799699053,0.1312155128,0.0000000000,0.0000000000,0.0128802797,0.0964708030,0.1096845716,0.1431462169,0.1446420550,0.0000007445,0.0000000000,0.0000000000,0.0000000000,-0.0340434425,0.1406055242,-0.0048175235,0.0443882421,0.1406258345,0.0062814634
20:19:32:44.304,61,0.0108361617,0.2294233590,0.0732067972,0.0000000000,0.0000000000,0.0819002688,0.0017153844,0.0105565106,0.2294821441,0.0564282574,0.0000000000,0.0000000000,0.0820017755,0.0021155626,0.0942962915,0.0268008262,0.0000000000,0.2938748598,0.1129669696,0.1474622190,0.0961713120,0.0372256227,0.0000000000,0.2065506279,0.2029097378,0.0000000000,0.0000000000,0.0686373264,0.0710522309,0.2319734693,0.2101574242,0.0401672609,0.0434129685,0.0675458387,0.0564391389,0.0351615883,0.0338794217,0.4853399098,0.4551083148,0.0945350081,0.0880021676,0.0789795890,0.0780186653,0.1313780248,0.0000000000,0.0000000000,0.0126195746,0.0960660800,0.1092275381,0.1426964253,0.1442057490,0.0000008054,0.0000000000,0.0000000000,0.0000000000,-0.0341317914,0.1402648836,-0.0048181657,0.0442807451,0.1402851641,0.0062508811
20:19:32:45.305,61,0.0111988867,0.2299770862,0.0731782988,0.0000000000,0.0000000000,0.0816192031,0.0009611165,0.0109158186,0.2300359011,0.0564315245,0.0000000000,0.0000000000,0.0817194507,0.0013589682,0.0943314135,0.0266400985,0.0000000000,0.2932999730,0.1128016487,0.1473695785,0.0960123986,0.0369226411,0.0000000000,0.2063735276,0.2028621435,0.0000000000,0.0000000000,0.0689055696,0.0713647604,0.2315613180,0.2097317129,0.0402383134,0.0434110872,0.0673358962,0.0561153218,0.0350090042,0.0337345935,0.4844870567,0.4543457925,0.0941862538,0.0877780467,0.0780335665,0.0770795792,0.1315416843,0.0000000000,0.0000000000,0.0124034462,0.0957360342,0.1088772863,0.1422406286,0.1437839270,0.0000006174,0.0000000000,0.0000000000,0.0000000000,-0.0341321416,0.1406033784,-0.0048299953,0.0442613959,0.1406236589,0.0062634270
20:19:32:46.306,61,0.0115977051,0.2315803468,0.0728202462,0.0000000000,0.0000000000,0.0811444074,0.0000134092,0.0113088163,0.2316360623,0.0567278378,0.0000000000,0.0000000000,0.0812422037,0.0004086327,0.0944057256,0.0249358695,0.0000000000,0.2930357754,0.1123860255,0.1469074190,0.0956854075,0.0366901122,0.0000000000,0.2063135654,0.2027321160,0.0000000000,0.0000000000,0.0691335201,0.0716175884,0.2313647717,0.2096174359,0.0401770845,0.0432767831,0.0670541376,0.0557795614,0.0348060057,0.0335413367,0.4844563901,0.4543752372,0.0939926952,0.0876665264,0.0774306953,0.0764889494,0.1315142363,0.0000000000,0.0000000000,0.0121683944,0.0951873809,0.1081131548,0.1418494135,0.1433891654,0.0000005970,0.0000000000,0.0000000000,0.0000000000,-0.0343066007,0.1415823102,-0.0048889271,0.0440387055,0.1416026056,0.0062759011
20:19:32:47.307,61,0.0116997110,0.2320203334,0.0720102265,0.0000000000,0.0000000000,0.0807762817,0.0000000000,0.0114156762,0.2320673466,0.0575110652,0.0000000000,0.0000000000,0.0808708817,0.0000000000,0.0947250500,0.0155171324,0.0000000000,0.2927447259,0.1120950952,0.1466935873,0.0953977183,0.0361645967,0.0000000000,0.2059075683,0.2023049593,0.0000000000,0.0000000000,0.0693808496,0.0719253793,0.2310987413,0.2097940147,0.0401589833,0.0432496481,0.0668579489,0.0555108599,0.0346364342,0.0334074683,0.4834420979,0.4540525973,0.0936836675,0.0875174850,0.0773922876,0.0764736533,0.1314484477,0.0000000000,0.0000000000,0.0119658001,0.0947433114,0.1075308174,0.1413037479,0.1428534240,0.0000005130,0.0000000000,0.0000000000,0.0000000000,-0.0347789526,0.1418482363,-0.0049656476,0.0435471721,0.1418685913,0.0062177139
20:19:32:48.308,61,0.0119324569,0.2329015732,0.0718789622,0.0000000000,0.0000000000,0.0805015787,0.0000000000,0.0116480635,0.2329474092,0.0576375723,0.0000000000,0.0000000000,0.0805933550,0.0000000000,0.0949771628,0.0126380883,0.0000000000,0.2921546400,0.1119595841,0.1466702521,0.0953077599,0.0356492586,0.0000000000,0.2034051120,0.2012325525,0.0000000000,0.0000000000,0.0695857033,0.0721732304,0.2308654189,0.2098379433,0.0401824825,0.0432517193,0.0667723715,0.0553304255,0.0345065705,0.0333145037,0.4808559418,0.4527761042,0.0933928043,0.0874097869,0.0776474178,0.0767530203,0.1313316971,0.0000000000,0.0000000000,0.0117847659,0.0943186805,0.1070420444,0.1408364177,0.1424497962,0.0000004712,0.0000000000,0.0000000000,0.0000000000,-0.0348527692,0.1423865408,-0.0049953237,0.0434644520,0.1424069107,0.0062297783
20:19:32:49.309,61,0.0122157587,0.2344482988,0.0728217363,0.0000000000,0.0000000000,0.0800194442,0.0000000000,0.0119282342,0.2345051318,0.0566892549,0.0000000000,0.0000000000,0.0801097602,0.0000000000,0.0948410034,0.0194999818,0.0000000000,0.2917784452,0.1117111072,0.1463140249,0.0953221023,0.0354273431,0.0000000000,0.2028257549,0.2011648864,0.0000000000,0.0000000000,0.0696487278,0.0722633973,0.2304027230,0.2087746859,0.0401967838,0.0430452712,0.0667592883,0.0552502126,0.0343451798,0.0331644826,0.4798022807,0.4518893659,0.0933523253,0.0874651074,0.0777486414,0.0768635347,0.1312857121,0.0000000000,0.0000000000,0.0116034085,0.0938603431,0.1066059396,0.1405995339,0.1422724873,0.0000005246,0.0000000000,0.0000000000,0.0000000000,-0.0342746563,0.1433358043,-0.0049457001,0.0440285429,0.1433562040,0.0063532223
20:19:32:50.310,61,0.0123727685,0.2333467901,0.0736817345,0.0000000000,0.0000000000,0.0798379555,0.0000000000,0.0120867742,0.2334125191,0.0558901057,0.0000000000,0.0000000000,0.0799285322,0.0000000000,0.0938824490,0.0213718228,0.0000000000,0.2860721052,0.1116593257,0.1468948871,0.0956536084,0.0351736136,0.0000000000,0.1967632622,0.1972515732,0.0000000000,0.0000000000,0.0695838481,0.0722421482,0.2292423099,0.2072465122,0.0402958803,0.0428796858,0.0669550970,0.0553353131,0.0342239998,0.0330560356,0.4402646124,0.4089745879,0.0933005959,0.0875206143,0.0803058967,0.0793639272,0.1311553270,0.0000000000,0.0000000000,0.0114649199,0.0935057551,0.1063200533,0.1400175244,0.1417829096,0.0000009775,0.0000000000,0.0000000000,0.0000000000,-0.0337947346,0.1426656544,-0.0048533641,0.0445528142,0.1426860243,0.0063983547
20:19:32:51.311,61,0.0124359615,0.2325174212,0.0751027316,0.0000000000,0.0000000000,0.0795737281,0.0000000000,0.0121544553,0.2325981259,0.0545796789,0.0000000000,0.0000000000,0.0796645135,0.0000000000,0.0929578319,0.0221437346,0.0000000000,0.2841326892,0.1120243892,0.1495030075,0.0961286798,0.0349592119,0.0000000000,0.1942338496,0.1942159981,0.0000000000,0.0000000000,0.0695368722,0.0722550899,0.2277823687,0.2062978745,0.0404668748,0.0428619683,0.0670914426,0.0553097762,0.0341020450,0.0329514816,0.4299388528,0.3980168402,0.0929919556,0.0873088688,0.0809868425,0.0800209492,0.1312877387,0.0000000000,0.0000000000,0.0113522187,0.0933221653,0.1061823741,0.1394228637,0.1412456483,0.0000029963,0.0000000000,0.0000000000,0.0000000000,-0.0330047198,0.1421640664,-0.0047230604,0.0454153270,0.1421844214,0.0064988961
20:19:32:52.312,61,0.0123818461,0.2312541306,0.0766573846,0.0000000000,0.0000000000,0.0794647112,0.0000000000,0.0121081993,0.2313508242,0.0531654879,0.0000000000,0.0000000000,0.0795551389,0.0000000000,0.0921699181,0.0197372865,0.0000000000,0.2827972174,0.1132089943,0.1514638513,0.0974753797,0.0347647369,0.0000000000,0.1926812530,0.1898101121,0.0000000000,0.0000000000,0.0694177970,0.0721944124,0.2259946764,0.2055765092,0.0406605713,0.0428850055,0.0673164427,0.0553115383,0.0339913294,0.0328701325,0.4243623614,0.3923254907,0.0925691649,0.0869564414,0.0826525092,0.0816217884,0.1313888878,0.0000000000,0.0000000000,0.0112683652,0.0932786092,0.1060990393,0.1389096230,0.1407247335,0.0000054631,0.0000000000,0.0000000000,0.0000000000,-0.0321530551,0.1413977593,-0.0045760931,0.0463605300,0.1414180994,0.0065978169
20:19:32:53.312,61,0.0123905903,0.2317398638,0.0770973936,0.0000000000,0.0000000000,0.0792452991,0.0000000000,0.0121224253,0.2318415791,0.0527415350,0.0000000000,0.0000000000,0.0793359354,0.0000000000,0.0915548056,0.0197182037,0.0000000000,0.2821977735,0.1136594564,0.1524503231,0.0981654897,0.0346322693,0.0000000000,0.1903339773,0.1874776930,0.0000000000,0.0000000000,0.0693099350,0.0721182451,0.2254021615,0.2051833719,0.0408041142,0.0427460186,0.0676168352,0.0554574504,0.0338588282,0.0327486210,0.4228072762,0.3917417526,0.0924744904,0.0869109333,0.0834197253,0.0823652074,0.1314424276,0.0000000000,0.0000000000,0.0111610489,0.0930485204,0.1058995873,0.1385044456,0.1403410435,0.0000060669,0.0000000000,0.0000000000,0.0000000000,-0.0318952985,0.1416965276,-0.0045491424,0.0466246679,0.1417168826,0.0066495887
20:19:32:54.314,61,0.0123033738,0.2321299911,0.0773237720,0.0000000000,0.0000000000,0.0789864138,0.0000000000,0.0120433103,0.2322344929,0.0525006056,0.0000000000,0.0000000000,0.0790767521,0.0000000000,0.0911967903,0.0207418073,0.0000000000,0.2820962369,0.1139665768,0.1529440880,0.0986826792,0.0344094746,0.0000000000,0.1879659444,0.1861048937,0.0000000000,0.0000000000,0.0692991167,0.0721218586,0.2253968567,0.2051186115,0.0409670509,0.0426323637,0.0679004565,0.0555897765,0.0337498188,0.0326516144,0.4262648523,0.3963488936,0.0922518075,0.0867986083,0.0834542438,0.0823976472,0.1313891858,0.0000000000,0.0000000000,0.0110769579,0.0926630050,0.1055722088,0.1380989701,0.1399865448,0.0000064096,0.0000000000,0.0000000000,0.0000000000,-0.0317485072,0.1419360042,-0.0045359693,0.0467599742,0.1419563740,0.0066802916
20:19:32:55.315,61,0.0124429986,0.2320688963,0.0767349824,0.0000000000,0.0000000000,0.0788388178,0.0000000000,0.0121823847,0.2321668863,0.0530718938,0.0000000000,0.0000000000,0.0789278895,0.0000000000,0.0911587477,0.0204884354,0.0000000000,0.2824100256,0.1142117754,0.1531525105,0.0988833159,0.0341107138,0.0000000000,0.1863255203,0.1850223839,0.0000000000,0.0000000000,0.0693375915,0.0721823797,0.2257183939,0.2055052817,0.0410529450,0.0426322296,0.0679456964,0.0555223301,0.0336054042,0.0325279385,0.4367792606,0.4102516174,0.0918860734,0.0865562856,0.0831573382,0.0821105689,0.1314772218,0.0000000000,0.0000000000,0.0109732710,0.0922652185,0.1051625311,0.1376653612,0.1395742148,0.0000050247,0.0000000000,0.0000000000,0.0000000000,-0.0320941731,0.1418962777,-0.0045840368,0.0464041755,0.1419166327,0.0066276188
20:19:32:56.317,61,0.0127867479,0.2330565751,0.0748751834,0.0000000000,0.0000000000,0.0785558820,0.0000000000,0.0125156725,0.2331345826,0.0548861586,0.0000000000,0.0000000000,0.0786435306,0.0000000000,0.0913465098,0.0203918647,0.0000000000,0.2827442288,0.1142046154,0.1529894322,0.0988068879,0.0338211097,0.0000000000,0.1857117414,0.1847217381,0.0000000000,0.0000000000,0.0695155561,0.0723935217,0.2275410742,0.2070826888,0.0410852358,0.0426391661,0.0679305196,0.0554205142,0.0335371755,0.0324643701,0.4511709213,0.4250719547,0.0916168392,0.0863988921,0.0826157257,0.0815815777,0.1314928681,0.0000000000,0.0000000000,0.0108749289,0.0917875767,0.1046739891,0.1373386830,0.1393038929,0.0000032972,0.0000000000,0.0000000000,0.0000000000,-0.0331884921,0.1424928308,-0.0047604819,0.0452756025,0.1425132304,0.0064941016
20:19:32:57.317,61,0.0130913099,0.2339031249,0.0731569082,0.0000000000,0.0000000000,0.0782317743,0.0000000000,0.0128117781,0.2339627445,0.0565107502,0.0000000000,0.0000000000,0.0783183649,0.0000000000,0.0914888307,0.0205872450,0.0000000000,0.2829314172,0.1142648757,0.1528299153,0.0988735259,0.0335429609,0.0000000000,0.1852018386,0.1845349520,0.0000000000,0.0000000000,0.0696778372,0.0725882053,0.2280361503,0.2074344903,0.0411721580,0.0427530147,0.0679229125,0.0553079359,0.0335175730,0.0324509926,0.4556675553,0.4298290014,0.0911966264,0.0861128420,0.0821350142,0.0811179504,0.1314636171,0.0000000000,0.0000000000,0.0108029116,0.0912571996,0.1041654721,0.1369297206,0.1389649063,0.0000035312,0.0000000000,0.0000000000,0.0000000000,-0.0341683626,0.1430037618,-0.0049187900,0.0442333184,0.1430241466,0.0063677635
20:19:32:58.319,61,0.0134609248,0.2341023535,0.0737554505,0.0000000000,0.0000000000,0.0779909268,0.0000000000,0.0131692914,0.2341688722,0.0558830611,0.0000000000,0.0000000000,0.0780759528,0.0000000000,0.0916671008,0.0201800112,0.0000000000,0.2830348909,0.1143303737,0.1527163386,0.0989920497,0.0332554057,0.0000000000,0.1846842766,0.1842043698,0.0000000000,0.0000000000,0.0697993860,0.0727327093,0.2281987220,0.2076322883,0.0412595645,0.0428647771,0.0679407343,0.0552329160,0.0334682055,0.0324204601,0.4577366114,0.4319937527,0.0908327326,0.0858791843,0.0813481510,0.0804066360,0.1315056682,0.0000000000,0.0000000000,0.0107314177,0.0908408538,0.1037396342,0.1366397887,0.1387143582,0.0000033299,0.0000000000,0.0000000000,0.0000000000,-0.0337882303,0.1431278884,-0.0048683691,0.0445944332,0.1431483030,0.0064253611
20:19:32:59.320,61,0.0138306133,0.2324268073,0.0741352588,0.0000000000,0.0000000000,0.0781062096,0.0000000000,0.0135264713,0.2324970663,0.0554852150,0.0000000000,0.0000000000,0.0781909451,0.0000000000,0.0916919410,0.0197330005,0.0000000000,0.2829332054,0.1146883816,0.1530286372,0.0994764119,0.0331343450,0.0000000000,0.1841168553,0.1832270771,0.0000000000,0.0000000000,0.0698298663,0.0727665275,0.2280266583,0.2075268179,0.0414257422,0.0430028662,0.0681666657,0.0553079173,0.0334463045,0.0324218944,0.4508812428,0.4222441018,0.0905856565,0.0856926143,0.0814073905,0.0804940611,0.1315876842,0.0000000000,0.0000000000,0.0106868399,0.0907213837,0.1036288813,0.1365443170,0.1385941058,0.0000045872,0.0000000000,0.0000000000,0.0000000000,-0.0335525982,0.1421049088,-0.0047994079,0.0448306613,0.1421252340,0.0064125811
20:19:33:00.320,61,0.0142162200,0.2215166539,0.0721189082,0.0000000000,0.0000000000,0.0814155191,0.0000000000,0.0138981976,0.2215627581,0.0572119057,0.0000000000,0.0000000000,0.0815372914,0.0000000000,0.0917621776,0.0217603091,0.0000000000,0.2831912935,0.1172836348,0.1549014747,0.1000495553,0.0332244709,0.0000000000,0.1834891140,0.1823778301,0.0000000000,0.0000000000,0.0700552911,0.0730049312,0.2285353541,0.2078682035,0.0417520329,0.0433568470,0.0685266480,0.0554232560,0.0335185565,0.0325003378,0.4425689280,0.4105919898,0.0900763869,0.0852102935,0.0845404789,0.0835975111,0.1315340549,0.0000000000,0.0000000000,0.0106476191,0.0910046175,0.1039924026,0.1362304837,0.1382934600,0.0000051038,0.0000000000,0.0000000000,0.0000000000,-0.0346290283,0.1354267001,-0.0047175991,0.0436519533,0.1354466528,0.0059469761
20:19:33:01.321,61,0.0202016719,0.1953991354,0.0669490695,0.0000000000,0.0000000000,0.0967097282,0.0000000000,0.0195044912,0.1953912079,0.0619472936,0.0000000000,0.0000000000,0.0969399884,0.0000000000,0.0919641405,0.0224108864,0.0000000000,0.2839621603,0.1237230375,0.1618808955,0.1006876975,0.0334122293,0.0000000000,0.1733984649,0.1695275754,0.0000000000,0.0000000000,0.0704126656,0.0733724311,0.2335016578,0.2115431875,0.0421956554,0.0444421954,0.0688885003,0.0554540865,0.0336285308,0.0326282606,0.4234280288,0.3902151883,0.0880846456,0.0832576752,0.0889159217,0.0879670307,0.1315869540,0.0000000000,0.0000000000,0.0106255459,0.0924049392,0.1057294980,0.1348764002,0.1366443783,0.0000071999,0.0000000000,0.0000000000,0.0000000000,-0.0375720933,0.1194424108,-0.0045080734,0.0406057090,0.1194615066,0.0048726490
20:19:33:02.323,61,0.0241599549,0.1762231290,0.0619897842,0.0000000000,0.0000000000,0.1106323451,0.0000000000,0.0232041534,0.1761738360,0.0665598363,0.0000000000,0.0000000000,0.1109341234,0.0000000000,0.0923775807,0.0231315363,0.0000000000,0.2845336497,0.1339481473,0.1655054837,0.1012934670,0.0337649435,0.0000000000,0.1704218984,0.1657004654,0.0000000000,0.0000000000,0.0709776431,0.0739237070,0.2379569858,0.2144254893,0.0430478305,0.0483407304,0.0692381486,0.0553623363,0.0338621400,0.0328751467,0.4175581932,0.3837030828,0.0841453969,0.0793908387,0.0917956978,0.0907949731,0.1315941066,0.0000000000,0.0000000000,0.0106323939,0.0969581828,0.1106948256,0.1340610236,0.1357333213,0.0000120444,0.0000000000,0.0000000000,0.0000000000,-0.0404237323,0.1077068150,-0.0043696086,0.0376481079,0.1077252254,0.0040704282
20:19:33:03.324,61,0.0211007595,0.1567611396,0.0567760170,0.0000000000,0.0000000000,0.1183595508,0.0000000000,0.0206601825,0.1566771865,0.0715052262,0.0000000000,0.0000000000,0.1186891124,0.0000000000,0.0927187651,0.0233297888,0.0000000000,0.2846950293,0.1403267980,0.1675254852,0.1021981239,0.0339270942,0.0000000000,0.1685805768,0.1630871892,0.0000000000,0.0000000000,0.0715481862,0.0744964182,0.2407527715,0.2188841254,0.0442387052,0.0508126467,0.0696784854,0.0552806295,0.0341471285,0.0331820585,0.4106878638,0.3785676956,0.0798389465,0.0755472034,0.1029140279,0.1018297896,0.1313853860,0.0000000000,0.0000000000,0.0106822113,0.1005259007,0.1145734042,0.1333285570,0.1349557191,0.0000147405,0.0000000000,0.0000000000,0.0000000000,-0.0434800312,0.0957994685,-0.0041768127,0.0345235355,0.0958172083,0.0033174381
20:19:33:04.325,61,0.0150447935,0.0960098505,0.0590371676,0.0000000000,0.0000000000,0.1291387081,0.0424276963,0.0149442954,0.0959630087,0.0683457702,0.0000000000,0.0000000000,0.1294705868,0.0431412868,0.0929308757,0.0236171745,0.0000000000,0.2849587500,0.1428720802,0.1723042130,0.1028581485,0.0337578282,0.0000000000,0.1442150772,0.1412522644,0.0000000000,0.0000000000,0.0720372126,0.0750164464,0.2474434227,0.2306539118,0.0449901670,0.0520991087,0.0701328963,0.0552521087,0.0344358832,0.0335078239,0.3849997520,0.3587363958,0.0758049563,0.0724568069,0.1338005662,0.1327184588,0.1308658719,0.0000000000,0.0000000000,0.0107865920,0.1018173769,0.1160663515,0.1277128309,0.1300854385,0.0000200671,0.0000000000,0.0000000000,0.0000000000,-0.0416783057,0.0586714856,-0.0024474242,0.0360017233,0.0586871542,0.0021148075
20:19:33:05.325,61,0.0117602432,0.0521973744,0.0615563914,0.0000000000,0.0000000000,0.1470028758,0.1267014146,0.0117698973,0.0521696769,0.0652277172,0.0000000000,0.0000000000,0.1473969966,0.1277981997,0.0931252316,0.0269122552,0.0000000000,0.2852275670,0.1441100091,0.1752614230,0.1034153625,0.0336255617,0.0000000000,0.1373819709,0.1348149031,0.0000000000,0.0000000000,0.0725710317,0.0755613446,0.2589474320,0.2424871773,0.0457081981,0.0529450700,0.0710933730,0.0554094464,0.0347972065,0.0339078046,0.3772085607,0.3510341346,0.0733863413,0.0705039054,0.1491427571,0.1480735391,0.1302049011,0.0000000000,0.0000000000,0.0109372474,0.1024603099,0.1169645116,0.1250814199,0.1275831908,0.0000189862,0.0000000000,0.0000000000,0.0000000000,-0.0398251005,0.0318939388,-0.0012702738,0.0375835374,0.0319080986,0.0011993435
20:19:33:06.326,61,0.0098464210,0.0347245708,0.0608410686,0.0000000000,0.0000000000,0.1638383120,0.2522053123,0.0098957261,0.0346984677,0.0656521618,0.0000000000,0.0000000000,0.1642913222,0.2537288666,0.0933478177,0.0420590490,0.0000000000,0.2976420820,0.1448154598,0.1825215220,0.1041635945,0.0334368162,0.0000000000,0.1232682690,0.1209162921,0.0000000000,0.0000000000,0.0733181760,0.0761500448,0.2846363485,0.2622637749,0.0463715382,0.0535485372,0.0721675381,0.0556293093,0.0351750031,0.0343311578,0.3698617220,0.3390251696,0.0709438398,0.0686755031,0.1588730365,0.1577666998,0.1299161017,0.0000000000,0.0000000000,0.0111381495,0.1028457657,0.1177151054,0.1236315519,0.1261874735,0.0000175278,0.0000000000,0.0000000000,0.0000000000,-0.0400956161,0.0212131441,-0.0008504534,0.0371573307,0.0212266855,0.0007886639
20:19:33:07.328,61,0.0085657826,0.0378895216,0.0602616929,0.0000000000,0.0000000000,0.1725750118,0.3881959319,0.0086368648,0.0378618054,0.0662708431,0.0000000000,0.0000000000,0.1730223000,0.3898527026,0.0938237235,0.0484154522,0.0000000000,0.3122160435,0.1453374624,0.1871226877,0.1057072580,0.0330996253,0.0000000000,0.1105916277,0.1078396738,0.0000000000,0.0000000000,0.0749327764,0.0768272579,0.2961475253,0.2759315372,0.0470361896,0.0541535206,0.0733670220,0.0559044555,0.0355280638,0.0347483084,0.3627969623,0.3301163912,0.0683493465,0.0666127279,0.1643872112,0.1632737666,0.1297456473,0.0000000000,0.0000000000,0.0113646742,0.1030418947,0.1182294115,0.1226454973,0.1252185404,0.0000179078,0.0000000000,0.0000000000,0.0000000000,-0.0404717214,0.0231474210,-0.0009367273,0.0368019119,0.0231610816,0.0008523318
20:19:33:08.329,61,0.0076176981,0.0514121279,0.0585143678,0.0000000000,0.0000000000,0.1769787818,0.4988985658,0.0076968749,0.0513772629,0.0681925490,0.0000000000,0.0000000000,0.1774187088,0.5006053448,0.0947093591,0.0551383756,0.0000000000,0.3258685768,0.1480475515,0.1907627136,0.1100962013,0.0328296460,0.0000000000,0.1026230231,0.0983374119,0.0000000000,0.0000000000,0.0773664117,0.0777360946,0.3119072318,0.2917976975,0.0479773358,0.0553782359,0.0752987042,0.0561812371,0.0359164700,0.0351837613,0.3555139601,0.3217868209,0.0652134567,0.0636291206,0.1613106728,0.1600027978,0.1295780540,0.0000000000,0.0000000000,0.0116044879,0.1032173112,0.1186039820,0.1220384091,0.1246193051,0.0000161876,0.0000000000,0.0000000000,0.0000000000,-0.0416359305,0.0314118229,-0.0013079122,0.0357267633,0.0314259492,0.0011228777
20:19:33:09.330,61,0.0068685417,0.0709436536,0.0565590523,0.0000000000,0.0000000000,0.1790695637,0.5673359632,0.0069487737,0.0708957165,0.0706385374,0.0000000000,0.0000000000,0.1795062423,0.5689851642,0.0960424095,0.0601646416,0.0000000000,0.3325445950,0.1508355886,0.1922877878,0.1121528819,0.0325051099,0.0000000000,0.0990238711,0.0944662169,0.0000000000,0.0000000000,0.0791582465,0.0785724595,0.3191680312,0.2982008755,0.0488269478,0.0566253066,0.0768395588,0.0564775541,0.0362970345,0.0356099457,0.3528223634,0.3187026083,0.0635413080,0.0621575899,0.1615564823,0.1602006406,0.1286722124,0.0000000000,0.0000000000,0.0118132485,0.1032393798,0.1188454628,0.1219890490,0.1245874539,0.0000171124,0.0000000000,0.0000000000,0.0000000000,-0.0431101434,0.0433480255,-0.0018693299,0.0345175080,0.0433628596,0.0014974183
20:19:33:10.331,61,0.0062451223,0.0776435584,0.0568827577,0.0000000000,0.0000000000,0.1802820265,0.6016234159,0.0063229026,0.0775939673,0.0704355538,0.0000000000,0.0000000000,0.1807173789,0.6031487584,0.0986698568,0.0696685761,0.0000000000,0.3370207250,0.1554513276,0.1934059560,0.1142815277,0.0322222449,0.0000000000,0.0925970376,0.0916735455,0.0000000000,0.0000000000,0.0807735100,0.0794373006,0.3309139311,0.3046022058,0.0502512902,0.0591504984,0.0780248791,0.0567159466,0.0367249250,0.0360837840,0.3512980342,0.3169540167,0.0619421490,0.0607455298,0.1614569426,0.1600856632,0.1280945688,0.0000000000,0.0000000000,0.0120448675,0.1032336056,0.1191053391,0.1221399605,0.1248054728,0.0000152352,0.0000000000,0.0000000000,0.0000000000,-0.0429782793,0.0474433117,-0.0020399322,0.0347086079,0.0474583581,0.0016481191
20:19:33:11.332,61,0.0057067294,0.0819934607,0.0529771149,0.0000000000,0.0000000000,0.1816421002,0.6316545606,0.0057804217,0.0819269866,0.0743672103,0.0000000000,0.0000000000,0.1820801049,0.6328551173,0.1024140343,0.0730653629,0.0000000000,0.3396064341,0.1608381420,0.1939698309,0.1161375940,0.0319553614,0.0000000000,0.0899954662,0.0899541229,0.0000000000,0.0000000000,0.0823475644,0.0804217532,0.3358552158,0.3087379932,0.0525961965,0.0644341111,0.0789307952,0.0568332113,0.0372155048,0.0366258584,0.3505657315,0.3161038160,0.0595863163,0.0584895648,0.1620172411,0.1607131958,0.1274049133,0.0000000000,0.0000000000,0.0122954017,0.1032367125,0.1193339452,0.1224816144,0.1252034307,0.0000152354,0.0000000000,0.0000000000,0.0000000000,-0.0453714207,0.0500979461,-0.0022741347,0.0323212892,0.0501131564,0.0016207951
20:19:33:12.333,61,0.0052301609,0.0808532014,0.0506477617,0.0000000000,0.0000000000,0.1826123595,0.6445704103,0.0052991100,0.0807785988,0.0766245127,0.0000000000,0.0000000000,0.1830490828,0.6456581354,0.1051193625,0.0746865198,0.0000000000,0.3409268558,0.1627157331,0.1945266426,0.1171363816,0.0315398909,0.0000000000,0.0852752253,0.0868270621,0.0000000000,0.0000000000,0.0832359195,0.0811109021,0.3387191594,0.3127438128,0.0537819788,0.0663468465,0.0804735646,0.0571359284,0.0376635268,0.0371280834,0.3498894572,0.3154738843,0.0585252233,0.0574761406,0.1633847505,0.1622027457,0.1263563484,0.0000000000,0.0000000000,0.0125012072,0.1031030566,0.1193965599,0.1229272112,0.1256929189,0.0000150262,0.0000000000,0.0000000000,0.0000000000,-0.0467502400,0.0493988581,-0.0023104427,0.0309012178,0.0494140200,0.0015279533
20:19:33:13.334,61,0.0048016971,0.0766772255,0.0500290841,0.0000000000,0.0000000000,0.1833029091,0.6510221362,0.0048657563,0.0766032934,0.0771926418,0.0000000000,0.0000000000,0.1837410778,0.6520660520,0.1065573841,0.0758956596,0.0000000000,0.3416334987,0.1640241444,0.1951030493,0.1179735735,0.0313136578,0.0000000000,0.0789446831,0.0798475370,0.0000000000,0.0000000000,0.0840002075,0.0817639679,0.3426044285,0.3167192936,0.0549772233,0.0676933751,0.0814372227,0.0573110394,0.0381199494,0.0376167186,0.3485967517,0.3146087825,0.0575505197,0.0563987941,0.1635126770,0.1623689085,0.1255909950,0.0000000000,0.0000000000,0.0127371429,0.1027764305,0.1192009822,0.1230292171,0.1257938445,0.0000179766,0.0000000000,0.0000000000,0.0000000000,-0.0471026562,0.0468462929,-0.0022073800,0.0305275023,0.0468613058,0.0014313833
20:19:33:14.335,61,0.0044127982,0.0831986517,0.0512031913,0.0000000000,0.0000000000,0.1831245422,0.6441723704,0.0044720760,0.0831242278,0.0762488768,0.0000000000,0.0000000000,0.1835578382,0.6453399658,0.1075499058,0.0757487267,0.0000000000,0.3418379426,0.1656340361,0.1956649721,0.1200705320,0.0307573136,0.0000000000,0.0766929314,0.0776099861,0.0000000000,0.0000000000,0.0846339017,0.0823746249,0.3436259329,0.3181039691,0.0559651256,0.0686555132,0.0827065781,0.0575657003,0.0385787971,0.0381256752,0.3457176983,0.3138297498,0.0567957349,0.0556821376,0.1663003862,0.1652213782,0.1234341487,0.0000000000,0.0000000000,0.0130358376,0.1025926918,0.1191724986,0.1234792620,0.1262608320,0.0000210164,0.0000000000,0.0000000000,0.0000000000,-0.0465177111,0.0508327335,-0.0023658036,0.0312378462,0.0508479998,0.0015894927
20:19:33:15.336,61,0.0040577925,0.0758161247,0.0529359318,0.0000000000,0.0000000000,0.1837032735,0.6431779265,0.0041125193,0.0757530034,0.0743853226,0.0000000000,0.0000000000,0.1841344833,0.6443757415,0.1080677584,0.0757575706,0.0000000000,0.3419454396,0.1677365899,0.1961220354,0.1211239100,0.0304644816,0.0000000000,0.0753564164,0.0761447176,0.0000000000,0.0000000000,0.0851840004,0.0829376578,0.3442187607,0.3189719021,0.0567923822,0.0693485737,0.0835458934,0.0577331707,0.0389543027,0.0385394245,0.3406068087,0.3090825081,0.0560138151,0.0549085960,0.1688354015,0.1677436829,0.1224591359,0.0000000000,0.0000000000,0.0132546844,0.1025099978,0.1192032248,0.1236795038,0.1264672875,0.0000264574,0.0000000000,0.0000000000,0.0000000000,-0.0453907326,0.0463226289,-0.0021033974,0.0323020369,0.0463376269,0.0014976102
20:19:33:16.336,61,0.0037326308,0.0793278739,0.0530163944,0.0000000000,0.0000000000,0.1837192029,0.6416930556,0.0037830889,0.0792628601,0.0744007081,0.0000000000,0.0000000000,0.1841446757,0.6428923607,0.1083240733,0.0753332376,0.0000000000,0.3420606554,0.1687282324,0.1965131909,0.1219687909,0.0302524511,0.0000000000,0.0751383156,0.0756786391,0.0000000000,0.0000000000,0.0856403038,0.0834325626,0.3441874981,0.3192607164,0.0573413745,0.0697171092,0.0841851085,0.0578962751,0.0392429456,0.0388820469,0.3390226662,0.3076598346,0.0554416627,0.0543264002,0.1696988940,0.1686125994,0.1219362542,0.0000000000,0.0000000000,0.0134122018,0.1024706364,0.1191960946,0.1240477189,0.1268042177,0.0000246491,0.0000000000,0.0000000000,0.0000000000,-0.0453955084,0.0484688953,-0.0022012352,0.0323478468,0.0484840311,0.0015693090
20:19:33:17.338,61,0.0034342129,0.0635388121,0.0539497808,0.0000000000,0.0000000000,0.1847023070,0.6332588792,0.0034806996,0.0634865761,0.0728866756,0.0000000000,0.0000000000,0.1851037741,0.6343431473,0.1083376557,0.0699762478,0.0000000000,0.3417097926,0.1631285995,0.1978155822,0.1222389266,0.0299640149,0.0000000000,0.0753000379,0.0756043270,0.0000000000,0.0000000000,0.0856932402,0.0835751146,0.3429082334,0.3192310333,0.0573660098,0.0691065565,0.0846630707,0.0582376197,0.0393680483,0.0390644036,0.3385393322,0.3071140945,0.0553612560,0.0542003438,0.1688573360,0.1678410470,0.1222805232,0.0000000000,0.0000000000,0.0134694744,0.1022315025,0.1188848987,0.1240259483,0.1267267317,0.0000191502,0.0000000000,0.0000000000,0.0000000000,-0.0444904454,0.0388201773,-0.0017274233,0.0329312198,0.0388347134,0.0012792860
20:19:33:18.339,61,0.0031600213,0.0422240049,0.0528322272,0.0000000000,0.0000000000,0.1896159351,0.6311506629,0.0032028300,0.0421810374,0.0733995140,0.0000000000,0.0000000000,0.1900148541,0.6322069764,0.1081890464,0.0687427670,0.0000000000,0.3381413519,0.1522563845,0.1986341178,0.1219739839,0.0298189670,0.0000000000,0.0756188408,0.0758287162,0.0000000000,0.0000000000,0.0855839252,0.0835228711,0.3422169983,0.3188835680,0.0571750291,0.0678471327,0.0850504339,0.0586570613,0.0394734330,0.0392072052,0.3408386409,0.3072261810,0.0555566512,0.0543111004,0.1679314673,0.1669376343,0.1239579096,0.0000000000,0.0000000000,0.0134664774,0.1018572301,0.1184161752,0.1238806173,0.1265247017,0.0000146321,0.0000000000,0.0000000000,0.0000000000,-0.0448223241,0.0257928409,-0.0011559639,0.0322626345,0.0258066133,0.0008326296
20:19:33:19.339,61,0.0029079185,0.0457066745,0.0530601256,0.0000000000,0.0000000000,0.1920807958,0.6268859506,0.0029473300,0.0456621684,0.0732840300,0.0000000000,0.0000000000,0.1924964190,0.6280361414,0.1080218628,0.0758422911,0.0000000000,0.3356657922,0.1448381543,0.1992851943,0.1214687452,0.0299888942,0.0000000000,0.0761928931,0.0764882192,0.0000000000,0.0000000000,0.0854567364,0.0833940879,0.3395744860,0.3093852699,0.0567876026,0.0664338842,0.0852560252,0.0591035262,0.0395868979,0.0393365137,0.3505241871,0.3098081052,0.0563975424,0.0547515489,0.1677905470,0.1667980254,0.1248672903,0.0000000000,0.0000000000,0.0134485606,0.1016116440,0.1181580201,0.1239316016,0.1264900714,0.0000044444,0.0000000000,0.0000000000,0.0000000000,-0.0447492413,0.0279213935,-0.0012493683,0.0323999561,0.0279352833,0.0009051788
20:19:33:20.340,61,0.0026760339,0.0706030130,0.0571968220,0.0000000000,0.0000000000,0.1927077025,0.6179552078,0.0027123122,0.0705580339,0.0696599633,0.0000000000,0.0000000000,0.1931320280,0.6193765402,0.1076430455,0.1033553109,0.0000000000,0.3341621161,0.1421308815,0.1997905076,0.1211122051,0.0304146465,0.0000000000,0.0778943449,0.0806146413,0.0000000000,0.0000000000,0.0853663981,0.0832415149,0.3383504152,0.3002052605,0.0565099344,0.0654881969,0.0854588524,0.0595600158,0.0396280773,0.0393903218,0.3535952866,0.3106688559,0.0574923679,0.0553446375,0.1730435491,0.1718674600,0.1254931092,0.0000000000,0.0000000000,0.0134145664,0.1018330008,0.1185395047,0.1259805411,0.1285338998,0.0000028131,0.0000000000,0.0000000000,0.0000000000,-0.0425133109,0.0431404524,-0.0018346272,0.0349070504,0.0431552306,0.0015070505
20:19:33:21.342,61,0.0024626967,0.0922915488,0.0602598824,0.0000000000,0.0000000000,0.1912053674,0.5981646180,0.0024960882,0.0922512934,0.0670386925,0.0000000000,0.0000000000,0.1916730404,0.5998883247,0.1057956815,0.1116798669,0.0000000000,0.3299387693,0.1407457888,0.2023148388,0.1212685779,0.0309562255,0.0000000000,0.0814006180,0.0855795890,0.0000000000,0.0000000000,0.0851136893,0.0829240307,0.3356279135,0.2921447158,0.0560686626,0.0629497096,0.0859756991,0.0610507801,0.0396599397,0.0394316763,0.3549218476,0.3106901944,0.0619962104,0.0585630462,0.1837546825,0.1824010164,0.1258143485,0.0000000000,0.0000000000,0.0133959251,0.1022581607,0.1199508905,0.1328556687,0.1360200793,0.0000071639,0.0000000000,0.0000000000,0.0000000000,-0.0408865698,0.0564003028,-0.0023078159,0.0367521644,0.0564158447,0.0020751364
20:19:33:22.344,61,0.0022663975,0.0876854807,0.0632232726,0.0000000000,0.0000000000,0.1900834143,0.5599862337,0.0022971302,0.0876591057,0.0638254210,0.0000000000,0.0000000000,0.1905902475,0.5618274808,0.1039145887,0.1170275658,0.0000000000,0.3155766428,0.1381578594,0.2033263296,0.1208910421,0.0329457633,0.0000000000,0.0929894671,0.0972387567,0.0000000000,0.0000000000,0.0847911313,0.0825290009,0.3329361677,0.2841411233,0.0555075668,0.0593136288,0.0864410251,0.0623461045,0.0396943800,0.0394699387,0.3580304384,0.3110603392,0.0685473084,0.0633055419,0.1872471869,0.1858358234,0.1261627674,0.0000000000,0.0000000000,0.0133336205,0.1026113108,0.1207558960,0.1353334934,0.1385636181,0.0000127910,0.0000000000,0.0000000000,0.0000000000,-0.0389328189,0.0535885505,-0.0020878226,0.0385654718,0.0536039062,0.0020687266
20:19:33:23.344,61,0.0020857614,0.0746758282,0.0640064180,0.0000000000,0.0000000000,0.1903490275,0.5492181778,0.0021140461,0.0746537670,0.0627113804,0.0000000000,0.0000000000,0.1908953041,0.5510830283,0.1029317454,0.1200157478,0.0000000000,0.3071845174,0.1343767047,0.2036892176,0.1191175506,0.0339670368,0.0000000000,0.1091200560,0.1148534715,0.0000000000,0.0000000000,0.0844789892,0.0821299776,0.3316797614,0.2809240222,0.0549752153,0.0575946160,0.0869140700,0.0632849187,0.0398417227,0.0396106541,0.3677516580,0.3144664764,0.0712499842,0.0655302405,0.1890954673,0.1876561642,0.1266309619,0.0000000000,0.0000000000,0.0132689839,0.1030253172,0.1215143055,0.1375967115,0.1411863565,0.0000138386,0.0000000000,0.0000000000,0.0000000000,-0.0382683612,0.0456368290,-0.0017472319,0.0390585959,0.0456517152,0.0017838762
20:19:33:24.345,61,0.0019195308,0.0639928579,0.0656608343,0.0000000000,0.0000000000,0.1980125606,0.5474470258,0.0019455622,0.0639765561,0.0607410371,0.0000000000,0.0000000000,0.1987103075,0.5492626429,0.1022429168,0.1233708933,0.0000000000,0.2996429503,0.1274759024,0.2036847323,0.1154741570,0.0347565487,0.0000000000,0.1218527928,0.1291766465,0.0000000000,0.0000000000,0.0841133520,0.0816663504,0.3309012949,0.2790405452,0.0543737747,0.0555458292,0.0875767842,0.0662275255,0.0399933904,0.0397375822,0.3785036206,0.3226054013,0.0787271336,0.0726312399,0.1940230578,0.1925266385,0.1272653937,0.0000000000,0.0000000000,0.0131605780,0.1056788340,0.1270143688,0.1455236375,0.1495655179,0.0000137673,0.0000000000,0.0000000000,0.0000000000,-0.0370762497,0.0391079448,-0.0014503824,0.0400792584,0.0391224548,0.0015683783
20:19:33:25.346,61,0.0017665531,0.0663836673,0.0669143423,0.0000000000,0.0000000000,0.2018637806,0.5477113724,0.0017905104,0.0663714334,0.0594937541,0.0000000000,0.0000000000,0.2026249617,0.5495176315,0.1015676409,0.1332458556,0.0000000000,0.2939817011,0.1224516481,0.2034697086,0.1130781695,0.0353912041,0.0000000000,0.1266470402,0.1351633668,0.0000000000,0.0000000000,0.0836739987,0.0811267421,0.3306413293,0.2778162062,0.0537374467,0.0536042675,0.0882454440,0.0685405806,0.0401182808,0.0398341604,0.3847744167,0.3271568716,0.0841768533,0.0783157051,0.2065684050,0.2050453275,0.1279557794,0.0000000000,0.0000000000,0.0130393496,0.1069988608,0.1300692856,0.1500451267,0.1551009715,0.0000103465,0.0000000000,0.0000000000,0.0000000000,-0.0363127925,0.0405707657,-0.0014737216,0.0408420302,0.0405853428,0.0016580359
20:19:33:26.348,61,0.0016257695,0.0869609788,0.0682906061,0.0000000000,0.0000000000,0.2033188492,0.5444102287,0.0016478178,0.0869564563,0.0583091266,0.0000000000,0.0000000000,0.2041003555,0.5461949110,0.1011910662,0.1357839406,0.0000000000,0.2918912172,0.1202531308,0.2034496665,0.1118218824,0.0357914492,0.0000000000,0.1293215454,0.1383074224,0.0000000000,0.0000000000,0.0832487568,0.0806174725,0.3301339149,0.2769372761,0.0526811406,0.0522763543,0.0886850506,0.0697839558,0.0401673578,0.0398700349,0.3877183497,0.3297221363,0.0884320587,0.0826520845,0.2106363028,0.2091103494,0.1284379065,0.0000000000,0.0000000000,0.0129246404,0.1094178781,0.1332149208,0.1543826312,0.1589882821,0.0000072322,0.0000000000,0.0000000000,0.0000000000,-0.0355687626,0.0531523265,-0.0018919440,0.0416574813,0.0531676151,0.0022162735
20:19:33:27.349,61,0.0014962069,0.0991927087,0.0689558238,0.0000000000,0.0000000000,0.2040007412,0.5561577082,0.0015164982,0.0991923362,0.0581481457,0.0000000000,0.0000000000,0.2047950774,0.5580679774,0.1011015773,0.1414602697,0.0000000000,0.2928203344,0.1187102497,0.2035028338,0.1110438779,0.0361434445,0.0000000000,0.1273484528,0.1393404156,0.0000000000,0.0000000000,0.0829204768,0.0801620409,0.3304055333,0.2765829563,0.0515350997,0.0513703637,0.0889361426,0.0706375465,0.0402514823,0.0399137549,0.3916262090,0.3343132734,0.0905842483,0.0849461854,0.2135812938,0.2120357305,0.1285365671,0.0000000000,0.0000000000,0.0128523288,0.1102353558,0.1344270557,0.1562059969,0.1608250886,0.0000130915,0.0000000000,0.0000000000,0.0000000000,-0.0354554653,0.0606313087,-0.0021518953,0.0420453623,0.0606470481,0.0025523005
20:19:33:28.350,61,0.0013769702,0.0930675939,0.0673190653,0.0000000000,0.0000000000,0.2058464140,0.5620104671,0.0013956444,0.0930591971,0.0595945008,0.0000000000,0.0000000000,0.2066372782,0.5638431311,0.1010372937,0.1429669261,0.0000000000,0.2927442789,0.1165713966,0.2035301179,0.1103317589,0.0362258442,0.0000000000,0.1272192895,0.1402310729,0.0000000000,0.0000000000,0.0825051814,0.0796295777,0.3307044506,0.2765618563,0.0503762402,0.0505345799,0.0891873613,0.0713657588,0.0403233021,0.0399566814,0.3937779963,0.3377886713,0.0920694992,0.0868236497,0.2145545036,0.2130146921,0.1290042996,0.0000000000,0.0000000000,0.0127777644,0.1109313220,0.1353031844,0.1573004276,0.1619976610,0.0000211695,0.0000000000,0.0000000000,0.0000000000,-0.0363453738,0.0568842404,-0.0020692535,0.0410564020,0.0568997674,0.0023379626
20:19:33:29.351,61,0.0012672362,0.0863834321,0.0680235103,0.0000000000,0.0000000000,0.2072189748,0.5782533288,0.0012844221,0.0863772631,0.0587920509,0.0000000000,0.0000000000,0.2080065012,0.5797256231,0.1009270251,0.1433456093,0.0000000000,0.2928636670,0.1153757647,0.2059130520,0.1102432385,0.0363165289,0.0000000000,0.1219273359,0.1345759481,0.0000000000,0.0000000000,0.0820401311,0.0790430531,0.3306164742,0.2763464451,0.0494468249,0.0497955158,0.0897730142,0.0731088966,0.0404598974,0.0400817357,0.3935022950,0.3382370174,0.0932436809,0.0880574584,0.2316925973,0.2305705249,0.1293412447,0.0000000000,0.0000000000,0.0127373151,0.1111329496,0.1354837716,0.1579686105,0.1627226174,0.0000236038,0.0000000000,0.0000000000,0.0000000000,-0.0358640216,0.0527988560,-0.0018949321,0.0414953344,0.0528141484,0.0021929475
20:19:33:30.352,61,0.0011662473,0.0748611093,0.0695544034,0.0000000000,0.0000000000,0.2097845376,0.5849745870,0.0011820637,0.0748589560,0.0569888987,0.0000000000,0.0000000000,0.2106000632,0.5863526464,0.1006890610,0.1430153251,0.0000000000,0.2927809954,0.1145330444,0.2073538601,0.1102133989,0.0365255922,0.0000000000,0.1201124042,0.1317714155,0.0000000000,0.0000000000,0.0815958008,0.0784879997,0.3303071856,0.2760833204,0.0486932471,0.0491432063,0.0904251784,0.0741243362,0.0406010896,0.0401970111,0.3881742060,0.3335270286,0.0939579457,0.0887370855,0.2349371612,0.2338408232,0.1294344217,0.0000000000,0.0000000000,0.0126888836,0.1112009808,0.1354128718,0.1582243294,0.1629618853,0.0000227865,0.0000000000,0.0000000000,0.0000000000,-0.0347761288,0.0457564145,-0.0015920203,0.0424439237,0.0457713008,0.0019434852
20:19:33:31.353,61,0.0010733065,0.0697705299,0.0710840747,0.0000000000,0.0000000000,0.2117503881,0.5877544284,0.0010878625,0.0697724372,0.0553046577,0.0000000000,0.0000000000,0.2126034945,0.5891059041,0.1004306376,0.1434215456,0.0000000000,0.2926007807,0.1142241210,0.2081217468,0.1102439240,0.0369910635,0.0000000000,0.1191586629,0.1304165870,0.0000000000,0.0000000000,0.0813642368,0.0781299397,0.3310809433,0.2762525976,0.0482940972,0.0487048030,0.0910552517,0.0747794881,0.0408171155,0.0403726399,0.3865550756,0.3319216669,0.0940885022,0.0887964293,0.2270807028,0.2255617231,0.1299625486,0.0000000000,0.0000000000,0.0126892356,0.1113678515,0.1354739666,0.1582246274,0.1629728079,0.0000168255,0.0000000000,0.0000000000,0.0000000000,-0.0337530002,0.0426458642,-0.0014400248,0.0433833376,0.0426605679,0.0018512980
20:19:33:32.354,61,0.0009877725,0.0700573698,0.0732550994,0.0000000000,0.0000000000,0.2125034481,0.5888196826,0.0010011685,0.0700663775,0.0532338917,0.0000000000,0.0000000000,0.2133758962,0.5901903510,0.0995510742,0.1436820477,0.0000000000,0.2925775647,0.1228020042,0.2085017860,0.1126230732,0.0379416943,0.0000000000,0.1191588864,0.1297059208,0.0000000000,0.0000000000,0.0812257007,0.0778937340,0.3310005069,0.2760036886,0.0482321605,0.0485636257,0.0916928276,0.0750590563,0.0410175808,0.0405390710,0.3734354079,0.3157712221,0.0903420970,0.0844784304,0.2230884582,0.2213020623,0.1304733902,0.0000000000,0.0000000000,0.0127620064,0.1120796353,0.1359880269,0.1581803560,0.1629819274,0.0000119704,0.0000000000,0.0000000000,0.0000000000,-0.0324889384,0.0428237282,-0.0013919031,0.0447079986,0.0428384431,0.0019157529
20:19:33:33.355,61,0.0009090549,0.0726266876,0.0744958520,0.0000000000,0.0000000000,0.2127649784,0.5962088108,0.0009213834,0.0726405606,0.0522837266,0.0000000000,0.0000000000,0.2136556804,0.5980805755,0.0981842056,0.1417930722,0.0000000000,0.2919348478,0.1853291988,0.2032728195,0.1457897723,0.0453450494,0.0000000000,0.1194187924,0.1233941391,0.0000000000,0.0000000000,0.0811669379,0.0777605101,0.3248909116,0.2747242451,0.0520201400,0.0539429449,0.0925687328,0.0743817687,0.0415587910,0.0410601310,0.3231669664,0.2734260261,0.0610193238,0.0561120100,0.2159256488,0.2135647088,0.1303394586,0.0000000000,0.0000000000,0.0131770130,0.1130210012,0.1365157813,0.1579218507,0.1627278775,0.0000161549,0.0000000000,0.0000000000,0.0000000000,-0.0319068655,0.0443962067,-0.0014172338,0.0454621203,0.0444110371,0.0020196501
20:19:33:34.356,61,0.0008366105,0.0695834234,0.0756967068,0.0000000000,0.0000000000,0.2133834809,0.6184548140,0.0008479565,0.0695995390,0.0512534864,0.0000000000,0.0000000000,0.2143016607,0.6206262112,0.0975358039,0.1257190108,0.0000000000,0.2912848890,0.2374334186,0.1805280000,0.1822035909,0.0665301904,0.0000000000,0.1193992943,0.1031164005,0.0000000000,0.0000000000,0.0810967311,0.0776289254,0.3226429224,0.2742983103,0.1047864407,0.0767046809,0.1080126911,0.0732493550,0.0461114757,0.0455757715,0.2812218666,0.2396928817,0.0455060080,0.0408958122,0.1993312389,0.1961518824,0.1296734810,0.0000000000,0.0000000000,0.0162740201,0.1165083498,0.1376973391,0.1573948711,0.1615179032,0.0000346818,0.0000000000,0.0000000000,0.0000000000,-0.0312806703,0.0425367616,-0.0013311638,0.0461986922,0.0425515249,0.0019663097
20:19:33:35.356,61,0.0007699393,0.0710934177,0.0753362179,0.0000000000,0.0000000000,0.2136579305,0.6254945993,0.0007803811,0.0711088851,0.0517578200,0.0000000000,0.0000000000,0.2145991623,0.6277956367,0.0972655788,0.1108685061,0.0000000000,0.2896051109,0.2551642954,0.1596022248,0.1943808645,0.0752042010,0.0000000000,0.1193714961,0.0967676863,0.0000000000,0.0000000000,0.0811443627,0.0775691792,0.3105119467,0.2696233988,0.1239477545,0.0873522833,0.1158455908,0.0719505027,0.0522337444,0.0522206761,0.2629279792,0.2252194434,0.0370373428,0.0327713713,0.1878751367,0.1847775877,0.1248008758,0.0000000000,0.0000000000,0.0215191673,0.1201387197,0.1385484040,0.1560552716,0.1580986381,0.0000486958,0.0000000000,0.0000000000,0.0000000000,-0.0315872319,0.0434596464,-0.0013734055,0.0459768660,0.0434744731,0.0019993728
20:19:33:36.358,61,0.0007085814,0.0764555484,0.0734873563,0.0000000000,0.0000000000,0.2123497725,0.6144484282,0.0007181910,0.0764665976,0.0538598858,0.0000000000,0.0000000000,0.2132851928,0.6172478199,0.0974278152,0.0924172029,0.0000000000,0.2887042463,0.2641439140,0.1520916969,0.2006834298,0.0824776441,0.0000000000,0.1228202879,0.0936857909,0.0000000000,0.0000000000,0.0813549533,0.0776314065,0.3013608754,0.2629387677,0.1335806698,0.0936932713,0.1192081496,0.0697362423,0.0563461371,0.0567040853,0.2544080019,0.2183914632,0.0327947885,0.0286276247,0.1457095742,0.1424972415,0.1229740232,0.0000000000,0.0000000000,0.0279603302,0.1279139966,0.1409157515,0.1552072763,0.1550789028,0.0001397156,0.0000000000,0.0000000000,0.0000000000,-0.0328652337,0.0467360429,-0.0015368324,0.0448418930,0.0467510745,0.0020972292
20:19:33:37.359,61,0.0006521131,0.0712842569,0.0712963790,0.0000000000,0.0000000000,0.2122936398,0.6112511754,0.0006609569,0.0712862313,0.0557677783,0.0000000000,0.0000000000,0.2132357955,0.6141132116,0.0993833914,0.0861373171,0.0000000000,0.2889094055,0.2689111829,0.1482868046,0.2032539248,0.0861565545,0.0000000000,0.1460355818,0.1008217558,0.0000000000,0.0000000000,0.0830438733,0.0783332512,0.2981255352,0.2607597709,0.1386612058,0.1025539041,0.1208017543,0.0665252358,0.0591451786,0.0596422218,0.2621603906,0.2224360555,0.0302884728,0.0261675417,0.1072386205,0.1041489467,0.1221116185,0.0000000000,0.0000000000,0.0309487041,0.1329018921,0.1438083947,0.1526191980,0.1504712850,0.0001932342,0.0000000000,0.0000000000,0.0000000000,-0.0340342894,0.0435715318,-0.0014835778,0.0435111746,0.0435863622,0.0018970944
20:19:33:38.360,61,0.0006001450,0.0538233481,0.0614674948,0.0000000000,0.0000000000,0.2206667662,0.6125113368,0.0006082839,0.0537953228,0.0652360693,0.0000000000,0.0000000000,0.2220277190,0.6152883768,0.1057266667,0.0861014649,0.0000000000,0.3269091845,0.2810537815,0.1467536241,0.1958755404,0.0945395306,0.0000000000,0.1638050228,0.1100721806,0.0000000000,0.0000000000,0.0916468576,0.0852578208,0.3153147995,0.2692713141,0.1412778497,0.1146749333,0.1201543882,0.0616669320,0.0606204122,0.0611528940,0.3026264906,0.2474608868,0.0287282225,0.0245825462,0.0918564945,0.0886896700,0.1220967099,0.0000000000,0.0000000000,0.0324636139,0.1382571608,0.1491504908,0.1503368169,0.1464669853,0.0002305528,0.0000000000,0.0000000000,0.0000000000,-0.0398289189,0.0328877866,-0.0013100103,0.0375280567,0.0329019837,0.0012349030
20:19:33:39.360,61,0.0005523182,0.0552604347,0.0608508773,0.0000000000,0.0000000000,0.2251794487,0.6127158403,0.0005598086,0.0552305132,0.0659038648,0.0000000000,0.0000000000,0.2264752090,0.6154220700,0.1077676341,0.0822185427,0.0000000000,0.3374031782,0.2852172256,0.1556009054,0.1627233624,0.0825570226,0.0000000000,0.2245880514,0.1846717149,0.0000000000,0.0000000000,0.0994165689,0.0971472785,0.3229679465,0.3026732504,0.1050730422,0.1181266159,0.1137714088,0.0592211448,0.0610951670,0.0616641045,0.3314564824,0.2985666692,0.0280421190,0.0239028689,0.0883613750,0.0858729780,0.1247702986,0.0000000000,0.0000000000,0.0326037630,0.1516631246,0.1707854420,0.1508981138,0.1477202326,0.0002805367,0.0000000000,0.0000000000,0.0000000000,-0.0402354561,0.0337657444,-0.0013587291,0.0371505059,0.0337799974,0.0012551321
20:19:33:40.362,61,0.0005083029,0.0693211406,0.0573754199,0.0000000000,0.0000000000,0.2259010673,0.6155497432,0.0005151963,0.0692807212,0.0694359019,0.0000000000,0.0000000000,0.2271426469,0.6177887917,0.1088526025,0.0900951847,0.0000000000,0.3724175096,0.2073789388,0.1578690410,0.1305538267,0.0558320656,0.0000000000,0.2640877962,0.2685636580,0.0000000000,0.0000000000,0.1054591462,0.1031395346,0.3273991048,0.3105474710,0.0824823529,0.0826338604,0.1039804593,0.0581000075,0.0591140352,0.0595465153,0.4063600600,0.3658237457,0.0341418423,0.0310682431,0.1208792180,0.1194381714,0.1271986216,0.0000000000,0.0000000000,0.0291398447,0.1560840905,0.1796298921,0.1544317603,0.1566627324,0.0002085363,0.0000000000,0.0000000000,0.0000000000,-0.0423779823,0.0423592366,-0.0017956338,0.0350172222,0.0423718728,0.0014843293
20:19:33:41.363,61,0.0004677953,0.0972838327,0.0565243550,0.0000000000,0.0000000000,0.2209019214,0.6179230213,0.0004741393,0.0972291306,0.0707349852,0.0000000000,0.0000000000,0.2219386846,0.6198370457,0.1095705032,0.1059531793,0.0000000000,0.3827886581,0.1706883460,0.1568066925,0.1036086380,0.0479065515,0.0000000000,0.2850113213,0.2973105907,0.0000000000,0.0000000000,0.1093486473,0.1062630937,0.3303686678,0.3060874045,0.0728307292,0.0734997466,0.0950886309,0.0574670248,0.0556956120,0.0558408722,0.4395589828,0.3954142928,0.0464746468,0.0437778085,0.1425304711,0.1417851448,0.1281865984,0.0000000000,0.0000000000,0.0253979415,0.1586312354,0.1850207150,0.1577935368,0.1625325829,0.0001469422,0.0000000000,0.0000000000,0.0000000000,-0.0431333110,0.0594492592,-0.0025664673,0.0344677903,0.0594626740,0.0020515569
20:19:33:42.364,61,0.0004305157,0.1127446070,0.0553959273,0.0000000000,0.0000000000,0.2160410732,0.6259498596,0.0004363542,0.1126771495,0.0721357837,0.0000000000,0.0000000000,0.2169427127,0.6274680495,0.1114590466,0.1203259006,0.0000000000,0.3904567063,0.1501635015,0.1348641813,0.0882128626,0.0438462235,0.0000000000,0.3371423185,0.3496252894,0.0000000000,0.0000000000,0.1158180460,0.1101857424,0.3459845483,0.3057734966,0.0658456162,0.0684628338,0.0854407027,0.0568593815,0.0528281741,0.0526988171,0.5014367700,0.4551438987,0.0559316389,0.0530467033,0.1501993090,0.1497059613,0.1282918453,0.0000000000,0.0000000000,0.0227774307,0.1601218134,0.1878116131,0.1614553928,0.1667774767,0.0000886428,0.0000000000,0.0000000000,0.0000000000,-0.0439608358,0.0688972101,-0.0030325945,0.0337592028,0.0689110979,0.0023296261
20:19:33:43.365,61,0.0003962071,0.1253279150,0.0526847281,0.0000000000,0.0000000000,0.2110901475,0.6254780889,0.0004015802,0.1252386123,0.0749143437,0.0000000000,0.0000000000,0.2119065672,0.6268332005,0.1124688983,0.1256281137,0.0000000000,0.3953588605,0.1300635636,0.1175121441,0.0771686956,0.0417833254,0.0000000000,0.3732109666,0.3903133571,0.0000000000,0.0000000000,0.1180084720,0.1116693392,0.3533976674,0.3055912554,0.0585404709,0.0622152016,0.0757501572,0.0560576655,0.0493889153,0.0489764176,0.5348197222,0.4888618886,0.0649007484,0.0613045879,0.1529110670,0.1525073797,0.1281435937,0.0000000000,0.0000000000,0.0208933670,0.1605574191,0.1889446378,0.1667599380,0.1713264287,0.0000235096,0.0000000000,0.0000000000,0.0000000000,-0.0456286259,0.0765837729,-0.0035000306,0.0320889689,0.0765979886,0.0024623415
20:19:33:44.366,61,0.0003646326,0.1188170686,0.0536338054,0.0000000000,0.0000000000,0.2096205652,0.6255570054,0.0003695775,0.1187373921,0.0737940073,0.0000000000,0.0000000000,0.2103954107,0.6268303394,0.1138984114,0.1281692386,0.0000000000,0.3974534571,0.1117671132,0.1059304103,0.0690010190,0.0406363122,0.0000000000,0.3969345391,0.4154038727,0.0000000000,0.0000000000,0.1189302951,0.1122417152,0.3571792245,0.3055360913,0.0533261634,0.0567573681,0.0699731335,0.0552631840,0.0467647836,0.0462483130,0.5605617762,0.5138195157,0.0722274184,0.0683570653,0.1498214453,0.1494137496,0.1280270070,0.0000000000,0.0000000000,0.0194579344,0.1607449204,0.1894273162,0.1707642227,0.1742897183,0.0000001866,0.0000000000,0.0000000000,0.0000000000,-0.0449595898,0.0726060495,-0.0032689734,0.0326767415,0.0726200566,0.0023767396
20:19:33:45.368,61,0.0003355743,0.1076224148,0.0550617725,0.0000000000,0.0000000000,0.2136959881,0.6224611998,0.0003401252,0.1075569913,0.0719770640,0.0000000000,0.0000000000,0.2144276351,0.6236938238,0.1151259840,0.1292112023,0.0000000000,0.3795650005,0.0982965678,0.1000818014,0.0643560737,0.0398014821,0.0000000000,0.4085645378,0.4298668206,0.0000000000,0.0000000000,0.1175636947,0.1111446023,0.3590571880,0.3052864969,0.0491293967,0.0516162105,0.0671074912,0.0546314344,0.0451860465,0.0445735902,0.5871597528,0.5437821746,0.0825741738,0.0790649056,0.1490148157,0.1486190259,0.1278501600,0.0000000000,0.0000000000,0.0184205994,0.1608530581,0.1896120012,0.1761599034,0.1790957749,0.0000001470,0.0000000000,0.0000000000,0.0000000000,-0.0438733585,0.0657662153,-0.0028886169,0.0335626304,0.0657798946,0.0022105174
20:19:33:46.369,61,0.0003088317,0.1045996323,0.0573633499,0.0000000000,0.0000000000,0.2168303132,0.6215639710,0.0003130199,0.1045473516,0.0695303828,0.0000000000,0.0000000000,0.2175077647,0.6227704883,0.1160267964,0.1280045062,0.0000000000,0.3717746139,0.0910775065,0.0948704854,0.0617284700,0.0390653647,0.0000000000,0.4256193638,0.4491066337,0.0000000000,0.0000000000,0.1154962480,0.1096006781,0.3526098132,0.2975005507,0.0465783142,0.0486834683,0.0653212368,0.0540653281,0.0440540537,0.0434192382,0.5972098708,0.5545974970,0.0876975358,0.0844650865,0.1485040784,0.1481166184,0.1273463070,0.0000000000,0.0000000000,0.0175847057,0.1608352959,0.1895165741,0.1786707640,0.1812492609,0.0000001519,0.0000000000,0.0000000000,0.0000000000,-0.0423870608,0.0639218539,-0.0027123364,0.0349697433,0.0639354363,0.0022383970
20:19:33:47.370,61,0.0002842203,0.1057317927,0.0574712455,0.0000000000,0.0000000000,0.2183521390,0.6174573302,0.0002880747,0.1056796163,0.0694443658,0.0000000000,0.0000000000,0.2190103531,0.6186656952,0.1165060699,0.1275960058,0.0000000000,0.3603651226,0.0875698924,0.0927080885,0.0602328666,0.0385139175,0.0000000000,0.4259550273,0.4518748820,0.0000000000,0.0000000000,0.1130264103,0.1076392159,0.3422926962,0.2846417427,0.0450993963,0.0470268466,0.0642851889,0.0536718927,0.0431898013,0.0425451212,0.5998113155,0.5571568608,0.0903307796,0.0872151032,0.1482146978,0.1478259414,0.1268377900,0.0000000000,0.0000000000,0.0168678965,0.1608502567,0.1894862652,0.1800550073,0.1825533211,0.0000000849,0.0000000000,0.0000000000,0.0000000000,-0.0423327349,0.0646139830,-0.0027382746,0.0350339524,0.0646276027,0.0022668506
20:19:33:48.370,61,0.0002615702,0.1082337275,0.0582918301,0.0000000000,0.0000000000,0.2189763784,0.5972337723,0.0002651175,0.1081844568,0.0687934235,0.0000000000,0.0000000000,0.2196251303,0.5987277031,0.1168909892,0.1276739091,0.0000000000,0.3461075425,0.0856084675,0.0918110684,0.0593914241,0.0381894112,0.0000000000,0.4005732238,0.4295355082,0.0000000000,0.0000000000,0.1117046028,0.1064322218,0.3359543681,0.2756036520,0.0441773757,0.0460389405,0.0636805817,0.0533849075,0.0425761975,0.0419156365,0.5990974903,0.5554762483,0.0918931440,0.0888476297,0.1477190256,0.1473191530,0.1263208836,0.0000000000,0.0000000000,0.0162534732,0.1607881039,0.1894150078,0.1807015240,0.1832071990,0.0000000768,0.0000000000,0.0000000000,0.0000000000,-0.0419317186,0.0661443472,-0.0027767776,0.0355306193,0.0661580414,0.0023535721
20:19:33:49.372,61,0.0002407252,0.1064384654,0.0574257374,0.0000000000,0.0000000000,0.2188594490,0.5622354150,0.0002439898,0.1063854843,0.0696104616,0.0000000000,0.0000000000,0.2195074111,0.5637685657,0.1169422418,0.1288134754,0.0000000000,0.3222433329,0.0845423266,0.0933655128,0.0590513684,0.0383195654,0.0000000000,0.3604056835,0.3853809536,0.0000000000,0.0000000000,0.1095281914,0.1044541746,0.3243500590,0.2600990236,0.0435524769,0.0454170071,0.0634917691,0.0533215366,0.0421711132,0.0414979756,0.5925605297,0.5432729125,0.0929136500,0.0898383260,0.1474757493,0.1470619142,0.1254191548,0.0000000000,0.0000000000,0.0156991053,0.1603492647,0.1890319586,0.1808045357,0.1833939701,0.0000003999,0.0000000000,0.0000000000,0.0000000000,-0.0424327999,0.0650458336,-0.0027631395,0.0350052379,0.0650594831,0.0022801715
20:19:33:50.373,61,0.0002215413,0.1069060788,0.0572304875,0.0000000000,0.0000000000,0.2116773427,0.4897062480,0.0002245457,0.1068518981,0.0698260888,0.0000000000,0.0000000000,0.2122868747,0.4911720753,0.1163113937,0.1285609156,0.0000000000,0.2993204594,0.0844832137,0.1039661616,0.0593495555,0.0384842083,0.0000000000,0.3397262394,0.3657270968,0.0000000000,0.0000000000,0.1054291576,0.1016523167,0.2859884501,0.2358342558,0.0433620811,0.0451750644,0.0636658967,0.0533975847,0.0419362411,0.0412694775,0.5439206362,0.4953702092,0.0932764336,0.0901798382,0.1464802176,0.1460281909,0.1247608885,0.0000000000,0.0000000000,0.0152315926,0.1585584879,0.1877386719,0.1792880744,0.1828471273,0.0000062534,0.0000000000,0.0000000000,0.0000000000,-0.0425634496,0.0653313696,-0.0027838433,0.0348855630,0.0653450340,0.0022823813
20:19:33:51.374,61,0.0002038863,0.1303306669,0.0585026070,0.0000000000,0.0000000000,0.1796781868,0.3654146194,0.0002066512,0.1302741617,0.0691861585,0.0000000000,0.0000000000,0.1801239401,0.3666424155,0.1120050400,0.0868207365,0.0000000000,0.2530313432,0.0845088586,0.1120985970,0.0612099729,0.0384209901,0.0000000000,0.3308148086,0.3552877009,0.0000000000,0.0000000000,0.0963687748,0.0961882174,0.2456833124,0.2075293511,0.0432900973,0.0448228680,0.0647016317,0.0540192351,0.0416959301,0.0410592332,0.5276205540,0.4817312956,0.0980718210,0.0941703096,0.1459981054,0.1455194652,0.1240698174,0.0000000000,0.0000000000,0.0148113463,0.1549804062,0.1812399179,0.1777854115,0.1821250319,0.0000092865,0.0000000000,0.0000000000,0.0000000000,-0.0421295911,0.0796507895,-0.0033617620,0.0356239676,0.0796651319,0.0028433977
20:19:33:52.374,61,0.0001876382,0.1762081087,0.0546877943,0.0000000000,0.0000000000,0.1454713345,0.2556956708,0.0001901828,0.1761013716,0.0740041286,0.0000000000,0.0000000000,0.1457543373,0.2567192614,0.1022010371,0.0755110532,0.0000000000,0.2334900945,0.0843872577,0.1188533902,0.0672468096,0.0380612798,0.0000000000,0.3105045557,0.3285283148,0.0000000000,0.0000000000,0.0860000551,0.0883084759,0.2231742740,0.1897061169,0.0431987494,0.0442456938,0.0677549094,0.0571103841,0.0414494425,0.0408556983,0.5028785467,0.4678501189,0.1082943380,0.1043890491,0.1456754208,0.1451594681,0.1211726665,0.0000000000,0.0000000000,0.0144136418,0.1384744197,0.1590739787,0.1743755639,0.1793561578,0.0000111390,0.0000000000,0.0000000000,0.0000000000,-0.0449450575,0.1076833680,-0.0048569562,0.0332134664,0.1076990664,0.0035902779
20:19:33:53.375,61,0.0001726849,0.2021687031,0.0534915626,0.0000000000,0.0000000000,0.1242650747,0.1744421721,0.0001750268,0.2020346224,0.0757164061,0.0000000000,0.0000000000,0.1244177967,0.1754090190,0.0966009945,0.0701805875,0.0000000000,0.2226247638,0.0842278749,0.1252737045,0.0743490010,0.0379183106,0.0000000000,0.2935172915,0.3087974191,0.0000000000,0.0000000000,0.0809267908,0.0837511718,0.2136357874,0.1820780486,0.0431362391,0.0435976349,0.0720824376,0.0608966500,0.0412687436,0.0406987742,0.4910456538,0.4540239573,0.1129692122,0.1081817150,0.1448098570,0.1441068202,0.1194201857,0.0000000000,0.0000000000,0.0140596870,0.1286563873,0.1483544707,0.1692941785,0.1740874052,0.0000124698,0.0000000000,0.0000000000,0.0000000000,-0.0459004678,0.1235467270,-0.0056978203,0.0324271806,0.1235631332,0.0040265936
20:19:33:54.376,61,0.0001589233,0.2116512507,0.0519176647,0.0000000000,0.0000000000,0.1123687103,0.1240635887,0.0001610785,0.2114940286,0.0776042342,0.0000000000,0.0000000000,0.1124717221,0.1249985322,0.0901781246,0.0673340261,0.0000000000,0.2171871662,0.0844242200,0.1290413588,0.0815067366,0.0378154330,0.0000000000,0.2689639926,0.2816261351,0.0000000000,0.0000000000,0.0767826885,0.0797318146,0.2060773075,0.1746011376,0.0430991501,0.0429704636,0.0742266104,0.0626351759,0.0409882255,0.0404558554,0.4607212543,0.4207867682,0.1148085967,0.1097725853,0.1435447186,0.1426766515,0.1185157597,0.0000000000,0.0000000000,0.0137349721,0.1208873764,0.1402920038,0.1616633832,0.1659259945,0.0000071834,0.0000000000,0.0000000000,0.0000000000,-0.0470103584,0.1293380558,-0.0061120326,0.0314499103,0.1293547451,0.0040903413
20:19:33:55.378,61,0.0001462584,0.2142441124,0.0525976904,0.0000000000,0.0000000000,0.1053176671,0.1033584848,0.0001482419,0.2140915096,0.0770283937,0.0000000000,0.0000000000,0.1054034904,0.1042738333,0.0873693973,0.0654447973,0.0000000000,0.2144076824,0.0856463537,0.1568339616,0.1039905623,0.0375132076,0.0000000000,0.2017521858,0.2130540609,0.0000000000,0.0000000000,0.0733923912,0.0760270953,0.2027226090,0.1716742516,0.0429748483,0.0424288586,0.0758313462,0.0638198182,0.0408013798,0.0403145738,0.4471274912,0.4087589681,0.1144227684,0.1098072231,0.1261969060,0.1252350956,0.1183137670,0.0000000000,0.0000000000,0.0135800485,0.1131974533,0.1322349310,0.1559878439,0.1601017565,0.0000046196,0.0000000000,0.0000000000,0.0000000000,-0.0466518551,0.1309243143,-0.0061406973,0.0318552367,0.1309410930,0.0041944291
20:19:33:56.379,61,0.0001346028,0.2140687704,0.0543629639,0.0000000000,0.0000000000,0.1012347341,0.0953777358,0.0001364282,0.2139336616,0.0753805041,0.0000000000,0.0000000000,0.1013198420,0.0963364244,0.0857269168,0.0644251928,0.0000000000,0.2198126018,0.0920358300,0.1667319387,0.1133128032,0.0373645611,0.0000000000,0.1814171374,0.1898485869,0.0000000000,0.0000000000,0.0716864467,0.0742265210,0.2028158009,0.1722253263,0.0428723730,0.0421021692,0.0766901746,0.0643646345,0.0406234898,0.0401536301,0.4406204522,0.4026104510,0.1067777649,0.1022044197,0.1055537462,0.1044233814,0.1186631545,0.0000000000,0.0000000000,0.0135131469,0.1074134633,0.1259254515,0.1507867724,0.1542022675,0.0000045191,0.0000000000,0.0000000000,0.0000000000,-0.0456544124,0.1308217496,-0.0060047391,0.0329248123,0.1308384985,0.0043317745
20:19:33:57.379,61,0.0001238760,0.2082250118,0.0595192201,0.0000000000,0.0000000000,0.0989020839,0.0904253349,0.0001255559,0.2081438005,0.0703354999,0.0000000000,0.0000000000,0.0989897922,0.0914017186,0.0846250653,0.0637505576,0.0000000000,0.2648672163,0.1141428277,0.1745478958,0.1206265613,0.0371719338,0.0000000000,0.1637934893,0.1715917885,0.0000000000,0.0000000000,0.0705755800,0.0730669126,0.2178620100,0.1875624508,0.0428954698,0.0418462940,0.0774596334,0.0647272840,0.0402070880,0.0397372246,0.4052658677,0.3762170374,0.1005326137,0.0965435952,0.0961031914,0.0949175879,0.1210421771,0.0000000000,0.0000000000,0.0133834789,0.1047296822,0.1230828911,0.1481811255,0.1513123661,0.0000134805,0.0000000000,0.0000000000,0.0000000000,-0.0426184721,0.1272639930,-0.0054515642,0.0360643677,0.1272806674,0.0046142139
20:19:33:58.381,61,0.0001140041,0.2015862763,0.0604708605,0.0000000000,0.0000000000,0.0974545851,0.0831690356,0.0001155501,0.2015159577,0.0694271028,0.0000000000,0.0000000000,0.0975488573,0.0842615739,0.0837821290,0.0586720258,0.0000000000,0.2758171558,0.1298514158,0.1853532791,0.1385335028,0.0370580740,0.0000000000,0.1529720724,0.1522136182,0.0000000000,0.0000000000,0.0697261542,0.0722128153,0.2219881862,0.1931996793,0.0430067033,0.0417856500,0.0788649246,0.0650000647,0.0398288555,0.0393518247,0.3627162278,0.3322474360,0.0936785340,0.0893595740,0.0919656008,0.0907391012,0.1221524701,0.0000000000,0.0000000000,0.0133660156,0.1032248437,0.1213970333,0.1460262388,0.1486210227,0.0000403523,0.0000000000,0.0000000000,0.0000000000,-0.0420894958,0.1232087761,-0.0052106106,0.0366597027,0.1232252494,0.0045393580
20:19:33:59.381,61,0.0001049189,0.2002194971,0.0582752302,0.0000000000,0.0000000000,0.0964847058,0.0805468485,0.0001063417,0.2001283616,0.0716423690,0.0000000000,0.0000000000,0.0965856314,0.0816799775,0.0828659385,0.0459789149,0.0000000000,0.2554311156,0.1500461549,0.1893927008,0.1622987986,0.0368295759,0.0000000000,0.1472099423,0.1432335526,0.0000000000,0.0000000000,0.0689474568,0.0714396760,0.2240249217,0.1961562932,0.0433855020,0.0419240519,0.0847044960,0.0653285459,0.0395624042,0.0391010493,0.3409818411,0.3142609894,0.0847998783,0.0814507529,0.0899153873,0.0886625648,0.1230543405,0.0000000000,0.0000000000,0.0135189136,0.1025042534,0.1205172315,0.1449533999,0.1473684609,0.0001005430,0.0000000000,0.0000000000,0.0000000000,-0.0434370041,0.1223674715,-0.0053402358,0.0353322700,0.1223839000,0.0043448890
20:19:34:00.383,61,0.0000965577,0.2008529305,0.0566681102,0.0000000000,0.0000000000,0.0960691124,0.0711762160,0.0000978671,0.2007465810,0.0731599480,0.0000000000,0.0000000000,0.0961783081,0.0721914768,0.0821104348,0.0355121121,0.0000000000,0.2509325147,0.1591316909,0.1928288937,0.1816534847,0.0365051962,0.0000000000,0.1440702677,0.1385756582,0.0000000000,0.0000000000,0.0681886971,0.0706951544,0.2246067375,0.1976362169,0.0437638424,0.0421404429,0.0896914154,0.0657635108,0.0393954515,0.0389678925,0.3288657367,0.3039799035,0.0807603672,0.0777764916,0.0893122628,0.0880514830,0.1239471212,0.0000000000,0.0000000000,0.0138293179,0.1024810821,0.1204141900,0.1445338130,0.1468211263,0.0001272332,0.0000000000,0.0000000000,0.0000000000,-0.0443550535,0.1227504537,-0.0054702656,0.0343562514,0.1227668896,0.0042382693
20:19:34:01.384,61,0.0000888628,0.2020502687,0.0566419251,0.0000000000,0.0000000000,0.0957115814,0.0698659196,0.0000900679,0.2019428909,0.0732289329,0.0000000000,0.0000000000,0.0958260298,0.0708065704,0.0814298540,0.0288904235,0.0000000000,0.2448661774,0.1634529382,0.1946773380,0.1887143403,0.0357938483,0.0000000000,0.1394207627,0.1352542788,0.0000000000,0.0000000000,0.0674755573,0.0700158775,0.2246394157,0.1986274123,0.0442727171,0.0423689708,0.0950379297,0.0663491786,0.0393006690,0.0389294028,0.3188378215,0.2968807518,0.0777232051,0.0753875747,0.0892341658,0.0879756436,0.1247550845,0.0000000000,0.0000000000,0.0141539583,0.1024105847,0.1202422231,0.1442696899,0.1464854479,0.0001437077,0.0000000000,0.0000000000,0.0000000000,-0.0443928540,0.1234821752,-0.0055078943,0.0343372636,0.1234986559,0.0042614341
20:19:34:02.385,61,0.0000817811,0.1986101270,0.0562813766,0.0000000000,0.0000000000,0.0955730155,0.0894578695,0.0000828902,0.1985011548,0.0735306591,0.0000000000,0.0000000000,0.0956919119,0.0903193429,0.0802013129,0.0253619459,0.0000000000,0.2214320153,0.1654653847,0.1958594322,0.1928036362,0.0354251228,0.0000000000,0.1338992417,0.1259396374,0.0000000000,0.0000000000,0.0661161616,0.0686842278,0.2216567844,0.1988889426,0.0447932146,0.0425814055,0.1002557278,0.0670760721,0.0393876657,0.0390987284,0.3072498143,0.2827358842,0.0748760998,0.0724133551,0.0891025588,0.0878499001,0.1255117953,0.0000000000,0.0000000000,0.0146436291,0.1022913083,0.1199716404,0.1440201551,0.1461113393,0.0001530423,0.0000000000,0.0000000000,0.0000000000,-0.0445872881,0.1213786826,-0.0054368260,0.0341275148,0.1213950664,0.0041625514
20:19:34:03.386,61,0.0000752638,0.1977412552,0.0562140755,0.0000000000,0.0000000000,0.0954716206,0.1045226827,0.0000762845,0.1976320893,0.0735873431,0.0000000000,0.0000000000,0.0955947712,0.1053581983,0.0792451873,0.0236712582,0.0000000000,0.2126231045,0.1668895632,0.1962914765,0.1951342225,0.0352971181,0.0000000000,0.1260153204,0.1195586026,0.0000000000,0.0000000000,0.0648890585,0.0674340650,0.2204720378,0.1989074051,0.0460692905,0.0428813398,0.1049332842,0.0677750781,0.0395296402,0.0393313318,0.2970481813,0.2728867531,0.0715337470,0.0689953938,0.0890441015,0.0877951831,0.1262051314,0.0000000000,0.0000000000,0.0151601220,0.1021185592,0.1196845993,0.1439390481,0.1459048986,0.0001076931,0.0000000000,0.0000000000,0.0000000000,-0.0446245484,0.1208474860,-0.0054173199,0.0340889059,0.1208638176,0.0041394709
20:19:34:04.387,61,0.0000692659,0.1961965263,0.0569682233,0.0000000000,0.0000000000,0.0952379853,0.1008482501,0.0000702052,0.1960954070,0.0727924481,0.0000000000,0.0000000000,0.0953671411,0.1017550826,0.0780871361,0.0229297634,0.0000000000,0.2085188478,0.1713325083,0.1963624507,0.2043880522,0.0356245376,0.0000000000,0.1235087365,0.1170277372,0.0000000000,0.0000000000,0.0640047863,0.0665443018,0.2190981805,0.1985558420,0.0473044738,0.0431876220,0.1088183671,0.0684928373,0.0397310629,0.0395954736,0.2916034758,0.2676063180,0.0693487823,0.0664013177,0.0890438482,0.0877848789,0.1267752498,0.0000000000,0.0000000000,0.0157541875,0.1021108106,0.1195725277,0.1442117691,0.1460196823,0.0001267640,0.0000000000,0.0000000000,0.0000000000,-0.0441475324,0.1199052706,-0.0053172596,0.0345501788,0.1199215651,0.0041624364
20:19:34:05.388,61,0.0000637460,0.1970489472,0.0578919351,0.0000000000,0.0000000000,0.0950141177,0.0792974457,0.0000646104,0.1969560087,0.0719007999,0.0000000000,0.0000000000,0.0951519385,0.0803266689,0.0772765055,0.0279736295,0.0000000000,0.2088573873,0.1728115827,0.1965961307,0.2100321501,0.0363623686,0.0000000000,0.1225525066,0.1159203723,0.0000000000,0.0000000000,0.0632779673,0.0658092871,0.2181149423,0.1973483711,0.0479430035,0.0433699898,0.1106486022,0.0694074929,0.0399280787,0.0398102626,0.2895643115,0.2653245032,0.0684700906,0.0653142929,0.0896245018,0.0882772654,0.1273602843,0.0000000000,0.0000000000,0.0162871201,0.1022134721,0.1196630672,0.1447089911,0.1464214027,0.0001257175,0.0000000000,0.0000000000,0.0000000000,-0.0436039940,0.1204286069,-0.0052749813,0.0351081789,0.1204449311,0.0042482712
20:19:34:06.388,61,0.0000586659,0.2002238333,0.0580998585,0.0000000000,0.0000000000,0.0945846960,0.0591475293,0.0000594615,0.2001319081,0.0716554075,0.0000000000,0.0000000000,0.0947299078,0.0601338223,0.0763926804,0.0364024863,0.0000000000,0.2166711837,0.1650160998,0.1986526549,0.2121704370,0.0365755595,0.0000000000,0.1223981082,0.1170583889,0.0000000000,0.0000000000,0.0625813752,0.0650861338,0.2163637578,0.1933321655,0.0478714220,0.0432099737,0.1111101508,0.0700648353,0.0398973525,0.0397744179,0.3094725907,0.2769227922,0.0699228644,0.0662494302,0.0898612812,0.0884902775,0.1292257011,0.0000000000,0.0000000000,0.0165119059,0.1022482365,0.1197730824,0.1451555789,0.1468656510,0.0001002836,0.0000000000,0.0000000000,0.0000000000,-0.0434448868,0.1223696694,-0.0053413017,0.0352259353,0.1223860756,0.0043318961
20:19:34:07.390,61,0.0000539907,0.2037131935,0.0576402359,0.0000000000,0.0000000000,0.0943940356,0.0516987368,0.0000547229,0.2036153376,0.0721494853,0.0000000000,0.0000000000,0.0945449620,0.0526698940,0.0756683424,0.0393493287,0.0000000000,0.2254655361,0.1550638676,0.2019962668,0.2130700052,0.0364461541,0.0000000000,0.1219947636,0.1172988862,0.0000000000,0.0000000000,0.0618338548,0.0642936975,0.2147830129,0.1911203563,0.0473210923,0.0428427979,0.1101089418,0.0706389099,0.0396820270,0.0395368747,0.3161488771,0.2841157019,0.0748688579,0.0708978102,0.0922192410,0.0908360332,0.1301340610,0.0000000000,0.0000000000,0.0165776499,0.1021146551,0.1197127327,0.1453537345,0.1470910609,0.0000955283,0.0000000000,0.0000000000,0.0000000000,-0.0437329076,0.1245011985,-0.0054713082,0.0349380374,0.1245177165,0.0043721106
20:19:34:08.391,61,0.0000496881,0.2043091506,0.0553746633,0.0000000000,0.0000000000,0.0944734290,0.0499122404,0.0000503619,0.2041889727,0.0743923113,0.0000000000,0.0000000000,0.0946290568,0.0508150496,0.0751838908,0.0406563804,0.0000000000,0.2279884219,0.1445049345,0.2095301896,0.2132893503,0.0359628722,0.0000000000,0.1215841249,0.1174343899,0.0000000000,0.0000000000,0.0611074530,0.0635700896,0.2141136676,0.1903384924,0.0467022695,0.0423259325,0.1098594591,0.0733148977,0.0395959802,0.0394456759,0.3193797469,0.2873968482,0.0802929848,0.0769085065,0.1178261638,0.1167063937,0.1307507306,0.0000000000,0.0000000000,0.0166602135,0.1019531786,0.1196391061,0.1455196738,0.1474036127,0.0000515566,0.0000000000,0.0000000000,0.0000000000,-0.0450903848,0.1248595268,-0.0056574279,0.0335632525,0.1248760596,0.0042123543
20:19:34:09.393,61,0.0000457284,0.2079883218,0.0522719994,0.0000000000,0.0000000000,0.0944191813,0.0489218123,0.0000463485,0.2078359574,0.0774176195,0.0000000000,0.0000000000,0.0945816711,0.0498061962,0.0749042034,0.0538655482,0.0000000000,0.2297195345,0.1364779472,0.2128937840,0.2058119327,0.0357893072,0.0000000000,0.1214150935,0.1178677157,0.0000000000,0.0000000000,0.0605142601,0.0629735738,0.2154565305,0.1902879775,0.0459867269,0.0416838825,0.1095325351,0.0753647909,0.0394835994,0.0392888226,0.3324348330,0.3003752232,0.0884231403,0.0835983977,0.1248095483,0.1237418428,0.1310383379,0.0000000000,0.0000000000,0.0165726971,0.1014755070,0.1193062961,0.1455627531,0.1476229131,0.0000307637,0.0000000000,0.0000000000,0.0000000000,-0.0469108298,0.1271003634,-0.0059924289,0.0316736922,0.1271169484,0.0040473915
20:19:34:10.393,61,0.0000420842,0.2083839625,0.0534582622,0.0000000000,0.0000000000,0.0941296667,0.0474656969,0.0000426549,0.2082431316,0.0762341395,0.0000000000,0.0000000000,0.0942992866,0.0483950488,0.0745508596,0.0767171383,0.0000000000,0.2360839695,0.1330930889,0.2145900279,0.1939847320,0.0359983817,0.0000000000,0.1214271858,0.1190555990,0.0000000000,0.0000000000,0.0600913242,0.0625477806,0.2201464027,0.1904587001,0.0453192443,0.0410285145,0.1088871062,0.0763473138,0.0392467119,0.0389844142,0.3453352749,0.3081399202,0.0927165598,0.0867768154,0.1280613691,0.1269897968,0.1314337254,0.0000000000,0.0000000000,0.0163741857,0.1009226441,0.1189033762,0.1456099153,0.1478544623,0.0000366549,0.0000000000,0.0000000000,0.0000000000,-0.0461922362,0.1273450553,-0.0059121870,0.0323914848,0.1273616999,0.0041471380
20:19:34:11.395,61,0.0000387304,0.2103666663,0.0540792383,0.0000000000,0.0000000000,0.0936521813,0.0467335097,0.0000392556,0.2102308571,0.0756284744,0.0000000000,0.0000000000,0.0938287154,0.0476862714,0.0736297965,0.0835085884,0.0000000000,0.2375395894,0.1300334036,0.2151566148,0.1901016384,0.0363489650,0.0000000000,0.1272203624,0.1276109964,0.0000000000,0.0000000000,0.0595739856,0.0620366894,0.2198707014,0.1882547885,0.0444418900,0.0403098986,0.1074161232,0.0769397691,0.0389704816,0.0386463180,0.3509467244,0.3123149276,0.0970910862,0.0899466649,0.1303368956,0.1292438507,0.1316087097,0.0000000000,0.0000000000,0.0161771104,0.1004071683,0.1185547933,0.1458994150,0.1482934505,0.0000654419,0.0000000000,0.0000000000,0.0000000000,-0.0458180979,0.1285583973,-0.0059208265,0.0327626392,0.1285750568,0.0042350432
20:19:34:12.395,61,0.0000356439,0.2141997665,0.0548304431,0.0000000000,0.0000000000,0.0930085257,0.0460364521,0.0000361273,0.2140686959,0.0750210956,0.0000000000,0.0000000000,0.0931899026,0.0469999351,0.0726723522,0.0834964216,0.0000000000,0.2381817400,0.1281973869,0.2149141580,0.1876834631,0.0367672704,0.0000000000,0.1327854693,0.1334923357,0.0000000000,0.0000000000,0.0590920448,0.0615742728,0.2174379379,0.1858881712,0.0436639637,0.0395989791,0.1058937609,0.0773011744,0.0386189856,0.0382592306,0.3539457619,0.3147164881,0.0997136161,0.0919632018,0.1323692352,0.1312322021,0.1319187880,0.0000000000,0.0000000000,0.0159447305,0.0998666510,0.1181885973,0.1462696046,0.1487226784,0.0000748363,0.0000000000,0.0000000000,0.0000000000,-0.0454362445,0.1309030205,-0.0059798192,0.0332075879,0.1309197545,0.0043717097
20:19:34:13.397,61,0.0000328034,0.2164655030,0.0560876057,0.0000000000,0.0000000000,0.0924953893,0.0455060415,0.0000332482,0.2163458318,0.0738401860,0.0000000000,0.0000000000,0.0926805511,0.0464661978,0.0720344633,0.0839217380,0.0000000000,0.2387527227,0.1250006258,0.2146946937,0.1843356639,0.0370253846,0.0000000000,0.1349725872,0.1371451020,0.0000000000,0.0000000000,0.0586501732,0.0611243285,0.2148209661,0.1826687157,0.0428744033,0.0388774052,0.1043846533,0.0776235685,0.0382492580,0.0378653072,0.3589112163,0.3195348978,0.1041185632,0.0965048000,0.1331492066,0.1320020705,0.1322727650,0.0000000000,0.0000000000,0.0157054011,0.0994213820,0.1179365739,0.1465622485,0.1490966380,0.0000757099,0.0000000000,0.0000000000,0.0000000000,-0.0447128117,0.1322911233,-0.0059478064,0.0339627452,0.1323080063,0.0045190495
20:19:34:14.398,61,0.0000301892,0.2169418931,0.0550549179,0.0000000000,0.0000000000,0.0924241915,0.0470835790,0.0000305986,0.2168116570,0.0748130530,0.0000000000,0.0000000000,0.0926139504,0.0480314046,0.0716054142,0.0843389332,0.0000000000,0.2374444604,0.1132965907,0.2143302858,0.1738810092,0.0371787138,0.0000000000,0.1355333775,0.1386656761,0.0000000000,0.0000000000,0.0580692999,0.0605280697,0.2129411101,0.1792788357,0.0421796069,0.0377707705,0.1035728827,0.0785026699,0.0379097350,0.0375194922,0.3686697185,0.3281342089,0.1188387945,0.1115141287,0.1452225894,0.1441018581,0.1333738118,0.0000000000,0.0000000000,0.0154109513,0.0988556445,0.1175861582,0.1466820687,0.1493526995,0.0000599569,0.0000000000,0.0000000000,0.0000000000,-0.0453001894,0.1325795203,-0.0060391766,0.0333361477,0.1325963736,0.0044454881
20:19:34:15.399,61,0.0000277834,0.2192469835,0.0525339246,0.0000000000,0.0000000000,0.0924650282,0.0477702022,0.0000281601,0.2190893292,0.0773014203,0.0000000000,0.0000000000,0.0926561132,0.0487037934,0.0717412755,0.0816223845,0.0000000000,0.2374754548,0.1055221409,0.2138166130,0.1585636884,0.0369019099,0.0000000000,0.1359929889,0.1399390548,0.0000000000,0.0000000000,0.0575903505,0.0600405037,0.2117817402,0.1778483540,0.0414794944,0.0367825553,0.1028078422,0.0793198049,0.0376404636,0.0372461118,0.3900288939,0.3576399386,0.1313619018,0.1250762939,0.1699457318,0.1690314859,0.1336930990,0.0000000000,0.0000000000,0.0151120732,0.0982941687,0.1171874329,0.1468059719,0.1496271342,0.0000269502,0.0000000000,0.0000000000,0.0000000000,-0.0467981808,0.1339816451,-0.0063055009,0.0318036638,0.1339985281,0.0042865868
20:19:34:16.400,61,0.0000255692,0.2205452323,0.0517745540,0.0000000000,0.0000000000,0.0926702768,0.0478100441,0.0000259160,0.2203788608,0.0780406147,0.0000000000,0.0000000000,0.0928622484,0.0487361401,0.0721551031,0.0806524605,0.0000000000,0.2458630949,0.1016862467,0.1986126304,0.1397865564,0.0368153490,0.0000000000,0.1381382793,0.1453184485,0.0000000000,0.0000000000,0.0572010279,0.0596203916,0.2113623619,0.1772189587,0.0407670327,0.0359143503,0.0985138193,0.0796083510,0.0372373946,0.0368224271,0.4230446517,0.3805938959,0.1370518804,0.1301741004,0.1768741906,0.1760046184,0.1340184212,0.0000000000,0.0000000000,0.0147537170,0.0978702009,0.1168507561,0.1469314694,0.1498147994,0.0000151876,0.0000000000,0.0000000000,0.0000000000,-0.0472406484,0.1347730607,-0.0064031272,0.0313405916,0.1347900182,0.0042494484
20:19:34:17.401,61,0.0000235316,0.2229961008,0.0526570454,0.0000000000,0.0000000000,0.0923913121,0.0472529158,0.0000238507,0.2228374183,0.0771768019,0.0000000000,0.0000000000,0.0925842300,0.0482061580,0.0743561536,0.0806972533,0.0000000000,0.2816731334,0.0997851416,0.1895988733,0.1299471706,0.0369955376,0.0000000000,0.1596699059,0.1662997603,0.0000000000,0.0000000000,0.0571195483,0.0594910756,0.2146652788,0.1780478656,0.0400466695,0.0351546369,0.0923807248,0.0793996528,0.0368085466,0.0363395289,0.4661151469,0.4273139238,0.1400638670,0.1328889281,0.1487880498,0.1477629840,0.1340359002,0.0000000000,0.0000000000,0.0143841337,0.0975498557,0.1166405752,0.1474843770,0.1503355503,0.0000100686,0.0000000000,0.0000000000,0.0000000000,-0.0467081927,0.1362731904,-0.0064023538,0.0318682827,0.1362902224,0.0043696617
20:19:34:18.402,61,0.0000216563,0.2242538035,0.0535084493,0.0000000000,0.0000000000,0.0917384997,0.0468990207,0.0000219500,0.2241027802,0.0764371231,0.0000000000,0.0000000000,0.0919286087,0.0478685573,0.0758467987,0.0806258023,0.0000000000,0.2915000319,0.0985749438,0.1840939969,0.1227606833,0.0372002944,0.0000000000,0.1660720855,0.1725606322,0.0000000000,0.0000000000,0.0571789481,0.0595121086,0.2184294760,0.1814816594,0.0393021479,0.0344854742,0.0862809941,0.0781696141,0.0363467634,0.0358135179,0.4799210131,0.4415124357,0.1415302604,0.1340700090,0.1392010748,0.1380695701,0.1336336583,0.0000000000,0.0000000000,0.0140298773,0.0970346481,0.1161456257,0.1475983411,0.1504108012,0.0000087400,0.0000000000,0.0000000000,0.0000000000,-0.0462556258,0.1370441169,-0.0063766856,0.0323801264,0.1370611489,0.0044652489
20:19:34:19.403,61,0.0000199305,0.2255241722,0.0542550534,0.0000000000,0.0000000000,0.0910044461,0.0465072468,0.0000202007,0.2253798544,0.0757900700,0.0000000000,0.0000000000,0.0911872163,0.0474908538,0.0809833184,0.0804330334,0.0000000000,0.3040208519,0.0976686031,0.1744399369,0.1155681685,0.0374083817,0.0000000000,0.1733310372,0.1786144972,0.0000000000,0.0000000000,0.0573465750,0.0596515238,0.2272421718,0.1902133971,0.0383484364,0.0337771438,0.0816952214,0.0765340775,0.0358098820,0.0352121890,0.4985747933,0.4594124854,0.1427433491,0.1349380314,0.1297984719,0.1286270022,0.1330834031,0.0000000000,0.0000000000,0.0136609115,0.0965060145,0.1155671105,0.1478110403,0.1505295187,0.0000025234,0.0000000000,0.0000000000,0.0000000000,-0.0458591208,0.1378225535,-0.0063584312,0.0328284018,0.1378396302,0.0045530833
20:19:34:20.403,61,0.0000183422,0.2272420377,0.0548429005,0.0000000000,0.0000000000,0.0905018151,0.0460342430,0.0000185909,0.2271029204,0.0752354264,0.0000000000,0.0000000000,0.0906808376,0.0470311530,0.0850671679,0.0800208375,0.0000000000,0.3137155771,0.0972426534,0.1638246626,0.1099321246,0.0377761498,0.0000000000,0.2049865872,0.2043145299,0.0000000000,0.0000000000,0.0576772988,0.0599385090,0.2316954434,0.1943267137,0.0375788212,0.0331635736,0.0787647441,0.0745611787,0.0352621339,0.0346001387,0.5127992630,0.4731053710,0.1433472484,0.1351646930,0.1191326752,0.1178891882,0.1326096654,0.0000000000,0.0000000000,0.0132769207,0.0964831635,0.1154776439,0.1490711272,0.1510405391,0.0000012980,0.0000000000,0.0000000000,0.0000000000,-0.0455168560,0.1388740689,-0.0063597802,0.0331792422,0.1388911903,0.0046372837
20:19:34:21.404,61,0.0000168805,0.2286977917,0.0533780344,0.0000000000,0.0000000000,0.0902868509,0.0454412475,0.0000171094,0.2285423130,0.0766427591,0.0000000000,0.0000000000,0.0904625356,0.0464259982,0.0875796527,0.0655157566,0.0000000000,0.3192473054,0.0969833508,0.1544138491,0.1061522886,0.0378559269,0.0000000000,0.2209798247,0.2218516767,0.0000000000,0.0000000000,0.0580597185,0.0602945611,0.2338043004,0.1973032951,0.0368359797,0.0326415300,0.0761315301,0.0721683279,0.0347095728,0.0339949280,0.5227933526,0.4880667627,0.1432676017,0.1348666251,0.1153619066,0.1141103655,0.1321174651,0.0000000000,0.0000000000,0.0128995543,0.0965912864,0.1154733673,0.1498481780,0.1515409797,0.0000003019,0.0000000000,0.0000000000,0.0000000000,-0.0463625565,0.1397597194,-0.0065197097,0.0322889984,0.1397768706,0.0045420593
20:19:34:22.405,61,0.0000155352,0.2291377336,0.0506165475,0.0000000000,0.0000000000,0.0903628469,0.0458967388,0.0000157459,0.2289522141,0.0793297738,0.0000000000,0.0000000000,0.0905358419,0.0468322821,0.0891953036,0.0612547211,0.0000000000,0.3216844499,0.0965798721,0.1494314671,0.1039525867,0.0378227010,0.0000000000,0.2278378904,0.2287036031,0.0000000000,0.0000000000,0.0584431328,0.0606621988,0.2346813977,0.1986844093,0.0362020768,0.0321740769,0.0747625232,0.0709920898,0.0342433117,0.0334892049,0.5267862082,0.4932948351,0.1431138963,0.1345377862,0.1220897734,0.1210027263,0.1314861029,0.0000000000,0.0000000000,0.0125611490,0.0966621116,0.1154190972,0.1504568458,0.1519731432,0.0000001720,0.0000000000,0.0000000000,0.0000000000,-0.0479862578,0.1400211900,-0.0067606536,0.0306173954,0.1400383711,0.0043151584
20:19:34:23.406,61,0.0000142972,0.2296136171,0.0498889312,0.0000000000,0.0000000000,0.0903714895,0.0445544831,0.0000144911,0.2294200659,0.0800105631,0.0000000000,0.0000000000,0.0905424953,0.0454314761,0.0903506428,0.0593780279,0.0000000000,0.3232217133,0.0961422846,0.1444765031,0.1019094363,0.0378421545,0.0000000000,0.2327733487,0.2356751263,0.0000000000,0.0000000000,0.0588551573,0.0610700585,0.2353111207,0.1995753348,0.0356085449,0.0317380726,0.0736924112,0.0699853897,0.0338070542,0.0330042914,0.5323739052,0.4984868169,0.1427872032,0.1340550333,0.1231122687,0.1220648885,0.1307765245,0.0000000000,0.0000000000,0.0122378189,0.0966682434,0.1153088734,0.1509095281,0.1523402184,0.0000001536,0.0000000000,0.0000000000,0.0000000000,-0.0483961143,0.1403101236,-0.0068326043,0.0301760323,0.1403272897,0.0042618634
20:19:34:24.407,61,0.0000131578,0.2300923169,0.0501613170,0.0000000000,0.0000000000,0.0901540890,0.0439651236,0.0000133362,0.2299012691,0.0797567070,0.0000000000,0.0000000000,0.0903233811,0.0448429510,0.0911643878,0.0592022687,0.0000000000,0.3243252933,0.0957065374,0.1343957037,0.0966951922,0.0381746143,0.0000000000,0.2500211895,0.2476758212,0.0000000000,0.0000000000,0.0594483204,0.0616438426,0.2358784080,0.2002307475,0.0351266749,0.0314073004,0.0714619234,0.0666955560,0.0333596319,0.0324941352,0.5476893783,0.5111501813,0.1375544518,0.1266400963,0.1113878042,0.1100489870,0.1302011460,0.0000000000,0.0000000000,0.0119288191,0.0966092497,0.1150736064,0.1511157602,0.1523657888,0.0000001543,0.0000000000,0.0000000000,0.0000000000,-0.0482405648,0.1406033635,-0.0068250853,0.0303395316,0.1406205595,0.0042940220
20:19:34:25.408,61,0.0000121092,0.2293573469,0.0512627177,0.0000000000,0.0000000000,0.0897891521,0.0436906815,0.0000122734,0.2291784585,0.0787227601,0.0000000000,0.0000000000,0.0899580345,0.0445967093,0.0918975845,0.0781024992,0.0000000000,0.3304820657,0.0952420384,0.1279011071,0.0907958895,0.0395515747,0.0000000000,0.2553494871,0.2519244850,0.0000000000,0.0000000000,0.0602835640,0.0623343252,0.2443857044,0.2025969028,0.0347010382,0.0310933366,0.0690729916,0.0636280924,0.0329011567,0.0319598801,0.5686950088,0.5256341100,0.1352283210,0.1228866801,0.1072329730,0.1057669520,0.1295127422,0.0000000000,0.0000000000,0.0116232000,0.0963840485,0.1146914959,0.1511497647,0.1522513181,0.0000001834,0.0000000000,0.0000000000,0.0000000000,-0.0476181544,0.1401570737,-0.0067154304,0.0310076717,0.1401742697,0.0043744417
20:19:34:26.409,61,0.0000111442,0.2272630781,0.0512870438,0.0000000000,0.0000000000,0.0895503536,0.0431082733,0.0000112954,0.2270854712,0.0787631795,0.0000000000,0.0000000000,0.0897204801,0.0440493189,0.0924869850,0.0836056843,0.0000000000,0.3326591551,0.0947142094,0.1249630004,0.0876034275,0.0403864086,0.0000000000,0.2578497827,0.2541769743,0.0000000000,0.0000000000,0.0610117279,0.0630322173,0.2470558733,0.2036315650,0.0343274288,0.0308412146,0.0674334615,0.0617102198,0.0324759893,0.0314576030,0.5753686428,0.5306566358,0.1332879663,0.1205286905,0.1050976440,0.1035774797,0.1288375556,0.0000000000,0.0000000000,0.0113443276,0.0960832983,0.1142834127,0.1508446634,0.1518705487,0.0000001522,0.0000000000,0.0000000000,0.0000000000,-0.0476511568,0.1388772875,-0.0066579212,0.0310279578,0.1388944238,0.0043368153
20:19:34:27.411,61,0.0001084058,0.2258364856,0.0506559461,0.0000000000,0.0000000000,0.0891891792,0.0413738303,0.0001083150,0.2256526947,0.0794371739,0.0000000000,0.0000000000,0.0893603489,0.0423861295,0.0927021727,0.0860965103,0.0000000000,0.3333154619,0.0944271535,0.1234633401,0.0860078558,0.0410874374,0.0000000000,0.2542440891,0.2529459596,0.0000000000,0.0000000000,0.0617020614,0.0637139827,0.2481002808,0.2040430307,0.0341221802,0.0307514518,0.0664217994,0.0604925826,0.0321165547,0.0310308393,0.5612244606,0.5226548910,0.1270126104,0.1152370125,0.1036569700,0.1021155640,0.1281732321,0.0000000000,0.0000000000,0.0111058038,0.0956625566,0.1137465537,0.1498038769,0.1504095197,0.0000002535,0.0000000000,0.0000000000,0.0000000000,-0.0480647720,0.1380037963,-0.0066728853,0.0306498725,0.1380208880,0.0042566988
20:19:34:28.412,61,0.0001268549,0.2251766771,0.0502306782,0.0000000000,0.0000000000,0.0887217373,0.0400906950,0.0001267078,0.2249885350,0.0798950717,0.0000000000,0.0000000000,0.0888928697,0.0411634520,0.0925535709,0.0841422230,0.0000000000,0.3249273896,0.0945038050,0.1270281225,0.0856380761,0.0413801335,0.0000000000,0.2106050700,0.2167505324,0.0000000000,0.0000000000,0.0622216500,0.0642640665,0.2468591630,0.2040564269,0.0340430923,0.0307553075,0.0659940988,0.0598536655,0.0318504758,0.0307174791,0.4988878965,0.4636251926,0.1226469800,0.1121805906,0.1030525267,0.1015063375,0.1275907904,0.0000000000,0.0000000000,0.0109198410,0.0951543003,0.1131264791,0.1473749727,0.1478487551,0.0000004903,0.0000000000,0.0000000000,0.0000000000,-0.0483445488,0.1375994831,-0.0066917813,0.0303942636,0.1376165897,0.0042086882
20:19:34:29.413,61,0.0001312445,0.2232754230,0.0496136360,0.0000000000,0.0000000000,0.0882377252,0.0397262312,0.0001310752,0.2230814248,0.0806090087,0.0000000000,0.0000000000,0.0884075686,0.0408164524,0.0921420082,0.0712288171,0.0000000000,0.3112290800,0.0949099809,0.1377664357,0.0860309079,0.0413666964,0.0000000000,0.1889755577,0.1905959696,0.0000000000,0.0000000000,0.0626518950,0.0647603869,0.2453673780,0.2041366845,0.0341694243,0.0308516473,0.0660571605,0.0596649908,0.0316088162,0.0304661803,0.4721882939,0.4398380816,0.1191848889,0.1099181324,0.1062662750,0.1048948318,0.1272422671,0.0000000000,0.0000000000,0.0107644666,0.0945316553,0.1121491119,0.1448802203,0.1450162977,0.0000007057,0.0000000000,0.0000000000,0.0000000000,-0.0487843752,0.1364360154,-0.0066947993,0.0300257038,0.1364530921,0.0041220770
20:19:34:30.414,61,0.0001285458,0.2208446562,0.0494797416,0.0000000000,0.0000000000,0.0879310071,0.0391162299,0.0001283718,0.2206507325,0.0807909220,0.0000000000,0.0000000000,0.0881002918,0.0402077064,0.0917091519,0.0629807040,0.0000000000,0.3048995733,0.0983434916,0.1576571763,0.0947748944,0.0411836579,0.0000000000,0.1710789949,0.1719281226,0.0000000000,0.0000000000,0.0629784092,0.0651594549,0.2440332472,0.2042693645,0.0345007963,0.0311206393,0.0669066086,0.0598179847,0.0314512774,0.0303193480,0.4355798662,0.4059150219,0.1140449718,0.1062999517,0.1069283113,0.1056107581,0.1272842139,0.0000000000,0.0000000000,0.0106596863,0.0940914303,0.1115291417,0.1425064504,0.1423470974,0.0000008616,0.0000000000,0.0000000000,0.0000000000,-0.0489043780,0.1349501908,-0.0066372692,0.0299507454,0.1349672228,0.0040664640
20:19:34:31.415,61,0.0001224555,0.2202205509,0.0489658117,0.0000000000,0.0000000000,0.0877836868,0.0388846807,0.0001222857,0.2200218439,0.0812848061,0.0000000000,0.0000000000,0.0879517347,0.0399658196,0.0911250934,0.0471798666,0.0000000000,0.2958386838,0.1034702584,0.1639517099,0.1008983105,0.0409316905,0.0000000000,0.1633218825,0.1606210470,0.0000000000,0.0000000000,0.0631067976,0.0653790534,0.2409801781,0.2044422925,0.0350228585,0.0314303152,0.0698544607,0.0602480471,0.0313172117,0.0302145649,0.4134251475,0.3854712844,0.1093041301,0.1020868495,0.1096574068,0.1084034666,0.1276905090,0.0000000000,0.0000000000,0.0105756354,0.0937007815,0.1109391600,0.1407055110,0.1397802979,0.0000007870,0.0000000000,0.0000000000,0.0000000000,-0.0492058955,0.1345675886,-0.0066589918,0.0296411868,0.1345845759,0.0040128990
20:19:34:32.416,61,0.0001149201,0.2170018256,0.0475829504,0.0000000000,0.0000000000,0.0879835635,0.0389933884,0.0001147586,0.2167917043,0.0826088935,0.0000000000,0.0000000000,0.0881493390,0.0400454141,0.0906150192,0.0257712845,0.0000000000,0.2919230759,0.1056781188,0.1673938781,0.1046493500,0.0403579772,0.0000000000,0.1517155319,0.1470872313,0.0000000000,0.0000000000,0.0630968213,0.0654815137,0.2377602458,0.2047956586,0.0355589390,0.0317852199,0.0717813671,0.0607639104,0.0311709531,0.0301253106,0.3973925114,0.3726433516,0.1052735895,0.0989932418,0.1162032187,0.1151893139,0.1282241195,0.0000000000,0.0000000000,0.0105301291,0.0932099596,0.1102316380,0.1361090392,0.1345210224,0.0000006748,0.0000000000,0.0000000000,0.0000000000,-0.0500206798,0.1325973421,-0.0066688755,0.0288116988,0.1326142251,0.0038428481
20:19:34:33.417,61,0.0001069519,0.2155229002,0.0462639965,0.0000000000,0.0000000000,0.0882152393,0.0394895487,0.0001068005,0.2153007835,0.0838684216,0.0000000000,0.0000000000,0.0883786455,0.0405090377,0.0899592042,0.0185861606,0.0000000000,0.2817168236,0.1083048359,0.1706942022,0.1166707948,0.0397666022,0.0000000000,0.1424709111,0.1365236491,0.0000000000,0.0000000000,0.0629326999,0.0654072836,0.2357183546,0.2051626146,0.0360448100,0.0321429782,0.0753797665,0.0616453029,0.0311357249,0.0301553607,0.3766952753,0.3523615599,0.1019880474,0.0962949991,0.1186627448,0.1177409813,0.1285886914,0.0000000000,0.0000000000,0.0105687045,0.0927168354,0.1095367074,0.1342139393,0.1324390769,0.0000006942,0.0000000000,0.0000000000,0.0000000000,-0.0507894754,0.1316905916,-0.0067244368,0.0280164331,0.1317074448,0.0037109556
20:19:34:34.418,61,0.0000990656,0.2139205337,0.0461914688,0.0000000000,0.0000000000,0.0884924680,0.0391374268,0.0000989248,0.2136994749,0.0838988870,0.0000000000,0.0000000000,0.0886533633,0.0401134081,0.0893531293,0.0146114435,0.0000000000,0.2775165737,0.1184751764,0.1742332876,0.1252952814,0.0391806029,0.0000000000,0.1316702068,0.1255006343,0.0000000000,0.0000000000,0.0627261028,0.0652880520,0.2346425503,0.2057638168,0.0366532058,0.0326423720,0.0783968419,0.0623291098,0.0311296340,0.0302155353,0.3608896136,0.3375644684,0.0973342434,0.0921537653,0.1197426841,0.1188597828,0.1288592070,0.0000000000,0.0000000000,0.0106291343,0.0923996493,0.1089900434,0.1330711842,0.1311745197,0.0000006484,0.0000000000,0.0000000000,0.0000000000,-0.0508144759,0.1307113022,-0.0066771400,0.0279761218,0.1307280660,0.0036777458
20:19:34:35.419,61,0.0000915118,0.2117507756,0.0465738773,0.0000000000,0.0000000000,0.0886406600,0.0393846668,0.0000913814,0.2115357667,0.0834833980,0.0000000000,0.0000000000,0.0888006538,0.0403397121,0.0888028368,0.0139053930,0.0000000000,0.2730169296,0.1250060946,0.1839320660,0.1375994682,0.0386516973,0.0000000000,0.1238182262,0.1180725992,0.0000000000,0.0000000000,0.0625949427,0.0652019605,0.2341407537,0.2064214349,0.0373318344,0.0332328603,0.0827411413,0.0632357374,0.0313068889,0.0304469820,0.3501271605,0.3258393109,0.0944159105,0.0895074159,0.1171021461,0.1161362827,0.1289101243,0.0000000000,0.0000000000,0.0108305793,0.0922611803,0.1086714789,0.1326324642,0.1307118833,0.0000027725,0.0000000000,0.0000000000,0.0000000000,-0.0505715683,0.1293862164,-0.0065771244,0.0282126218,0.1294029951,0.0036708091
20:19:34:36.421,61,0.0000844016,0.2100803256,0.0467142537,0.0000000000,0.0000000000,0.0886228457,0.0392353311,0.0000842811,0.2098685205,0.0833102241,0.0000000000,0.0000000000,0.0887823924,0.0401819609,0.0881997049,0.0136414748,0.0000000000,0.2710276842,0.1338301450,0.1908906102,0.1491289884,0.0383614600,0.0000000000,0.1202581897,0.1122571155,0.0000000000,0.0000000000,0.0624996983,0.0651217923,0.2338315547,0.2070349008,0.0380185097,0.0339327455,0.0852624178,0.0639054477,0.0315340161,0.0307228882,0.3421989977,0.3168657422,0.0914944038,0.0862651020,0.1154396608,0.1143828705,0.1290063858,0.0000000000,0.0000000000,0.0110964589,0.0922419578,0.1084436029,0.1325502694,0.1305688620,0.0000092708,0.0000000000,0.0000000000,0.0000000000,-0.0504733212,0.1283657700,-0.0065120114,0.0283013955,0.1283824593,0.0036529934
20:19:34:37.422,61,0.0000777731,0.2090181410,0.0471253432,0.0000000000,0.0000000000,0.0884904712,0.0396909900,0.0000776620,0.2088117003,0.0828561112,0.0000000000,0.0000000000,0.0886500254,0.0406352617,0.0872034654,0.0142469332,0.0000000000,0.2666728199,0.1384718269,0.1938500255,0.1588994861,0.0381447375,0.0000000000,0.1176670864,0.1088342145,0.0000000000,0.0000000000,0.0622938946,0.0649208724,0.2332118750,0.2071849406,0.0387142673,0.0346247926,0.0873706192,0.0645283759,0.0318013243,0.0310409907,0.3337789178,0.3077412546,0.0887879729,0.0836266428,0.1143108085,0.1131921634,0.1291707158,0.0000000000,0.0000000000,0.0114194462,0.0922180191,0.1082478464,0.1326260567,0.1306492984,0.0000189294,0.0000000000,0.0000000000,0.0000000000,-0.0502023734,0.1277175993,-0.0064440211,0.0285528321,0.1277342588,0.0036666268
20:19:34:38.422,61,0.0000716275,0.2085146755,0.0477251597,0.0000000000,0.0000000000,0.0882769525,0.0394592807,0.0000715251,0.2083147764,0.0822409689,0.0000000000,0.0000000000,0.0884360671,0.0404012352,0.0859752074,0.0146218482,0.0000000000,0.2571086884,0.1412029564,0.1954230517,0.1667649448,0.0379959010,0.0000000000,0.1158837378,0.1066216826,0.0000000000,0.0000000000,0.0619780347,0.0646060929,0.2300382704,0.2068890035,0.0394017994,0.0352732800,0.0896637067,0.0651754886,0.0320918262,0.0313864090,0.3265023530,0.3006869555,0.0870362222,0.0819718316,0.1134337857,0.1122862101,0.1290467829,0.0000000000,0.0000000000,0.0117976163,0.0921243355,0.1079696491,0.1328400820,0.1308719367,0.0000241260,0.0000000000,0.0000000000,0.0000000000,-0.0498316102,0.1274112761,-0.0063809617,0.0289174020,0.1274279356,0.0037044270
20:19:34:39.423,61,0.0000659473,0.2090160102,0.0484557860,0.0000000000,0.0000000000,0.0879389197,0.0391793996,0.0000658531,0.2088233083,0.0814708918,0.0000000000,0.0000000000,0.0880971849,0.0401203521,0.0845612511,0.0152309323,0.0000000000,0.2416716665,0.1426945478,0.1960250586,0.1724911332,0.0377901793,0.0000000000,0.1151217744,0.1057146713,0.0000000000,0.0000000000,0.0615564249,0.0641741753,0.2236534208,0.2039792538,0.0400451906,0.0358131304,0.0922618359,0.0659499243,0.0324572437,0.0318085365,0.3234471381,0.2975733280,0.0859660953,0.0809581801,0.1130266115,0.1118629351,0.1287238598,0.0000000000,0.0000000000,0.0122158593,0.0920855552,0.1077907979,0.1334723383,0.1319147199,0.0000321562,0.0000000000,0.0000000000,0.0000000000,-0.0493630432,0.1277193427,-0.0063364622,0.0293589421,0.1277359873,0.0037701642
20:19:34:40.424,61,0.0000607068,0.2099578232,0.0501254275,0.0000000000,0.0000000000,0.0876481161,0.0386223868,0.0000606201,0.2097774893,0.0799673572,0.0000000000,0.0000000000,0.0878051594,0.0395629592,0.0830425397,0.0156089142,0.0000000000,0.2330749780,0.1445192844,0.1959872246,0.1764363199,0.0376285166,0.0000000000,0.1161414981,0.1070518121,0.0000000000,0.0000000000,0.0611365736,0.0637471154,0.2182918489,0.2002948076,0.0407310054,0.0363966972,0.0940835997,0.0665837750,0.0328682214,0.0322850347,0.3217898905,0.2958427370,0.0847647339,0.0800208971,0.1124227121,0.1112424582,0.1286352426,0.0000000000,0.0000000000,0.0126574393,0.0923173428,0.1079063639,0.1352265179,0.1343377978,0.0000348824,0.0000000000,0.0000000000,0.0000000000,-0.0484484211,0.1282971650,-0.0062475991,0.0303683151,0.1283154488,0.0039176294
20:19:34:41.425,61,0.0000558770,0.2120568901,0.0516869649,0.0000000000,0.0000000000,0.0872429162,0.0385312848,0.0000557971,0.2118908018,0.0784235075,0.0000000000,0.0000000000,0.0873979703,0.0394672230,0.0803931355,0.0159934368,0.0000000000,0.2218138874,0.1453674287,0.1949066967,0.1793856174,0.0373878591,0.0000000000,0.1168027669,0.1090197414,0.0000000000,0.0000000000,0.0606231987,0.0632171035,0.2120180577,0.1940428317,0.0413222052,0.0368006043,0.0964055285,0.0674673468,0.0332753249,0.0327749699,0.3205926418,0.2945182621,0.0840563253,0.0794464126,0.1125376523,0.1113519222,0.1285860986,0.0000000000,0.0000000000,0.0131205842,0.0925811008,0.1081230268,0.1390906572,0.1394036412,0.0000353208,0.0000000000,0.0000000000,0.0000000000,-0.0475051478,0.1295837611,-0.0061881780,0.0313091427,0.1296020299,0.0040799128
20:19:34:42.426,61,0.0000514283,0.2154780030,0.0542700998,0.0000000000,0.0000000000,0.0868495703,0.0381114408,0.0000513548,0.2153358012,0.0759259388,0.0000000000,0.0000000000,0.0870028660,0.0390401632,0.0785876736,0.0177814979,0.0000000000,0.2147708535,0.1453227848,0.1942130029,0.1805438995,0.0372091532,0.0000000000,0.1213638410,0.1169101447,0.0000000000,0.0000000000,0.0601451285,0.0627118796,0.2093710452,0.1901835948,0.0417362377,0.0370551646,0.0975903198,0.0682515129,0.0336654410,0.0332376882,0.3212541044,0.2943176031,0.0838278532,0.0792988017,0.1128575727,0.1116679907,0.1286421120,0.0000000000,0.0000000000,0.0134946667,0.0928066149,0.1083351970,0.1408373415,0.1419617385,0.0000461952,0.0000000000,0.0000000000,0.0000000000,-0.0459795520,0.1316811591,-0.0060876603,0.0328648314,0.1316995621,0.0043526720
20:19:34:43.427,61,0.0000473322,0.2177354395,0.0554392189,0.0000000000,0.0000000000,0.0863130763,0.0377999283,0.0000472646,0.2176039964,0.0747916698,0.0000000000,0.0000000000,0.0864650756,0.0387270972,0.0762040764,0.0247970130,0.0000000000,0.2097967118,0.1432954222,0.1936170161,0.1810622662,0.0373168401,0.0000000000,0.1264670342,0.1219905391,0.0000000000,0.0000000000,0.0596880987,0.0622256733,0.2078758329,0.1880259514,0.0419929363,0.0371423326,0.0984745845,0.0690283254,0.0340219550,0.0336473547,0.3257183731,0.2950461209,0.0838934332,0.0793433636,0.1131497771,0.1119520366,0.1288941503,0.0000000000,0.0000000000,0.0137937898,0.0927548856,0.1082734466,0.1418270618,0.1432952136,0.0000474646,0.0000000000,0.0000000000,0.0000000000,-0.0452843122,0.1330639571,-0.0060593816,0.0335666649,0.1330824494,0.0044928198
20:19:34:44.428,61,0.0000435614,0.2218900621,0.0568743907,0.0000000000,0.0000000000,0.0856792629,0.0372452177,0.0000434992,0.2217714936,0.0734267831,0.0000000000,0.0000000000,0.0858297497,0.0381717086,0.0741316155,0.0271971207,0.0000000000,0.2075026482,0.1364721060,0.1931971163,0.1810067296,0.0374193639,0.0000000000,0.1324777454,0.1276258528,0.0000000000,0.0000000000,0.0592297763,0.0617526509,0.2058941871,0.1846124977,0.0419454202,0.0371068642,0.0987467244,0.0695888102,0.0342570096,0.0339240208,0.3349758983,0.3015684485,0.0846454129,0.0798033476,0.1155802235,0.1143203005,0.1291168332,0.0000000000,0.0000000000,0.0139596807,0.0925571993,0.1080584154,0.1424493641,0.1440954804,0.0000465256,0.0000000000,0.0000000000,0.0000000000,-0.0444426313,0.1356072128,-0.0060618883,0.0344238020,0.1356257945,0.0046966313
20:19:34:45.430,61,0.0000400906,0.2242514342,0.0572048239,0.0000000000,0.0000000000,0.0852298737,0.0371271074,0.0000400333,0.2241351753,0.0731347576,0.0000000000,0.0000000000,0.0853801668,0.0380670391,0.0729634240,0.0344833247,0.0000000000,0.2067832351,0.1240700856,0.1928260922,0.1729258299,0.0377888829,0.0000000000,0.1409405470,0.1328095794,0.0000000000,0.0000000000,0.0588154271,0.0613232069,0.2047630101,0.1820293218,0.0416505374,0.0369283147,0.0978737846,0.0698749200,0.0343974903,0.0340667740,0.3718250096,0.3308666646,0.0903860703,0.0827732757,0.1182412654,0.1168378219,0.1293469667,0.0000000000,0.0000000000,0.0139993150,0.0923076868,0.1077905074,0.1427145302,0.1443635821,0.0000426015,0.0000000000,0.0000000000,0.0000000000,-0.0442571156,0.1370514482,-0.0061016977,0.0346169472,0.1370700598,0.0047738985
20:19:34:46.431,61,0.0000368960,0.2247935534,0.0557885729,0.0000000000,0.0000000000,0.0847657695,0.0371185578,0.0000368433,0.2246620953,0.0744961947,0.0000000000,0.0000000000,0.0849153250,0.0380632319,0.0723596513,0.0371170864,0.0000000000,0.2093992829,0.1128679439,0.1924912483,0.1525704265,0.0378675312,0.0000000000,0.1447277665,0.1394918710,0.0000000000,0.0000000000,0.0584832504,0.0610060059,0.2042361796,0.1809322834,0.0412204750,0.0366530307,0.0949520916,0.0700009912,0.0344696157,0.0341275595,0.3898530900,0.3568217754,0.0978345424,0.0899009183,0.1215267554,0.1201563179,0.1293320209,0.0000000000,0.0000000000,0.0139319645,0.0917758346,0.1072774529,0.1425603032,0.1442134529,0.0000451227,0.0000000000,0.0000000000,0.0000000000,-0.0450789742,0.1373787224,-0.0062299566,0.0337583758,0.1373973340,0.0046668006
20:19:34:47.431,61,0.0000339559,0.2280230969,0.0555615276,0.0000000000,0.0000000000,0.0841902643,0.0371519551,0.0000339074,0.2278878093,0.0746937096,0.0000000000,0.0000000000,0.0843384117,0.0380992144,0.0722433254,0.0387556963,0.0000000000,0.2353861183,0.1070684418,0.1923693419,0.1440532655,0.0378751345,0.0000000000,0.1465128362,0.1419147849,0.0000000000,0.0000000000,0.0582368523,0.0607729144,0.2044385225,0.1807647049,0.0407183580,0.0362752154,0.0924285352,0.0701113120,0.0344238319,0.0340543129,0.3982774019,0.3662785888,0.1048987731,0.0962849408,0.1226444021,0.1212783307,0.1295916140,0.0000000000,0.0000000000,0.0137838330,0.0909322277,0.1063141972,0.1420772076,0.1435932070,0.0001009452,0.0000000000,0.0000000000,0.0000000000,-0.0451860912,0.1393518895,-0.0063356045,0.0336117558,0.1393706203,0.0047141374
20:19:34:48.433,61,0.0000312500,0.2296217680,0.0553217903,0.0000000000,0.0000000000,0.0836806968,0.0364445522,0.0000312053,0.2294833809,0.0748894960,0.0000000000,0.0000000000,0.0838277191,0.0374022275,0.0733626485,0.0463151596,0.0000000000,0.2552815974,0.1027010381,0.1902237236,0.1323259622,0.0379789993,0.0000000000,0.1476242989,0.1435193866,0.0000000000,0.0000000000,0.0581348278,0.0606565773,0.2184050977,0.1873168647,0.0400868319,0.0357942134,0.0882003829,0.0700020939,0.0342958122,0.0338696204,0.4469228387,0.4066059887,0.1117907539,0.1019620523,0.1204365566,0.1190927774,0.1298734397,0.0000000000,0.0000000000,0.0135741187,0.0896103829,0.1046833172,0.1414512098,0.1428691596,0.0001408249,0.0000000000,0.0000000000,0.0000000000,-0.0452983193,0.1403283328,-0.0063964184,0.0334621258,0.1403470635,0.0047264732
20:19:34:49.433,61,0.0000287597,0.2314398140,0.0541493930,0.0000000000,0.0000000000,0.0833091661,0.0357784815,0.0000287186,0.2312882841,0.0759437084,0.0000000000,0.0000000000,0.0834547058,0.0367386639,0.0748078674,0.0488578901,0.0000000000,0.2629916966,0.0991273150,0.1870893240,0.1260380000,0.0381267704,0.0000000000,0.1483508199,0.1444680840,0.0000000000,0.0000000000,0.0580645204,0.0605657175,0.2233846486,0.1913071722,0.0394059084,0.0352676511,0.0853984505,0.0698514283,0.0341326967,0.0336502828,0.4603466392,0.4182770550,0.1172202453,0.1062176004,0.1197522581,0.1184165105,0.1301658452,0.0000000000,0.0000000000,0.0133421505,0.0883842260,0.1027974561,0.1406141371,0.1416441798,0.0001468395,0.0000000000,0.0000000000,0.0000000000,-0.0459287874,0.1414361596,-0.0065372637,0.0327478349,0.1414548904,0.0046626204
20:19:34:50.435,61,0.0000264678,0.2330038548,0.0544627421,0.0000000000,0.0000000000,0.0828556418,0.0352274813,0.0000264300,0.2328548580,0.0756505504,0.0000000000,0.0000000000,0.0830002055,0.0361929834,0.0759166032,0.0506158397,0.0000000000,0.2668021917,0.0972339436,0.1833108217,0.1221577525,0.0380534492,0.0000000000,0.1538320035,0.1552109271,0.0000000000,0.0000000000,0.0580701493,0.0605617017,0.2256890535,0.1929726750,0.0387950614,0.0347962976,0.0833756551,0.0696159452,0.0340224728,0.0334792361,0.4674831927,0.4253877699,0.1196801662,0.1086737141,0.1191843748,0.1178614870,0.1303947270,0.0000000000,0.0000000000,0.0131345270,0.0876016095,0.1018972173,0.1401137114,0.1410862356,0.0001461513,0.0000000000,0.0000000000,0.0000000000,-0.0457452424,0.1423929334,-0.0065558022,0.0329328440,0.1424117237,0.0047211000
20:19:34:51.436,61,0.0000243585,0.2369480282,0.0538210012,0.0000000000,0.0000000000,0.0823609307,0.0346577168,0.0000243237,0.2367903441,0.0761879385,0.0000000000,0.0000000000,0.0825032517,0.0356225371,0.0764777288,0.0507652685,0.0000000000,0.2678776979,0.0955640003,0.1815326214,0.1200669929,0.0376435928,0.0000000000,0.1590663493,0.1616071910,0.0000000000,0.0000000000,0.0580033362,0.0605112016,0.2240970135,0.1934585720,0.0381878167,0.0343240350,0.0820838809,0.0694070905,0.0339296758,0.0333418697,0.4687483907,0.4287039638,0.1213451177,0.1116692424,0.1221999675,0.1209962219,0.1304480582,0.0000000000,0.0000000000,0.0129444599,0.0870002806,0.1012807935,0.1397897005,0.1407949179,0.0000951431,0.0000000000,0.0000000000,0.0000000000,-0.0460541956,0.1448016316,-0.0067132497,0.0325334594,0.1448204964,0.0047438568
20:19:34:52.436,61,0.0000224174,0.2407152355,0.0538558103,0.0000000000,0.0000000000,0.0819507912,0.0342348367,0.0000223853,0.2405560464,0.0761312246,0.0000000000,0.0000000000,0.0820892528,0.0351939797,0.0769671127,0.0449218154,0.0000000000,0.2618262470,0.0931765437,0.1774016321,0.1180407777,0.0368483588,0.0000000000,0.1784104705,0.1842409521,0.0000000000,0.0000000000,0.0579544343,0.0604803972,0.2190579325,0.1928556561,0.0376471654,0.0339185186,0.0809158534,0.0691298172,0.0338986330,0.0332923904,0.4701054692,0.4321134388,0.1225670502,0.1145688444,0.1232805625,0.1221245304,0.1302828193,0.0000000000,0.0000000000,0.0127858575,0.0867799371,0.1011282280,0.1397651136,0.1408673823,0.0000953727,0.0000000000,0.0000000000,0.0000000000,-0.0460043587,0.1471041143,-0.0068141622,0.0325434953,0.1471230537,0.0048218560
20:19:34:53.437,61,0.0001191630,0.2426341623,0.0531374216,0.0000000000,0.0000000000,0.0815981552,0.0327226631,0.0001189017,0.2424657643,0.0768235475,0.0000000000,0.0000000000,0.0817330405,0.0335979126,0.0773549154,0.0428621434,0.0000000000,0.2588493526,0.0911256149,0.1716212928,0.1150515303,0.0361746997,0.0000000000,0.1902141571,0.1985548586,0.0000000000,0.0000000000,0.0578935407,0.0604547262,0.2166945636,0.1920672357,0.0371361412,0.0335036293,0.0799959600,0.0688673258,0.0338293090,0.0332139358,0.4712667167,0.4383102059,0.1247943491,0.1184063479,0.1241119951,0.1229930148,0.1299687624,0.0000000000,0.0000000000,0.0125952186,0.0867221132,0.1012119129,0.1399388164,0.1411916763,0.0001048415,0.0000000000,0.0000000000,0.0000000000,-0.0464146473,0.1482747942,-0.0069304048,0.0321037918,0.1482937634,0.0047951397
20:19:34:54.438,61,0.0009060117,0.2468525320,0.0530030094,0.0000000000,0.0000000000,0.0812913775,0.0288692918,0.0008592783,0.2466799766,0.0769680068,0.0000000000,0.0000000000,0.0814234689,0.0295569394,0.0778019428,0.0421502143,0.0000000000,0.2575030625,0.0897248685,0.1582133174,0.1103446111,0.0357409380,0.0000000000,0.2146987319,0.2230320424,0.0000000000,0.0000000000,0.0579237603,0.0605221577,0.2152457833,0.1900838912,0.0366952196,0.0331333131,0.0790139809,0.0685052648,0.0337584056,0.0331203863,0.4807210863,0.4506032765,0.1259896904,0.1201097369,0.1241817623,0.1230845675,0.1294951290,0.0000000000,0.0000000000,0.0123838317,0.0868392140,0.1014986411,0.1403093040,0.1417029649,0.0000933240,0.0000000000,0.0000000000,0.0000000000,-0.0464838967,0.1508524418,-0.0070632268,0.0320101529,0.1508715302,0.0048655309
20:19:34:55.439,61,0.0015422773,0.2524225116,0.0528917983,0.0000000000,0.0000000000,0.0809097886,0.0257964451,0.0014805251,0.2522449493,0.0771369785,0.0000000000,0.0000000000,0.0810385346,0.0263498221,0.0782160982,0.0417170525,0.0000000000,0.2567029297,0.0871898532,0.1462670565,0.1047937050,0.0353617519,0.0000000000,0.2422690541,0.2503455579,0.0000000000,0.0000000000,0.0579850785,0.0606382340,0.2120854706,0.1861488968,0.0362817086,0.0327419117,0.0779619738,0.0681077242,0.0336769894,0.0330215693,0.4911097288,0.4617480338,0.1279574633,0.1218935996,0.1241745129,0.1230915040,0.1288931221,0.0000000000,0.0000000000,0.0121672750,0.0871410146,0.1019781008,0.1408329159,0.1423523873,0.0000795373,0.0000000000,0.0000000000,0.0000000000,-0.0465616137,0.1542562246,-0.0072371927,0.0319262818,0.1542754024,0.0049640080
20:19:34:56.440,61,0.0020970670,0.2533875704,0.0530160628,0.0000000000,0.0000000000,0.0805993900,0.0236601606,0.0020272203,0.2532103062,0.0770904198,0.0000000000,0.0000000000,0.0807252303,0.0241426900,0.0785434172,0.0415680185,0.0000000000,0.2565417588,0.0855866969,0.1339757144,0.0981176198,0.0350987986,0.0000000000,0.2650199234,0.2730949819,0.0000000000,0.0000000000,0.0581391491,0.0608535931,0.2105429024,0.1840292513,0.0359158590,0.0323547088,0.0761123449,0.0675414130,0.0335213728,0.0328491740,0.5099877715,0.4806237817,0.1289962530,0.1228921711,0.1244977489,0.1234228611,0.1282654703,0.0000000000,0.0000000000,0.0119303139,0.0876135081,0.1027497351,0.1414912045,0.1431897581,0.0000312873,0.0000000000,0.0000000000,0.0000000000,-0.0465292335,0.1548463255,-0.0072602760,0.0319983587,0.1548655927,0.0049945503
20:19:34:57.442,61,0.0027550536,0.2580173612,0.0531671457,0.0000000000,0.0000000000,0.0802281201,0.0212440845,0.0026765354,0.2578382194,0.0770728439,0.0000000000,0.0000000000,0.0803500488,0.0216551740,0.0808319822,0.0411158539,0.0000000000,0.2593066394,0.0835079029,0.1148631647,0.0876612216,0.0347425230,0.0000000000,0.3172770739,0.3263930976,0.0000000000,0.0000000000,0.0586270317,0.0614588931,0.2101369798,0.1834192276,0.0355504081,0.0320004895,0.0733248144,0.0661361665,0.0333486050,0.0326467752,0.5625892282,0.5386430025,0.1296868920,0.1235827431,0.1238351539,0.1228007972,0.1275690794,0.0000000000,0.0000000000,0.0116994046,0.0885941684,0.1045168042,0.1442855299,0.1460095793,0.0000093862,0.0000000000,0.0000000000,0.0000000000,-0.0464979224,0.1576762795,-0.0073901904,0.0320752524,0.1576956660,0.0050995587
20:19:34:58.443,61,0.0031172535,0.2605213523,0.0532893874,0.0000000000,0.0000000000,0.0798452273,0.0200302601,0.0030375116,0.2603420615,0.0769763887,0.0000000000,0.0000000000,0.0799627453,0.0204221774,0.0861257464,0.0413660333,0.0000000000,0.2850740850,0.0781617239,0.0941580012,0.0757421181,0.0346274599,0.0000000000,0.3427639604,0.3500788808,0.0000000000,0.0000000000,0.0594418496,0.0624528751,0.2164060622,0.1855861694,0.0350935385,0.0315056182,0.0685808659,0.0631343573,0.0330326445,0.0322919339,0.6083412170,0.5780960917,0.1303621382,0.1241223887,0.1218605712,0.1208588183,0.1269267946,0.0000000000,0.0000000000,0.0114330268,0.0891669914,0.1052985638,0.1462803930,0.1475060880,0.0000028547,0.0000000000,0.0000000000,0.0000000000,-0.0464283861,0.1592069715,-0.0074519985,0.0321411416,0.1592263728,0.0051604761
20:19:34:59.444,61,0.0035712367,0.2620185316,0.0526178293,0.0000000000,0.0000000000,0.0792693943,0.0185541771,0.0034888771,0.2618300617,0.0776377320,0.0000000000,0.0000000000,0.0793818459,0.0189154986,0.0917324200,0.0411469564,0.0000000000,0.3004133105,0.0743074194,0.0830598101,0.0679002330,0.0341654830,0.0000000000,0.3773030043,0.3949118257,0.0000000000,0.0000000000,0.0606276914,0.0641532391,0.2214696258,0.1908226609,0.0345737375,0.0309798457,0.0638064295,0.0592047870,0.0326270945,0.0318470076,0.6285547018,0.6072016358,0.1305139363,0.1242996082,0.1154520214,0.1146391183,0.1262834370,0.0000000000,0.0000000000,0.0111445813,0.0895395279,0.1057919338,0.1491819620,0.1501467079,0.0000004332,0.0000000000,0.0000000000,0.0000000000,-0.0468204170,0.1601198912,-0.0075587071,0.0317314267,0.1601393223,0.0051244320
20:19:35:00.445,61,0.0039675045,0.2618962526,0.0522935167,0.0000000000,0.0000000000,0.0787371844,0.0174033847,0.0038837688,0.2617045045,0.0778735504,0.0000000000,0.0000000000,0.0788444951,0.0177529957,0.0965449139,0.0412307866,0.0000000000,0.3159664869,0.0703437626,0.0741720200,0.0615292005,0.0337204449,0.0000000000,0.4032677412,0.4182818234,0.0000000000,0.0000000000,0.0623474754,0.0663506985,0.2373179048,0.2030875385,0.0340303294,0.0303974338,0.0602629595,0.0560463443,0.0321405977,0.0313254483,0.6485707760,0.6263656020,0.1304808855,0.1242969558,0.1102869362,0.1095646024,0.1257766783,0.0000000000,0.0000000000,0.0108261947,0.0898438841,0.1061827093,0.1533548832,0.1541936249,0.0000002202,0.0000000000,0.0000000000,0.0000000000,-0.0469632149,0.1600441635,-0.0075780945,0.0315362252,0.1600635946,0.0050904686
20:19:35:01.446,61,0.0048024328,0.2652761936,0.0515181012,0.0000000000,0.0000000000,0.0781928226,0.0145944096,0.0046596397,0.2650726736,0.0786270723,0.0000000000,0.0000000000,0.0782949030,0.0149273463,0.0989022329,0.0407518819,0.0000000000,0.3210923970,0.0684755370,0.0692119971,0.0580993518,0.0331118815,0.0000000000,0.4297867417,0.4440365732,0.0000000000,0.0000000000,0.0637320057,0.0681112632,0.2415773273,0.2066546232,0.0335738771,0.0299021304,0.0584540889,0.0543001145,0.0317094997,0.0308663175,0.6562311649,0.6344555616,0.1303298920,0.1242431849,0.1084894463,0.1078100726,0.1251154542,0.0000000000,0.0000000000,0.0105234981,0.0907169282,0.1073189527,0.1601439267,0.1609711945,0.0000000974,0.0000000000,0.0000000000,0.0000000000,-0.0474017859,0.1621074080,-0.0077491468,0.0310581885,0.1621269286,0.0050790948
20:19:35:02.447,61,0.0052220118,0.2642550766,0.0513774231,0.0000000000,0.0000000000,0.0780513585,0.0129939569,0.0050672516,0.2640506029,0.0787458271,0.0000000000,0.0000000000,0.0781487077,0.0133019686,0.1010800451,0.0408233069,0.0000000000,0.3196091652,0.0672038421,0.0665916726,0.0560245030,0.0324226841,0.0000000000,0.4542485476,0.4766770303,0.0000000000,0.0000000000,0.0650767460,0.0697667375,0.2437793612,0.2084708363,0.0331997760,0.0294622853,0.0573011450,0.0531667657,0.0313551128,0.0304927472,0.6601999402,0.6386468410,0.1304684728,0.1245328486,0.1082447022,0.1076088399,0.1245999411,0.0000000000,0.0000000000,0.0102620441,0.0971493497,0.1165937558,0.1640537381,0.1666564047,0.0000000711,0.0000000000,0.0000000000,0.0000000000,-0.0474782176,0.1614829004,-0.0077312072,0.0309765320,0.1615024060,0.0050458889
20:19:35:03.448,61,0.0061726067,0.2666510642,0.0510645211,0.0000000000,0.0000000000,0.0777330175,0.0097415857,0.0059616882,0.2664413750,0.0790130347,0.0000000000,0.0000000000,0.0778262541,0.0100453869,0.1020930037,0.0413958579,0.0000000000,0.2673370838,0.0662556812,0.0653857440,0.0549103320,0.0317649059,0.0000000000,0.4631565511,0.4876531363,0.0000000000,0.0000000000,0.0658372790,0.0706639141,0.2226058394,0.1896104217,0.0329230800,0.0291468911,0.0567786209,0.0526037067,0.0311816726,0.0303069483,0.6562703848,0.6358243823,0.1318419725,0.1273887902,0.1081664413,0.1075506359,0.1239367947,0.0000000000,0.0000000000,0.0100476062,0.1025959402,0.1235417053,0.1668316871,0.1714453846,0.0000000790,0.0000000000,0.0000000000,0.0000000000,-0.0476279445,0.1629462391,-0.0078270976,0.0307805017,0.1629657298,0.0050602085
20:19:35:04.449,61,0.0297160242,0.2682525814,0.0514334068,0.0000000000,0.0000000000,0.0774918348,0.0000000000,0.0290781613,0.2680466175,0.0786341205,0.0000000000,0.0000000000,0.0775827914,0.0000000000,0.1023398712,0.0566808060,0.0000000000,0.2534768879,0.0657021776,0.0647092164,0.0542433597,0.0314811952,0.0000000000,0.4680713117,0.4937196374,0.0000000000,0.0000000000,0.0665286407,0.0714444965,0.2123729885,0.1751107723,0.0328348093,0.0290049482,0.0565865226,0.0522782728,0.0310725607,0.0301799197,0.6480858922,0.6247958541,0.1324367523,0.1284058988,0.1084664017,0.1078504026,0.1234948933,0.0000000000,0.0000000000,0.0098319603,0.1073540747,0.1300565153,0.1695382893,0.1757182777,0.0000002701,0.0000000000,0.0000000000,0.0000000000,-0.0473918729,0.1639260799,-0.0078360122,0.0309978519,0.1639456302,0.0051271231
20:19:35:05.450,61,0.0426315553,0.2689215839,0.0522698611,0.0000000000,0.0000000000,0.0771097466,0.0000000000,0.0420699343,0.2687256634,0.0778228790,0.0000000000,0.0000000000,0.0771990269,0.0000000000,0.1019402519,0.0608318858,0.0000000000,0.2337530553,0.0655624866,0.0646591783,0.0540119670,0.0314111784,0.0000000000,0.4705149233,0.4966830909,0.0000000000,0.0000000000,0.0672240034,0.0722139105,0.1979109347,0.1619993150,0.0329970680,0.0292008128,0.0566648468,0.0520807095,0.0311711803,0.0302731749,0.6061996818,0.5819767118,0.1323201656,0.1285231113,0.1087453365,0.1081316471,0.1229348257,0.0000000000,0.0000000000,0.0096800448,0.1094550118,0.1327660531,0.1709240675,0.1776649505,0.0000131185,0.0000000000,0.0000000000,0.0000000000,-0.0468997397,0.1643375307,-0.0077745221,0.0314998329,0.1643571407,0.0052234391
20:19:35:06.452,61,0.0474078357,0.2684316039,0.0520629175,0.0000000000,0.0000000000,0.0769486353,0.0000000000,0.0468350872,0.2682333887,0.0780298039,0.0000000000,0.0000000000,0.0770369470,0.0000000000,0.0969647095,0.0626938865,0.0000000000,0.2221196592,0.0658150911,0.0648644418,0.0539639145,0.0312656686,0.0000000000,0.4716096520,0.4981995225,0.0000000000,0.0000000000,0.0678779632,0.0729359388,0.1893019080,0.1546167731,0.0333307236,0.0295762662,0.0568814874,0.0519487076,0.0312854499,0.0303954035,0.5751853585,0.5537262559,0.1276089698,0.1257352680,0.1098896712,0.1092775390,0.1221841052,0.0000000000,0.0000000000,0.0095350919,0.1109974831,0.1350943893,0.1714134961,0.1785371751,0.0000350771,0.0000000000,0.0000000000,0.0000000000,-0.0470267758,0.1640374511,-0.0077810716,0.0313766785,0.1640570611,0.0051933508
20:19:35:07.453,61,0.0485871173,0.2678996623,0.0530019104,0.0000000000,0.0000000000,0.0766781941,0.0000000000,0.0479643680,0.2677136660,0.0771046728,0.0000000000,0.0000000000,0.0767649859,0.0000000000,0.0899721980,0.0539334454,0.0000000000,0.2146010548,0.0682744458,0.0672198534,0.0543644950,0.0309815351,0.0000000000,0.4560970068,0.4828450084,0.0000000000,0.0000000000,0.0684515610,0.0735895336,0.1799350381,0.1495908648,0.0338776372,0.0301902033,0.0573385917,0.0519369468,0.0314736813,0.0306132138,0.5128213167,0.4924492240,0.1184201464,0.1185674220,0.1116726324,0.1110317409,0.1214440539,0.0000000000,0.0000000000,0.0094270576,0.1119600013,0.1362808347,0.1713075787,0.1787067950,0.0000453413,0.0000000000,0.0000000000,0.0000000000,-0.0464716777,0.1637153178,-0.0076739215,0.0319442898,0.1637349129,0.0052766963
20:19:35:08.453,61,0.0488937870,0.2681016028,0.0527164750,0.0000000000,0.0000000000,0.0762942880,0.0000000000,0.0482732244,0.2679121196,0.0773497671,0.0000000000,0.0000000000,0.0763790309,0.0000000000,0.0866868943,0.0436927117,0.0000000000,0.2079695165,0.0717349425,0.0685589314,0.0548954159,0.0307410639,0.0000000000,0.4516499937,0.4763703942,0.0000000000,0.0000000000,0.0690207854,0.0742328689,0.1725257784,0.1456793547,0.0348912999,0.0319296569,0.0578597300,0.0519008413,0.0317216851,0.0309118424,0.4942151904,0.4742302895,0.1116240993,0.1118190438,0.1127042770,0.1120590419,0.1205935180,0.0000000000,0.0000000000,0.0093432711,0.1125989482,0.1369141042,0.1710866690,0.1785844713,0.0000546339,0.0000000000,0.0000000000,0.0000000000,-0.0466184579,0.1638378352,-0.0077040060,0.0317716114,0.1638574004,0.0052521806
20:19:35:09.454,61,0.0489349999,0.2688765824,0.0539220721,0.0000000000,0.0000000000,0.0757342279,0.0000000000,0.0483151153,0.2687020302,0.0761510134,0.0000000000,0.0000000000,0.0758165345,0.0000000000,0.0849315971,0.0392049737,0.0000000000,0.2053274214,0.0751483366,0.0706595927,0.0555483699,0.0305611044,0.0000000000,0.4412694275,0.4611395299,0.0000000000,0.0000000000,0.0696234480,0.0748951137,0.1694738567,0.1438752413,0.0357156023,0.0337987468,0.0583076291,0.0517765135,0.0319846831,0.0312197749,0.4923106730,0.4704931378,0.1067787185,0.1065560058,0.1130804867,0.1124330685,0.1199705154,0.0000000000,0.0000000000,0.0092757298,0.1128695160,0.1370310336,0.1707354486,0.1782323867,0.0000487087,0.0000000000,0.0000000000,0.0000000000,-0.0458923317,0.1643152982,-0.0076066013,0.0324956551,0.1643349230,0.0053877681
20:19:35:10.455,61,0.0477055721,0.2693234980,0.0551272742,0.0000000000,0.0000000000,0.0752723962,0.0000000000,0.0470970012,0.2691642344,0.0749436170,0.0000000000,0.0000000000,0.0753524750,0.0000000000,0.0840404257,0.0369743928,0.0000000000,0.2042722851,0.0766362473,0.0737883523,0.0564127527,0.0305130407,0.0000000000,0.4220619798,0.4385005534,0.0000000000,0.0000000000,0.0701470450,0.0754383355,0.1682132334,0.1431750059,0.0363442898,0.0348163061,0.0587475635,0.0517267473,0.0322435983,0.0315151140,0.5018035173,0.4769428372,0.1046576500,0.1042836532,0.1129329503,0.1122804359,0.1196876168,0.0000000000,0.0000000000,0.0092365649,0.1129223406,0.1368314922,0.1702200621,0.1774270535,0.0000319068,0.0000000000,0.0000000000,0.0000000000,-0.0451625884,0.1645924747,-0.0074985921,0.0332204476,0.1646120399,0.0055173500
20:19:35:11.457,61,0.0437714159,0.2692393661,0.0556111448,0.0000000000,0.0000000000,0.0747989863,0.0000000000,0.0431012027,0.2690861225,0.0744857192,0.0000000000,0.0000000000,0.0748772770,0.0000000000,0.0835295245,0.0365767106,0.0000000000,0.2046495229,0.0773889944,0.0752456263,0.0570485778,0.0306425728,0.0000000000,0.4094421864,0.4263570905,0.0000000000,0.0000000000,0.0705788434,0.0758461654,0.1693859994,0.1431677043,0.0367963724,0.0354371034,0.0591031723,0.0516924560,0.0324317366,0.0317204371,0.5131500959,0.4853433967,0.1035960540,0.1030369177,0.1127459556,0.1120812297,0.1194036081,0.0000000000,0.0000000000,0.0091892378,0.1125114635,0.1349988282,0.1681020856,0.1743916869,0.0000264004,0.0000000000,0.0000000000,0.0000000000,-0.0448870100,0.1645426154,-0.0074505704,0.0335123278,0.1645622104,0.0055640903
20:19:35:12.457,61,0.0407506600,0.2694991827,0.0554973744,0.0000000000,0.0000000000,0.0744571760,0.0000000000,0.0400577784,0.2693443000,0.0746118054,0.0000000000,0.0000000000,0.0745340660,0.0000000000,0.0831793025,0.0365795419,0.0000000000,0.2067081034,0.0778560415,0.0763706863,0.0576778017,0.0308310222,0.0000000000,0.3968414366,0.4136051238,0.0000000000,0.0000000000,0.0709145740,0.0761358514,0.1700869948,0.1433898658,0.0371614061,0.0358968526,0.0593563914,0.0516198017,0.0325708874,0.0318710618,0.5175369382,0.4888966978,0.1030136198,0.1022641212,0.1126207262,0.1119455770,0.1192089617,0.0000000000,0.0000000000,0.0091461707,0.1119663790,0.1334552020,0.1656607836,0.1708654314,0.0000229322,0.0000000000,0.0000000000,0.0000000000,-0.0449618176,0.1647010744,-0.0074702972,0.0334428810,0.1647206545,0.0055580093
20:19:35:13.458,61,0.0394269638,0.2689941227,0.0558694378,0.0000000000,0.0000000000,0.0742107630,0.0000000000,0.0387236588,0.2688439786,0.0742713884,0.0000000000,0.0000000000,0.0742866471,0.0000000000,0.0830902085,0.0379345343,0.0000000000,0.2101907581,0.0781164914,0.0772023797,0.0582340695,0.0310642608,0.0000000000,0.3916750550,0.4083735049,0.0000000000,0.0000000000,0.0712095127,0.0763784647,0.1716521680,0.1438187808,0.0374720171,0.0362160690,0.0595944263,0.0515856817,0.0326929837,0.0319948941,0.5230340362,0.4940830469,0.1028549522,0.1018993706,0.1126917228,0.1120039970,0.1189919338,0.0000000000,0.0000000000,0.0091080405,0.1113982126,0.1324467510,0.1644233614,0.1692583412,0.0000211703,0.0000000000,0.0000000000,0.0000000000,-0.0447589494,0.1643935889,-0.0074224779,0.0336688049,0.1644131839,0.0055849068
20:19:35:14.459,61,0.0384485088,0.2681215703,0.0560947172,0.0000000000,0.0000000000,0.0739107653,0.0000000000,0.0377415381,0.2679744363,0.0740835071,0.0000000000,0.0000000000,0.0739860684,0.0000000000,0.0830551237,0.0425752066,0.0000000000,0.2142413855,0.0781488493,0.0796190873,0.0589167140,0.0314367861,0.0000000000,0.3699190021,0.3864171803,0.0000000000,0.0000000000,0.0713918284,0.0764959082,0.1746473461,0.1444689482,0.0376293696,0.0363586508,0.0598259531,0.0516233668,0.0328037068,0.0320978053,0.5277214646,0.4975744486,0.1031825319,0.1019609720,0.1124508083,0.1117503271,0.1188481301,0.0000000000,0.0000000000,0.0090852408,0.1095592454,0.1295047551,0.1629273444,0.1673383415,0.0000221612,0.0000000000,0.0000000000,0.0000000000,-0.0446496494,0.1638610810,-0.0073799463,0.0338075496,0.1638806313,0.0055894176
20:19:35:15.460,61,0.0377253257,0.2670910656,0.0567607135,0.0000000000,0.0000000000,0.0735211819,0.0000000000,0.0370230861,0.2669522464,0.0734980330,0.0000000000,0.0000000000,0.0735953674,0.0000000000,0.0830130056,0.0435775444,0.0000000000,0.2163552493,0.0780865401,0.0810307488,0.0594571643,0.0316651687,0.0000000000,0.3636302352,0.3800123930,0.0000000000,0.0000000000,0.0715194643,0.0765988156,0.1756495684,0.1449363530,0.0377496742,0.0364467800,0.0599676184,0.0516257659,0.0328532644,0.0321472064,0.5299276710,0.5005487800,0.1035988405,0.1021386236,0.1120863780,0.1113746539,0.1188218296,0.0000000000,0.0000000000,0.0090491567,0.1085901111,0.1279001981,0.1617699116,0.1658182889,0.0000208220,0.0000000000,0.0000000000,0.0000000000,-0.0443013608,0.1632334739,-0.0072938674,0.0342124961,0.1632530689,0.0056342888
20:19:35:16.462,61,0.0369913839,0.2672101557,0.0574119873,0.0000000000,0.0000000000,0.0730663612,0.0000000000,0.0362976491,0.2670796514,0.0728479847,0.0000000000,0.0000000000,0.0731392875,0.0000000000,0.0829954073,0.0439559221,0.0000000000,0.2182685286,0.0779834688,0.0820716396,0.0600145496,0.0318262726,0.0000000000,0.3603321314,0.3766430616,0.0000000000,0.0000000000,0.0716385916,0.0766975284,0.1766098142,0.1461314410,0.0378218517,0.0364610851,0.0601467714,0.0516774803,0.0328902304,0.0321819000,0.5314384103,0.5028099418,0.1040488482,0.1023740843,0.1114771366,0.1107433736,0.1189968511,0.0000000000,0.0000000000,0.0090143420,0.1077136099,0.1263889968,0.1609067768,0.1648095697,0.0000162826,0.0000000000,0.0000000000,0.0000000000,-0.0439089760,0.1633085012,-0.0072326926,0.0346046276,0.1633280516,0.0057015060
20:19:35:17.463,61,0.0359574594,0.2671994567,0.0581222214,0.0000000000,0.0000000000,0.0727778748,0.0000000000,0.0352659374,0.2670781612,0.0721146762,0.0000000000,0.0000000000,0.0728500038,0.0000000000,0.0831454620,0.0446561612,0.0000000000,0.2235788107,0.0780180395,0.0840253457,0.0607688688,0.0320521854,0.0000000000,0.3556579649,0.3714758754,0.0000000000,0.0000000000,0.0717771351,0.0767728984,0.1799476445,0.1484276056,0.0378660932,0.0365075693,0.0603030436,0.0517039560,0.0329337269,0.0322103351,0.5332606435,0.5041810274,0.1044061780,0.1025100648,0.1080229655,0.1071853861,0.1194565520,0.0000000000,0.0000000000,0.0089945057,0.1070339903,0.1254588515,0.1603018194,0.1640952677,0.0000130712,0.0000000000,0.0000000000,0.0000000000,-0.0434670001,0.1633044034,-0.0071597565,0.0350327380,0.1633239388,0.0057718651
20:19:35:18.464,61,0.0340887718,0.2675248384,0.0587207824,0.0000000000,0.0000000000,0.0726871789,0.0000000000,0.0334433019,0.2674110830,0.0715148076,0.0000000000,0.0000000000,0.0727579072,0.0000000000,0.0836163983,0.0447318889,0.0000000000,0.2299127430,0.0777835771,0.0843745470,0.0610077195,0.0320610926,0.0000000000,0.3544246852,0.3701754212,0.0000000000,0.0000000000,0.0718982369,0.0768515989,0.1849547774,0.1543857306,0.0378092974,0.0364086553,0.0602588281,0.0516081713,0.0328267105,0.0320956893,0.5593264103,0.5325565934,0.1048147976,0.1027607173,0.1054949164,0.1046711653,0.1199514046,0.0000000000,0.0000000000,0.0089338161,0.1064604297,0.1247284934,0.1598986834,0.1635876596,0.0000073101,0.0000000000,0.0000000000,0.0000000000,-0.0431039929,0.1635053903,-0.0071088965,0.0353923626,0.1635249555,0.0058383942
20:19:35:19.464,61,0.0310054384,0.2675455511,0.0586985126,0.0000000000,0.0000000000,0.0724767223,0.0000000000,0.0304623768,0.2674315572,0.0715259537,0.0000000000,0.0000000000,0.0725468397,0.0000000000,0.0841054097,0.0472228564,0.0000000000,0.2356673628,0.0777129382,0.0847168192,0.0612977408,0.0323166586,0.0000000000,0.3539211452,0.3694797754,0.0000000000,0.0000000000,0.0721377581,0.0770103112,0.1943813711,0.1605359018,0.0377690196,0.0363349505,0.0602477267,0.0515186191,0.0327861346,0.0320226289,0.5663200021,0.5398418307,0.1051070243,0.1028218269,0.1040553674,0.1031937897,0.1203342080,0.0000000000,0.0000000000,0.0088843200,0.1058965847,0.1240755469,0.1595431417,0.1631789058,0.0000048310,0.0000000000,0.0000000000,0.0000000000,-0.0431106165,0.1635179222,-0.0071105445,0.0353788622,0.1635375172,0.0058366247
20:19:35:20.466,61,0.0295648724,0.2669083774,0.0585538521,0.0000000000,0.0000000000,0.0723247677,0.0000000000,0.0290489923,0.2667928040,0.0716722906,0.0000000000,0.0000000000,0.0723943636,0.0000000000,0.0845817029,0.0483096279,0.0000000000,0.2402080297,0.0774731785,0.0847838968,0.0614290684,0.0326451026,0.0000000000,0.3536001444,0.3688946068,0.0000000000,0.0000000000,0.0722921118,0.0770956352,0.1996964067,0.1653510630,0.0376321524,0.0361521691,0.0601453185,0.0513900369,0.0326940753,0.0318905562,0.5699365139,0.5434211493,0.1054816693,0.1029299498,0.1030160338,0.1021334827,0.1204994991,0.0000000000,0.0000000000,0.0088266088,0.1045314297,0.1219923049,0.1589822024,0.1625647843,0.0000037241,0.0000000000,0.0000000000,0.0000000000,-0.0432015993,0.1631280333,-0.0071082450,0.0352939442,0.1631475538,0.0058084866
20:19:35:21.467,61,0.0286880396,0.2664723694,0.0584808141,0.0000000000,0.0000000000,0.0722162575,0.0000000000,0.0281717163,0.2663558424,0.0717612728,0.0000000000,0.0000000000,0.0722853318,0.0000000000,0.0850624666,0.0487778634,0.0000000000,0.2430566549,0.0770857781,0.0845881179,0.0614098348,0.0327786207,0.0000000000,0.3535938263,0.3686893284,0.0000000000,0.0000000000,0.0724117532,0.0771706700,0.2023085505,0.1686383188,0.0374348238,0.0358924381,0.0599397309,0.0512110479,0.0325868353,0.0317394994,0.5720313191,0.5455794930,0.1058991775,0.1031349599,0.1031370908,0.1022161990,0.1202289909,0.0000000000,0.0000000000,0.0087729972,0.1025739536,0.1192152798,0.1579088271,0.1613609642,0.0000018621,0.0000000000,0.0000000000,0.0000000000,-0.0432571322,0.1628612429,-0.0071055274,0.0352514610,0.1628808230,0.0057918429
20:19:35:22.467,61,0.0280979220,0.2665430307,0.0586188510,0.0000000000,0.0000000000,0.0720397085,0.0000000000,0.0275725033,0.2664283514,0.0716103688,0.0000000000,0.0000000000,0.0721080005,0.0000000000,0.0854252875,0.0461814292,0.0000000000,0.2491052300,0.0767438561,0.0844078809,0.0614493452,0.0326305516,0.0000000000,0.3533621430,0.3683042228,0.0000000000,0.0000000000,0.0724604428,0.0772220194,0.2037102580,0.1707812399,0.0371971168,0.0355925933,0.0597232804,0.0510437824,0.0324320085,0.0315515175,0.5725759268,0.5463835597,0.1062425226,0.1033538729,0.1032518819,0.1023210585,0.1200187653,0.0000000000,0.0000000000,0.0087225782,0.1011131927,0.1173564568,0.1568383873,0.1601516306,0.0000015178,0.0000000000,0.0000000000,0.0000000000,-0.0431658477,0.1629049331,-0.0070924805,0.0353344120,0.1629244983,0.0058070510
20:19:35:23.468,61,0.0274291653,0.2664278150,0.0589217916,0.0000000000,0.0000000000,0.0718993098,0.0000000000,0.0269024298,0.2663169503,0.0713118017,0.0000000000,0.0000000000,0.0719660446,0.0000000000,0.0872456953,0.0441813581,0.0000000000,0.2649061382,0.0764315948,0.0840451866,0.0613498539,0.0324962549,0.0000000000,0.3529880047,0.3670920134,0.0000000000,0.0000000000,0.0725791082,0.0773197711,0.2079806477,0.1791766584,0.0369304754,0.0352792330,0.0594242923,0.0508076511,0.0322264619,0.0313131027,0.5734828711,0.5480085611,0.1064403057,0.1034067944,0.1029326245,0.1020000353,0.1198021248,0.0000000000,0.0000000000,0.0086693522,0.0999460667,0.1154886335,0.1559059918,0.1586211920,0.0000006132,0.0000000000,0.0000000000,0.0000000000,-0.0429863594,0.1628355831,-0.0070599462,0.0355174281,0.1628551334,0.0058345865
20:19:35:24.469,61,0.0260049943,0.2670994401,0.0583674945,0.0000000000,0.0000000000,0.0717654750,0.0000000000,0.0255578104,0.2669816911,0.0718135163,0.0000000000,0.0000000000,0.0718305930,0.0000000000,0.0891960412,0.0429863259,0.0000000000,0.2803643048,0.0761158317,0.0837288946,0.0613548867,0.0322263651,0.0000000000,0.3518874943,0.3647219241,0.0000000000,0.0000000000,0.0727171898,0.0774292499,0.2169622034,0.1898103803,0.0366472527,0.0348355547,0.0592898056,0.0507584102,0.0319741853,0.0310371760,0.5744109750,0.5497804284,0.1069262475,0.1037718728,0.1023817956,0.1014595479,0.1199262068,0.0000000000,0.0000000000,0.0086061219,0.0991223827,0.1144420207,0.1553120762,0.1577954739,0.0000002482,0.0000000000,0.0000000000,0.0000000000,-0.0432858951,0.1632441133,-0.0071272654,0.0351809338,0.1632636935,0.0057940925
20:19:35:25.470,61,0.0219071042,0.2662177384,0.0574759878,0.0000000000,0.0000000000,0.0720610842,0.0000000000,0.0216773991,0.2660895586,0.0726309791,0.0000000000,0.0000000000,0.0721251816,0.0000000000,0.0902628973,0.0328353420,0.0000000000,0.2860231996,0.0762806907,0.0844669268,0.0620217584,0.0318589024,0.0000000000,0.3359495103,0.3432639539,0.0000000000,0.0000000000,0.0727827251,0.0774751827,0.2196009159,0.1934509426,0.0364639200,0.0345242396,0.0594835207,0.0509807318,0.0317850783,0.0308472291,0.5493551493,0.5280829072,0.1072055548,0.1039879099,0.1023597270,0.1014537513,0.1202223599,0.0000000000,0.0000000000,0.0085796155,0.0988719612,0.1141056493,0.1546585411,0.1569686085,0.0000001567,0.0000000000,0.0000000000,0.0000000000,-0.0437825434,0.1627022028,-0.0071846265,0.0346466638,0.1627217233,0.0056868568
20:19:35:26.472,61,0.0200992264,0.2654832006,0.0558972321,0.0000000000,0.0000000000,0.0724110305,0.0000000000,0.0199407376,0.2653360069,0.0741165876,0.0000000000,0.0000000000,0.0724745393,0.0000000000,0.0909538120,0.0234151855,0.0000000000,0.2885201275,0.0765632540,0.0864832923,0.0632607937,0.0315056965,0.0000000000,0.3307657838,0.3354128003,0.0000000000,0.0000000000,0.0728093311,0.0774905980,0.2206279337,0.1953414828,0.0363590755,0.0342761315,0.0599073842,0.0513850152,0.0316540264,0.0307235010,0.5345880985,0.5141789913,0.1074644178,0.1041552871,0.1026458070,0.1017547250,0.1206104606,0.0000000000,0.0000000000,0.0085628098,0.0988475382,0.1140261143,0.1540096551,0.1558293402,0.0000001616,0.0000000000,0.0000000000,0.0000000000,-0.0446814261,0.1622478962,-0.0073111942,0.0336974673,0.1622674167,0.0055154040
20:19:35:27.472,61,0.0193617456,0.2654874623,0.0558163375,0.0000000000,0.0000000000,0.0725795925,0.0000000000,0.0192192513,0.2653391063,0.0742075518,0.0000000000,0.0000000000,0.0726431906,0.0000000000,0.0912057832,0.0187086593,0.0000000000,0.2816830873,0.0789839178,0.0931490064,0.0672939122,0.0312167332,0.0000000000,0.3172491491,0.3168282509,0.0000000000,0.0000000000,0.0728275105,0.0775360614,0.2182270586,0.1959644705,0.0365589261,0.0342527926,0.0612947047,0.0519428402,0.0316389166,0.0307198055,0.4971817434,0.4778242111,0.1072616875,0.1038615033,0.1031025723,0.1022206321,0.1211819276,0.0000000000,0.0000000000,0.0085647441,0.0988532379,0.1140035167,0.1532516629,0.1542197764,0.0000001658,0.0000000000,0.0000000000,0.0000000000,-0.0447362550,0.1622502506,-0.0073202667,0.0336486809,0.1622697413,0.0055075032
20:19:35:28.474,61,0.0190637950,0.2641639411,0.0548477210,0.0000000000,0.0000000000,0.0725321919,0.0000000000,0.0189106595,0.2640039027,0.0751900300,0.0000000000,0.0000000000,0.0725955889,0.0000000000,0.0871786252,0.0138356658,0.0000000000,0.2165892571,0.1160016805,0.1036386639,0.0998321474,0.0307668280,0.0000000000,0.2916536033,0.2848150432,0.0000000000,0.0000000000,0.0725226030,0.0772200450,0.1767000705,0.1740362495,0.0392624922,0.0347160883,0.0719762146,0.0535388291,0.0319067277,0.0310226995,0.4052269161,0.3886987269,0.0981891155,0.0962980464,0.1071721464,0.1062676534,0.1213986725,0.0000000000,0.0000000000,0.0086973486,0.0992446914,0.1143484190,0.1528912783,0.1536218375,0.0000054039,0.0000000000,0.0000000000,0.0000000000,-0.0453345664,0.1614381224,-0.0073803160,0.0330691300,0.1614576131,0.0053851134
20:19:35:29.474,61,0.0187055245,0.2615261972,0.0548362173,0.0000000000,0.0000000000,0.0724670663,0.0000000000,0.0185450893,0.2613673508,0.0752043650,0.0000000000,0.0000000000,0.0725303739,0.0000000000,0.0806155652,0.0116624152,0.0000000000,0.1891957074,0.1501386166,0.1072204262,0.1135581434,0.0306100026,0.0000000000,0.2834738195,0.2721456587,0.0000000000,0.0000000000,0.0721885115,0.0768126994,0.1665510684,0.1684093624,0.0529703908,0.0363757461,0.0961586237,0.0572979823,0.0324077010,0.0315621234,0.3409795463,0.3206035793,0.0822375640,0.0801694915,0.1102903709,0.1092389226,0.1215472743,0.0000000000,0.0000000000,0.0089925667,0.1024652049,0.1164329872,0.1530362517,0.1536669731,0.0000125797,0.0000000000,0.0000000000,0.0000000000,-0.0453550406,0.1598260403,-0.0073086405,0.0330708288,0.1598454118,0.0053306851
20:19:35:30.476,61,0.0178839657,0.2595669925,0.0554345958,0.0000000000,0.0000000000,0.0724557415,0.0000000000,0.0177457109,0.2594164908,0.0746153444,0.0000000000,0.0000000000,0.0725189820,0.0000000000,0.0744788423,0.0103643676,0.0000000000,0.1772329807,0.1627348959,0.1100370884,0.1427368522,0.0305520967,0.0000000000,0.2629202604,0.2398952693,0.0000000000,0.0000000000,0.0716115907,0.0756554082,0.1627951711,0.1655763835,0.0630466565,0.0373036377,0.1096111834,0.0617520995,0.0330983400,0.0323847905,0.3074181080,0.2892015874,0.0727479458,0.0706763640,0.1128651127,0.1117131636,0.1218548864,0.0000000000,0.0000000000,0.0094473325,0.1063276008,0.1195555553,0.1550382227,0.1558433175,0.0000273389,0.0000000000,0.0000000000,0.0000000000,-0.0450084209,0.1586305201,-0.0071976515,0.0334381200,0.1586499065,0.0053488677
20:19:35:31.478,61,0.0174459089,0.2576483190,0.0566322654,0.0000000000,0.0000000000,0.0724368319,0.0000000000,0.0173069853,0.2575137317,0.0733746216,0.0000000000,0.0000000000,0.0725000575,0.0000000000,0.0714752749,0.0095974933,0.0000000000,0.1711277515,0.1690708250,0.1147204861,0.1573204994,0.0306078698,0.0000000000,0.2549788952,0.2296442837,0.0000000000,0.0000000000,0.0705828443,0.0739499107,0.1608505994,0.1639568955,0.0669286400,0.0380647331,0.1156345457,0.0650186986,0.0342334621,0.0336417742,0.2925666571,0.2746702135,0.0685809255,0.0665071756,0.1141067445,0.1129060015,0.1221447214,0.0000000000,0.0000000000,0.0100532668,0.1086732000,0.1214630008,0.1564557850,0.1573725343,0.0000462768,0.0000000000,0.0000000000,0.0000000000,-0.0442682244,0.1574617177,-0.0070263268,0.0341669284,0.1574811190,0.0054244632
20:19:35:32.479,61,0.0173900072,0.2564614117,0.0568489656,0.0000000000,0.0000000000,0.0724874735,0.0000000000,0.0172324087,0.2563305199,0.0730884671,0.0000000000,0.0000000000,0.0725506395,0.0000000000,0.0698713288,0.0090480018,0.0000000000,0.1697186679,0.1724294424,0.1200550795,0.1637791693,0.0301466733,0.0000000000,0.2490173131,0.2245182991,0.0000000000,0.0000000000,0.0698278919,0.0729771927,0.1607895643,0.1632196009,0.0687977821,0.0388533361,0.1184312552,0.0665256530,0.0350640006,0.0345288031,0.2934679389,0.2763389945,0.0662152842,0.0642423779,0.1148443669,0.1136230081,0.1227359772,0.0000000000,0.0000000000,0.0106510539,0.1100585014,0.1230136976,0.1573355645,0.1585940421,0.0000501864,0.0000000000,0.0000000000,0.0000000000,-0.0441006310,0.1567370743,-0.0069669965,0.0343016051,0.1567563564,0.0054203575
20:19:35:33.480,61,0.0176050961,0.2554256022,0.0581596978,0.0000000000,0.0000000000,0.0726396069,0.0000000000,0.0174142327,0.2553113401,0.0717332587,0.0000000000,0.0000000000,0.0727027282,0.0000000000,0.0691656545,0.0085783973,0.0000000000,0.1725248247,0.1738044471,0.1223219931,0.1626111567,0.0296476260,0.0000000000,0.2464858741,0.2247911990,0.0000000000,0.0000000000,0.0692534745,0.0723114237,0.1627551764,0.1630056202,0.0693046898,0.0397809520,0.1174837202,0.0673165843,0.0357100330,0.0352217406,0.3382909298,0.3200795352,0.0652035847,0.0633241758,0.1153222844,0.1140919402,0.1235932261,0.0000000000,0.0000000000,0.0110669984,0.1109629348,0.1239530891,0.1579679847,0.1593977362,0.0000542599,0.0000000000,0.0000000000,0.0000000000,-0.0432871692,0.1561082900,-0.0068106870,0.0350959674,0.1561275572,0.0055232169
20:19:35:34.480,61,0.0179971308,0.2556856573,0.0586469248,0.0000000000,0.0000000000,0.0726784617,0.0000000000,0.0177783165,0.2555772066,0.0712638646,0.0000000000,0.0000000000,0.0727409944,0.0000000000,0.0691532791,0.0079401918,0.0000000000,0.2119388431,0.1588777453,0.1280228496,0.1544626653,0.0287548546,0.0000000000,0.2456353009,0.2361492366,0.0000000000,0.0000000000,0.0687379017,0.0717949569,0.1636275500,0.1628763974,0.0650683865,0.0404168479,0.1077338830,0.0676239431,0.0361335836,0.0356838070,0.3706472814,0.3534286320,0.0675201118,0.0664410293,0.1153400764,0.1141199246,0.1246736795,0.0000000000,0.0000000000,0.0113252122,0.1116941720,0.1247926876,0.1584658325,0.1600516289,0.0000431681,0.0000000000,0.0000000000,0.0000000000,-0.0430028252,0.1562689096,-0.0067730532,0.0353890993,0.1562881321,0.0055751512
20:19:35:35.482,61,0.0182905812,0.2559421360,0.0595881343,0.0000000000,0.0000000000,0.0728745386,0.0000000000,0.0180422254,0.2558447421,0.0703754947,0.0000000000,0.0000000000,0.0729377940,0.0000000000,0.0718757808,0.0080135269,0.0000000000,0.2748550177,0.1345824897,0.1426206082,0.1310172528,0.0283476524,0.0000000000,0.2456130385,0.2437523007,0.0000000000,0.0000000000,0.0686540604,0.0717694610,0.1889461726,0.1700613499,0.0573639311,0.0406378508,0.0986799002,0.0677914247,0.0362692475,0.0358327739,0.4187376201,0.3921893537,0.0851062313,0.0821874365,0.1155225635,0.1143144220,0.1253532469,0.0000000000,0.0000000000,0.0113667725,0.1120547205,0.1253942251,0.1585400850,0.1602645069,0.0000247560,0.0000000000,0.0000000000,0.0000000000,-0.0424656719,0.1564288288,-0.0066954624,0.0359561555,0.1564481258,0.0056703389
20:19:35:36.483,61,0.0183761436,0.2580155730,0.0591327287,0.0000000000,0.0000000000,0.0729143620,0.0000000000,0.0181084890,0.2579118013,0.0708504766,0.0000000000,0.0000000000,0.0729778111,0.0000000000,0.0748717636,0.0080522737,0.0000000000,0.2942714095,0.1204991341,0.1466633379,0.1174579635,0.0283102635,0.0000000000,0.2671111226,0.2618141174,0.0000000000,0.0000000000,0.0687397420,0.0718763024,0.2094006836,0.1916623712,0.0508366264,0.0403752849,0.0929349363,0.0678771809,0.0361370407,0.0356814824,0.4435773194,0.4199070036,0.0967110619,0.0916516110,0.1141023189,0.1129339412,0.1259648353,0.0000000000,0.0000000000,0.0112760980,0.1121647805,0.1256693453,0.1585947871,0.1603337377,0.0000166931,0.0000000000,0.0000000000,0.0000000000,-0.0427437350,0.1576946229,-0.0067947167,0.0356742032,0.1577139348,0.0056721722
20:19:35:37.484,61,0.0180253517,0.2609375417,0.0589527376,0.0000000000,0.0000000000,0.0729339868,0.0000000000,0.0177568737,0.2608308196,0.0710086152,0.0000000000,0.0000000000,0.0729972199,0.0000000000,0.0801402032,0.0132116703,0.0000000000,0.3043744266,0.1047167107,0.1347918510,0.1022076532,0.0284589753,0.0000000000,0.2761815190,0.2749727666,0.0000000000,0.0000000000,0.0687707812,0.0719062462,0.2258645892,0.2022108883,0.0456806943,0.0391231999,0.0856870934,0.0676546395,0.0358053930,0.0353089124,0.5081490874,0.4815924168,0.1065459251,0.0998230055,0.1096431613,0.1084904447,0.1265424341,0.0000000000,0.0000000000,0.0111057898,0.1115095615,0.1252917647,0.1584753096,0.1602013856,0.0000062658,0.0000000000,0.0000000000,0.0000000000,-0.0428269245,0.1594799757,-0.0068863225,0.0355554707,0.1594993472,0.0057183914
20:19:35:38.484,61,0.0177170057,0.2609977126,0.0593089685,0.0000000000,0.0000000000,0.0730054155,0.0000000000,0.0174482111,0.2608952820,0.0706669837,0.0000000000,0.0000000000,0.0730689913,0.0000000000,0.0842874870,0.0360861495,0.0000000000,0.3100365698,0.0941331163,0.1034113690,0.0851386860,0.0286469106,0.0000000000,0.2935355008,0.3076387644,0.0000000000,0.0000000000,0.0689203665,0.0720937401,0.2392003536,0.2092410773,0.0425231904,0.0374275222,0.0764332563,0.0659453198,0.0353120044,0.0347479731,0.5642274618,0.5393200517,0.1107280925,0.1037370116,0.1077220291,0.1065848544,0.1266455948,0.0000000000,0.0000000000,0.0108627062,0.1078352034,0.1227588207,0.1582904160,0.1600471288,0.0000027453,0.0000000000,0.0000000000,0.0000000000,-0.0426206104,0.1595179588,-0.0068548303,0.0357700922,0.1595373601,0.0057542892
20:19:35:39.486,61,0.0172825512,0.2635722160,0.0574847385,0.0000000000,0.0000000000,0.0729629248,0.0000000000,0.0170189049,0.2634457648,0.0725377500,0.0000000000,0.0000000000,0.0730264857,0.0000000000,0.0861591771,0.0425735712,0.0000000000,0.3131556809,0.0845063403,0.0931763947,0.0765520111,0.0288943443,0.0000000000,0.3081212342,0.3194622993,0.0000000000,0.0000000000,0.0689968243,0.0722094327,0.2442791611,0.2122656852,0.0400079265,0.0353919752,0.0698032603,0.0634049475,0.0347106270,0.0340780653,0.5844116807,0.5596153140,0.1143259108,0.1071010306,0.1067328900,0.1056048200,0.1263656914,0.0000000000,0.0000000000,0.0106012896,0.1026447043,0.1178733036,0.1578075737,0.1595466137,0.0000022198,0.0000000000,0.0000000000,0.0000000000,-0.0437378697,0.1610852927,-0.0071047219,0.0346610770,0.1611047387,0.0056316946
20:19:35:40.487,61,0.0167047009,0.2652212977,0.0564168505,0.0000000000,0.0000000000,0.0728364438,0.0000000000,0.0164509509,0.2650873959,0.0737021416,0.0000000000,0.0000000000,0.0728992894,0.0000000000,0.0874982774,0.0455668159,0.0000000000,0.3151822388,0.0799485818,0.0860176980,0.0705540106,0.0290472321,0.0000000000,0.3327384293,0.3401227593,0.0000000000,0.0000000000,0.0691750199,0.0724330395,0.2466937155,0.2137903571,0.0385513566,0.0341345109,0.0655981079,0.0606269389,0.0340704545,0.0333741754,0.5950558186,0.5704200268,0.1160122678,0.1087271646,0.1060755923,0.1049594656,0.1258972883,0.0000000000,0.0000000000,0.0103388652,0.1002298072,0.1156416982,0.1573301405,0.1590112448,0.0000011486,0.0000000000,0.0000000000,0.0000000000,-0.0444326811,0.1620940864,-0.0072635058,0.0340116061,0.1621090919,0.0055612717
20:19:35:41.488,61,0.0166935567,0.2672261596,0.0542458147,0.0000000000,0.0000000000,0.0726264864,0.0000000000,0.0164275728,0.2670634091,0.0759155676,0.0000000000,0.0000000000,0.0726885796,0.0000000000,0.0884863064,0.0436935313,0.0000000000,0.3163636029,0.0775462762,0.0824037269,0.0675300285,0.0289622694,0.0000000000,0.3443034291,0.3541995585,0.0000000000,0.0000000000,0.0694192797,0.0727740228,0.2476026863,0.2145671397,0.0375139080,0.0332303233,0.0633167475,0.0586005561,0.0334492326,0.0326902494,0.6003001332,0.5761008263,0.1167344674,0.1095448136,0.1055583432,0.1044557989,0.1254345030,0.0000000000,0.0000000000,0.0100769792,0.0987655446,0.1142709777,0.1569070965,0.1585650742,0.0000003725,0.0000000000,0.0000000000,0.0000000000,-0.0457580015,0.1633122265,-0.0075372211,0.0326962061,0.1633272618,0.0053871665
20:19:35:42.488,61,0.0169782247,0.2696310282,0.0534391627,0.0000000000,0.0000000000,0.0723517835,0.0000000000,0.0166936982,0.2694565058,0.0767333731,0.0000000000,0.0000000000,0.0724128857,0.0000000000,0.0893160775,0.0412699804,0.0000000000,0.3171636760,0.0762159675,0.0798791498,0.0656358600,0.0288237669,0.0000000000,0.3746496737,0.3877444565,0.0000000000,0.0000000000,0.0697535500,0.0732326210,0.2445080280,0.2144340575,0.0367426798,0.0325487107,0.0618207492,0.0570234545,0.0328682996,0.0320518948,0.6028304100,0.5791052580,0.1168869734,0.1098583639,0.1049785092,0.1038905084,0.1251470149,0.0000000000,0.0000000000,0.0098261721,0.0979944170,0.1135763973,0.1568268836,0.1584380418,0.0000002462,0.0000000000,0.0000000000,0.0000000000,-0.0462397300,0.1647793651,-0.0076861810,0.0322021805,0.1647944152,0.0053543295
20:19:35:43.489,61,0.0173752140,0.2705015838,0.0535029583,0.0000000000,0.0000000000,0.0720820948,0.0000000000,0.0170664061,0.2703275979,0.0766471103,0.0000000000,0.0000000000,0.0721426234,0.0000000000,0.0900583118,0.0403285213,0.0000000000,0.3185716271,0.0754212588,0.0774269700,0.0641451254,0.0287929978,0.0000000000,0.3884561658,0.4007245302,0.0000000000,0.0000000000,0.0701601654,0.0737424567,0.2433821857,0.2140847296,0.0361081064,0.0319816135,0.0606871508,0.0555663332,0.0323163345,0.0314404108,0.6042429805,0.5809150934,0.1166636571,0.1097861528,0.1045202017,0.1034461558,0.1247101426,0.0000000000,0.0000000000,0.0095852204,0.0975038111,0.1131498963,0.1568048149,0.1583799273,0.0000002187,0.0000000000,0.0000000000,0.0000000000,-0.0461836681,0.1653116494,-0.0077021234,0.0322377682,0.1653267443,0.0053778780
20:19:35:44.491,61,0.0172633827,0.2711089551,0.0528470799,0.0000000000,0.0000000000,0.0718360022,0.0000000000,0.0169518683,0.2709262967,0.0772852600,0.0000000000,0.0000000000,0.0718959272,0.0000000000,0.0907296538,0.0397989787,0.0000000000,0.3216086328,0.0747592896,0.0740472972,0.0623769797,0.0289046001,0.0000000000,0.4063612521,0.4131206572,0.0000000000,0.0000000000,0.0706197023,0.0742710829,0.2426713407,0.2137531787,0.0355801955,0.0314302742,0.0597751103,0.0545052625,0.0317797586,0.0308462158,0.6052513123,0.5821689367,0.1163438186,0.1095492095,0.1041858867,0.1031206027,0.1241669208,0.0000000000,0.0000000000,0.0093607055,0.0971845314,0.1128569618,0.1568206400,0.1582915336,0.0000001912,0.0000000000,0.0000000000,0.0000000000,-0.0465653352,0.1656807214,-0.0077833836,0.0318405963,0.1656957865,0.0053237225
20:19:35:45.492,61,0.0169063155,0.2724048495,0.0519548245,0.0000000000,0.0000000000,0.0715443864,0.0000000000,0.0166013222,0.2722097933,0.0781731308,0.0000000000,0.0000000000,0.0716029629,0.0000000000,0.0914614275,0.0354781039,0.0000000000,0.3237938881,0.0738113746,0.0693698302,0.0592664517,0.0288539119,0.0000000000,0.4308475256,0.4356133342,0.0000000000,0.0000000000,0.0710344389,0.0747619644,0.2422254384,0.2137088925,0.0350624770,0.0308584515,0.0587411858,0.0533457771,0.0312383100,0.0302616525,0.6096804738,0.5908315778,0.1160435081,0.1093460098,0.1041462421,0.1030926928,0.1235079840,0.0000000000,0.0000000000,0.0091369795,0.0969592854,0.1125880927,0.1569325924,0.1582489163,0.0000001502,0.0000000000,0.0000000000,0.0000000000,-0.0470940880,0.1664697975,-0.0079098847,0.0312988684,0.1664849818,0.0052585667
20:19:35:46.493,61,0.0166115165,0.2734483480,0.0522731245,0.0000000000,0.0000000000,0.0713694245,0.0000000000,0.0163121056,0.2732570767,0.0778262168,0.0000000000,0.0000000000,0.0714265630,0.0000000000,0.0941034779,0.0312776677,0.0000000000,0.3295864463,0.0731194317,0.0671793893,0.0575322174,0.0284055732,0.0000000000,0.4408571720,0.4505885541,0.0000000000,0.0000000000,0.0715266168,0.0753689259,0.2424751371,0.2151765078,0.0345596634,0.0303398035,0.0578638464,0.0523597300,0.0307408515,0.0297327284,0.6183497310,0.6046942472,0.1157951653,0.1093294099,0.1039394587,0.1029106751,0.1231795177,0.0000000000,0.0000000000,0.0089372890,0.0970563143,0.1127397344,0.1577630192,0.1591049433,0.0000000965,0.0000000000,0.0000000000,0.0000000000,-0.0468800515,0.1671085358,-0.0079047438,0.0314872377,0.1671237200,0.0053108823
20:19:35:47.493,61,0.0165124089,0.2747034431,0.0524288453,0.0000000000,0.0000000000,0.0711432546,0.0000000000,0.0162112247,0.2745134532,0.0776652619,0.0000000000,0.0000000000,0.0711985976,0.0000000000,0.1007932574,0.0271809958,0.0000000000,0.3451530635,0.0724717379,0.0657856762,0.0562578887,0.0280334093,0.0000000000,0.4476796985,0.4570207000,0.0000000000,0.0000000000,0.0721184611,0.0761074573,0.2470209748,0.2223039865,0.0340596996,0.0298763309,0.0567920916,0.0512650348,0.0302983169,0.0292608738,0.6344296336,0.6188514233,0.1156477481,0.1093182042,0.1034838855,0.1024801359,0.1229133233,0.0000000000,0.0000000000,0.0087697050,0.0970821530,0.1127155945,0.1584988385,0.1597507596,0.0000000662,0.0000000000,0.0000000000,0.0000000000,-0.0467770286,0.1678761095,-0.0079243006,0.0315769501,0.1678912938,0.0053509339
20:19:35:48.495,61,0.0163903628,0.2768923938,0.0525413677,0.0000000000,0.0000000000,0.0708274916,0.0000000000,0.0160891823,0.2767025828,0.0775553882,0.0000000000,0.0000000000,0.0708809048,0.0000000000,0.1054549366,0.0235314928,0.0000000000,0.3526339829,0.0718451887,0.0648346394,0.0552862547,0.0275743920,0.0000000000,0.4524226785,0.4617847502,0.0000000000,0.0000000000,0.0727098063,0.0768116787,0.2516971231,0.2278119773,0.0335584022,0.0294320527,0.0559173189,0.0504007973,0.0298942756,0.0288350657,0.6419349313,0.6270174384,0.1156449616,0.1094742268,0.1026922017,0.1017819867,0.1227881834,0.0000000000,0.0000000000,0.0086296145,0.0970783755,0.1126777902,0.1592459679,0.1604391485,0.0000000476,0.0000000000,0.0000000000,0.0000000000,-0.0467002355,0.1692142487,-0.0079755746,0.0316375121,0.1692294776,0.0054047476
20:19:35:49.496,61,0.0159063190,0.2767497897,0.0521572120,0.0000000000,0.0000000000,0.0706263557,0.0000000000,0.0156166190,0.2765550315,0.0779302418,0.0000000000,0.0000000000,0.0706785172,0.0000000000,0.1077177301,0.0221992210,0.0000000000,0.3671382964,0.0712910146,0.0641527846,0.0544928014,0.0272938907,0.0000000000,0.4544519186,0.4637311399,0.0000000000,0.0000000000,0.0732790008,0.0774519891,0.2607410252,0.2345917374,0.0330567434,0.0289605968,0.0551016703,0.0496095717,0.0294722952,0.0283906311,0.6457172632,0.6307418942,0.1157355830,0.1096473634,0.1019493714,0.1010780931,0.1225828975,0.0000000000,0.0000000000,0.0084975502,0.0969008356,0.1124905944,0.1597883254,0.1608542353,0.0000000377,0.0000000000,0.0000000000,0.0000000000,-0.0469266661,0.1691258401,-0.0080099469,0.0314066671,0.1691410840,0.0053624688
20:19:35:50.497,61,0.0154855046,0.2776550949,0.0521321334,0.0000000000,0.0000000000,0.0702651516,0.0000000000,0.0152066164,0.2774593532,0.0779598728,0.0000000000,0.0000000000,0.0703159347,0.0000000000,0.1089791656,0.0198154692,0.0000000000,0.3747977316,0.0708032027,0.0636435151,0.0538142547,0.0271437876,0.0000000000,0.4554808438,0.4643944204,0.0000000000,0.0000000000,0.0737447441,0.0779771805,0.2634760439,0.2370465398,0.0325725265,0.0284887813,0.0543217584,0.0488705970,0.0290252119,0.0279335435,0.6476910710,0.6326125264,0.1158354878,0.1097502187,0.1012239903,0.1003824696,0.1225093603,0.0000000000,0.0000000000,0.0083697541,0.0966466516,0.1121798679,0.1601084173,0.1609524935,0.0000000293,0.0000000000,0.0000000000,0.0000000000,-0.0469400808,0.1696789861,-0.0080389464,0.0313885957,0.1696942598,0.0053772526
20:19:35:51.498,61,0.0150898257,0.2775771618,0.0530417152,0.0000000000,0.0000000000,0.0699564740,0.0000000000,0.0148214716,0.2773930728,0.0771031827,0.0000000000,0.0000000000,0.0700059161,0.0000000000,0.1100239456,0.0167717580,0.0000000000,0.3801235557,0.0708929896,0.0636685565,0.0535662062,0.0270682741,0.0000000000,0.4414073527,0.4387761950,0.0000000000,0.0000000000,0.0743122399,0.0785958543,0.2648019195,0.2384564281,0.0321711749,0.0282131825,0.0536642708,0.0482048169,0.0286556911,0.0275525544,0.6486673355,0.6334627867,0.1155583262,0.1094889641,0.1005250290,0.0997070819,0.1223759651,0.0000000000,0.0000000000,0.0082824910,0.0964576006,0.1118817404,0.1603187919,0.1609577239,0.0000000506,0.0000000000,0.0000000000,0.0000000000,-0.0464245901,0.1696343571,-0.0079486007,0.0319365039,0.1696496010,0.0054696156
20:19:35:52.499,61,0.0149709098,0.2777837813,0.0537558049,0.0000000000,0.0000000000,0.0696128383,0.0000000000,0.0147037236,0.2776093185,0.0763506964,0.0000000000,0.0000000000,0.0696614161,0.0000000000,0.1105563641,0.0154936658,0.0000000000,0.3791297078,0.0711744726,0.0655638129,0.0538408048,0.0270212032,0.0000000000,0.3736350536,0.3778241277,0.0000000000,0.0000000000,0.0746688172,0.0789719746,0.2651728988,0.2389900088,0.0318087749,0.0280143581,0.0532857776,0.0478031933,0.0283868741,0.0272724777,0.6464365125,0.6304447055,0.1153693050,0.1093602628,0.0976505280,0.0969464406,0.1225869954,0.0000000000,0.0000000000,0.0082086902,0.0960100144,0.1112973839,0.1603231132,0.1608499140,0.0000000552,0.0000000000,0.0000000000,0.0000000000,-0.0459704846,0.1697629690,-0.0078769922,0.0323657542,0.1697782278,0.0055473880
20:19:35:53.500,61,0.0149147678,0.2789798677,0.0540945642,0.0000000000,0.0000000000,0.0693013594,0.0000000000,0.0146469409,0.2788097858,0.0759506375,0.0000000000,0.0000000000,0.0693495795,0.0000000000,0.1100821421,0.0149829155,0.0000000000,0.3353851438,0.0722582415,0.0813554227,0.0592858493,0.0271000881,0.0000000000,0.2988002896,0.3078639507,0.0000000000,0.0000000000,0.0745920539,0.0788863003,0.2641038895,0.2385838926,0.0315664969,0.0278643854,0.0534290113,0.0478806756,0.0282058492,0.0270983428,0.5802675486,0.5584834814,0.1153666899,0.1094085351,0.0939189121,0.0933174640,0.1237540022,0.0000000000,0.0000000000,0.0081403172,0.0954448506,0.1106252298,0.1600649357,0.1605459452,0.0000000741,0.0000000000,0.0000000000,0.0000000000,-0.0457238480,0.1704951376,-0.0078692148,0.0325656272,0.1705104113,0.0056061754
20:19:35:54.501,61,0.0153017258,0.2782012522,0.0539223328,0.0000000000,0.0000000000,0.0693060905,0.0000000000,0.0150356311,0.2780296206,0.0760873035,0.0000000000,0.0000000000,0.0693550184,0.0000000000,0.1082996130,0.0145971468,0.0000000000,0.3243077397,0.0830518380,0.1009026319,0.0713322610,0.0267889537,0.0000000000,0.2637559474,0.2819794714,0.0000000000,0.0000000000,0.0743746608,0.0787036493,0.2618363798,0.2377536893,0.0315439440,0.0279509407,0.0542733818,0.0482404009,0.0281017851,0.0270218924,0.5280141234,0.5139139891,0.1143225506,0.1090893447,0.0923810080,0.0918238014,0.1250388324,0.0000000000,0.0000000000,0.0080913603,0.0949970633,0.1102471277,0.1586569399,0.1600271463,0.0000001354,0.0000000000,0.0000000000,0.0000000000,-0.0458098836,0.1700187325,-0.0078615500,0.0324646048,0.1700339615,0.0055728685
20:19:35:55.502,61,0.0150960535,0.2771544158,0.0547351688,0.0000000000,0.0000000000,0.0692018345,0.0000000000,0.0148380762,0.2769940794,0.0752686337,0.0000000000,0.0000000000,0.0692510456,0.0000000000,0.1029010341,0.0139255608,0.0000000000,0.3130530119,0.0978738964,0.1233086884,0.0848412514,0.0262255855,0.0000000000,0.2129724175,0.2280952334,0.0000000000,0.0000000000,0.0740209967,0.0783925951,0.2499772161,0.2317708135,0.0319567174,0.0282811318,0.0612380058,0.0506042875,0.0280963536,0.0270747058,0.4451285005,0.4301469326,0.1088555381,0.1072134674,0.0920120776,0.0914772898,0.1264516413,0.0000000000,0.0000000000,0.0080875997,0.0945412070,0.1099033132,0.1551428735,0.1578344256,0.0000011527,0.0000000000,0.0000000000,0.0000000000,-0.0453219078,0.1693816781,-0.0077481596,0.0329575837,0.1693968773,0.0056358529
20:19:35:56.503,61,0.0148157598,0.2688224018,0.0563231818,0.0000000000,0.0000000000,0.0691944584,0.0000000000,0.0145663628,0.2686865032,0.0736935958,0.0000000000,0.0000000000,0.0692449957,0.0000000000,0.0976895392,0.0130838808,0.0000000000,0.2833737433,0.1199228242,0.1317725629,0.0927200243,0.0256148502,0.0000000000,0.1968589574,0.2117394507,0.0000000000,0.0000000000,0.0737931132,0.0782477334,0.2371781468,0.2230789810,0.0358983949,0.0308337100,0.0666536242,0.0517098084,0.0283083059,0.0273477510,0.4180834591,0.4037078023,0.0941328406,0.0953092277,0.0918716416,0.0913377926,0.1272668242,0.0000000000,0.0000000000,0.0081409710,0.0944969952,0.1100036725,0.1529851109,0.1566832811,0.0000056520,0.0000000000,0.0000000000,0.0000000000,-0.0444114581,0.1642947197,-0.0073603839,0.0339428335,0.1643097848,0.0056267381
20:19:35:57.504,61,0.0129240723,0.2606790066,0.0572858639,0.0000000000,0.0000000000,0.0691744089,0.0000000000,0.0127793057,0.2605583370,0.0727685541,0.0000000000,0.0000000000,0.0692255720,0.0000000000,0.0840164423,0.0126082152,0.0000000000,0.1999698430,0.1751687229,0.1339340061,0.1019571424,0.0235368591,0.0000000000,0.1883672774,0.2034477144,0.0000000000,0.0000000000,0.0734483004,0.0779953524,0.2261007875,0.2143609673,0.0578330383,0.0373137631,0.0827949867,0.0525851473,0.0287324563,0.0278493091,0.3373680413,0.3293760121,0.0666992292,0.0698713809,0.0921191424,0.0915667489,0.1279313117,0.0000000000,0.0000000000,0.0082928315,0.0945230052,0.1101458967,0.1518296599,0.1560993940,0.0002811348,0.0000000000,0.0000000000,0.0000000000,-0.0438895412,0.1593207568,-0.0070499056,0.0345510319,0.1593356580,0.0055511165
20:19:35:58.506,61,0.0111682191,0.2529779375,0.0590373278,0.0000000000,0.0000000000,0.0693392605,0.0026476420,0.0110929776,0.2528817952,0.0709737614,0.0000000000,0.0000000000,0.0693915710,0.0032010283,0.0795651749,0.0124432761,0.0000000000,0.1773554683,0.1917615980,0.1351548135,0.1229875162,0.0220640618,0.0000000000,0.1830778420,0.1986433864,0.0000000000,0.0000000000,0.0731848851,0.0778112262,0.2225286216,0.2117965072,0.0868212804,0.0434586629,0.1059180275,0.0540564470,0.0301706530,0.0296743363,0.2890360355,0.2840965688,0.0542593822,0.0572495721,0.0922272354,0.0916401669,0.1286341995,0.0000000000,0.0000000000,0.0086810002,0.0947988033,0.1105808467,0.1512341201,0.1560187042,0.0003433284,0.0000000000,0.0000000000,0.0000000000,-0.0428388193,0.1546197087,-0.0066748802,0.0356338993,0.1546344012,0.0055533387
20:19:35:59.507,61,0.0099234805,0.2449564934,0.0593917333,0.0000000000,0.0000000000,0.0696072280,0.0119537208,0.0098875584,0.2448679656,0.0704630315,0.0000000000,0.0000000000,0.0696605965,0.0126255853,0.0772377476,0.0123356227,0.0000000000,0.1708066165,0.2002177536,0.1316777021,0.1291828305,0.0210602172,0.0000000000,0.1812368780,0.1971869022,0.0000000000,0.0000000000,0.0732467249,0.0779606104,0.2225217819,0.2121028006,0.1003203690,0.0492009036,0.1137753427,0.0550157204,0.0320825689,0.0319141075,0.2702562511,0.2664289474,0.0473563075,0.0501471497,0.0925511941,0.0919233561,0.1290203333,0.0000000000,0.0000000000,0.0091272360,0.0952313393,0.1111791357,0.1506795436,0.1559367180,0.0004363936,0.0000000000,0.0000000000,0.0000000000,-0.0425624885,0.1497179568,-0.0064183860,0.0358747616,0.1497325003,0.0054109106
20:19:36:00.508,61,0.0089759668,0.2399081290,0.0596154407,0.0000000000,0.0000000000,0.0698930621,0.0156941339,0.0089577427,0.2398238033,0.0702141300,0.0000000000,0.0000000000,0.0699475408,0.0164170191,0.0759612992,0.0122327767,0.0000000000,0.1728436202,0.2044529766,0.1269651204,0.1320193857,0.0203411039,0.0000000000,0.2019245476,0.2116732746,0.0000000000,0.0000000000,0.0735219568,0.0783373713,0.2220402360,0.2119142711,0.1064226851,0.0534189120,0.1176753715,0.0556491427,0.0333461724,0.0332163349,0.2691023350,0.2633363605,0.0437474288,0.0464799963,0.0928985029,0.0922229663,0.1290596873,0.0000000000,0.0000000000,0.0095590213,0.0957086980,0.1117576808,0.1502121836,0.1558320522,0.0004745755,0.0000000000,0.0000000000,0.0000000000,-0.0424316488,0.1466329694,-0.0062648957,0.0360264666,0.1466473937,0.0053201877
20:19:36:01.509,61,0.0081767850,0.2407540679,0.0603465885,0.0000000000,0.0000000000,0.0700298995,0.0181446783,0.0081679542,0.2406779379,0.0694764331,0.0000000000,0.0000000000,0.0700855628,0.0189039763,0.0755137578,0.0122718755,0.0000000000,0.1726068705,0.2059728950,0.1169303358,0.1299080998,0.0200289227,0.0000000000,0.2570340633,0.2627964020,0.0000000000,0.0000000000,0.0742534772,0.0795313492,0.2216782570,0.2116415352,0.1100723818,0.0563171245,0.1198087931,0.0562477186,0.0347442478,0.0346026421,0.2801338434,0.2696791887,0.0417515226,0.0443978719,0.0935092941,0.0927822962,0.1287674010,0.0000000000,0.0000000000,0.0099942693,0.0987427980,0.1159864813,0.1501911432,0.1560630351,0.0002607824,0.0000000000,0.0000000000,0.0000000000,-0.0419826098,0.1471524090,-0.0062209149,0.0364655145,0.1471668482,0.0054043457
20:19:36:02.509,61,0.0075300811,0.2405603379,0.0610207580,0.0000000000,0.0000000000,0.0702754855,0.0194399934,0.0075261462,0.2404916435,0.0688662827,0.0000000000,0.0000000000,0.0703329295,0.0202223957,0.0754606351,0.0123922946,0.0000000000,0.1791995913,0.2066038251,0.1130362675,0.1249413788,0.0201408267,0.0000000000,0.2764345407,0.2799689174,0.0000000000,0.0000000000,0.0749399886,0.0804703310,0.2214675546,0.2112983316,0.1106609032,0.0578288399,0.1203278229,0.0566073917,0.0355552062,0.0354157686,0.3285803497,0.3163621128,0.0408751555,0.0433956422,0.0963856801,0.0953887850,0.1286093295,0.0000000000,0.0000000000,0.0102845868,0.1034713686,0.1208249331,0.1505543441,0.1565733999,0.0002336209,0.0000000000,0.0000000000,0.0000000000,-0.0416146182,0.1470362395,-0.0061614797,0.0368735343,0.1470506489,0.0054604099
20:19:36:03.511,61,0.0071246889,0.2431900650,0.0604244582,0.0000000000,0.0000000000,0.0705336779,0.0198229272,0.0071223057,0.2431136072,0.0694973022,0.0000000000,0.0000000000,0.0705929846,0.0206039380,0.0752702877,0.0122829070,0.0000000000,0.2123476863,0.2026049495,0.1112665460,0.1232048124,0.0203898698,0.0000000000,0.2992782295,0.3003002107,0.0000000000,0.0000000000,0.0755258873,0.0811861381,0.2209225595,0.2102780193,0.0746404454,0.0584099852,0.1116307750,0.0568701029,0.0360134169,0.0358688943,0.3636408448,0.3504174650,0.0438375883,0.0451096557,0.0975372195,0.0964535028,0.1288236827,0.0000000000,0.0000000000,0.0104392581,0.1102557108,0.1289868355,0.1557163298,0.1618536115,0.0001879597,0.0000000000,0.0000000000,0.0000000000,-0.0419859104,0.1486416310,-0.0062852977,0.0365044773,0.1486561447,0.0054656761
20:19:36:04.512,61,0.0071116337,0.2448412031,0.0597855188,0.0000000000,0.0000000000,0.0705989674,0.0188028887,0.0071038986,0.2447565943,0.0701847151,0.0000000000,0.0000000000,0.0706599653,0.0194817409,0.0758792087,0.0118440427,0.0000000000,0.2783448696,0.1497998387,0.1104788408,0.1112751961,0.0206859503,0.0000000000,0.3176046014,0.3194953203,0.0000000000,0.0000000000,0.0762059391,0.0819536671,0.2204778045,0.2095278651,0.0640937611,0.0583018586,0.0909107924,0.0568135045,0.0361790694,0.0360080600,0.4467495084,0.4330141842,0.0556268245,0.0549517833,0.0983684286,0.0972489789,0.1288748831,0.0000000000,0.0000000000,0.0104785105,0.1126981154,0.1318240017,0.1573142707,0.1633971184,0.0001624682,0.0000000000,0.0000000000,0.0000000000,-0.0423948132,0.1496487707,-0.0063901176,0.0361130014,0.1496632993,0.0054442724
20:19:36:05.513,61,0.0072071566,0.2490603626,0.0586392991,0.0000000000,0.0000000000,0.0706081465,0.0178795606,0.0071924841,0.2489606440,0.0713798329,0.0000000000,0.0000000000,0.0706711859,0.0184882507,0.0782005712,0.0126465866,0.0000000000,0.2978799045,0.1277922094,0.1100578681,0.0977207273,0.0220560730,0.0000000000,0.3253090382,0.3266823292,0.0000000000,0.0000000000,0.0767650530,0.0825134963,0.2207629383,0.2092111707,0.0570201576,0.0547423139,0.0827007592,0.0567153357,0.0361443199,0.0359036364,0.4780737460,0.4597807229,0.0733406171,0.0685545206,0.0989323258,0.0977892950,0.1288964748,0.0000000000,0.0000000000,0.0104238130,0.1138591096,0.1331328154,0.1580208093,0.1638821065,0.0001033664,0.0000000000,0.0000000000,0.0000000000,-0.0430998802,0.1522238702,-0.0066098371,0.0354067609,0.1522385031,0.0054311161
20:19:36:06.514,61,0.0074370331,0.2533590496,0.0581685379,0.0000000000,0.0000000000,0.0707124993,0.0165519975,0.0074124769,0.2532515526,0.0719424039,0.0000000000,0.0000000000,0.0707768053,0.0170812402,0.0801900774,0.0127433380,0.0000000000,0.3070408106,0.1135072857,0.1099625081,0.0918912441,0.0234449320,0.0000000000,0.3283325732,0.3243217766,0.0000000000,0.0000000000,0.0768870786,0.0825739801,0.2208319604,0.2087912858,0.0510765724,0.0502766818,0.0768981278,0.0565091111,0.0359452255,0.0356327333,0.4987384975,0.4773831367,0.0853179321,0.0788040608,0.0995268449,0.0983680487,0.1287913024,0.0000000000,0.0000000000,0.0103316829,0.1141630933,0.1331775188,0.1582173556,0.1636672914,0.0000674857,0.0000000000,0.0000000000,0.0000000000,-0.0434219427,0.1548497230,-0.0067759058,0.0351082496,0.1548644453,0.0054797246
20:19:36:07.514,61,0.0075578871,0.2595618069,0.0563577935,0.0000000000,0.0000000000,0.0706926584,0.0157066379,0.0075268834,0.2594290078,0.0738446712,0.0000000000,0.0000000000,0.0707583055,0.0162058398,0.0813403651,0.0141204484,0.0000000000,0.3113229275,0.1049072221,0.1098235175,0.0885014907,0.0257880129,0.0000000000,0.3287838995,0.3219819069,0.0000000000,0.0000000000,0.0767947584,0.0823750645,0.2213008553,0.2085715085,0.0470009670,0.0458033904,0.0738746300,0.0563423820,0.0356395580,0.0352462456,0.5112549067,0.4871346354,0.0945376232,0.0864361897,0.1001789644,0.0990059748,0.1285234690,0.0000000000,0.0000000000,0.0102033000,0.1136701629,0.1313425899,0.1582928747,0.1633032113,0.0000186965,0.0000000000,0.0000000000,0.0000000000,-0.0445435047,0.1586348414,-0.0071235509,0.0339950062,0.1586496979,0.0054379064
20:19:36:08.515,61,0.0076004271,0.2612722516,0.0549842790,0.0000000000,0.0000000000,0.0707413554,0.0151158618,0.0075651058,0.2611212730,0.0752580464,0.0000000000,0.0000000000,0.0708086640,0.0156006506,0.0820252225,0.0163159315,0.0000000000,0.3083408475,0.1007454097,0.1116423309,0.0869919509,0.0269121677,0.0000000000,0.2747173905,0.2711909711,0.0000000000,0.0000000000,0.0763489902,0.0816735774,0.2216371596,0.2081980854,0.0446747951,0.0427893028,0.0722151175,0.0563815534,0.0352899395,0.0348257348,0.5073414445,0.4823110402,0.0992605537,0.0911768675,0.1016891971,0.1004830003,0.1284079999,0.0000000000,0.0000000000,0.0100824106,0.1096528918,0.1259669363,0.1577708274,0.1609965861,0.0000005623,0.0000000000,0.0000000000,0.0000000000,-0.0453885235,0.1596757770,-0.0073070363,0.0331609473,0.1596907079,0.0053399433
20:19:36:09.516,61,0.0079256790,0.2618818581,0.0534253381,0.0000000000,0.0000000000,0.0708102584,0.0139315221,0.0078782020,0.2617110312,0.0768233240,0.0000000000,0.0000000000,0.0708806589,0.0143757835,0.0820368677,0.0292509794,0.0000000000,0.2940483689,0.0986644849,0.1364215165,0.0908347145,0.0276376680,0.0000000000,0.2252872288,0.2375954688,0.0000000000,0.0000000000,0.0746876448,0.0793220028,0.2216784954,0.2059362829,0.0431848541,0.0409043096,0.0715439916,0.0567785800,0.0349622294,0.0344340242,0.4485615790,0.4224429131,0.1018324643,0.0941018388,0.1056681499,0.1044333577,0.1284547895,0.0000000000,0.0000000000,0.0099949604,0.1033669114,0.1201388389,0.1520848721,0.1553408504,0.0000006908,0.0000000000,0.0000000000,0.0000000000,-0.0463298373,0.1600434184,-0.0074759321,0.0322188288,0.1600583047,0.0052004377
20:19:36:10.517,61,0.0081517836,0.2611738741,0.0525792353,0.0000000000,0.0000000000,0.0709599406,0.0130489320,0.0080958726,0.2609931529,0.0776394978,0.0000000000,0.0000000000,0.0710333809,0.0134785259,0.0801648349,0.0325098671,0.0000000000,0.2761917710,0.0990064591,0.1508107334,0.1152207777,0.0279126223,0.0000000000,0.2048307359,0.2114518136,0.0000000000,0.0000000000,0.0718555376,0.0761544406,0.2149245292,0.1961961985,0.0421774387,0.0397783928,0.0715369508,0.0573284365,0.0347102657,0.0341474749,0.3999623358,0.3795986772,0.1028418466,0.0953841805,0.1154917926,0.1142833605,0.1287530959,0.0000000000,0.0000000000,0.0099939751,0.1005187929,0.1175177768,0.1486760676,0.1519111097,0.0000017804,0.0000000000,0.0000000000,0.0000000000,-0.0468253456,0.1596080959,-0.0075349244,0.0317107886,0.1596229970,0.0051043038
20:19:36:11.519,61,0.0083935009,0.2629446983,0.0509712473,0.0000000000,0.0000000000,0.0709914789,0.0122503974,0.0083290013,0.2627429664,0.0792137459,0.0000000000,0.0000000000,0.0710684732,0.0126734683,0.0761652812,0.0342653953,0.0000000000,0.2617196739,0.1010194570,0.1632803828,0.1528660655,0.0282892063,0.0000000000,0.1868688464,0.1850792170,0.0000000000,0.0000000000,0.0677257404,0.0713328347,0.2075736672,0.1869902015,0.0413323194,0.0389217548,0.0732250586,0.0587921478,0.0345294140,0.0339467004,0.3767164350,0.3491494656,0.1032232270,0.0959620774,0.1190526411,0.1178189963,0.1292191595,0.0000000000,0.0000000000,0.0101268478,0.0979541168,0.1151000187,0.1471019387,0.1502414197,0.0000062712,0.0000000000,0.0000000000,0.0000000000,-0.0477665253,0.1606854200,-0.0077390349,0.0307356399,0.1607003510,0.0049813637
20:19:36:12.519,61,0.0088928193,0.2634595037,0.0514788926,0.0000000000,0.0000000000,0.0710566938,0.0110914689,0.0088097025,0.2632639408,0.0786882937,0.0000000000,0.0000000000,0.0711390749,0.0115150949,0.0721449926,0.0355907790,0.0000000000,0.2547448874,0.1070794836,0.1742208600,0.1790500432,0.0288489610,0.0000000000,0.1794706434,0.1753407568,0.0000000000,0.0000000000,0.0646042749,0.0677799284,0.1990078837,0.1768549234,0.0406025909,0.0382685214,0.0771102756,0.0610605963,0.0344790369,0.0338810571,0.3619763553,0.3307182789,0.1032198519,0.0960876122,0.1209450364,0.1196958721,0.1297397017,0.0000000000,0.0000000000,0.0103790062,0.0967066363,0.1139556170,0.1464909166,0.1495215744,0.0000118895,0.0000000000,0.0000000000,0.0000000000,-0.0474472307,0.1610015780,-0.0077027320,0.0310401656,0.1610164940,0.0050407723
20:19:36:13.520,61,0.0094467076,0.2644470334,0.0521926619,0.0000000000,0.0000000000,0.0711270943,0.0099434406,0.0093426937,0.2642595470,0.0780049711,0.0000000000,0.0000000000,0.0712158084,0.0103724664,0.0682555065,0.0364985578,0.0000000000,0.2478595078,0.1098299772,0.1853311658,0.2022972703,0.0297071543,0.0000000000,0.1753270030,0.1688661426,0.0000000000,0.0000000000,0.0616863295,0.0646650344,0.1898574084,0.1685951501,0.0398921892,0.0376502573,0.0822080076,0.0648716763,0.0345123485,0.0339082330,0.3448221684,0.3112291098,0.1032886431,0.0961693004,0.1248967126,0.1235324889,0.1301658005,0.0000000000,0.0000000000,0.0107223429,0.0958182663,0.1131092459,0.1463292241,0.1491855234,0.0000332777,0.0000000000,0.0000000000,0.0000000000,-0.0470305607,0.1616072208,-0.0076643676,0.0314674526,0.1616221964,0.0051296987
20:19:36:14.521,61,0.0100772288,0.2650670111,0.0524971634,0.0000000000,0.0000000000,0.0711966977,0.0087592201,0.0099483123,0.2648830414,0.0776980221,0.0000000000,0.0000000000,0.0712919980,0.0091986638,0.0659691170,0.0380667374,0.0000000000,0.2427653819,0.1112310812,0.1903336346,0.2109720111,0.0317414291,0.0000000000,0.1731518358,0.1654442102,0.0000000000,0.0000000000,0.0596686043,0.0625272095,0.1849923581,0.1635749638,0.0392388180,0.0370197296,0.0860294774,0.0685815215,0.0345543548,0.0339346044,0.3385349214,0.3039424419,0.1037770882,0.0965247527,0.1278041601,0.1262912154,0.1307569593,0.0000000000,0.0000000000,0.0110310623,0.0952758491,0.1125790551,0.1465769261,0.1492129266,0.0000480122,0.0000000000,0.0000000000,0.0000000000,-0.0468425900,0.1619871110,-0.0076520201,0.0316490792,0.1620020717,0.0051716366
20:19:36:15.523,61,0.0105965426,0.2643371522,0.0534500144,0.0000000000,0.0000000000,0.0713195130,0.0077664265,0.0104480684,0.2641657293,0.0767360851,0.0000000000,0.0000000000,0.0714208782,0.0082140947,0.0645196661,0.0390125439,0.0000000000,0.2403815538,0.1122074574,0.1933067888,0.2153035700,0.0329260603,0.0000000000,0.1718092710,0.1634435356,0.0000000000,0.0000000000,0.0583899319,0.0612031817,0.1823741347,0.1608646363,0.0386339724,0.0364063680,0.0890733078,0.0717963949,0.0345745720,0.0339519233,0.3348846138,0.2997745872,0.1045904532,0.0970684141,0.1290931106,0.1275342554,0.1311988086,0.0000000000,0.0000000000,0.0113045676,0.0950438455,0.1124297902,0.1470303386,0.1495181024,0.0000694253,0.0000000000,0.0000000000,0.0000000000,-0.0462659709,0.1615440398,-0.0075368611,0.0322258659,0.1615590006,0.0052511976
20:19:36:16.524,61,0.0106552634,0.2629184723,0.0541085787,0.0000000000,0.0000000000,0.0715125799,0.0075907363,0.0105031719,0.2627561688,0.0760780647,0.0000000000,0.0000000000,0.0716190711,0.0080489730,0.0635471568,0.0389343649,0.0000000000,0.2391802967,0.1127886400,0.2011497319,0.2174072117,0.0336936079,0.0000000000,0.1700294614,0.1590056717,0.0000000000,0.0000000000,0.0573887229,0.0601755008,0.1807939708,0.1594708264,0.0379720367,0.0358046778,0.0905600041,0.0734522045,0.0345393606,0.0339143984,0.3331615329,0.2979920506,0.1076980606,0.0992728621,0.1298385113,0.1282638907,0.1315740794,0.0000000000,0.0000000000,0.0115177929,0.0948181897,0.1122383177,0.1474880129,0.1498036683,0.0000778574,0.0000000000,0.0000000000,0.0000000000,-0.0458756685,0.1606791317,-0.0074326163,0.0326275043,0.1606940180,0.0052876598
20:19:36:17.525,61,0.0108068762,0.2624240220,0.0549168400,0.0000000000,0.0000000000,0.0714913160,0.0070539517,0.0106496224,0.2622721493,0.0752549618,0.0000000000,0.0000000000,0.0716014057,0.0075107804,0.0629108399,0.0385865346,0.0000000000,0.2389000207,0.1133162230,0.2080463469,0.2185669839,0.0341328494,0.0000000000,0.1666831970,0.1564528346,0.0000000000,0.0000000000,0.0565967411,0.0593621545,0.1800496429,0.1588938683,0.0373391062,0.0352619030,0.0915177464,0.0745787993,0.0345107354,0.0338904075,0.3326208293,0.2977733016,0.1090584025,0.1006008014,0.1293006241,0.1278202832,0.1320107877,0.0000000000,0.0000000000,0.0117384018,0.0944882631,0.1119456217,0.1478840262,0.1500781178,0.0000682524,0.0000000000,0.0000000000,0.0000000000,-0.0453815050,0.1603794843,-0.0073386631,0.0331165083,0.1603944153,0.0053566969
20:19:36:18.526,61,0.0112293279,0.2619448900,0.0563817173,0.0000000000,0.0000000000,0.0715300888,0.0056976648,0.0110554518,0.2618125379,0.0736577585,0.0000000000,0.0000000000,0.0716436803,0.0061209314,0.0626348257,0.0386417471,0.0000000000,0.2507365644,0.1149195731,0.2132474035,0.2189223915,0.0345726497,0.0000000000,0.1576256305,0.1514587402,0.0000000000,0.0000000000,0.0560947917,0.0588170737,0.1857912838,0.1627871394,0.0367229171,0.0348178819,0.0921902061,0.0753832161,0.0343936346,0.0337689072,0.3323677480,0.2976337969,0.1098632216,0.1013467535,0.1145279333,0.1134561375,0.1344974190,0.0000000000,0.0000000000,0.0118569965,0.0941410735,0.1116671860,0.1483147442,0.1503609419,0.0000616681,0.0000000000,0.0000000000,0.0000000000,-0.0444203615,0.1600914598,-0.0071702218,0.0340014808,0.1601063758,0.0054897382
20:19:36:19.527,61,0.0198287275,0.2639642060,0.0573786870,0.0000000000,0.0000000000,0.0715960339,0.0000000000,0.0190295149,0.2638441622,0.0725761652,0.0000000000,0.0000000000,0.0717138126,0.0000000000,0.0627763122,0.0451123491,0.0000000000,0.2599580288,0.1155789718,0.2154091150,0.2037233114,0.0350336097,0.0000000000,0.1549021602,0.1501531452,0.0000000000,0.0000000000,0.0558254458,0.0585067570,0.1919455081,0.1651051193,0.0361936167,0.0344130732,0.0926439986,0.0760804564,0.0342754014,0.0336264335,0.3408981860,0.3050551713,0.1119516343,0.1030935198,0.1073499247,0.1063397005,0.1373377591,0.0000000000,0.0000000000,0.0118880179,0.0940388516,0.1117200851,0.1488324106,0.1507476270,0.0000364556,0.0000000000,0.0000000000,0.0000000000,-0.0437593088,0.1613290459,-0.0071191452,0.0345957801,0.1613439620,0.0056295833
20:19:36:20.528,61,0.0222371481,0.2651886940,0.0574731082,0.0000000000,0.0000000000,0.0715920776,0.0000000000,0.0212797690,0.2650695443,0.0724577084,0.0000000000,0.0000000000,0.0717130452,0.0000000000,0.0632104203,0.0500329547,0.0000000000,0.2643655539,0.1159564704,0.2166824192,0.1939596385,0.0355375186,0.0000000000,0.1531622112,0.1492955536,0.0000000000,0.0000000000,0.0557123721,0.0583457910,0.2010995597,0.1703460366,0.0357868969,0.0340230465,0.0931935161,0.0769650936,0.0341756232,0.0335007049,0.3454085886,0.3086297810,0.1151916012,0.1054723635,0.1035772786,0.1025614887,0.1393956095,0.0000000000,0.0000000000,0.0118914554,0.0939747989,0.1117727906,0.1492895931,0.1510452181,0.0000228054,0.0000000000,0.0000000000,0.0000000000,-0.0436825491,0.1620777696,-0.0071402313,0.0346484892,0.1620927304,0.0056647840
20:19:36:21.530,61,0.0238553938,0.2648300231,0.0573550984,0.0000000000,0.0000000000,0.0714460462,0.0000000000,0.0228071474,0.2647095621,0.0725682452,0.0000000000,0.0000000000,0.0715706050,0.0000000000,0.0640354529,0.0783447400,0.0000000000,0.2774130106,0.1158664301,0.2166401893,0.1721312106,0.0364557169,0.0000000000,0.1518484354,0.1489595771,0.0000000000,0.0000000000,0.0557271093,0.0583261661,0.2163938433,0.1765973717,0.0354791693,0.0335871130,0.0934168547,0.0775502399,0.0339927673,0.0332658291,0.3648662567,0.3229910731,0.1178704575,0.1071776673,0.0882788002,0.0869510174,0.1415018737,0.0000000000,0.0000000000,0.0118153980,0.0935240239,0.1114456579,0.1490739882,0.1507446170,0.0000108218,0.0000000000,0.0000000000,0.0000000000,-0.0437507629,0.1618581265,-0.0071415110,0.0345785841,0.1618730873,0.0056455634
20:19:36:22.530,61,0.0242127087,0.2641764879,0.0563734733,0.0000000000,0.0000000000,0.0711310208,0.0000000000,0.0231543183,0.2640441358,0.0735230297,0.0000000000,0.0000000000,0.0712552518,0.0000000000,0.0652833953,0.0665480047,0.0000000000,0.2843491733,0.1144774854,0.2099835873,0.1558736861,0.0368385129,0.0000000000,0.1513334960,0.1491297930,0.0000000000,0.0000000000,0.0557723008,0.0583627820,0.2214497179,0.1832203120,0.0351512209,0.0330713354,0.0933131129,0.0779227242,0.0336910039,0.0329447947,0.3784753680,0.3434161246,0.1211048216,0.1107654795,0.0845408142,0.0831993595,0.1427054703,0.0000000000,0.0000000000,0.0116910217,0.0926205888,0.1099901497,0.1482265592,0.1496737152,0.0000024024,0.0000000000,0.0000000000,0.0000000000,-0.0443293191,0.1614554077,-0.0072175642,0.0339889936,0.1614703089,0.0055352910
20:19:36:23.531,61,0.0242030490,0.2638112903,0.0560471006,0.0000000000,0.0000000000,0.0708452612,0.0000000000,0.0231602099,0.2636749446,0.0738599300,0.0000000000,0.0000000000,0.0709681362,0.0000000000,0.0666265115,0.0552773103,0.0000000000,0.2901467979,0.1132585406,0.2032483071,0.1476646513,0.0369480997,0.0000000000,0.1517191976,0.1522205174,0.0000000000,0.0000000000,0.0557675809,0.0583647452,0.2239011228,0.1860806942,0.0347826220,0.0325129367,0.0929492265,0.0781210586,0.0333079360,0.0325565338,0.3884122670,0.3557328880,0.1253144890,0.1158821583,0.0825087130,0.0811622739,0.1435455382,0.0000000000,0.0000000000,0.0115206614,0.0920293778,0.1092361659,0.1476672441,0.1490674764,0.0000030933,0.0000000000,0.0000000000,0.0000000000,-0.0445340723,0.1612311006,-0.0072406302,0.0337934457,0.1612460464,0.0054956796
20:19:36:24.533,61,0.0241472181,0.2646001279,0.0553062260,0.0000000000,0.0000000000,0.0706861392,0.0000000000,0.0231237393,0.2644541264,0.0745872334,0.0000000000,0.0000000000,0.0708077028,0.0000000000,0.0715501159,0.0516725294,0.0000000000,0.2981203496,0.1113766208,0.1895284355,0.1393253207,0.0369745232,0.0000000000,0.1567523479,0.1601988375,0.0000000000,0.0000000000,0.0558284707,0.0584355444,0.2254016846,0.1891783923,0.0343458951,0.0320026986,0.0905156583,0.0778753459,0.0329390280,0.0321689993,0.4371331632,0.4033962190,0.1273537874,0.1179898754,0.0788646787,0.0776285604,0.1442635655,0.0000000000,0.0000000000,0.0113393804,0.0915327966,0.1086326838,0.1472385675,0.1485766321,0.0000037128,0.0000000000,0.0000000000,0.0000000000,-0.0449691117,0.1617107540,-0.0073334435,0.0333441272,0.1617256850,0.0054390524
20:19:36:25.534,61,0.0237262323,0.2665382028,0.0532913096,0.0000000000,0.0000000000,0.0706452355,0.0000000000,0.0227424335,0.2663659453,0.0765702054,0.0000000000,0.0000000000,0.0707658902,0.0000000000,0.0756019130,0.0500263833,0.0000000000,0.3086132109,0.1084254608,0.1757468134,0.1308749169,0.0368052982,0.0000000000,0.1682241708,0.1757563949,0.0000000000,0.0000000000,0.0559375547,0.0585691109,0.2267297655,0.1934207976,0.0338798650,0.0314214975,0.0878749862,0.0774844959,0.0325606018,0.0317641497,0.4546085596,0.4218385518,0.1317695528,0.1223907769,0.0780176595,0.0768172070,0.1445326507,0.0000000000,0.0000000000,0.0111450646,0.0910416320,0.1081210151,0.1470620781,0.1483781636,0.0000049152,0.0000000000,0.0000000000,0.0000000000,-0.0461558178,0.1628887355,-0.0075826305,0.0321231186,0.1629037410,0.0052788057
20:19:36:26.535,61,0.0218612738,0.2686701417,0.0531971604,0.0000000000,0.0000000000,0.0706417784,0.0000000000,0.0212252196,0.2684958875,0.0766148716,0.0000000000,0.0000000000,0.0707613230,0.0000000000,0.0780482441,0.0491890348,0.0000000000,0.3138114810,0.1043887660,0.1647322476,0.1226669103,0.0364337787,0.0000000000,0.1872593015,0.1969622821,0.0000000000,0.0000000000,0.0560673960,0.0587213263,0.2278450131,0.1968263984,0.0334118232,0.0307897441,0.0856878236,0.0770130008,0.0321741588,0.0313486606,0.4652121663,0.4340166152,0.1361439228,0.1276664883,0.0864991993,0.0854258016,0.1445401013,0.0000000000,0.0000000000,0.0109505104,0.0906930715,0.1078010499,0.1470645666,0.1484406441,0.0000045592,0.0000000000,0.0000000000,0.0000000000,-0.0461728238,0.1641913950,-0.0076471828,0.0320594721,0.1642064005,0.0053112423
20:19:36:27.536,61,0.0215177536,0.2720338404,0.0537537262,0.0000000000,0.0000000000,0.0706258789,0.0000000000,0.0209582783,0.2718645632,0.0760914758,0.0000000000,0.0000000000,0.0707429796,0.0000000000,0.0841465741,0.0490662754,0.0000000000,0.3293884993,0.0947534144,0.1328459233,0.1034460068,0.0362868048,0.0000000000,0.2542030513,0.2608531415,0.0000000000,0.0000000000,0.0563977920,0.0590888485,0.2359546870,0.2042484134,0.0329021513,0.0301002059,0.0801984817,0.0747636929,0.0317532197,0.0308797136,0.5484004617,0.5168765187,0.1442158818,0.1333902627,0.0839773193,0.0828223303,0.1443430483,0.0000000000,0.0000000000,0.0107250446,0.0905741379,0.1076470986,0.1475276947,0.1489050686,0.0000039303,0.0000000000,0.0000000000,0.0000000000,-0.0458416753,0.1662489027,-0.0076892809,0.0323837921,0.1662640423,0.0054334248
20:19:36:28.536,61,0.0213884991,0.2768884599,0.0542719178,0.0000000000,0.0000000000,0.0704423562,0.0000000000,0.0208609048,0.2767227292,0.0756581575,0.0000000000,0.0000000000,0.0705567449,0.0000000000,0.0908816084,0.0491314605,0.0000000000,0.3343842030,0.0871420354,0.1227694601,0.0943457186,0.0361885913,0.0000000000,0.2789056301,0.2835977972,0.0000000000,0.0000000000,0.0568787716,0.0596391857,0.2433150411,0.2119766623,0.0323819779,0.0294027235,0.0766891390,0.0728682950,0.0314107127,0.0304777250,0.5749961734,0.5448656678,0.1539532989,0.1413064599,0.0807180330,0.0795804933,0.1436808705,0.0000000000,0.0000000000,0.0105135124,0.0905517712,0.1075846776,0.1498945951,0.1514416188,0.0000030268,0.0000000000,0.0000000000,0.0000000000,-0.0455577374,0.1692175567,-0.0077807554,0.0326795541,0.1692327857,0.0055828085
20:19:36:29.537,61,0.0295307040,0.2846301496,0.0552925058,0.0000000000,0.0000000000,0.0701368675,0.0000000000,0.0288297273,0.2844730318,0.0747836083,0.0000000000,0.0000000000,0.0702471659,0.0000000000,0.0974397734,0.0388613939,0.0000000000,0.3421314657,0.0833138973,0.1157997921,0.0882893354,0.0360166542,0.0000000000,0.3297954500,0.3236638010,0.0000000000,0.0000000000,0.0576679669,0.0610150956,0.2460436970,0.2159251869,0.0318507850,0.0288004503,0.0731245056,0.0699339509,0.0311234072,0.0301334653,0.6009938121,0.5801085234,0.1575037837,0.1442620307,0.0780849010,0.0769977570,0.1428142488,0.0000000000,0.0000000000,0.0103248358,0.0909323469,0.1078310907,0.1565567404,0.1570461988,0.0000018358,0.0000000000,0.0000000000,0.0000000000,-0.0449942201,0.1739525646,-0.0079039400,0.0332668200,0.1739679277,0.0058453144
20:19:36:30.539,61,0.0315096006,0.2876509428,0.0542250685,0.0000000000,0.0000000000,0.0697510242,0.0000000000,0.0307696499,0.2874771357,0.0759279728,0.0000000000,0.0000000000,0.0698566213,0.0000000000,0.1029615626,0.0342034660,0.0000000000,0.3625799417,0.0811967775,0.1044665799,0.0820082501,0.0358103700,0.0000000000,0.3536642194,0.3527469635,0.0000000000,0.0000000000,0.0590149648,0.0627093092,0.2476902157,0.2181249708,0.0313372277,0.0282970704,0.0682135820,0.0646381453,0.0308059230,0.0297651291,0.6246011257,0.6024196744,0.1579961777,0.1451959461,0.0771264285,0.0760597289,0.1410148591,0.0000000000,0.0000000000,0.0101406639,0.0913433358,0.1080728918,0.1596670598,0.1593375653,0.0000015770,0.0000000000,0.0000000000,0.0000000000,-0.0456679240,0.1757950038,-0.0081089307,0.0326139741,0.1758104265,0.0057926015
20:19:36:31.539,61,0.0271929763,0.2901489437,0.0526858121,0.0000000000,0.0000000000,0.0692289919,0.0000000000,0.0268144794,0.2899523377,0.0774970204,0.0000000000,0.0000000000,0.0693294555,0.0000000000,0.1095743775,0.0303540640,0.0000000000,0.3916366398,0.0799097493,0.0961739942,0.0775910318,0.0355722159,0.0000000000,0.3644043803,0.3639475107,0.0000000000,0.0000000000,0.0604516193,0.0641925186,0.2523586750,0.2252016664,0.0308478530,0.0278250594,0.0642290115,0.0602937117,0.0304175802,0.0293484256,0.6393611431,0.6159704924,0.1540236473,0.1424437314,0.0765368566,0.0754913315,0.1394102275,0.0000000000,0.0000000000,0.0099652968,0.0914048851,0.1079025194,0.1613248885,0.1605358720,0.0000011325,0.0000000000,0.0000000000,0.0000000000,-0.0465990566,0.1773163229,-0.0083472570,0.0316795632,0.1773318499,0.0056764213
20:19:36:32.540,61,0.0211299825,0.2923968732,0.0513792410,0.0000000000,0.0000000000,0.0686438084,0.0000000000,0.0210024081,0.2921808362,0.0787922144,0.0000000000,0.0000000000,0.0687391460,0.0000000000,0.1135903448,0.0276395250,0.0000000000,0.4010739028,0.0789791569,0.0913120434,0.0745805576,0.0352718346,0.0000000000,0.3721852899,0.3712711036,0.0000000000,0.0000000000,0.0616481118,0.0653788000,0.2568901479,0.2306630462,0.0303568710,0.0273604970,0.0618128926,0.0577578358,0.0300209504,0.0289357454,0.6467770338,0.6231825352,0.1517098695,0.1407733709,0.0759970248,0.0749759823,0.1381264925,0.0000000000,0.0000000000,0.0098000346,0.0913308933,0.1076085716,0.1624293625,0.1612671167,0.0000010329,0.0000000000,0.0000000000,0.0000000000,-0.0473662429,0.1786857098,-0.0085515063,0.0308863036,0.1787012368,0.0055779894
20:19:36:33.541,61,0.0192033146,0.2928285897,0.0509002544,0.0000000000,0.0000000000,0.0679941922,0.0000000000,0.0191471111,0.2926058173,0.0792527571,0.0000000000,0.0000000000,0.0680847988,0.0000000000,0.1156195924,0.0237228125,0.0000000000,0.4060847759,0.0785455853,0.0873476118,0.0723498091,0.0348974392,0.0000000000,0.4002314806,0.3994899690,0.0000000000,0.0000000000,0.0640896186,0.0680535957,0.2586042881,0.2328967005,0.0299657770,0.0270617735,0.0597576052,0.0551709309,0.0296326596,0.0285347253,0.6504982710,0.6269693375,0.1394647807,0.1314530969,0.0753181353,0.0743254647,0.1370515972,0.0000000000,0.0000000000,0.0096570523,0.0913032368,0.1073919460,0.1631977856,0.1617847383,0.0000009643,0.0000000000,0.0000000000,0.0000000000,-0.0476408601,0.1789479554,-0.0086139422,0.0305969156,0.1789635271,0.0055340282
20:19:36:34.543,61,0.0180708077,0.2923683822,0.0508091263,0.0000000000,0.0000000000,0.0674355179,0.0000000000,0.0180420149,0.2921443284,0.0793783218,0.0000000000,0.0000000000,0.0675215200,0.0000000000,0.1168220788,0.0182401780,0.0000000000,0.4081704915,0.0783749521,0.0852869824,0.0709847137,0.0345394090,0.0000000000,0.4082778394,0.4074303806,0.0000000000,0.0000000000,0.0662832856,0.0704780146,0.2593546808,0.2340927869,0.0296414774,0.0268948693,0.0584130511,0.0533412211,0.0292735845,0.0281651113,0.6521254778,0.6287969947,0.1309664547,0.1233710945,0.0747171938,0.0737516433,0.1362049133,0.0000000000,0.0000000000,0.0095306803,0.0913232118,0.1072091982,0.1634589732,0.1618215889,0.0000009880,0.0000000000,0.0000000000,0.0000000000,-0.0477187708,0.1786663830,-0.0086141499,0.0305436850,0.1786819249,0.0055155242
20:19:36:35.543,61,0.0174137503,0.2923581004,0.0507593453,0.0000000000,0.0000000000,0.0669550076,0.0000000000,0.0173878502,0.2921331823,0.0794469714,0.0000000000,0.0000000000,0.0670367107,0.0000000000,0.1168455780,0.0131543465,0.0000000000,0.3582813144,0.0829711631,0.0878108144,0.0713052154,0.0335903764,0.0000000000,0.3432253003,0.3436987996,0.0000000000,0.0000000000,0.0678343698,0.0722127259,0.2464494705,0.2297426164,0.0296638273,0.0271780230,0.0579048507,0.0524291210,0.0291508026,0.0280420911,0.5736255050,0.5597076416,0.1155631840,0.1122027114,0.0742728636,0.0733387545,0.1358201653,0.0000000000,0.0000000000,0.0094646402,0.0916293263,0.1074146256,0.1632549465,0.1615481824,0.0000014294,0.0000000000,0.0000000000,0.0000000000,-0.0477600917,0.1786599159,-0.0086212829,0.0305137951,0.1786754876,0.0055099260
20:19:36:36.544,61,0.0212461222,0.2916601598,0.0503745228,0.0000000000,0.0000000000,0.0665901080,0.0000000000,0.0210240781,0.2914305329,0.0798068941,0.0000000000,0.0000000000,0.0666678026,0.0000000000,0.1162025481,0.0101608727,0.0000000000,0.3453229666,0.1102989092,0.0941582620,0.0769538358,0.0328767970,0.0000000000,0.3116145134,0.3078369498,0.0000000000,0.0000000000,0.0701638088,0.0746424347,0.2391282171,0.2242715955,0.0318549909,0.0314608663,0.0579571053,0.0518441983,0.0292213410,0.0281283781,0.5373051763,0.5203097463,0.0955082700,0.0929165781,0.0723784417,0.0715720057,0.1359900832,0.0000000000,0.0000000000,0.0094182473,0.0920712948,0.1077864096,0.1629232764,0.1611292213,0.0000015559,0.0000000000,0.0000000000,0.0000000000,-0.0479801670,0.1782321036,-0.0086397929,0.0302847903,0.1782476604,0.0054552117
20:19:36:37.545,61,0.0222469419,0.2897669375,0.0488992520,0.0000000000,0.0000000000,0.0661827102,0.0000000000,0.0219676606,0.2895186543,0.0812493116,0.0000000000,0.0000000000,0.0662573278,0.0000000000,0.1072817892,0.0087089418,0.0000000000,0.3169868290,0.1660612375,0.1037774459,0.1026989445,0.0315737166,0.0000000000,0.2709259391,0.2776956558,0.0000000000,0.0000000000,0.0723163337,0.0773159191,0.2291313559,0.2146016210,0.0466994084,0.0417541116,0.0656626150,0.0517388210,0.0295155458,0.0284808334,0.4463430643,0.4316631556,0.0781893730,0.0782250389,0.0715259761,0.0707671046,0.1364732832,0.0000000000,0.0000000000,0.0094255526,0.0927321836,0.1098496914,0.1628510207,0.1611554027,0.0002003265,0.0000000000,0.0000000000,0.0000000000,-0.0488575809,0.1770704389,-0.0087390980,0.0294039845,0.1770859361,0.0052613462
20:19:36:38.547,61,0.0203815848,0.2823929489,0.0480541699,0.0000000000,0.0000000000,0.0657597184,0.0000000000,0.0201837178,0.2821389735,0.0820996687,0.0000000000,0.0000000000,0.0658324435,0.0000000000,0.0979246944,0.0082183331,0.0000000000,0.2434481084,0.2190492451,0.1105742455,0.1333667338,0.0307427552,0.0000000000,0.2307099998,0.2250190526,0.0000000000,0.0000000000,0.0734863952,0.0786767304,0.2214584649,0.2097015232,0.0970787108,0.0566688962,0.1029659212,0.0520220809,0.0316438898,0.0310188383,0.3340602219,0.3251080513,0.0565332659,0.0572908819,0.0717831999,0.0709976405,0.1366270185,0.0000000000,0.0000000000,0.0097745601,0.0936092213,0.1117381528,0.1628009230,0.1614008993,0.0015909401,0.0000000000,0.0000000000,0.0000000000,-0.0494082123,0.1725615710,-0.0086078895,0.0289188214,0.1725769341,0.0050401194
20:19:36:39.547,61,0.0173136871,0.2728636563,0.0493153036,0.0000000000,0.0000000000,0.0655063465,0.0000000000,0.0172106400,0.2726333141,0.0809001997,0.0000000000,0.0000000000,0.0655784160,0.0000000000,0.0836431980,0.0082698110,0.0000000000,0.2130603790,0.2299146950,0.1128269210,0.1533544213,0.0308351759,0.0000000000,0.2104916722,0.2037880719,0.0000000000,0.0000000000,0.0739776865,0.0791550204,0.2107193023,0.1973235309,0.1123045459,0.0617916621,0.1135988161,0.0523899868,0.0346692726,0.0340655074,0.2629354596,0.2559440136,0.0439602174,0.0436814912,0.0720303059,0.0711980909,0.1365915686,0.0000000000,0.0000000000,0.0112377787,0.0940479934,0.1123459563,0.1590748429,0.1596838832,0.0016723382,0.0000000000,0.0000000000,0.0000000000,-0.0487348065,0.1667420417,-0.0081988694,0.0297073685,0.1667571962,0.0049995761
20:19:36:40.549,61,0.0156952031,0.2649597228,0.0510968603,0.0000000000,0.0000000000,0.0654180124,0.0000000000,0.0156310126,0.2647586763,0.0790202543,0.0000000000,0.0000000000,0.0654894710,0.0000000000,0.0770693794,0.0083813705,0.0000000000,0.1954217255,0.2143068612,0.1135682762,0.1627798080,0.0305736437,0.0000000000,0.1986126155,0.1937006712,0.0000000000,0.0000000000,0.0740251765,0.0791111365,0.1960566938,0.1840316951,0.1202128902,0.0646588728,0.1191253737,0.0528065488,0.0376227498,0.0371419825,0.2352495492,0.2292458713,0.0379110761,0.0376965888,0.0734984055,0.0725281015,0.1363019049,0.0000000000,0.0000000000,0.0139847463,0.0944009572,0.1126648560,0.1549986005,0.1582547277,0.0016618974,0.0000000000,0.0000000000,0.0000000000,-0.0476403162,0.1619172096,-0.0077788117,0.0308052134,0.1619322002,0.0050315820
20:19:36:41.550,61,0.0129270628,0.2612133324,0.0526249520,0.0000000000,0.0000000000,0.0653399527,0.0000000000,0.0129011115,0.2610355318,0.0772792995,0.0000000000,0.0000000000,0.0654101297,0.0000000000,0.0727807283,0.0084170410,0.0000000000,0.1832433492,0.2045965493,0.1133392304,0.1676257551,0.0300690234,0.0000000000,0.1864798665,0.1874617785,0.0000000000,0.0000000000,0.0737031251,0.0784270391,0.1908818036,0.1791685075,0.1240702793,0.0659996495,0.1220808923,0.0533610061,0.0392146036,0.0388461724,0.2212394923,0.2157523632,0.0346787125,0.0344826095,0.0739175752,0.0729035139,0.1363002211,0.0000000000,0.0000000000,0.0157051031,0.0946320519,0.1127419472,0.1528437436,0.1573481709,0.0014601889,0.0000000000,0.0000000000,0.0000000000,-0.0466079116,0.1596323848,-0.0075011230,0.0317382291,0.1596472710,0.0051095099
20:19:36:42.551,61,0.0117198722,0.2597164512,0.0539102256,0.0000000000,0.0000000000,0.0653138831,0.0005094344,0.0117069762,0.2595559359,0.0759350210,0.0000000000,0.0000000000,0.0653832704,0.0010796906,0.0704784617,0.0086048273,0.0000000000,0.1781247705,0.2014292330,0.1133528277,0.1704732478,0.0298715159,0.0000000000,0.1816312075,0.1842182279,0.0000000000,0.0000000000,0.0732323378,0.0777664483,0.1884683818,0.1768226773,0.1239483058,0.0665024891,0.1235653162,0.0539285913,0.0402303301,0.0398963690,0.2227302343,0.2162811309,0.0329628512,0.0327775069,0.0744544715,0.0734039247,0.1363841742,0.0000000000,0.0000000000,0.0166568626,0.0948785320,0.1127752960,0.1517569721,0.1568607390,0.0001390613,0.0000000000,0.0000000000,0.0000000000,-0.0458038189,0.1587215662,-0.0073290318,0.0325181596,0.1587364078,0.0052046478
20:19:36:43.552,61,0.0111320140,0.2596867085,0.0548733138,0.0000000000,0.0000000000,0.0653502420,0.0013816962,0.0111197885,0.2595382929,0.0749442726,0.0000000000,0.0000000000,0.0654188767,0.0019518640,0.0684717819,0.0087800231,0.0000000000,0.1769718677,0.1997340173,0.1187229753,0.2012101263,0.0295030754,0.0000000000,0.1789546311,0.1824996769,0.0000000000,0.0000000000,0.0712305009,0.0748020411,0.1867812127,0.1751654893,0.0930918455,0.0659453869,0.1238604635,0.0544760078,0.0408523940,0.0405327901,0.2420065999,0.2320958972,0.0323634744,0.0322213285,0.0766832232,0.0755609795,0.1365682930,0.0000000000,0.0000000000,0.0174003933,0.0953432173,0.1130999550,0.1514214277,0.1569080800,0.0000599859,0.0000000000,0.0000000000,0.0000000000,-0.0452062935,0.1587064266,-0.0072327890,0.0330991708,0.1587212831,0.0052970909
20:19:36:44.553,61,0.0108280657,0.2604445517,0.0563342907,0.0000000000,0.0000000000,0.0653260425,0.0017970903,0.0108111436,0.2603137195,0.0735120177,0.0000000000,0.0000000000,0.0653948635,0.0023575332,0.0672111213,0.0091979615,0.0000000000,0.1828816384,0.1977106333,0.1506346464,0.2220186889,0.0292290803,0.0000000000,0.1776548028,0.1814445555,0.0000000000,0.0000000000,0.0678373724,0.0710379407,0.1828949451,0.1709319055,0.0708726719,0.0628834665,0.1190764830,0.0551204570,0.0412189998,0.0409276634,0.2927094996,0.2665014863,0.0387482457,0.0387958810,0.0797624141,0.0785780698,0.1368890405,0.0000000000,0.0000000000,0.0179895088,0.0959637240,0.1139135510,0.1522040367,0.1584700048,0.0000499076,0.0000000000,0.0000000000,0.0000000000,-0.0443390086,0.1591743678,-0.0071153971,0.0339778922,0.1591891944,0.0054539670
20:19:36:45.554,61,0.0110805538,0.2627473176,0.0563330948,0.0000000000,0.0000000000,0.0653320849,0.0011478616,0.0110395988,0.2626153529,0.0735277608,0.0000000000,0.0000000000,0.0654026717,0.0016590916,0.0662496835,0.0105887344,0.0000000000,0.1930679977,0.1736259460,0.1707360744,0.2426363528,0.0290582553,0.0000000000,0.1762179136,0.1792022884,0.0000000000,0.0000000000,0.0640065148,0.0672239661,0.1790433526,0.1648955941,0.0569938831,0.0564864203,0.1172291189,0.0600402281,0.0414125621,0.0411804952,0.3069494069,0.2764838934,0.0594223812,0.0582235157,0.0878813341,0.0867444724,0.1373137981,0.0000000000,0.0000000000,0.0183983110,0.0965049267,0.1146088690,0.1540145725,0.1603374928,0.0000409226,0.0000000000,0.0000000000,0.0000000000,-0.0443384536,0.1605817825,-0.0071793096,0.0339694694,0.1605966687,0.0055016587
20:19:36:46.554,61,0.0112449257,0.2644809484,0.0570203550,0.0000000000,0.0000000000,0.0652238280,0.0006588716,0.0111872498,0.2643570006,0.0728240833,0.0000000000,0.0000000000,0.0652970150,0.0011467002,0.0655953065,0.0206363220,0.0000000000,0.2170035541,0.1559617370,0.1934370250,0.2503589988,0.0287853181,0.0000000000,0.1646420062,0.1687409282,0.0000000000,0.0000000000,0.0613303818,0.0645330250,0.1777427942,0.1627807021,0.0491482839,0.0496709161,0.1161388531,0.0683706999,0.0414311849,0.0412427336,0.3141545057,0.2816043198,0.0750348791,0.0734390318,0.0943739116,0.0933480114,0.1377599239,0.0000000000,0.0000000000,0.0186741538,0.0965043679,0.1147765741,0.1547434777,0.1610898674,0.0000546099,0.0000000000,0.0000000000,0.0000000000,-0.0439065322,0.1616436541,-0.0071572578,0.0343779624,0.1616585851,0.0056052539
20:19:36:47.556,61,0.0120399715,0.2651251853,0.0574665107,0.0000000000,0.0000000000,0.0650905818,0.0000000000,0.0117992060,0.2650068700,0.0723421797,0.0000000000,0.0000000000,0.0651669800,0.0000000000,0.0650797933,0.0326984972,0.0000000000,0.2332953960,0.1491291672,0.2066010535,0.2541151047,0.0286823846,0.0000000000,0.1573319882,0.1637382060,0.0000000000,0.0000000000,0.0598253347,0.0630140901,0.1774065942,0.1616727263,0.0445772819,0.0457812846,0.1147059053,0.0716360584,0.0412465259,0.0410687067,0.3180181980,0.2844762206,0.0839931518,0.0818845853,0.0969854444,0.0959907696,0.1383073032,0.0000000000,0.0000000000,0.0186949689,0.0962629914,0.1147392094,0.1551031321,0.1614310592,0.0000726177,0.0000000000,0.0000000000,0.0000000000,-0.0436131805,0.1620389372,-0.0071271607,0.0346447304,0.1620538533,0.0056627872
20:19:36:48.558,61,0.0127101224,0.2649770379,0.0575877726,0.0000000000,0.0000000000,0.0650916845,0.0000000000,0.0124032339,0.2648603916,0.0722066313,0.0000000000,0.0000000000,0.0651724935,0.0000000000,0.0646146387,0.0370248593,0.0000000000,0.2389855832,0.1376692951,0.2138599008,0.2547730207,0.0286775902,0.0000000000,0.1541184932,0.1609137207,0.0000000000,0.0000000000,0.0585125685,0.0617689490,0.1772129536,0.1609102190,0.0415464118,0.0428435765,0.1128229350,0.0736103430,0.0410440490,0.0408603810,0.3204554915,0.2874087989,0.0916589573,0.0887058526,0.0990258306,0.0980358049,0.1384927928,0.0000000000,0.0000000000,0.0186458156,0.0957652107,0.1144003943,0.1550293863,0.1612957269,0.0000891304,0.0000000000,0.0000000000,0.0000000000,-0.0435320921,0.1619487852,-0.0071098921,0.0347183421,0.1619637460,0.0056716031
20:19:36:49.558,61,0.0127057573,0.2656487226,0.0575197451,0.0000000000,0.0000000000,0.0652902052,0.0000000000,0.0123815862,0.2655311227,0.0722492412,0.0000000000,0.0000000000,0.0653753951,0.0000000000,0.0641418323,0.0390475281,0.0000000000,0.2418023199,0.1301189661,0.2122830749,0.2079328448,0.0285384096,0.0000000000,0.1530423015,0.1600179821,0.0000000000,0.0000000000,0.0575910434,0.0608760454,0.1772236228,0.1605727375,0.0397532322,0.0407493263,0.1069217771,0.0745774582,0.0406435020,0.0404341184,0.3232299984,0.2944816351,0.0950052068,0.0918143466,0.1107036173,0.1095352173,0.1387343258,0.0000000000,0.0000000000,0.0184521787,0.0952359214,0.1139731780,0.1544756144,0.1603235006,0.0001323003,0.0000000000,0.0000000000,0.0000000000,-0.0435548611,0.1623590887,-0.0071319500,0.0346750095,0.1623740345,0.0056791310
20:19:36:50.559,61,0.0126309758,0.2650074065,0.0570595860,0.0000000000,0.0000000000,0.0655403361,0.0000000000,0.0123049049,0.2648841441,0.0727277175,0.0000000000,0.0000000000,0.0656288564,0.0000000000,0.0636982471,0.0396676883,0.0000000000,0.2430687100,0.1244027391,0.2115139663,0.1958561689,0.0283986367,0.0000000000,0.1526035964,0.1595918834,0.0000000000,0.0000000000,0.0568568185,0.0601656623,0.1772336215,0.1603703201,0.0384962372,0.0394203961,0.1018796489,0.0749998614,0.0401608646,0.0399307348,0.3264732361,0.2998347580,0.0970051810,0.0937061384,0.1147707850,0.1135746315,0.1387571096,0.0000000000,0.0000000000,0.0181950759,0.0946019217,0.1133635342,0.1518876106,0.1569367945,0.0001459049,0.0000000000,0.0000000000,0.0000000000,-0.0438461415,0.1619655788,-0.0071619041,0.0343998112,0.1619805098,0.0056201806
20:19:36:51.560,61,0.0126703549,0.2647393644,0.0563534237,0.0000000000,0.0000000000,0.0658572838,0.0000000000,0.0123451687,0.2646072209,0.0734480992,0.0000000000,0.0000000000,0.0659484938,0.0000000000,0.0634908080,0.0366369039,0.0000000000,0.2441743016,0.1215126738,0.2113885581,0.1898371577,0.0281907842,0.0000000000,0.1522036940,0.1590951979,0.0000000000,0.0000000000,0.0562629290,0.0595738813,0.1775691807,0.1605787724,0.0375006273,0.0384734869,0.0969719589,0.0750074983,0.0396806598,0.0394239426,0.3351893127,0.3103055060,0.0983016640,0.0949637145,0.1167293638,0.1155239791,0.1386652589,0.0000000000,0.0000000000,0.0179290175,0.0937989652,0.1122104377,0.1491666287,0.1534235626,0.0001059647,0.0000000000,0.0000000000,0.0000000000,-0.0442816578,0.1617993712,-0.0072254408,0.0339749977,0.1618143171,0.0055450085
20:19:36:52.562,61,0.0129394690,0.2658120990,0.0563706942,0.0000000000,0.0000000000,0.0660516694,0.0000000000,0.0126081575,0.2656797767,0.0734180138,0.0000000000,0.0000000000,0.0661444291,0.0000000000,0.0637733936,0.0302448329,0.0000000000,0.2511007190,0.1198800281,0.2117762715,0.1868637949,0.0277789161,0.0000000000,0.1521554291,0.1590200812,0.0000000000,0.0000000000,0.0558590069,0.0591722615,0.1788123697,0.1621087790,0.0367308222,0.0377826542,0.0948086232,0.0750150532,0.0392871983,0.0390153676,0.3495827913,0.3266191483,0.0996656716,0.0968566686,0.1176602915,0.1164756194,0.1388101429,0.0000000000,0.0000000000,0.0176697467,0.0931758285,0.1114741564,0.1480115503,0.1519897878,0.0000864163,0.0000000000,0.0000000000,0.0000000000,-0.0442587771,0.1624550670,-0.0072514950,0.0339817666,0.1624700129,0.0055689858
20:19:36:53.563,61,0.0156397671,0.2675351501,0.0552341454,0.0000000000,0.0000000000,0.0661515519,0.0000000000,0.0152230319,0.2673879564,0.0745146498,0.0000000000,0.0000000000,0.0662466288,0.0000000000,0.0646263361,0.0298772771,0.0000000000,0.2637481093,0.1191777438,0.2120701671,0.1851271838,0.0275895763,0.0000000000,0.1525209993,0.1606108248,0.0000000000,0.0000000000,0.0556758828,0.0589711592,0.1870250851,0.1650351286,0.0361435972,0.0372594446,0.0934809446,0.0749999434,0.0389097109,0.0386101902,0.3634490073,0.3372832537,0.1009704918,0.0982365087,0.1119761094,0.1110702083,0.1391147524,0.0000000000,0.0000000000,0.0173389036,0.0928195938,0.1111952439,0.1476402432,0.1514873803,0.0000383080,0.0000000000,0.0000000000,0.0000000000,-0.0449121520,0.1635043919,-0.0074068536,0.0332908742,0.1635193527,0.0054916758
20:19:36:54.564,61,0.0276023075,0.2666847408,0.0534896404,0.0000000000,0.0000000000,0.0666497648,0.0000000000,0.0270636026,0.2665159702,0.0762390867,0.0000000000,0.0000000000,0.0667480379,0.0000000000,0.0663524643,0.0375205688,0.0000000000,0.2698685825,0.1185453832,0.2123609185,0.1816912293,0.0275280084,0.0000000000,0.1523860991,0.1612514108,0.0000000000,0.0000000000,0.0556080863,0.0588772707,0.1933182478,0.1671175063,0.0356774218,0.0368621722,0.0925094336,0.0749824718,0.0385309868,0.0381938815,0.3686447144,0.3416308761,0.1031085178,0.1000284329,0.1067216545,0.1058926657,0.1396569163,0.0000000000,0.0000000000,0.0169849955,0.0927598402,0.1112755388,0.1470884979,0.1508918405,0.0000084756,0.0000000000,0.0000000000,0.0000000000,-0.0459555276,0.1629789621,-0.0075540077,0.0322421864,0.1629939079,0.0053013517
20:19:36:55.565,61,0.0312791914,0.2668977082,0.0531413965,0.0000000000,0.0000000000,0.0668999255,0.0000000000,0.0307008736,0.2667241693,0.0766105279,0.0000000000,0.0000000000,0.0670015514,0.0000000000,0.0673586577,0.0488709658,0.0000000000,0.2732586265,0.1181365103,0.2122075260,0.1771749109,0.0276952032,0.0000000000,0.1535599232,0.1663204283,0.0000000000,0.0000000000,0.0556847267,0.0589302331,0.1964688003,0.1682782173,0.0353575721,0.0365055427,0.0919444561,0.0750634372,0.0381668210,0.0377879888,0.3734352887,0.3443125784,0.1044991985,0.1011013687,0.1033723354,0.1025527567,0.1408272684,0.0000000000,0.0000000000,0.0165970847,0.0927868932,0.1115138531,0.1468024701,0.1505897790,0.0000036329,0.0000000000,0.0000000000,0.0000000000,-0.0461784564,0.1631079614,-0.0075967414,0.0320315883,0.1631229520,0.0052709808
20:19:36:56.566,61,0.0333812721,0.2667312920,0.0529751927,0.0000000000,0.0000000000,0.0671326518,0.0000000000,0.0327681415,0.2665558159,0.0767798647,0.0000000000,0.0000000000,0.0672394261,0.0000000000,0.0681771934,0.0687057674,0.0000000000,0.2753013372,0.1183765307,0.2116351873,0.1752901971,0.0289727561,0.0000000000,0.1565342546,0.1690003723,0.0000000000,0.0000000000,0.0559081137,0.0591127388,0.2013695687,0.1692502797,0.0352369547,0.0363010876,0.0916683823,0.0751083791,0.0378668979,0.0374328196,0.3775833547,0.3459110856,0.1051738560,0.1015199944,0.0992300436,0.0982698575,0.1416282803,0.0000000000,0.0000000000,0.0162021760,0.0929166004,0.1118814573,0.1469119340,0.1506504267,0.0000016537,0.0000000000,0.0000000000,0.0000000000,-0.0462813117,0.1630057842,-0.0076087937,0.0319319516,0.1630207449,0.0052512386
20:19:36:57.567,61,0.0339530222,0.2656813264,0.0533519872,0.0000000000,0.0000000000,0.0673372671,0.0000000000,0.0333113931,0.2655108273,0.0764531866,0.0000000000,0.0000000000,0.0674481168,0.0000000000,0.0687647983,0.0746895745,0.0000000000,0.2766038179,0.1248614341,0.2082581520,0.1741997451,0.0297260843,0.0000000000,0.1580030173,0.1704697013,0.0000000000,0.0000000000,0.0562299676,0.0594055913,0.2068095654,0.1721487790,0.0353731960,0.0362762511,0.0915401280,0.0749614835,0.0375826135,0.0371084958,0.3792772591,0.3466193974,0.1050145626,0.1010549068,0.0959037393,0.0948273689,0.1427426636,0.0000000000,0.0000000000,0.0158489887,0.0932049081,0.1124088392,0.1473351568,0.1510726064,0.0000021243,0.0000000000,0.0000000000,0.0000000000,-0.0460892208,0.1623652875,-0.0075469343,0.0321624577,0.1623802483,0.0052679810
20:19:36:58.567,61,0.0243428759,0.2613696456,0.0537966527,0.0000000000,0.0000000000,0.0677202791,0.0000000000,0.0242084321,0.2612054944,0.0762220249,0.0000000000,0.0000000000,0.0678370744,0.0000000000,0.0690830052,0.0779302865,0.0000000000,0.2802020609,0.1453903019,0.2051214576,0.1736162007,0.0314232893,0.0000000000,0.1589881331,0.1711369753,0.0000000000,0.0000000000,0.0567868575,0.0599211827,0.2234244943,0.1836969256,0.0357582159,0.0364962630,0.0913467109,0.0744675994,0.0373240151,0.0367988124,0.3799657524,0.3466807008,0.0966317505,0.0914431587,0.0938559771,0.0925906524,0.1433740705,0.0000000000,0.0000000000,0.0155503536,0.0935969949,0.1130611002,0.1475543082,0.1513144970,0.0000115474,0.0000000000,0.0000000000,0.0000000000,-0.0459695049,0.1597315371,-0.0074031283,0.0324443877,0.1597464234,0.0052264524
20:19:36:59.568,61,0.0194679797,0.2577928007,0.0534260646,0.0000000000,0.0000000000,0.0682393536,0.0000000000,0.0194390062,0.2576247156,0.0767782778,0.0000000000,0.0000000000,0.0683610141,0.0000000000,0.0690690726,0.0731437206,0.0000000000,0.2639037371,0.1675947160,0.1712489724,0.1731989831,0.0333244242,0.0000000000,0.1777261496,0.1784205735,0.0000000000,0.0000000000,0.0573299602,0.0604635067,0.2277805507,0.1869595945,0.0385099053,0.0373154692,0.0913491845,0.0731519461,0.0372038856,0.0366680548,0.3780944049,0.3450427651,0.0816820860,0.0779653713,0.0929324180,0.0915754363,0.1436946839,0.0000000000,0.0000000000,0.0153342690,0.0946514532,0.1148084104,0.1480496973,0.1518736482,0.0000349103,0.0000000000,0.0000000000,0.0000000000,-0.0463211797,0.1575444043,-0.0073558595,0.0322321504,0.1575591713,0.0051199864
20:19:37:00.569,61,0.0172271617,0.2534372509,0.0531972088,0.0000000000,0.0000000000,0.0687114745,0.0000000000,0.0172503609,0.2532676160,0.0771753564,0.0000000000,0.0000000000,0.0688354447,0.0000000000,0.0687926412,0.0283025634,0.0000000000,0.2433165759,0.1943392903,0.1618198901,0.1733647287,0.0342903659,0.0000000000,0.1847842336,0.1826260239,0.0000000000,0.0000000000,0.0579133742,0.0610958710,0.2245144397,0.1886305511,0.0452339128,0.0406842120,0.0916094184,0.0706745908,0.0371785611,0.0366697870,0.3461540341,0.3276779056,0.0678263009,0.0657363310,0.0925291479,0.0911085308,0.1438419968,0.0000000000,0.0000000000,0.0152321411,0.0964361280,0.1162407547,0.1486728936,0.1525958180,0.0000420841,0.0000000000,0.0000000000,0.0000000000,-0.0465802476,0.1548817456,-0.0072699185,0.0321075357,0.1548964977,0.0050126021
20:19:37:01.571,61,0.0158938076,0.2497398406,0.0527009256,0.0000000000,0.0000000000,0.0692193508,0.0000000000,0.0159360617,0.2495650649,0.0778621286,0.0000000000,0.0000000000,0.0693455264,0.0000000000,0.0686951950,0.0175392367,0.0000000000,0.2372278869,0.2226154357,0.1571178287,0.1799048930,0.0375517979,0.0000000000,0.1877020746,0.1840422750,0.0000000000,0.0000000000,0.0589070879,0.0625911504,0.2244241536,0.1913200468,0.0659429654,0.0460737944,0.0989671052,0.0695431083,0.0373343974,0.0368559510,0.3216604292,0.2975694239,0.0581594855,0.0560406446,0.0925032571,0.0910136104,0.1437046975,0.0000000000,0.0000000000,0.0152768027,0.0983376801,0.1180779785,0.1502269953,0.1540531069,0.0001086048,0.0000000000,0.0000000000,0.0000000000,-0.0470112115,0.1526205689,-0.0072283223,0.0318191424,0.1526352912,0.0048939306
20:19:37:02.571,61,0.0150838364,0.2463198006,0.0508937240,0.0000000000,0.0000000000,0.0695582926,0.0000000000,0.0151273049,0.2461253107,0.0797321647,0.0000000000,0.0000000000,0.0696861744,0.0000000000,0.0685493723,0.0133250421,0.0000000000,0.2316107601,0.2321050614,0.1496461779,0.1817799211,0.0408039615,0.0000000000,0.1891289055,0.1847678870,0.0000000000,0.0000000000,0.0601009503,0.0637523979,0.2239405662,0.1922118813,0.0886503905,0.0516197644,0.1056219414,0.0685928687,0.0376854576,0.0372315235,0.2925443947,0.2790254056,0.0491691157,0.0472456254,0.0929022953,0.0913584977,0.1433063149,0.0000000000,0.0000000000,0.0155074764,0.0992282182,0.1187931374,0.1507557184,0.1545009762,0.0002009203,0.0000000000,0.0000000000,0.0000000000,-0.0481557213,0.1505252123,-0.0073009455,0.0307378192,0.1505398750,0.0046617738
20:19:37:03.572,61,0.0137415016,0.2426109761,0.0504169129,0.0000000000,0.0000000000,0.0699826628,0.0000000000,0.0137693835,0.2424140722,0.0801389962,0.0000000000,0.0000000000,0.0701120496,0.0001808098,0.0682673231,0.0115141580,0.0000000000,0.2142696083,0.2326158285,0.1322862804,0.1824820638,0.0425163954,0.0000000000,0.1898996532,0.1851146072,0.0000000000,0.0000000000,0.0616409965,0.0648698956,0.2226760536,0.1924717873,0.1083314791,0.0555927642,0.1137139872,0.0678696483,0.0383072458,0.0379095450,0.2657987475,0.2541219592,0.0423592962,0.0406351015,0.0932549238,0.0916616172,0.1428235173,0.0000000000,0.0000000000,0.0159093868,0.0999395773,0.1192217171,0.1508011818,0.1544643790,0.0001931946,0.0000000000,0.0000000000,0.0000000000,-0.0484179482,0.1482574046,-0.0072284276,0.0304602310,0.1482719183,0.0045490526
20:19:37:04.573,61,0.0128074046,0.2336130142,0.0492993668,0.0000000000,0.0000000000,0.0714245662,0.0020448593,0.0128301904,0.2334112823,0.0810914859,0.0000000000,0.0000000000,0.0715604648,0.0028116545,0.0679524541,0.0110916598,0.0000000000,0.2087560147,0.2330976427,0.1259646118,0.1825853139,0.0435218252,0.0000000000,0.1901699901,0.1853131354,0.0000000000,0.0000000000,0.0632262975,0.0660890639,0.2209686041,0.1923921257,0.1172891706,0.0593606345,0.1168223917,0.0671344176,0.0389277712,0.0385571979,0.2558901012,0.2453933805,0.0381857380,0.0366958976,0.0936400965,0.0920099914,0.1427023709,0.0000000000,0.0000000000,0.0163482837,0.1011916026,0.1198115051,0.1505727470,0.1541419327,0.0002024743,0.0000000000,0.0000000000,0.0000000000,-0.0490328893,0.1427556127,-0.0070447205,0.0298090540,0.1427699476,0.0042843292
20:19:37:05.575,61,0.0122786695,0.2270255685,0.0511150770,0.0000000000,0.0000000000,0.0726030618,0.0033986326,0.0122931469,0.2268491089,0.0792257264,0.0000000000,0.0000000000,0.0727400109,0.0042105131,0.0678151026,0.0109951105,0.0000000000,0.2058129013,0.2331470996,0.1224859804,0.1792460829,0.0437716842,0.0000000000,0.1925785840,0.1899647117,0.0000000000,0.0000000000,0.0660874471,0.0689647421,0.2204014659,0.1928509176,0.1222025752,0.0627305880,0.1185791567,0.0662273839,0.0395871513,0.0392192267,0.2509987652,0.2412090898,0.0356144868,0.0344191156,0.0930875540,0.0913894400,0.1425224394,0.0000000000,0.0000000000,0.0168574341,0.1020634547,0.1202473640,0.1498518437,0.1532181054,0.0001424631,0.0000000000,0.0000000000,0.0000000000,-0.0479319543,0.1387345940,-0.0066901529,0.0309245456,0.1387488097,0.0043177763
20:19:37:06.576,61,0.0119188549,0.2255071700,0.0527132861,0.0000000000,0.0000000000,0.0734528378,0.0042902324,0.0119243767,0.2253488451,0.0776621476,0.0000000000,0.0000000000,0.0735897422,0.0051170038,0.0677116513,0.0112055372,0.0000000000,0.2039307356,0.2312983721,0.1197569594,0.1736077219,0.0436494723,0.0000000000,0.2033529133,0.2047570944,0.0000000000,0.0000000000,0.0688221976,0.0717808455,0.2198521048,0.1930927187,0.1259621382,0.0649791360,0.1197054237,0.0654758513,0.0402375720,0.0398780704,0.2485986650,0.2391943336,0.0340351798,0.0329678021,0.0923736691,0.0906423479,0.1423043162,0.0000000000,0.0000000000,0.0173783060,0.1034180745,0.1208026409,0.1491947919,0.1525016576,0.0000541330,0.0000000000,0.0000000000,0.0000000000,-0.0469919816,0.1378108710,-0.0065148273,0.0318955742,0.1378250718,0.0044232775
20:19:37:07.577,61,0.0113614108,0.2258226722,0.0517352223,0.0000000000,0.0000000000,0.0742599592,0.0054290034,0.0113629680,0.2256534994,0.0786478594,0.0000000000,0.0000000000,0.0743952915,0.0062665669,0.0676318929,0.0113465944,0.0000000000,0.2000678033,0.2251791656,0.1171388477,0.1723538488,0.0417872146,0.0000000000,0.2083399296,0.2112297565,0.0000000000,0.0000000000,0.0701687485,0.0731064528,0.2162872553,0.1928261071,0.1287156641,0.0662250146,0.1229240596,0.0650701523,0.0423894487,0.0421445370,0.2462011427,0.2377264798,0.0328819714,0.0319256894,0.0929279029,0.0912373737,0.1409107298,0.0000000000,0.0000000000,0.0189986862,0.1047912240,0.1214103103,0.1486065537,0.1519409716,0.0000435914,0.0000000000,0.0000000000,0.0000000000,-0.0475871973,0.1380011141,-0.0066065039,0.0313029326,0.1380152553,0.0043471875
20:19:37:08.578,61,0.0110409874,0.2274993062,0.0514800884,0.0000000000,0.0000000000,0.0744701102,0.0061052935,0.0110362498,0.2273262441,0.0789042264,0.0000000000,0.0000000000,0.0746032074,0.0069385376,0.0674409419,0.0117131807,0.0000000000,0.1960519105,0.2196586430,0.1157465428,0.1714639664,0.0412560254,0.0000000000,0.2297577262,0.2280018628,0.0000000000,0.0000000000,0.0710363984,0.0739441067,0.2121828943,0.1909884512,0.1299067140,0.0667348877,0.1266781092,0.0649596453,0.0433911569,0.0431921929,0.2451653183,0.2369279116,0.0322468802,0.0313471630,0.0932936445,0.0916105360,0.1398829222,0.0000000000,0.0000000000,0.0196854733,0.1057158262,0.1219617799,0.1486796737,0.1520133913,0.0000445452,0.0000000000,0.0000000000,0.0000000000,-0.0477355085,0.1390250921,-0.0066768872,0.0311441179,0.1390392929,0.0043576458
20:19:37:09.579,61,0.0110803833,0.2298693210,0.0518647023,0.0000000000,0.0000000000,0.0745282322,0.0059965551,0.0110603692,0.2296996862,0.0784017295,0.0000000000,0.0000000000,0.0746582747,0.0068113459,0.0671650022,0.0121214446,0.0000000000,0.1940546632,0.2168924809,0.1147668511,0.1709753424,0.0411083251,0.0000000000,0.2517094910,0.2487337738,0.0000000000,0.0000000000,0.0716370493,0.0745025277,0.2094777822,0.1888804138,0.1304518133,0.0667660013,0.1330007464,0.0652012080,0.0441042781,0.0439433306,0.2447886318,0.2365642935,0.0319923051,0.0311106928,0.0940394476,0.0923648179,0.1392523348,0.0000000000,0.0000000000,0.0200435314,0.1121990085,0.1280418485,0.1560006738,0.1582705975,0.0000477940,0.0000000000,0.0000000000,0.0000000000,-0.0474218465,0.1404745281,-0.0067031141,0.0313704014,0.1404887587,0.0044356585
20:19:37:10.580,61,0.0174002554,0.2338953465,0.0513353385,0.0000000000,0.0000000000,0.0743746832,0.0000000000,0.0165006276,0.2337174714,0.0788829476,0.0000000000,0.0000000000,0.0745017529,0.0000153352,0.0667733252,0.0126337046,0.0000000000,0.1872127205,0.2112633586,0.1122546047,0.1695780754,0.0412697084,0.0000000000,0.2820385396,0.2754551470,0.0000000000,0.0000000000,0.0720824227,0.0748889893,0.2050464153,0.1837335229,0.1308146417,0.0665188581,0.1357757747,0.0654975325,0.0446028486,0.0444641970,0.2447833419,0.2363611907,0.0319068059,0.0310040805,0.0948413536,0.0931670293,0.1386142969,0.0000000000,0.0000000000,0.0202473961,0.1151680127,0.1304903775,0.1596414149,0.1608480960,0.0000703086,0.0000000000,0.0000000000,0.0000000000,-0.0476962067,0.1429335624,-0.0068614874,0.0310393292,0.1429478675,0.0044667306
20:19:37:11.581,61,0.0265057888,0.2384257913,0.0500721782,0.0000000000,0.0000000000,0.0740080923,0.0000000000,0.0254173595,0.2382307649,0.0801046565,0.0000000000,0.0000000000,0.0741323158,0.0000000000,0.0657661781,0.0131694879,0.0000000000,0.1757289618,0.2011777163,0.1102650091,0.1692357212,0.0412161313,0.0000000000,0.2919099331,0.2852677107,0.0000000000,0.0000000000,0.0722561255,0.0749838352,0.1992949992,0.1770732254,0.1309230626,0.0653837845,0.1406489611,0.0661949068,0.0450937152,0.0449899845,0.2444355488,0.2358706892,0.0319193751,0.0310282800,0.0955246240,0.0938681588,0.1381223351,0.0000000000,0.0000000000,0.0205275808,0.1168472320,0.1323033273,0.1630805880,0.1648174524,0.0000719436,0.0000000000,0.0000000000,0.0000000000,-0.0484155118,0.1456988454,-0.0071015316,0.0302634072,0.1457132101,0.0044405488
20:19:37:12.582,61,0.0291598756,0.2415777445,0.0510258712,0.0000000000,0.0000000000,0.0735867321,0.0000000000,0.0279710926,0.2413908243,0.0792243555,0.0000000000,0.0000000000,0.0737078786,0.0000000000,0.0649852902,0.0135973347,0.0000000000,0.1694334447,0.1968450397,0.1062973812,0.1685788333,0.0409515016,0.0000000000,0.3029709458,0.3034212291,0.0000000000,0.0000000000,0.0723956153,0.0750365555,0.1962052286,0.1738404781,0.1311447769,0.0639883652,0.1431882530,0.0668306500,0.0454218313,0.0453567840,0.2441874593,0.2355030924,0.0319507867,0.0310880207,0.0959174857,0.0942793712,0.1376747787,0.0000000000,0.0000000000,0.0206978247,0.1185620651,0.1344326437,0.1658214033,0.1681098491,0.0000684346,0.0000000000,0.0000000000,0.0000000000,-0.0478698090,0.1476276368,-0.0071158586,0.0308310408,0.1476421356,0.0045845681
20:19:37:13.583,61,0.0298741721,0.2423347235,0.0512065627,0.0000000000,0.0000000000,0.0731254742,0.0000000000,0.0288225971,0.2421488166,0.0791230425,0.0000000000,0.0000000000,0.0732432604,0.0000000000,0.0644102991,0.0139793577,0.0000000000,0.1664200276,0.1946246326,0.1020659655,0.1621034294,0.0406268612,0.0000000000,0.3199521601,0.3207957447,0.0000000000,0.0000000000,0.0726947933,0.0752675459,0.1945624501,0.1721102595,0.1320034713,0.0631611645,0.1446453780,0.0673540905,0.0456209742,0.0455934778,0.2442084551,0.2353637218,0.0319752507,0.0311419256,0.0962545499,0.0946327075,0.1371322572,0.0000000000,0.0000000000,0.0207224842,0.1204084307,0.1367330849,0.1673217267,0.1697787046,0.0000672686,0.0000000000,0.0000000000,0.0000000000,-0.0478052944,0.1480907351,-0.0071288971,0.0309380908,0.1481052637,0.0046151248
20:19:37:14.584,61,0.0290631484,0.2451697886,0.0522337332,0.0000000000,0.0000000000,0.0724815056,0.0000000000,0.0282509383,0.2449934483,0.0781793222,0.0000000000,0.0000000000,0.0725954697,0.0000000000,0.0638489574,0.0143525098,0.0000000000,0.1582648903,0.1894744486,0.0972069874,0.1589295417,0.0403632969,0.0000000000,0.3358904123,0.3360063732,0.0000000000,0.0000000000,0.0729551390,0.0754515603,0.1932091266,0.1707014740,0.1327154338,0.0622762926,0.1467642784,0.0680100173,0.0458327681,0.0458552167,0.2438948005,0.2347355634,0.0320040286,0.0311912410,0.0964100882,0.0948063210,0.1364732236,0.0000000000,0.0000000000,0.0207379051,0.1212965548,0.1377224177,0.1681477576,0.1707011908,0.0000390647,0.0000000000,0.0000000000,0.0000000000,-0.0472228117,0.1498262435,-0.0071258689,0.0315504819,0.1498408318,0.0047624274
20:19:37:15.586,61,0.0286352858,0.2471075654,0.0525709055,0.0000000000,0.0000000000,0.0718643814,0.0000000000,0.0278947130,0.2469335943,0.0778921917,0.0000000000,0.0000000000,0.0719742477,0.0000000000,0.0633068308,0.0147392470,0.0000000000,0.1528418511,0.1855521351,0.0918082073,0.1544742435,0.0401385054,0.0000000000,0.3604411185,0.3596340120,0.0000000000,0.0000000000,0.0732148215,0.0756519735,0.1898666918,0.1676088572,0.1334322840,0.0614751019,0.1478887647,0.0686113015,0.0459419936,0.0460093841,0.2436302602,0.2341144383,0.0320515484,0.0312501006,0.0973229185,0.0957583487,0.1355934143,0.0000000000,0.0000000000,0.0206799302,0.1221734732,0.1386093050,0.1686797589,0.1712685376,0.0000378453,0.0000000000,0.0000000000,0.0000000000,-0.0470409356,0.1510115117,-0.0071554556,0.0317484513,0.1510261297,0.0048307860
20:19:37:16.587,61,0.0281237140,0.2462564260,0.0530613624,0.0000000000,0.0000000000,0.0713760108,0.0000000000,0.0274242833,0.2460884750,0.0774381980,0.0000000000,0.0000000000,0.0714821145,0.0000000000,0.0628752783,0.0151525065,0.0000000000,0.1503988355,0.1837517470,0.0894710720,0.1509956270,0.0399623029,0.0000000000,0.3693588674,0.3683784306,0.0000000000,0.0000000000,0.0735798106,0.0759671554,0.1883702427,0.1661625952,0.1348807067,0.0608869568,0.1485563070,0.0690412223,0.0460270457,0.0461324044,0.2436166406,0.2336792052,0.0320710726,0.0312724039,0.0980490074,0.0964933559,0.1347261369,0.0000000000,0.0000000000,0.0206220448,0.1240833253,0.1401259601,0.1691219956,0.1717350930,0.0000352096,0.0000000000,0.0000000000,0.0000000000,-0.0467704199,0.1504927278,-0.0070895273,0.0320471674,0.1505073607,0.0048592184
20:19:37:17.588,61,0.0275745913,0.2460335344,0.0528139286,0.0000000000,0.0000000000,0.0709072575,0.0000000000,0.0269006621,0.2458630055,0.0776682422,0.0000000000,0.0000000000,0.0710099936,0.0000000000,0.0623688102,0.0155528113,0.0000000000,0.1479540467,0.1821693629,0.0876093581,0.1444090009,0.0396285057,0.0000000000,0.3751737773,0.3761855662,0.0000000000,0.0000000000,0.0739170611,0.0762812719,0.1867944449,0.1648076177,0.1358624101,0.0603065528,0.1488191336,0.0693530962,0.0460009351,0.0461395271,0.2436282039,0.2333049327,0.0321271457,0.0313517079,0.1015398875,0.1000210866,0.1329149455,0.0000000000,0.0000000000,0.0204974227,0.1260765195,0.1425128132,0.1694558859,0.1721677035,0.0000375623,0.0000000000,0.0000000000,0.0000000000,-0.0469103456,0.1503558308,-0.0071041537,0.0318983868,0.1503704190,0.0048321988
20:19:37:18.588,61,0.0271406807,0.2462879717,0.0531377569,0.0000000000,0.0000000000,0.0705248266,0.0000000000,0.0264763050,0.2461209744,0.0773583576,0.0000000000,0.0000000000,0.0706243962,0.0000000000,0.0618768968,0.0159362964,0.0000000000,0.1466958523,0.1812343895,0.0864369497,0.1410425156,0.0391834788,0.0000000000,0.3792977035,0.3821658194,0.0000000000,0.0000000000,0.0742796883,0.0766450837,0.1845061928,0.1629213244,0.1367056221,0.0598782599,0.1487476379,0.0694867149,0.0459370129,0.0461054482,0.2437968701,0.2330958396,0.0321662761,0.0314266160,0.1026683301,0.1011653692,0.1320028156,0.0000000000,0.0000000000,0.0203772243,0.1296486259,0.1471945196,0.1699778736,0.1728043705,0.0000797604,0.0000000000,0.0000000000,0.0000000000,-0.0467220694,0.1505122632,-0.0070831357,0.0320932157,0.1505268663,0.0048668375
20:19:37:19.590,61,0.0266418774,0.2460379303,0.0532825030,0.0000000000,0.0000000000,0.0702059641,0.0000000000,0.0259877220,0.2458727211,0.0772190094,0.0000000000,0.0000000000,0.0703023747,0.0000000000,0.0613694750,0.0162907634,0.0000000000,0.1456280798,0.1803477705,0.0854590014,0.1393575072,0.0388080776,0.0000000000,0.3856259882,0.3887213171,0.0000000000,0.0000000000,0.0745950490,0.0769539475,0.1814943552,0.1602703035,0.1374064386,0.0594372116,0.1487863511,0.0696879998,0.0459180921,0.0461142473,0.2437578440,0.2326856256,0.0322074033,0.0314906090,0.1030649766,0.1015697643,0.1312858760,0.0000000000,0.0000000000,0.0203093775,0.1319170892,0.1495890468,0.1704950333,0.1734310091,0.0000885905,0.0000000000,0.0000000000,0.0000000000,-0.0466389731,0.1503598541,-0.0070632808,0.0321813747,0.1503744870,0.0048751864
20:19:37:20.590,61,0.0262423102,0.2466241121,0.0537959374,0.0000000000,0.0000000000,0.0700178519,0.0000000000,0.0255911443,0.2464643568,0.0767430812,0.0000000000,0.0000000000,0.0701108500,0.0000000000,0.0610723756,0.0164994504,0.0000000000,0.1446512789,0.1795999557,0.0838685557,0.1382102519,0.0382716581,0.0000000000,0.3903728127,0.3939713240,0.0000000000,0.0000000000,0.0749555975,0.0773177296,0.1802506000,0.1591918170,0.1385612637,0.0590309463,0.1489628851,0.0699611157,0.0459498316,0.0461587794,0.2438793927,0.2325435132,0.0322279520,0.0315492302,0.1037500277,0.1022599712,0.1305308938,0.0000000000,0.0000000000,0.0202215295,0.1343683898,0.1520387679,0.1711159647,0.1742499173,0.0000870347,0.0000000000,0.0000000000,0.0000000000,-0.0463489853,0.1507196128,-0.0070364471,0.0324897133,0.1507342756,0.0049338359
20:19:37:21.591,61,0.0259824637,0.2476817667,0.0552550741,0.0000000000,0.0000000000,0.0697934926,0.0000000000,0.0253251102,0.2475385517,0.0753190964,0.0000000000,0.0000000000,0.0698830262,0.0000000000,0.0606984720,0.0166672766,0.0000000000,0.1410394162,0.1769101620,0.0814072117,0.1373954266,0.0377205871,0.0000000000,0.4027683735,0.4081692696,0.0000000000,0.0000000000,0.0752356574,0.0776012912,0.1784639359,0.1578337103,0.1392382085,0.0584994927,0.1492839009,0.0703472048,0.0459811613,0.0462026447,0.2437990010,0.2322314084,0.0322857276,0.0316493437,0.1043795869,0.1029004306,0.1296030879,0.0000000000,0.0000000000,0.0201163460,0.1357184500,0.1534218490,0.1721332222,0.1758360416,0.0000818009,0.0000000000,0.0000000000,0.0000000000,-0.0454844460,0.1513704807,-0.0069355699,0.0333676636,0.1513851136,0.0050893244
20:19:37:22.592,61,0.0259241834,0.2482401729,0.0554495379,0.0000000000,0.0000000000,0.0695429817,0.0000000000,0.0252552126,0.2480988950,0.0751359016,0.0000000000,0.0000000000,0.0696293935,0.0000000000,0.0601966232,0.0167823695,0.0000000000,0.1385017782,0.1751656979,0.0801971480,0.1368263215,0.0370967984,0.0000000000,0.4069107771,0.4131692350,0.0000000000,0.0000000000,0.0754560307,0.0778177083,0.1772926152,0.1568622440,0.1398623288,0.0579009391,0.1497549117,0.0708226934,0.0459972583,0.0462381244,0.2436179519,0.2319162339,0.0323865041,0.0318050012,0.1066022813,0.1052117646,0.1289175749,0.0000000000,0.0000000000,0.0200116783,0.1373507082,0.1556624323,0.1740493774,0.1784271151,0.0000372380,0.0000000000,0.0000000000,0.0000000000,-0.0453714393,0.1517123282,-0.0069342181,0.0334833451,0.1517270356,0.0051186751
20:19:37:23.593,61,0.0257022101,0.2482061237,0.0556296781,0.0000000000,0.0000000000,0.0692333430,0.0000000000,0.0250286199,0.2480668426,0.0749744400,0.0000000000,0.0000000000,0.0693174228,0.0000000000,0.0590576157,0.0169444829,0.0000000000,0.1347790956,0.1715388298,0.0791796148,0.1363694668,0.0365773477,0.0000000000,0.4083784819,0.4151391387,0.0000000000,0.0000000000,0.0755220652,0.0778680444,0.1760201901,0.1556677073,0.1401359439,0.0572042093,0.1500969976,0.0712493733,0.0459419526,0.0462019145,0.2419721186,0.2300237715,0.0324412212,0.0319151357,0.1079465002,0.1066085324,0.1279948205,0.0000000000,0.0000000000,0.0199040063,0.1378857046,0.1564073414,0.1747235060,0.1793618053,0.0000367349,0.0000000000,0.0000000000,0.0000000000,-0.0452740826,0.1516920328,-0.0069184103,0.0335922316,0.1517067403,0.0051346165
20:19:37:24.595,61,0.0252717510,0.2478283197,0.0557367243,0.0000000000,0.0000000000,0.0689365342,0.0000000000,0.0246068239,0.2476903796,0.0748860016,0.0000000000,0.0000000000,0.0690183789,0.0000000000,0.0583051369,0.0170718078,0.0000000000,0.1331220120,0.1700005084,0.0784556791,0.1357901543,0.0362694077,0.0000000000,0.4090629518,0.4158803225,0.0000000000,0.0000000000,0.0755827278,0.0778974667,0.1752415895,0.1549120098,0.1404671520,0.0565253273,0.1504921615,0.0716852024,0.0458174348,0.0460952558,0.2412727773,0.2291396856,0.0325776599,0.0320731513,0.1098044366,0.1084896401,0.1273313314,0.0000000000,0.0000000000,0.0197421461,0.1384534240,0.1570370048,0.1752581447,0.1799778342,0.0000390755,0.0000000000,0.0000000000,0.0000000000,-0.0452222638,0.1514614969,-0.0068998318,0.0336580686,0.1514761895,0.0051367348
20:19:37:25.596,61,0.0249195881,0.2477850169,0.0563149005,0.0000000000,0.0000000000,0.0686602816,0.0000000000,0.0242598336,0.2476541549,0.0742906407,0.0000000000,0.0000000000,0.0687390789,0.0000000000,0.0576897524,0.0169903394,0.0000000000,0.1319187135,0.1687889248,0.0777212903,0.1353445798,0.0356873721,0.0000000000,0.4089372754,0.4158711433,0.0000000000,0.0000000000,0.0755869374,0.0778872892,0.1732755750,0.1537757069,0.1407410353,0.0559265316,0.1508372575,0.0721004233,0.0457561947,0.0460473374,0.2403213084,0.2282874137,0.0326483883,0.0321948491,0.1105081290,0.1092093289,0.1267893761,0.0000000000,0.0000000000,0.0196368750,0.1387757659,0.1573433727,0.1755974740,0.1803697646,0.0000424956,0.0000000000,0.0000000000,0.0000000000,-0.0448628925,0.1514368504,-0.0068439087,0.0340073332,0.1514514834,0.0051891604
20:19:37:26.597,61,0.0246925075,0.2489730120,0.0574183092,0.0000000000,0.0000000000,0.0684081987,0.0000000000,0.0240309294,0.2488548309,0.0731844753,0.0000000000,0.0000000000,0.0684838369,0.0000000000,0.0571477078,0.0168128461,0.0000000000,0.1310383826,0.1678690463,0.0771949217,0.1353364140,0.0352731273,0.0000000000,0.4058553874,0.4096937776,0.0000000000,0.0000000000,0.0754864886,0.0777397752,0.1721880734,0.1529522836,0.1408768743,0.0553135201,0.1513811350,0.0726099163,0.0457851440,0.0460884571,0.2392247319,0.2268856019,0.0327198207,0.0322914943,0.1106780097,0.1093867347,0.1263335794,0.0000000000,0.0000000000,0.0196118262,0.1388882101,0.1572874635,0.1758394539,0.1805934608,0.0000473904,0.0000000000,0.0000000000,0.0000000000,-0.0441899560,0.1521664858,-0.0067743058,0.0346698016,0.1521811634,0.0053160861
20:19:37:27.597,61,0.0250375140,0.2507148385,0.0582695752,0.0000000000,0.0000000000,0.0682151541,0.0000000000,0.0243720897,0.2506061196,0.0723365098,0.0000000000,0.0000000000,0.0682878122,0.0000000000,0.0566773862,0.0166167021,0.0000000000,0.1300880760,0.1662078947,0.0764431208,0.1352596581,0.0350337923,0.0000000000,0.4004560113,0.4016740620,0.0000000000,0.0000000000,0.0753343552,0.0775217265,0.1713840514,0.1522779465,0.1410990655,0.0547236688,0.1520361304,0.0731734633,0.0458157472,0.0461298376,0.2367894053,0.2240402251,0.0327442214,0.0323168226,0.1105905026,0.1093043238,0.1259591728,0.0000000000,0.0000000000,0.0195495095,0.1387964338,0.1569782794,0.1760406643,0.1806596667,0.0000432820,0.0000000000,0.0000000000,0.0000000000,-0.0436707623,0.1532338113,-0.0067424639,0.0351780541,0.1532485336,0.0054324148
20:19:37:28.599,61,0.0251848903,0.2523601949,0.0585162640,0.0000000000,0.0000000000,0.0679690689,0.0000000000,0.0245059151,0.2522537708,0.0720963776,0.0000000000,0.0000000000,0.0680391192,0.0000000000,0.0562370718,0.0165358260,0.0000000000,0.1292831302,0.1652098745,0.0757136717,0.1347896755,0.0349968895,0.0000000000,0.3985381424,0.3988347352,0.0000000000,0.0000000000,0.0752291083,0.0773618668,0.1709729880,0.1518671513,0.1411308348,0.0542050414,0.1522462368,0.0734747499,0.0457254685,0.0460399315,0.2359447628,0.2229779214,0.0327768587,0.0323304236,0.1102844402,0.1089902371,0.1255383641,0.0000000000,0.0000000000,0.0193757974,0.1384759247,0.1564122885,0.1761394292,0.1806233078,0.0000432822,0.0000000000,0.0000000000,0.0000000000,-0.0435190052,0.1542402357,-0.0067638843,0.0353214629,0.1542550474,0.0054909484
20:19:37:29.600,61,0.0249418244,0.2516544163,0.0590486825,0.0000000000,0.0000000000,0.0678287596,0.0000000000,0.0242677163,0.2515549064,0.0715404376,0.0000000000,0.0000000000,0.0678966492,0.0000000000,0.0559243970,0.0165355429,0.0000000000,0.1286370605,0.1643344611,0.0751896575,0.1343528926,0.0350384340,0.0000000000,0.3697964251,0.3698869050,0.0000000000,0.0000000000,0.0751622319,0.0772584453,0.1709644645,0.1517999172,0.1411465555,0.0539079271,0.1521841437,0.0735736936,0.0457292646,0.0460376926,0.2351683080,0.2220261246,0.0326686129,0.0322035886,0.1072956920,0.1058323458,0.1252753884,0.0000000000,0.0000000000,0.0192829352,0.1353335977,0.1498734504,0.1737495661,0.1779730469,0.0000484608,0.0000000000,0.0000000000,0.0000000000,-0.0431862921,0.1538107395,-0.0066932170,0.0356452353,0.1538254470,0.0055255792
20:19:37:30.600,61,0.0244767983,0.2507125735,0.0592345297,0.0000000000,0.0000000000,0.0678039566,0.0000000000,0.0238182303,0.2506156862,0.0713390037,0.0000000000,0.0000000000,0.0678697526,0.0000000000,0.0556042120,0.0164143071,0.0000000000,0.1279639751,0.1629988402,0.0747859254,0.1341607422,0.0350175127,0.0000000000,0.3595523536,0.3587329984,0.0000000000,0.0000000000,0.0750164241,0.0770806223,0.1710668206,0.1519239694,0.1409533173,0.0536328852,0.1520509273,0.0736289099,0.0457747430,0.0460621901,0.2326930612,0.2195231318,0.0324938186,0.0320130959,0.1062552184,0.1047323868,0.1249535978,0.0000000000,0.0000000000,0.0192415453,0.1332594156,0.1463467926,0.1697210670,0.1736510992,0.0000727113,0.0000000000,0.0000000000,0.0000000000,-0.0430685207,0.1532356441,-0.0066496241,0.0357606038,0.1532503814,0.0055224025
20:19:37:31.601,61,0.0240767784,0.2500725091,0.0589965880,0.0000000000,0.0000000000,0.0677083954,0.0000000000,0.0234302916,0.2499730289,0.0715670064,0.0000000000,0.0000000000,0.0677722692,0.0000000000,0.0553605966,0.0162135977,0.0000000000,0.1273050755,0.1616201401,0.0744512230,0.1341307908,0.0349457711,0.0000000000,0.3477004170,0.3451728523,0.0000000000,0.0000000000,0.0748154894,0.0768373087,0.1710790843,0.1520268172,0.1407374144,0.0534351766,0.1517902613,0.0736205280,0.0459029302,0.0461660549,0.2302570641,0.2173741609,0.0322799869,0.0317851231,0.1053727716,0.1038216501,0.1245658398,0.0000000000,0.0000000000,0.0193123557,0.1294220388,0.1416512281,0.1660405546,0.1696871221,0.0000786925,0.0000000000,0.0000000000,0.0000000000,-0.0432087854,0.1528436542,-0.0066539310,0.0356191061,0.1528583169,0.0054862676
20:19:37:32.602,61,0.0237398110,0.2493611425,0.0591470189,0.0000000000,0.0000000000,0.0676072836,0.0000000000,0.0231021289,0.2492640465,0.0713671371,0.0000000000,0.0000000000,0.0676696077,0.0000000000,0.0550115183,0.0160286687,0.0000000000,0.1263784170,0.1591945142,0.0741677135,0.1342950314,0.0348253921,0.0000000000,0.3189619482,0.3195132315,0.0000000000,0.0000000000,0.0745039061,0.0764751583,0.1710017025,0.1520375013,0.1404202133,0.0532196909,0.1515311897,0.0736495703,0.0460712798,0.0463138372,0.2254286557,0.2132060379,0.0320413746,0.0315446854,0.1049863324,0.1034215838,0.1240933314,0.0000000000,0.0000000000,0.0194296520,0.1236575618,0.1356863827,0.1617902666,0.1657553166,0.0000796501,0.0000000000,0.0000000000,0.0000000000,-0.0430909842,0.1524093300,-0.0066166511,0.0357123129,0.1524239928,0.0054847435
20:19:37:33.604,61,0.0232976861,0.2499764115,0.0598275438,0.0000000000,0.0000000000,0.0673581809,0.0000000000,0.0226750225,0.2498872578,0.0706919655,0.0000000000,0.0000000000,0.0674191639,0.0000000000,0.0547014885,0.0158822909,0.0000000000,0.1257959306,0.1580919474,0.0741716027,0.1346950680,0.0349834226,0.0000000000,0.3057182431,0.3013678193,0.0000000000,0.0000000000,0.0742528737,0.0761551782,0.1718992442,0.1526004821,0.1401462108,0.0530263446,0.1514423639,0.0737208575,0.0462974980,0.0465209372,0.2236083746,0.2115275711,0.0318098590,0.0312877297,0.1049240455,0.1033395082,0.1237108484,0.0000000000,0.0000000000,0.0195425097,0.1187184751,0.1297303736,0.1595577598,0.1632918119,0.0000752804,0.0000000000,0.0000000000,0.0000000000,-0.0426808186,0.1527876556,-0.0065702349,0.0361211114,0.1528023779,0.0055614877
20:19:37:34.605,61,0.0229784194,0.2516416013,0.0603081994,0.0000000000,0.0000000000,0.0670841560,0.0000000000,0.0223646984,0.2515581548,0.0701537728,0.0000000000,0.0000000000,0.0671439543,0.0000000000,0.0545969047,0.0156597178,0.0000000000,0.1254463792,0.1574083865,0.0742374957,0.1363632530,0.0350197740,0.0000000000,0.2878984213,0.2856854796,0.0000000000,0.0000000000,0.0739505291,0.0757813230,0.1731461734,0.1537266672,0.1401346028,0.0528817922,0.1517617404,0.0739796236,0.0466484651,0.0468638465,0.2221155614,0.2103222460,0.0315862559,0.0310537089,0.1017166674,0.1002333760,0.1236995682,0.0000000000,0.0000000000,0.0197351277,0.1161846444,0.1271844357,0.1583933979,0.1620650291,0.0000524948,0.0000000000,0.0000000000,0.0000000000,-0.0423492156,0.1538071334,-0.0065634092,0.0364055932,0.1538218707,0.0056432588
20:19:37:35.606,61,0.0228941794,0.2529120147,0.0594689958,0.0000000000,0.0000000000,0.0669154897,0.0000000000,0.0222784169,0.2528182268,0.0709587410,0.0000000000,0.0000000000,0.0669741333,0.0000000000,0.0544992015,0.0153215593,0.0000000000,0.1252210140,0.1570308357,0.0746259317,0.1369068027,0.0351584107,0.0000000000,0.2800057530,0.2747935355,0.0000000000,0.0000000000,0.0735894069,0.0753495470,0.1739806831,0.1547954679,0.1400534064,0.0526967607,0.1520979553,0.0743100196,0.0468677431,0.0470641367,0.2212909609,0.2096093893,0.0315553360,0.0309878290,0.1009671763,0.0995111614,0.1238112822,0.0000000000,0.0000000000,0.0197873656,0.1148252115,0.1257513165,0.1578813195,0.1614148021,0.0000552757,0.0000000000,0.0000000000,0.0000000000,-0.0428300165,0.1545807868,-0.0066718012,0.0358946659,0.1545955390,0.0055925315
20:19:37:36.607,61,0.0227529742,0.2537049055,0.0588930510,0.0000000000,0.0000000000,0.0668569729,0.0000000000,0.0221374333,0.2536044717,0.0714604557,0.0000000000,0.0000000000,0.0669149458,0.0000000000,0.0543967821,0.0149774766,0.0000000000,0.1251905859,0.1568817645,0.0760136545,0.1374385357,0.0354962200,0.0000000000,0.2653648555,0.2531196475,0.0000000000,0.0000000000,0.0731609762,0.0748404935,0.1758686453,0.1571314484,0.1397683024,0.0524959527,0.1524243653,0.0746471435,0.0470437519,0.0472246930,0.2207987607,0.2091401666,0.0316142216,0.0309885945,0.1005286500,0.0990886316,0.1239670515,0.0000000000,0.0000000000,0.0198134370,0.1139324531,0.1248237118,0.1578186154,0.1611943245,0.0000687094,0.0000000000,0.0000000000,0.0000000000,-0.0431296043,0.1550635248,-0.0067397603,0.0355443545,0.1550782472,0.0055555473
20:19:37:37.607,61,0.0227223188,0.2544194758,0.0590227656,0.0000000000,0.0000000000,0.0666425228,0.0000000000,0.0220999736,0.2543208599,0.0712621734,0.0000000000,0.0000000000,0.0666999295,0.0000000000,0.0543319061,0.0146833733,0.0000000000,0.1253862530,0.1570103914,0.0770902932,0.1376965046,0.0359723605,0.0000000000,0.2588153183,0.2453786582,0.0000000000,0.0000000000,0.0728260279,0.0744272098,0.1787706017,0.1599689871,0.1395503879,0.0523890182,0.1526060700,0.0748439282,0.0471316352,0.0472938456,0.2206304967,0.2089225501,0.0316582173,0.0309636090,0.0988085270,0.0973585993,0.1243592352,0.0000000000,0.0000000000,0.0197460577,0.1131279841,0.1239644960,0.1577662677,0.1609367728,0.0000652956,0.0000000000,0.0000000000,0.0000000000,-0.0430069901,0.1555007398,-0.0067398683,0.0356202200,0.1555154771,0.0055833496
20:19:37:38.609,61,0.0244993083,0.2542831004,0.0600347705,0.0000000000,0.0000000000,0.0664395541,0.0000000000,0.0237900112,0.2541970313,0.0702184066,0.0000000000,0.0000000000,0.0664962903,0.0000000000,0.0543202832,0.0144484155,0.0000000000,0.1258390248,0.1574504375,0.0778057203,0.1376475394,0.0362779684,0.0000000000,0.2557190061,0.2418229133,0.0000000000,0.0000000000,0.0726532638,0.0742073283,0.1802505702,0.1613809615,0.1394631565,0.0525227301,0.1522134691,0.0746618062,0.0471279770,0.0472674929,0.2209618837,0.2091897279,0.0315902531,0.0308531374,0.0978964567,0.0964453220,0.1247965544,0.0000000000,0.0000000000,0.0196045153,0.1123177633,0.1230140775,0.1574262679,0.1604315788,0.0000683621,0.0000000000,0.0000000000,0.0000000000,-0.0423775837,0.1554207951,-0.0066378228,0.0362314247,0.1554355621,0.0056761452
20:19:37:39.609,61,0.0251864381,0.2550164461,0.0609180853,0.0000000000,0.0000000000,0.0663821697,0.0000000000,0.0244492255,0.2549412251,0.0692904741,0.0000000000,0.0000000000,0.0664379969,0.0000000000,0.0544695742,0.0141221462,0.0000000000,0.1263397336,0.1578613967,0.0785554722,0.1377407908,0.0365022384,0.0000000000,0.2441318929,0.2336448580,0.0000000000,0.0000000000,0.0724948272,0.0739851445,0.1838859618,0.1649903506,0.1396028101,0.0527353436,0.1520387679,0.0745818838,0.0472878255,0.0473993085,0.2209874988,0.2091619819,0.0314629264,0.0306920968,0.0974088535,0.0959416702,0.1253124923,0.0000000000,0.0000000000,0.0195644721,0.1116585881,0.1222464740,0.1569699496,0.1598492414,0.0000606624,0.0000000000,0.0000000000,0.0000000000,-0.0418145955,0.1558721215,-0.0065690237,0.0367619246,0.1558868587,0.0057762107
20:19:37:40.610,61,0.0257726200,0.2545478046,0.0614279732,0.0000000000,0.0000000000,0.0665498450,0.0000000000,0.0250182580,0.2544711530,0.0687945634,0.0000000000,0.0000000000,0.0666051880,0.0000000000,0.0547463931,0.0137018235,0.0000000000,0.1268033981,0.1582306772,0.0794947818,0.1377405226,0.0365352407,0.0000000000,0.2301199883,0.2206534594,0.0000000000,0.0000000000,0.0723082274,0.0737354532,0.1863622814,0.1686193794,0.1396515667,0.0530685149,0.1516475528,0.0743674412,0.0475335233,0.0475975685,0.2206361592,0.2088529468,0.0312447194,0.0304558128,0.0971984789,0.0957209915,0.1256847531,0.0000000000,0.0000000000,0.0195695590,0.1109479517,0.1213729084,0.1559020579,0.1583475024,0.0000447595,0.0000000000,0.0000000000,0.0000000000,-0.0415172018,0.1555827707,-0.0065100263,0.0370712765,0.1556022316,0.0058139851
20:19:37:41.612,61,0.0261165667,0.2534547150,0.0601826087,0.0000000000,0.0000000000,0.0668734908,0.0000000000,0.0253551882,0.2533641756,0.0698892921,0.0000000000,0.0000000000,0.0669285506,0.0000000000,0.0547910891,0.0132094417,0.0000000000,0.1269568354,0.1583330333,0.0801877901,0.1377952993,0.0362165943,0.0000000000,0.2257511616,0.2169913948,0.0000000000,0.0000000000,0.0721342787,0.0735140964,0.1876976341,0.1706619710,0.1393918991,0.0532828234,0.1511358023,0.0741174445,0.0477540605,0.0477683581,0.2201921046,0.2085918635,0.0310200825,0.0302470792,0.0977642387,0.0963262916,0.1259060204,0.0000000000,0.0000000000,0.0195941422,0.1103704870,0.1207670495,0.1551617980,0.1574895680,0.0000389289,0.0000000000,0.0000000000,0.0000000000,-0.0421823226,0.1549102962,-0.0065852036,0.0363235138,0.1549296975,0.0056717466
20:19:37:42.614,61,0.0238094963,0.2494564950,0.0590262264,0.0000000000,0.0000000000,0.0672704801,0.0000000000,0.0233292598,0.2493541539,0.0709127709,0.0000000000,0.0000000000,0.0673257262,0.0000000000,0.0549466275,0.0127811767,0.0000000000,0.1271294951,0.1584086716,0.0815743655,0.1379376501,0.0358032919,0.0000000000,0.2230531424,0.2148409337,0.0000000000,0.0000000000,0.0719968826,0.0733552203,0.1886883229,0.1721786261,0.1391647458,0.0535819046,0.1505472511,0.0738369972,0.0481044017,0.0480726995,0.2195904106,0.2081927359,0.0307741221,0.0300286822,0.0980785936,0.0966521949,0.1259052306,0.0000000000,0.0000000000,0.0197972022,0.1097728387,0.1201943085,0.1531855762,0.1561624259,0.0000256464,0.0000000000,0.0000000000,0.0000000000,-0.0428162888,0.1524626464,-0.0065768338,0.0356390625,0.1524818987,0.0054756105
20:19:37:43.614,61,0.0197124984,0.2444959879,0.0616080835,0.0000000000,0.0000000000,0.0676506162,0.0000000000,0.0195082352,0.2444255203,0.0683061481,0.0000000000,0.0000000000,0.0677061900,0.0000000000,0.0547250919,0.0124256024,0.0000000000,0.1271157414,0.1582885087,0.0824301168,0.1381794810,0.0355449170,0.0000000000,0.2181377858,0.2102927566,0.0000000000,0.0000000000,0.0717562065,0.0730931610,0.1890810281,0.1729287356,0.1368832290,0.0537267104,0.1472408623,0.0733543485,0.0482976437,0.0482062139,0.2172785699,0.2065109164,0.0305018891,0.0297681578,0.0982392356,0.0967960358,0.1258488446,0.0000000000,0.0000000000,0.0200229809,0.1079563200,0.1177766472,0.1455017775,0.1496543288,0.0000161702,0.0000000000,0.0000000000,0.0000000000,-0.0412613340,0.1494392008,-0.0062105334,0.0372150764,0.1494583786,0.0056025418
