Timecode,BlendshapeCount,EyeBlinkLeft,EyeLookDownLeft,EyeLookInLeft,EyeLookOutLeft,EyeLookUpLeft,EyeSquintLeft,EyeWideLeft,EyeBlinkRight,EyeLookDownRight,EyeLookInRight,EyeLookOutRight,EyeLookUpRight,EyeSquintRight,EyeWideRight,JawForward,JawRight,JawLeft,JawOpen,MouthClose,MouthFunnel,MouthPucker,MouthRight,MouthLeft,MouthSmileLeft,MouthSmileRight,MouthFrownLeft,MouthFrownRight,MouthDimpleLeft,MouthDimpleRight,MouthStretchLeft,MouthStretchRight,MouthRollLower,MouthRollUpper,MouthShrugLower,MouthShrugUpper,MouthPressLeft,MouthPressRight,MouthLowerDownLeft,MouthLowerDownRight,MouthUpperUpLeft,MouthUpperUpRight,BrowDownLeft,BrowDownRight,BrowInnerUp,BrowOuterUpLeft,BrowOuterUpRight,CheekPuff,CheekSquintLeft,CheekSquintRight,NoseSneerLeft,NoseSneerRight,TongueOut,HeadYaw,HeadPitch,HeadRoll,LeftEyeYaw,LeftEyePitch,LeftEyeRoll,RightEyeYaw,RightEyePitch,RightEyeRoll
20:20:07:47.486,61,0.0000000000,0.2063818574,0.1108372286,0.0000000000,0.0000000000,0.0816308260,0.3031796217,0.0000000000,0.2068300843,0.0196651164,0.0000000000,0.0000000000,0.0816724077,0.3046126962,0.0372249261,0.0018718238,0.0000000000,0.1032032594,0.1292623281,0.1030199006,0.1960889995,0.0426251926,0.0000000000,0.0640038773,0.0312678404,0.0000000000,0.0000000000,0.0453187041,0.0441205464,0.2195727974,0.2084433436,0.1092381775,0.0387884341,0.1424752921,0.0723806322,0.0463830605,0.0466227643,0.1551293731,0.1384309828,0.0226444695,0.0216298625,0.1108618230,0.1099131703,0.1132613868,0.0000000000,0.0000000000,0.0310791545,0.0874304622,0.1015580222,0.1277180463,0.1309833676,0.0000001151,0.0000000000,0.0000000000,0.0000000000,-0.0119169792,0.1263543516,-0.0015137900,0.0671684369,0.1263579726,0.0085261073
20:20:07:48.487,61,0.0000000000,0.2082278132,0.1083716974,0.0000000000,0.0000000000,0.0826316476,0.3319553733,0.0000000000,0.2086550593,0.0221920852,0.0000000000,0.0000000000,0.0826761499,0.3333575726,0.0385696404,0.0020225819,0.0000000000,0.1063825339,0.1323874146,0.1059018224,0.2000836432,0.0454018712,0.0000000000,0.0589973815,0.0238208938,0.0000000000,0.0000000000,0.0457294770,0.0444577672,0.2231123000,0.2127251029,0.1118552461,0.0394197106,0.1446730793,0.0728893727,0.0469419025,0.0473130867,0.1567567736,0.1399238855,0.0228232741,0.0217420068,0.1114211306,0.1104548648,0.1140809059,0.0000000000,0.0000000000,0.0315960124,0.0884304717,0.1027492732,0.1293295324,0.1324577630,0.0000001279,0.0000000000,0.0000000000,0.0000000000,-0.0134463981,0.1274717301,-0.0017233264,0.0656649098,0.1274753511,0.0084100505
20:20:07:49.488,61,0.0000000000,0.2059186995,0.1093151420,0.0000000000,0.0000000000,0.0833574310,0.3516969681,0.0000000000,0.2063506544,0.0212598275,0.0000000000,0.0000000000,0.0834031254,0.3531183302,0.0402786918,0.0020741280,0.0000000000,0.1085260883,0.1343006641,0.1083503813,0.2021132559,0.0464731976,0.0000000000,0.0550735109,0.0202593766,0.0000000000,0.0000000000,0.0461755469,0.0448177345,0.2246940881,0.2143401206,0.1149464995,0.0405562073,0.1459772587,0.0732806250,0.0476295091,0.0486138202,0.1577615142,0.1408423632,0.0229575541,0.0218440574,0.0987362415,0.0976975262,0.1145964339,0.0000000000,0.0000000000,0.0336499512,0.0898889676,0.1043278500,0.1303213984,0.1334807873,0.0000001250,0.0000000000,0.0000000000,0.0000000000,-0.0128838476,0.1260629594,-0.0016327880,0.0662484542,0.1260665804,0.0083899060
20:20:07:50.489,61,0.0000000000,0.2044436634,0.1090308502,0.0000000000,0.0000000000,0.0839539990,0.3860561252,0.0000000000,0.2048697472,0.0215670951,0.0000000000,0.0000000000,0.0840000659,0.3874931633,0.0411913432,0.0021063648,0.0000000000,0.1094001010,0.1349839270,0.1095461324,0.2031798363,0.0466279797,0.0000000000,0.0525690019,0.0185780451,0.0000000000,0.0000000000,0.0465109274,0.0450704060,0.2249882221,0.2147736400,0.1164311245,0.0413698293,0.1468469650,0.0736460835,0.0488510653,0.0505554490,0.1580113620,0.1410350204,0.0230185110,0.0218863748,0.0952583849,0.0942038074,0.1147727594,0.0000000000,0.0000000000,0.0376361497,0.0905618966,0.1050358862,0.1306252480,0.1339125782,0.0000001282,0.0000000000,0.0000000000,0.0000000000,-0.0130715491,0.1251585633,-0.0016445643,0.0660836920,0.1251621693,0.0083083995
20:20:07:51.490,61,0.0000000000,0.2030895650,0.1095154509,0.0000000000,0.0000000000,0.0845594704,0.3992856443,0.0000000000,0.2035175711,0.0211311933,0.0000000000,0.0000000000,0.0846056119,0.4007084072,0.0418749116,0.0021108307,0.0000000000,0.1098070890,0.1352914572,0.1103884876,0.2022718489,0.0431031100,0.0000000000,0.0507239029,0.0193299670,0.0000000000,0.0000000000,0.0467715748,0.0452853814,0.2248441726,0.2148723006,0.1171523631,0.0419907495,0.1471929401,0.0738692284,0.0495160744,0.0514739491,0.1580775082,0.1411626637,0.0230911113,0.0219803210,0.0930884406,0.0920324177,0.1150607914,0.0000000000,0.0000000000,0.0390478112,0.0911196992,0.1056347713,0.1306783408,0.1341761798,0.0000003018,0.0000000000,0.0000000000,0.0000000000,-0.0128086805,0.1243320704,-0.0016007416,0.0663842708,0.1243356466,0.0082904464
20:20:07:52.491,61,0.0000000000,0.2012421340,0.1106543019,0.0000000000,0.0000000000,0.0854256824,0.4058918357,0.0000000000,0.2016773075,0.0200720914,0.0000000000,0.0000000000,0.0854714960,0.4073169231,0.0425883234,0.0021181824,0.0000000000,0.1103513837,0.1358142793,0.1112259626,0.1935440004,0.0418136045,0.0000000000,0.0497109108,0.0207662489,0.0000000000,0.0000000000,0.0471642576,0.0456380881,0.2252328694,0.2155498564,0.1176508144,0.0427302681,0.1469581425,0.0737468600,0.0499325171,0.0520212315,0.1585282832,0.1416082680,0.0231126808,0.0220238063,0.0875552818,0.0865235254,0.1154258400,0.0000000000,0.0000000000,0.0396581292,0.0915592313,0.1060656458,0.1303632855,0.1340471059,0.0000003028,0.0000000000,0.0000000000,0.0000000000,-0.0121684084,0.1232068315,-0.0015068251,0.0670839921,0.1232103780,0.0083011063
20:20:07:53.492,61,0.0000000000,0.1955333352,0.1117950380,0.0000000000,0.0000000000,0.0872135758,0.4080263674,0.0000000000,0.1959673613,0.0188301746,0.0000000000,0.0000000000,0.0872608572,0.4094897211,0.0432901420,0.0022160199,0.0000000000,0.1109739169,0.1364476234,0.1120083109,0.1899494976,0.0405820683,0.0000000000,0.0474685729,0.0215604119,0.0000000000,0.0000000000,0.0475293957,0.0459888987,0.2259200960,0.2169944346,0.1180424541,0.0434907004,0.1465509385,0.0735228807,0.0502116531,0.0523723550,0.1588744372,0.1419968754,0.0230895672,0.0220422484,0.0772291273,0.0761759579,0.1160946265,0.0000000000,0.0000000000,0.0398859344,0.0920396149,0.1065574214,0.1299042851,0.1337869018,0.0000003058,0.0000000000,0.0000000000,0.0000000000,-0.0114203757,0.1197175011,-0.0013737575,0.0678043813,0.1197209433,0.0081501817
20:20:07:54.493,61,0.0000000000,0.1935484558,0.1120357439,0.0000000000,0.0000000000,0.0884167701,0.4085568190,0.0000000000,0.1939805150,0.0185077880,0.0000000000,0.0000000000,0.0884641707,0.4100273848,0.0439253077,0.0022655420,0.0000000000,0.1114559919,0.1369738430,0.1126067266,0.1836356670,0.0394293927,0.0000000000,0.0467770137,0.0260752216,0.0000000000,0.0000000000,0.0479693040,0.0464247838,0.2265144289,0.2179069221,0.1183704957,0.0442460142,0.1455990672,0.0731731355,0.0503963344,0.0525904074,0.1594166160,0.1425835937,0.0230704136,0.0220679212,0.0736517906,0.0725954846,0.1166844219,0.0000000000,0.0000000000,0.0398304984,0.0924505889,0.1069942564,0.1294009238,0.1334760040,0.0000002848,0.0000000000,0.0000000000,0.0000000000,-0.0112264808,0.1185034811,-0.0013366108,0.0679602101,0.1185068861,0.0080852648
20:20:07:55.494,61,0.0000000000,0.1918036491,0.1119740531,0.0000000000,0.0000000000,0.0892335624,0.3924238384,0.0000000000,0.1922313720,0.0185375717,0.0000000000,0.0000000000,0.0892811790,0.3938946724,0.0443223901,0.0024089483,0.0000000000,0.1114922315,0.1369946301,0.1128041297,0.1811110377,0.0385150760,0.0000000000,0.0461603627,0.0277233776,0.0000000000,0.0000000000,0.0483222082,0.0467804559,0.2269840688,0.2185698152,0.1185474768,0.0447138175,0.1452292651,0.0730983466,0.0505870134,0.0527978130,0.1594216377,0.1426964104,0.0230581723,0.0220982339,0.0751173720,0.0740779638,0.1170626581,0.0000000000,0.0000000000,0.0397204496,0.0926631019,0.1072418839,0.1289628744,0.1332121938,0.0000000889,0.0000000000,0.0000000000,0.0000000000,-0.0112459706,0.1174349189,-0.0013267456,0.0679313689,0.1174383089,0.0080082901
20:20:07:56.495,61,0.0000000000,0.1929321587,0.1124844104,0.0000000000,0.0000000000,0.0896474347,0.3801184297,0.0000000000,0.1933670491,0.0180698577,0.0000000000,0.0000000000,0.0896945670,0.3816381693,0.0446317866,0.0023717631,0.0000000000,0.1112868860,0.1367613822,0.1127636954,0.1799746007,0.0373764113,0.0000000000,0.0458958037,0.0288731642,0.0000000000,0.0000000000,0.0485786758,0.0470302179,0.2268104106,0.2186164856,0.1185937002,0.0450076982,0.1451683491,0.0732192174,0.0508389324,0.0530446060,0.1591781676,0.1426346600,0.0230785664,0.0221607182,0.0775622874,0.0765460283,0.1172218919,0.0000000000,0.0000000000,0.0397668555,0.0927866623,0.1073515639,0.1286729127,0.1330881715,0.0000000347,0.0000000000,0.0000000000,0.0000000000,-0.0109613277,0.1181283519,-0.0013008735,0.0682354122,0.1181317419,0.0080920169
20:20:07:57.496,61,0.0000000000,0.1924642622,0.1122238860,0.0000000000,0.0000000000,0.0899815038,0.3674623668,0.0000000000,0.1928957105,0.0183166936,0.0000000000,0.0000000000,0.0900283530,0.3688215911,0.0449502133,0.0023291954,0.0000000000,0.1111520380,0.1365727931,0.1128513068,0.1830443442,0.0365210436,0.0000000000,0.0456875712,0.0296730101,0.0000000000,0.0000000000,0.0487754121,0.0472059660,0.2263455540,0.2182513177,0.1187478080,0.0452389084,0.1455566287,0.0735799298,0.0512668081,0.0534824207,0.1588290781,0.1424825490,0.0231197849,0.0222393591,0.0844226256,0.0835748985,0.1170187145,0.0000000000,0.0000000000,0.0401823074,0.0929599851,0.1075317338,0.1286269873,0.1331932694,0.0000001218,0.0000000000,0.0000000000,0.0000000000,-0.0111114411,0.1178406030,-0.0013154458,0.0680796877,0.1178439856,0.0080537284
20:20:07:58.497,61,0.0000000000,0.1931075752,0.1123628318,0.0000000000,0.0000000000,0.0902232975,0.3648029268,0.0000000000,0.1935416460,0.0182217844,0.0000000000,0.0000000000,0.0902705044,0.3661479652,0.0453606583,0.0023380008,0.0000000000,0.1116220504,0.1369179040,0.1136626825,0.1959750801,0.0363096707,0.0000000000,0.0454735644,0.0299088750,0.0000000000,0.0000000000,0.0489169657,0.0473200157,0.2261166722,0.2180278152,0.1188370287,0.0455720052,0.1457437724,0.0737601072,0.0516672395,0.0538974367,0.1589746773,0.1427120268,0.0231662206,0.0222871900,0.0886723027,0.0878415927,0.1168461218,0.0000000000,0.0000000000,0.0408262052,0.0931276307,0.1077176332,0.1288040280,0.1334919930,0.0000001700,0.0000000000,0.0000000000,0.0000000000,-0.0110533489,0.1182351410,-0.0013129910,0.0681608021,0.1182385385,0.0080905566
20:20:07:59.498,61,0.0000000000,0.1918616146,0.1124152839,0.0000000000,0.0000000000,0.0906742215,0.3667397201,0.0000000000,0.1922934502,0.0181605108,0.0000000000,0.0000000000,0.0907216445,0.3681158125,0.0458093397,0.0023293574,0.0000000000,0.1120141074,0.1372714937,0.1140952110,0.1987082213,0.0359096825,0.0000000000,0.0452922210,0.0301107168,0.0000000000,0.0000000000,0.0491607562,0.0475395806,0.2262361497,0.2181966305,0.1191184968,0.0459809043,0.1457734108,0.0738122389,0.0520011634,0.0542393625,0.1591552496,0.1429767311,0.0231601950,0.0223008990,0.0907927603,0.0899620131,0.1167115867,0.0000000000,0.0000000000,0.0411549658,0.0932194069,0.1078020483,0.1286932379,0.1334917843,0.0000001504,0.0000000000,0.0000000000,0.0000000000,-0.0110171745,0.1174725518,-0.0013001749,0.0681987554,0.1174759418,0.0080423625
20:20:08:00.499,61,0.0000000000,0.1901924759,0.1130148992,0.0000000000,0.0000000000,0.0911369547,0.3637803793,0.0000000000,0.1906261742,0.0175488703,0.0000000000,0.0000000000,0.0911848694,0.3652309477,0.0461331494,0.0024429550,0.0000000000,0.1121573597,0.1374420673,0.1142788678,0.1941961944,0.0355451703,0.0000000000,0.0451335683,0.0304347295,0.0000000000,0.0000000000,0.0493882596,0.0477590673,0.2263220996,0.2182595432,0.1192316487,0.0462800041,0.1456210315,0.0737906769,0.0521386117,0.0543717481,0.1593106389,0.1431913972,0.0231843814,0.0223471578,0.0922270492,0.0913955793,0.1169036776,0.0000000000,0.0000000000,0.0412306525,0.0933127180,0.1078862846,0.1284771711,0.1333734691,0.0000001536,0.0000000000,0.0000000000,0.0000000000,-0.0106473947,0.1164535433,-0.0012455381,0.0685707331,0.1164568886,0.0080153756
20:20:08:01.499,61,0.0000000000,0.1874170601,0.1138663813,0.0000000000,0.0000000000,0.0916904435,0.3514213562,0.0000000000,0.1878523231,0.0166592896,0.0000000000,0.0000000000,0.0917392299,0.3529809415,0.0462495685,0.0026674899,0.0000000000,0.1121308133,0.1375565231,0.1145709231,0.1868696511,0.0352072865,0.0000000000,0.0460306145,0.0356970057,0.0000000000,0.0000000000,0.0496201478,0.0480106324,0.2261640280,0.2180613726,0.1188705936,0.0464931242,0.1445062906,0.0735244155,0.0520613603,0.0542613976,0.1597293764,0.1436311454,0.0232692454,0.0224528518,0.0931723416,0.0923345834,0.1173204333,0.0000000000,0.0000000000,0.0409784652,0.0934219509,0.1079789400,0.1281319261,0.1331125349,0.0000001803,0.0000000000,0.0000000000,0.0000000000,-0.0101096490,0.1147583649,-0.0011652664,0.0691009536,0.1147616729,0.0079586329
20:20:08:02.501,61,0.0000000000,0.1868449897,0.1141812131,0.0000000000,0.0000000000,0.0921819508,0.3467728496,0.0000000000,0.1872817576,0.0163499285,0.0000000000,0.0000000000,0.0922317728,0.3484102488,0.0463107154,0.0029955283,0.0000000000,0.1120109558,0.1375783384,0.1147048622,0.1828537136,0.0351038426,0.0000000000,0.0475320406,0.0380785950,0.0000000000,0.0000000000,0.0498760641,0.0482779816,0.2258988172,0.2176695913,0.1185197681,0.0467373244,0.1430596262,0.0731544793,0.0519491509,0.0541203134,0.1603019834,0.1441219300,0.0233448893,0.0225352068,0.0944994316,0.0936186314,0.1178462505,0.0000000000,0.0000000000,0.0407263413,0.0934452936,0.1079825237,0.1276834905,0.1327365041,0.0000003977,0.0000000000,0.0000000000,0.0000000000,-0.0099223116,0.1144095883,-0.0011401676,0.0692947656,0.1144128889,0.0079564527
20:20:08:03.503,61,0.0000000000,0.1864143610,0.1143814847,0.0000000000,0.0000000000,0.0925538242,0.3442997932,0.0000000000,0.1868519634,0.0161606353,0.0000000000,0.0000000000,0.0926042870,0.3459661007,0.0463531092,0.0032242471,0.0000000000,0.1118594781,0.1375644654,0.1147752553,0.1799755692,0.0350808240,0.0000000000,0.0484381989,0.0393152088,0.0000000000,0.0000000000,0.0501254648,0.0485286824,0.2257242948,0.2173882872,0.1182755902,0.0469061919,0.1423247755,0.0729167908,0.0518259890,0.0539642498,0.1608325839,0.1445648968,0.0234610736,0.0226436574,0.0968021452,0.0958930030,0.1184193194,0.0000000000,0.0000000000,0.0404297411,0.0934967771,0.1079828590,0.1273735762,0.1324369609,0.0000005020,0.0000000000,0.0000000000,0.0000000000,-0.0098077310,0.1141468883,-0.0011243913,0.0694184080,0.1141501963,0.0079521649
20:20:08:04.503,61,0.0000000000,0.1870074123,0.1136556566,0.0000000000,0.0000000000,0.0929860473,0.3586398959,0.0000000000,0.1874397248,0.0169370100,0.0000000000,0.0000000000,0.0930368602,0.3602219224,0.0466364548,0.0034138232,0.0000000000,0.1125069261,0.1380282938,0.1150803268,0.1797382236,0.0348062366,0.0000000000,0.0489682853,0.0401060767,0.0000000000,0.0000000000,0.0503476970,0.0487596095,0.2257322520,0.2173384577,0.1181730255,0.0472013652,0.1419270933,0.0727835074,0.0518426150,0.0539783053,0.1626900136,0.1464146674,0.0235628933,0.0227619391,0.1072696671,0.1063432992,0.1186304912,0.0000000000,0.0000000000,0.0403734818,0.0936567411,0.1081481427,0.1273304075,0.1324684769,0.0000005042,0.0000000000,0.0000000000,0.0000000000,-0.0102784801,0.1145064980,-0.0011821025,0.0689750537,0.1145098135,0.0079265712
20:20:08:05.504,61,0.0000000000,0.1875564158,0.1127302870,0.0000000000,0.0000000000,0.0934102088,0.3681851923,0.0000000000,0.1879815459,0.0178883243,0.0000000000,0.0000000000,0.0934621394,0.3697144091,0.0470003970,0.0035699620,0.0000000000,0.1162789911,0.1412326843,0.1158441082,0.1907948703,0.0344895422,0.0000000000,0.0490315780,0.0404607356,0.0000000000,0.0000000000,0.0504749157,0.0489122048,0.2257193774,0.2173675299,0.1180344671,0.0475321114,0.1416268051,0.0726363137,0.0518806353,0.0540155582,0.1637088060,0.1479113102,0.0236423742,0.0228644554,0.1100242436,0.1090912968,0.1186465025,0.0000000000,0.0000000000,0.0403901003,0.0939302072,0.1085103825,0.1276006997,0.1328666508,0.0000003849,0.0000000000,0.0000000000,0.0000000000,-0.0108553898,0.1148382053,-0.0012520972,0.0684108287,0.1148415059,0.0078848079
20:20:08:06.505,61,0.0000000000,0.1875430197,0.1117643788,0.0000000000,0.0000000000,0.0939325541,0.3962222040,0.0000000000,0.1879592687,0.0189027712,0.0000000000,0.0000000000,0.0939863250,0.3978279829,0.0474049300,0.0038045517,0.0000000000,0.1216441914,0.1454916745,0.1169925630,0.1945243776,0.0346446931,0.0000000000,0.0486816429,0.0390318036,0.0000000000,0.0000000000,0.0505658872,0.0490411147,0.2263825685,0.2185845226,0.1179546565,0.0479400754,0.1412626356,0.0723807886,0.0518344715,0.0539623164,0.1650215387,0.1489683241,0.0236708988,0.0228834637,0.1110719219,0.1101214886,0.1189227030,0.0000000000,0.0000000000,0.0403357036,0.0941221341,0.1087468565,0.1277251393,0.1330666989,0.0000001167,0.0000000000,0.0000000000,0.0000000000,-0.0114710126,0.1148253754,-0.0013229531,0.0678247437,0.1148286983,0.0078164842
20:20:08:07.506,61,0.0000000000,0.1876162738,0.1113601774,0.0000000000,0.0000000000,0.0945439041,0.4314992130,0.0000000000,0.1880289018,0.0193786994,0.0000000000,0.0000000000,0.0945987850,0.4331616163,0.0478277989,0.0039868448,0.0000000000,0.1236153692,0.1471052021,0.1176802143,0.1962564141,0.0344692506,0.0000000000,0.0467234850,0.0373145491,0.0000000000,0.0000000000,0.0506273806,0.0491291396,0.2270891964,0.2200663835,0.1180523112,0.0483656079,0.1410370618,0.0721881539,0.0518595092,0.0539980493,0.1658221185,0.1497142762,0.0236794651,0.0229041297,0.1116179451,0.1106491536,0.1190535650,0.0000000000,0.0000000000,0.0403348766,0.0942934528,0.1089364439,0.1278432608,0.1332827359,0.0000000116,0.0000000000,0.0000000000,0.0000000000,-0.0117597701,0.1148683131,-0.0013567656,0.0675791055,0.1148716211,0.0077911578
20:20:08:08.507,61,0.0000000000,0.1904537678,0.1103380993,0.0000000000,0.0000000000,0.0950141400,0.4796078801,0.0000000000,0.1908629090,0.0205162875,0.0000000000,0.0000000000,0.0950710177,0.4813121259,0.0483751856,0.0042390954,0.0000000000,0.1294511110,0.1500172615,0.1191282049,0.2055186182,0.0346535370,0.0000000000,0.0405118912,0.0298097488,0.0000000000,0.0000000000,0.0506276116,0.0491493791,0.2307715118,0.2241843939,0.1182029918,0.0489704795,0.1407808214,0.0719260126,0.0518963635,0.0540695377,0.1683119833,0.1510142833,0.0236971546,0.0229164530,0.1089318246,0.1078123525,0.1191746891,0.0000000000,0.0000000000,0.0404864140,0.0944823399,0.1092076823,0.1281739771,0.1337845922,0.0000000120,0.0000000000,0.0000000000,0.0000000000,-0.0124475975,0.1166005954,-0.0014579722,0.0669453889,0.1166039854,0.0078356545
20:20:08:09.508,61,0.0000000000,0.1945924759,0.1107103899,0.0000000000,0.0000000000,0.0954645127,0.5194674134,0.0000000000,0.1950136721,0.0202881154,0.0000000000,0.0000000000,0.0955236256,0.5212268829,0.0497620963,0.0044033099,0.0000000000,0.1388772875,0.1555613577,0.1212801710,0.2241046429,0.0350878127,0.0000000000,0.0362142362,0.0225818735,0.0000000000,0.0000000000,0.0505820625,0.0491080284,0.2323486805,0.2263059914,0.1185234934,0.0503154695,0.1406494379,0.0716808513,0.0520215333,0.0542335100,0.1707722694,0.1524447501,0.0236914009,0.0228902195,0.0817946717,0.0800050646,0.1195071563,0.0000000000,0.0000000000,0.0407659933,0.0948730335,0.1096399203,0.1286532581,0.1344210953,0.0000000211,0.0000000000,0.0000000000,0.0000000000,-0.0123054674,0.1191361547,-0.0014729633,0.0671511665,0.1191395745,0.0080322186
20:20:08:10.510,61,0.0000000000,0.1978095323,0.1113326475,0.0000000000,0.0000000000,0.0957609341,0.5124698877,0.0000000000,0.1982433796,0.0197659489,0.0000000000,0.0000000000,0.0958230570,0.5144878626,0.0511701219,0.0047833552,0.0000000000,0.1455785781,0.1620317250,0.1280723661,0.2352950722,0.0435264297,0.0000000000,0.0334974304,0.0150679713,0.0000000000,0.0000000000,0.0505044982,0.0490350127,0.2356678694,0.2278741598,0.1186676249,0.0511611998,0.1405498087,0.0714048296,0.0520270281,0.0542521924,0.1725514978,0.1533893198,0.0236914083,0.0228111036,0.0462485738,0.0455123521,0.1241341606,0.0000000000,0.0000000000,0.0410441682,0.0952944756,0.1099751219,0.1288823038,0.1346496046,0.0000000266,0.0000000000,0.0000000000,0.0000000000,-0.0119858980,0.1211087331,-0.0014586999,0.0675125793,0.1211122423,0.0082103908
20:20:08:11.510,61,0.0000000000,0.2023824602,0.1119663417,0.0000000000,0.0000000000,0.0959398746,0.5124315619,0.0000000000,0.2028321922,0.0192463733,0.0000000000,0.0000000000,0.0960059166,0.5146988034,0.0523618534,0.0053401603,0.0000000000,0.1537800580,0.1687571704,0.1347766221,0.2460031509,0.0526885688,0.0000000000,0.0323949866,0.0120540271,0.0000000000,0.0000000000,0.0504602529,0.0489928722,0.2375127673,0.2288598120,0.1185910106,0.0519584976,0.1403776556,0.0710799694,0.0519289933,0.0541530177,0.1763365269,0.1552410573,0.0237303507,0.0227222797,0.0235259533,0.0225069989,0.1321037263,0.0000000000,0.0000000000,0.0411577635,0.0957958698,0.1103007570,0.1290290803,0.1346943825,0.0000003621,0.0000000000,0.0000000000,0.0000000000,-0.0116668064,0.1239116192,-0.0014530635,0.0678735226,0.1239151955,0.0084471852
20:20:08:12.512,61,0.0000000000,0.2013900280,0.1109643877,0.0000000000,0.0000000000,0.0959605798,0.4890833199,0.0000000000,0.2018278241,0.0202293508,0.0000000000,0.0000000000,0.0960318446,0.4918390512,0.0532243215,0.0065312623,0.0000000000,0.1583417803,0.1736679077,0.1423530579,0.2532991767,0.0603785962,0.0000000000,0.0317258388,0.0097845420,0.0000000000,0.0000000000,0.0504419506,0.0489934199,0.2406811565,0.2301550210,0.1182489097,0.0525860824,0.1401829571,0.0707452446,0.0516822860,0.0538771637,0.1779749840,0.1562316567,0.0237862747,0.0226131361,0.0076342793,0.0061174110,0.1433266848,0.0000000000,0.0000000000,0.0411179997,0.0961638466,0.1104291081,0.1287851334,0.1342099309,0.0000004546,0.0000000000,0.0000000000,0.0000000000,-0.0122636044,0.1232989281,-0.0015197595,0.0672712177,0.1233024970,0.0083305230
20:20:08:13.513,61,0.0000000000,0.1956707984,0.1072341427,0.0000000000,0.0000000000,0.0969234109,0.4748550057,0.0000000000,0.1960608512,0.0239894409,0.0000000000,0.0000000000,0.0970252678,0.4784543514,0.0543671437,0.0091220932,0.0000000000,0.1696700305,0.1831608564,0.1519548893,0.2571032643,0.0678132996,0.0000000000,0.0314259008,0.0081087006,0.0000000000,0.0000000000,0.0505177826,0.0491177775,0.2451314330,0.2325975895,0.1178036705,0.0540296808,0.1391537637,0.0701587647,0.0513550527,0.0534991324,0.1797567904,0.1571125388,0.0237864554,0.0224288348,0.0000000000,0.0000000000,0.1556364745,0.0037816893,0.0059899632,0.0410289653,0.0967477635,0.1107458845,0.1280880123,0.1315410137,0.0000005574,0.0000000000,0.0000000000,0.0000000000,-0.0145493327,0.1197795048,-0.0017510306,0.0650375709,0.1197829545,0.0078221885
20:20:08:14.514,61,0.0000000000,0.1211828142,0.0927640870,0.0000000000,0.0000000000,0.1219856441,0.5095675588,0.0000000000,0.1213423237,0.0370655283,0.0000000000,0.0000000000,0.1222675517,0.5135373473,0.0603983775,0.0281828698,0.0000000000,0.2185609192,0.2136140913,0.1652184725,0.2587693930,0.0826412886,0.0000000000,0.0290716197,0.0000000000,0.0000000000,0.0110093113,0.0508513711,0.0494672656,0.2976993322,0.2808002234,0.1178816929,0.0648726672,0.1345200688,0.0675343126,0.0510170683,0.0530526973,0.1881576777,0.1600966305,0.0236336906,0.0220639501,0.0000000000,0.0000000000,0.1708415747,0.0136078596,0.0170223862,0.0408906527,0.1009705439,0.1118368357,0.1210531965,0.1207049266,0.0000010696,0.0000000000,0.0000000000,0.0000000000,-0.0225798599,0.0741427466,-0.0016770632,0.0565110035,0.0741449445,0.0041954420
20:20:08:15.515,61,0.0000000000,0.0000000000,0.0409700163,0.0000000000,0.0089178737,0.1654133797,0.5696082115,0.0000000000,0.0000000000,0.0861191973,0.0000000000,0.0089085037,0.1660224944,0.5732910633,0.0654729307,0.0379396826,0.0000000000,0.2360574007,0.2257432938,0.1735252440,0.2599349618,0.0898375884,0.0000000000,0.0279832892,0.0000000000,0.0000000000,0.0177583583,0.0512804799,0.0499255024,0.3114110529,0.2933908999,0.1175058261,0.0732321367,0.1241329610,0.0634592474,0.0506722108,0.0525541827,0.1991446316,0.1655646712,0.0233771987,0.0215961039,0.0000000000,0.0000000000,0.1826947182,0.0180397518,0.0217326507,0.0405905247,0.1077806354,0.1159974560,0.1128666550,0.1123249829,0.0000012322,0.0000000000,0.0000000000,0.0000000000,-0.0526068285,-0.0038924525,0.0002046762,0.0250269696,-0.0038923747,-0.0000974047
20:20:08:16.515,61,0.0000000000,0.0000000000,0.0000000000,0.0259171575,0.1302448958,0.2211124152,0.6267798543,0.0000000000,0.0000000000,0.1506936401,0.0000000000,0.1297078133,0.2219891250,0.6297633648,0.0683165044,0.0414519608,0.0000000000,0.2533639371,0.2314992249,0.2244505286,0.2684257627,0.0911622941,0.0000000000,0.0271883104,0.0000000000,0.0000000000,0.0212737992,0.0516928658,0.0504569747,0.2997458577,0.2978281975,0.0854087248,0.0779968500,0.1046885401,0.0588682331,0.0501142032,0.0516532362,0.2271718830,0.1874949038,0.0233089309,0.0213395320,0.0000000000,0.0000000000,0.2187777013,0.0208229534,0.0246688947,0.0401563086,0.1150098518,0.1256638765,0.1079882234,0.1086623222,0.0000028932,0.0000000000,0.0000000000,0.0000000000,-0.0919057131,-0.0568358265,0.0052217641,-0.0158063285,-0.0568371527,0.0008993178
20:20:08:17.517,61,0.0000000000,0.0000000000,0.0000000000,0.0385391042,0.1467224807,0.2599117458,0.6757388115,0.0000000000,0.0000000000,0.1621983796,0.0000000000,0.1460417807,0.2610380352,0.6779657602,0.0708735809,0.0454396233,0.0000000000,0.2671993375,0.2265035510,0.2638306916,0.2710073590,0.0714570656,0.0000000000,0.0257349350,0.0000000000,0.0000000000,0.0220986549,0.0521123782,0.0510018244,0.2984365523,0.3003852069,0.0708766282,0.0800378844,0.0948342085,0.0563398674,0.0494498648,0.0503150225,0.2516878545,0.2069931030,0.0235762298,0.0214605313,0.0000000000,0.0000000000,0.2471325845,0.0281566568,0.0321469121,0.0389343910,0.1175541878,0.1288830340,0.1037398875,0.1064616069,0.0000048534,0.0000000000,0.0000000000,0.0000000000,-0.0988796055,-0.0640359595,0.0063301083,-0.0234939605,-0.0640374571,0.0015064138
20:20:08:18.518,61,0.0000000000,0.0000000000,0.0000000000,0.0192897115,0.0990416929,0.2739962339,0.7138487697,0.0000000000,0.0000000000,0.1440449506,0.0000000000,0.0986636505,0.2751406729,0.7155036926,0.0734667033,0.0494750328,0.0000000000,0.2729913890,0.1785698384,0.2793416679,0.2641408741,0.0551728867,0.0000000000,0.0158313774,0.0000000000,0.0000000000,0.0229086876,0.0524881035,0.0513692126,0.2978817821,0.3013122082,0.0610178150,0.0802555904,0.0886851624,0.0549522825,0.0483035669,0.0486205518,0.2777971923,0.2307553142,0.0255513918,0.0230122730,0.0000000000,0.0000000000,0.2650717497,0.0392353982,0.0429841094,0.0362357795,0.1185950935,0.1303328425,0.1004227400,0.1049840450,0.0000124471,0.0000000000,0.0000000000,0.0000000000,-0.0879103169,-0.0432171263,0.0037966855,-0.0117724147,-0.0432180949,0.0005090866
20:20:08:19.518,61,0.0000000000,0.0000000000,0.0215265714,0.0000000000,0.1136806160,0.2797951996,0.7278967500,0.0000000000,0.0000000000,0.1027402207,0.0000000000,0.1134644076,0.2808559537,0.7293308377,0.0748359114,0.0512039512,0.0000000000,0.2758281231,0.1658598930,0.2873324156,0.2520633936,0.0457087308,0.0000000000,0.0119802812,0.0000000000,0.0000000000,0.0228834711,0.0528090894,0.0516222306,0.2977202535,0.3007317185,0.0560208298,0.0775144249,0.0852589980,0.0540705249,0.0470295735,0.0470453799,0.2878400087,0.2406332791,0.0281802025,0.0256514363,0.0000000000,0.0000000000,0.3001741469,0.0756526738,0.0791182891,0.0331344940,0.1189564168,0.1310116947,0.0987181067,0.1040769815,0.0000181670,0.0000000000,0.0000000000,0.0000000000,-0.0626834333,-0.0496056862,0.0031099601,0.0131336590,-0.0496068001,-0.0006520350
20:20:08:20.520,61,0.0000000000,0.0000000000,0.0497779213,0.0000000000,0.0921510980,0.2682762444,0.7224722505,0.0000000000,0.0000000000,0.0746044889,0.0000000000,0.0920960456,0.2689505219,0.7238528728,0.0759063140,0.0515005700,0.0000000000,0.2769286335,0.1594997495,0.3009050190,0.2480871677,0.0373349935,0.0000000000,0.0000000000,0.0000000000,0.0009928346,0.0250791200,0.0530772842,0.0517991297,0.2977143526,0.3003255725,0.0532399341,0.0749299899,0.0832317322,0.0534645766,0.0461226180,0.0460156165,0.2926787436,0.2454847693,0.0302896164,0.0283825845,0.0000000000,0.0000000000,0.3225940764,0.1152272671,0.1182804480,0.0316834599,0.1187408864,0.1310739070,0.0975848585,0.1035168096,0.0000211926,0.0000000000,0.0000000000,0.0000000000,-0.0455364734,-0.0402261987,0.0018321124,0.0303830188,-0.0402270742,-0.0012226908
20:20:08:21.521,61,0.0000000000,0.0000000000,0.0566862971,0.0000000000,0.0890208781,0.2556332052,0.7213956714,0.0000000000,0.0000000000,0.0678009242,0.0000000000,0.0889959782,0.2560725510,0.7227756977,0.0777842924,0.0446775258,0.0000000000,0.2777388096,0.1582336128,0.3158169091,0.2459589690,0.0333805941,0.0000000000,0.0000000000,0.0000000000,0.0541002080,0.0822193995,0.0533304177,0.0519383810,0.2981753647,0.3005994260,0.0516400859,0.0729995742,0.0820310041,0.0530901700,0.0453207456,0.0451503284,0.2898564041,0.2470827848,0.0315557048,0.0299696419,0.0000000000,0.0000000000,0.3325837255,0.1329287887,0.1360938102,0.0306983422,0.1177549213,0.1299500316,0.0967009515,0.1030077860,0.0000242130,0.0000000000,0.0000000000,0.0000000000,-0.0413859934,-0.0388651118,0.0016088209,0.0346015617,-0.0388659649,-0.0013452313
20:20:08:22.522,61,0.0000000000,0.0000000000,0.0679587796,0.0000000000,0.0796995685,0.2465963513,0.7212065458,0.0000000000,0.0000000000,0.0565377325,0.0000000000,0.0797190219,0.2468908876,0.7225614190,0.0789568573,0.0220848713,0.0000000000,0.2777450383,0.1572845727,0.3210676610,0.2377546579,0.0298114493,0.0000000000,0.0000000000,0.0000000000,0.0689886212,0.0969382375,0.0534961112,0.0519763082,0.2986153960,0.3009169698,0.0507028587,0.0708345249,0.0812656507,0.0528767817,0.0441102274,0.0442319214,0.2875845730,0.2476491034,0.0325693041,0.0314442255,0.0000000000,0.0000000000,0.3477437496,0.1526326388,0.1552649438,0.0298382919,0.1168844253,0.1290863305,0.0955365971,0.1024211943,0.0000186541,0.0000000000,0.0000000000,0.0000000000,-0.0345160440,-0.0348047279,0.0012015674,0.0414885469,-0.0348054618,-0.0014441960
20:20:08:23.523,61,0.0000000000,0.0000000000,0.0568966120,0.0000000000,0.0743586347,0.2425836176,0.7254170179,0.0000000000,0.0000000000,0.0678277090,0.0000000000,0.0743381903,0.2428161353,0.7267062068,0.0805044994,0.0159510132,0.0000000000,0.2790969014,0.1645312607,0.3234120905,0.2347806245,0.0282604117,0.0000000000,0.0000000000,0.0000000000,0.0766959935,0.1046359017,0.0537435040,0.0521003008,0.3054061234,0.3066336215,0.0503563806,0.0700413212,0.0805028304,0.0524330810,0.0428630821,0.0432537347,0.2866630256,0.2476410717,0.0330312625,0.0320648029,0.0000000000,0.0000000000,0.3659844697,0.1617843807,0.1644570082,0.0290791318,0.1160979494,0.1282942593,0.0926588625,0.1005998254,0.0000160065,0.0000000000,0.0000000000,0.0000000000,-0.0414117910,-0.0324639976,0.0013444795,0.0347378552,-0.0324646570,-0.0011279220
20:20:08:24.524,61,0.0000000000,0.0000000000,0.0421195924,0.0000000000,0.0748417974,0.2389428914,0.7317395210,0.0000000000,0.0000000000,0.0824958384,0.0000000000,0.0747700259,0.2391420901,0.7329060435,0.0814304128,0.0111967828,0.0000000000,0.2797436118,0.1732551754,0.3249948025,0.2332898825,0.0272354446,0.0000000000,0.0000000000,0.0000000000,0.0812505037,0.1096830964,0.0539094470,0.0521724522,0.3097202480,0.3176238835,0.0503248982,0.0695433915,0.0799985155,0.0520405211,0.0415874086,0.0422958881,0.2722738385,0.2364400178,0.0331967585,0.0323308855,0.0000000000,0.0000000000,0.3746326566,0.1667317003,0.1693851650,0.0284496378,0.1150467843,0.1272798628,0.0903919563,0.0991179347,0.0000157165,0.0000000000,0.0000000000,0.0000000000,-0.0503669977,-0.0326660164,0.0016451776,0.0257156789,-0.0326666981,-0.0008402524
20:20:08:25.525,61,0.0000000000,0.0000000000,0.0289108064,0.0000000000,0.0595366359,0.2318174839,0.7359776497,0.0000000000,0.0000000000,0.0958294049,0.0000000000,0.0594428144,0.2320023030,0.7370879054,0.0820235610,0.0090453355,0.0000000000,0.2799017429,0.1767961979,0.3275524676,0.2326880246,0.0265340060,0.0000000000,0.0000000000,0.0000000000,0.0875359252,0.1180909425,0.0539302975,0.0520936176,0.3142923415,0.3228941560,0.0503962673,0.0690077543,0.0797077492,0.0517546535,0.0405840166,0.0414640456,0.2623154223,0.2255558372,0.0332744978,0.0324718580,0.0000000000,0.0000000000,0.3791800141,0.1729197353,0.1756516993,0.0279447436,0.1120249927,0.1247543320,0.0888642147,0.0981009007,0.0000131533,0.0000000000,0.0000000000,0.0000000000,-0.0585191436,-0.0259813033,0.0015198768,0.0176546499,-0.0259818081,-0.0004587791
20:20:08:26.526,61,0.0000000000,0.0000000000,0.0304059759,0.0000000000,0.0529809594,0.2261708528,0.7375980616,0.0000000000,0.0000000000,0.0943586528,0.0000000000,0.0529011413,0.2263540626,0.7386873960,0.0824847072,0.0078299940,0.0000000000,0.2801207602,0.1793210059,0.3302515745,0.2320518345,0.0260270145,0.0000000000,0.0000000000,0.0000000000,0.0908682346,0.1221104115,0.0539948419,0.0520592667,0.3206274807,0.3288196325,0.0505839363,0.0685597286,0.0794552416,0.0514603853,0.0397328995,0.0406901762,0.2582842708,0.2215086371,0.0332719535,0.0325183384,0.0000000000,0.0000000000,0.3842703402,0.1871380955,0.1898931712,0.0274456572,0.1097928286,0.1228465885,0.0878492668,0.0973218754,0.0000121130,0.0000000000,0.0000000000,0.0000000000,-0.0576250553,-0.0231208615,0.0013318403,0.0185689908,-0.0231212918,-0.0004293909
20:20:08:27.526,61,0.0000000000,0.0000000000,0.0324450359,0.0000000000,0.0633671209,0.2236740142,0.7387034893,0.0000000000,0.0000000000,0.0921435356,0.0000000000,0.0632779822,0.2238596678,0.7397875786,0.0829610974,0.0072118933,0.0000000000,0.2809186876,0.1903790683,0.3315405548,0.2320057452,0.0260990132,0.0000000000,0.0000000000,0.0000000000,0.0939205438,0.1278682798,0.0540213548,0.0520225465,0.3251830637,0.3341645300,0.0510189123,0.0684117004,0.0792159140,0.0510724150,0.0389695093,0.0399624966,0.2552294433,0.2180869877,0.0330681577,0.0323173702,0.0000000000,0.0000000000,0.3924963474,0.2004354149,0.2033964843,0.0269921646,0.1083359420,0.1215700060,0.0870182216,0.0965909809,0.0000100362,0.0000000000,0.0000000000,0.0000000000,-0.0562658124,-0.0276540015,0.0015555493,0.0198119693,-0.0276545472,-0.0005479949
20:20:08:28.527,61,0.0000000000,0.0000000000,0.0253332648,0.0000000000,0.0682308450,0.2222114950,0.7397961020,0.0000000000,0.0000000000,0.0990588367,0.0000000000,0.0681128055,0.2223997116,0.7408920527,0.0833151862,0.0064703505,0.0000000000,0.2825205922,0.1948848367,0.3320856690,0.2318251729,0.0259889700,0.0000000000,0.0000000000,0.0000000000,0.0956199840,0.1302171499,0.0539975762,0.0519446209,0.3270111680,0.3363875747,0.0515206829,0.0683339685,0.0789647549,0.0506608300,0.0382010415,0.0392128862,0.2514778674,0.2153521776,0.0327703841,0.0320442654,0.0000000000,0.0000000000,0.3986250162,0.2122494280,0.2152862847,0.0264975168,0.1067976505,0.1199210659,0.0862002596,0.0958223939,0.0000074287,0.0000000000,0.0000000000,0.0000000000,-0.0604848526,-0.0297742840,0.0018003252,0.0154683553,-0.0297748856,-0.0004606862
20:20:08:29.528,61,0.0000000000,0.0000000000,0.0213824306,0.0000000000,0.0886749774,0.2214899063,0.7420673370,0.0000000000,0.0000000000,0.1026176214,0.0000000000,0.0885066241,0.2216821909,0.7431840897,0.0835796446,0.0055645346,0.0000000000,0.2830742896,0.1951218396,0.3287759721,0.2243020684,0.0257009808,0.0000000000,0.0000000000,0.0000000000,0.0926335081,0.1291672438,0.0540049039,0.0519077554,0.3278466165,0.3377092481,0.0518646911,0.0681582019,0.0784738809,0.0501795039,0.0374844670,0.0385026522,0.2538475990,0.2169662863,0.0325090699,0.0318102501,0.0000000000,0.0000000000,0.4085173607,0.2211908400,0.2240746617,0.0259484630,0.1048224568,0.1169315130,0.0839589685,0.0934167579,0.0000078340,0.0000000000,0.0000000000,0.0000000000,-0.0626387447,-0.0386942215,0.0024233775,0.0130520090,-0.0386950560,-0.0005052860
20:20:08:30.530,61,0.0000000000,0.0000000000,0.0145739550,0.0000000000,0.1101412699,0.2212855965,0.7451720834,0.0000000000,0.0000000000,0.1090182886,0.0000000000,0.1098993868,0.2214833200,0.7462858558,0.0837619081,0.0045413952,0.0000000000,0.2830426097,0.1955244988,0.3257323802,0.2222262621,0.0252686609,0.0000000000,0.0000000000,0.0000000000,0.0920230523,0.1291886866,0.0538884439,0.0517586060,0.3279805481,0.3386092484,0.0522603430,0.0680071115,0.0780132562,0.0496777408,0.0368379653,0.0378430746,0.2538701594,0.2170108557,0.0321324766,0.0314747430,0.0000000000,0.0000000000,0.4121912718,0.2262347341,0.2290318757,0.0254410058,0.1022000611,0.1138015017,0.0824239701,0.0920975059,0.0000080691,0.0000000000,0.0000000000,0.0000000000,-0.0665188134,-0.0480590127,0.0031969226,0.0088924440,-0.0480601005,-0.0004276953
20:20:08:31.531,61,0.0000000000,0.0000000000,0.0075701810,0.0000000000,0.0974192619,0.2194816172,0.7487772703,0.0000000000,0.0000000000,0.1161670089,0.0000000000,0.0971732736,0.2197006643,0.7499214411,0.0840932131,0.0038107517,0.0000000000,0.2838554680,0.1959312856,0.3246296048,0.2215354294,0.0249260757,0.0000000000,0.0000000000,0.0000000000,0.0923218504,0.1296880394,0.0538210161,0.0516700596,0.3281745315,0.3397420049,0.0527649559,0.0678720176,0.0778171718,0.0493538417,0.0362310149,0.0372228734,0.2512279153,0.2155831754,0.0318217054,0.0311985556,0.0000000000,0.0000000000,0.4119346440,0.2283132523,0.2310966700,0.0249487273,0.1000054479,0.1116343811,0.0814742446,0.0911989510,0.0000077204,0.0000000000,0.0000000000,0.0000000000,-0.0708985180,-0.0425066911,0.0030129428,0.0046201828,-0.0425076261,-0.0001965107
20:20:08:32.532,61,0.0000000000,0.0000000000,0.0061783409,0.0000000000,0.0759049878,0.2144458890,0.7595738769,0.0000000000,0.0000000000,0.1179516092,0.0000000000,0.0757071525,0.2146957070,0.7606917024,0.0845251977,0.0039420687,0.0000000000,0.2881668508,0.1962861866,0.3273866475,0.2355016023,0.0246890672,0.0000000000,0.0000000000,0.0000000000,0.0939417779,0.1305311769,0.0537761599,0.0515707545,0.3286350369,0.3412217796,0.0530552827,0.0676882789,0.0777640715,0.0491753668,0.0357345454,0.0367020704,0.2501270771,0.2144809663,0.0316493139,0.0310489610,0.0000000000,0.0000000000,0.3857070804,0.2185180038,0.2215842307,0.0245839376,0.0970311537,0.1091771722,0.0807180777,0.0904912055,0.0000062676,0.0000000000,0.0000000000,0.0000000000,-0.0720131695,-0.0331193469,0.0023838356,0.0037720639,-0.0331200287,-0.0001249763
20:20:08:33.534,61,0.0000000000,0.0000000000,0.0014007114,0.0000000000,0.0607605316,0.2107977718,0.7690341473,0.0000000000,0.0000000000,0.1229943559,0.0000000000,0.0605880357,0.2111012489,0.7701963186,0.0848801509,0.0064506042,0.0000000000,0.2936297655,0.1987323910,0.3277049065,0.2408432961,0.0248576775,0.0000000000,0.0000000000,0.0000000000,0.0948124677,0.1311821789,0.0538356192,0.0516049638,0.3294127584,0.3436513841,0.0535082892,0.0678849667,0.0776743442,0.0488791987,0.0353202112,0.0362559929,0.2474783063,0.2107059807,0.0313347653,0.0307379365,0.0000000000,0.0000000000,0.3749220073,0.2023345530,0.2060288489,0.0242986120,0.0952435061,0.1078550071,0.0800904706,0.0898961574,0.0000039130,0.0000000000,0.0000000000,0.0000000000,-0.0751066655,-0.0265112724,0.0019897656,0.0008553452,-0.0265117921,-0.0000226820
20:20:08:34.535,61,0.0000000000,0.0000000000,0.0000000000,0.0032225184,0.0546937101,0.2082941979,0.7763841748,0.0000000000,0.0000000000,0.1276466250,0.0000000000,0.0545266643,0.2086415589,0.7775496244,0.0853513554,0.0153708085,0.0000000000,0.3032708168,0.1997605562,0.3281332850,0.2416422069,0.0251183063,0.0000000000,0.0000000000,0.0000000000,0.1002054438,0.1353725195,0.0540128350,0.0517445914,0.3466794193,0.3582022488,0.0539341159,0.0679950714,0.0776561573,0.0486745909,0.0348804966,0.0357738957,0.2462357432,0.2088200152,0.0311296936,0.0305249337,0.0000000000,0.0000000000,0.3699224889,0.1968789399,0.2007007748,0.0239224471,0.0940480679,0.1068737730,0.0795360953,0.0893357918,0.0000026378,0.0000000000,0.0000000000,0.0000000000,-0.0779527798,-0.0238642283,0.0018587502,-0.0019679640,-0.0238646790,0.0000469737
20:20:08:35.535,61,0.0000000000,0.0000000000,0.0000000000,0.0105019845,0.0616647638,0.2069282383,0.7801404595,0.0000000000,0.0000000000,0.1348087639,0.0000000000,0.0614559539,0.2073033601,0.7813255787,0.0857041329,0.0183490291,0.0000000000,0.3064300716,0.2048002183,0.3278398812,0.2428856939,0.0255634859,0.0000000000,0.0000000000,0.0000000000,0.1022608355,0.1374607831,0.0540634096,0.0517984405,0.3511724472,0.3624653816,0.0545067638,0.0682042167,0.0777070373,0.0484256595,0.0345441326,0.0353858210,0.2421657294,0.2047909945,0.0307786018,0.0301597882,0.0000000000,0.0000000000,0.3628318608,0.1928474009,0.1967429072,0.0236290004,0.0927274898,0.1059449986,0.0791089013,0.0889073759,0.0000020726,0.0000000000,0.0000000000,0.0000000000,-0.0823203176,-0.0269063562,0.0022129696,-0.0064129755,-0.0269068833,0.0001725936
20:20:08:36.536,61,0.0000000000,0.0000000000,0.0000000000,0.0085986657,0.0579517335,0.2055040002,0.7830235958,0.0000000000,0.0000000000,0.1331182718,0.0000000000,0.0577599965,0.2059007883,0.7842118144,0.0861294344,0.0200730618,0.0000000000,0.3079126477,0.2063833475,0.3281472027,0.2437999547,0.0259313919,0.0000000000,0.0000000000,0.0000000000,0.1047674790,0.1413226724,0.0541349575,0.0518567748,0.3534650207,0.3649833500,0.0549033508,0.0683067068,0.0778128877,0.0482731089,0.0343071893,0.0350876637,0.2406095564,0.2031726837,0.0305608828,0.0299186911,0.0000000000,0.0000000000,0.3441700041,0.1791436225,0.1829913259,0.0233964454,0.0911908522,0.1044124067,0.0788594559,0.0886610821,0.0000023419,0.0000000000,0.0000000000,0.0000000000,-0.0812914371,-0.0252860691,0.0020537127,-0.0052509466,-0.0252865590,0.0001328061
20:20:08:37.537,61,0.0000000000,0.0000000000,0.0000000000,0.0066617415,0.0492504239,0.2045208216,0.7848664522,0.0000000000,0.0000000000,0.1314336061,0.0000000000,0.0490913428,0.2049301118,0.7860510349,0.0864488259,0.0209844001,0.0000000000,0.3086347282,0.2089663893,0.3281373680,0.2523741424,0.0264622495,0.0000000000,0.0000000000,0.0000000000,0.1060034707,0.1429253668,0.0541621074,0.0518859439,0.3541370332,0.3660849333,0.0553062595,0.0685314611,0.0779758096,0.0481112711,0.0341502018,0.0348786414,0.2386469841,0.2012760192,0.0303050429,0.0296352580,0.0000000000,0.0000000000,0.3286207020,0.1673336774,0.1711732447,0.0232547391,0.0902128518,0.1034968942,0.0787751377,0.0886156410,0.0000026942,0.0000000000,0.0000000000,0.0000000000,-0.0802697614,-0.0214893389,0.0017233560,-0.0040684869,-0.0214897264,0.0000874439
20:20:08:38.539,61,0.0000000000,0.0000000000,0.0000000000,0.0047042724,0.0303341858,0.2031047791,0.7861869335,0.0000000000,0.0000000000,0.1297599822,0.0000000000,0.0302386843,0.2035303712,0.7873749137,0.0866737366,0.0218130592,0.0000000000,0.3114381731,0.2169368416,0.3283611834,0.2618201971,0.0272396877,0.0000000000,0.0000000000,0.0000000000,0.1086871102,0.1462243497,0.0542222448,0.0519496351,0.3542518616,0.3666049242,0.0557655841,0.0688623637,0.0782742277,0.0480131768,0.0339797474,0.0346509442,0.2303631902,0.1940503269,0.0300590601,0.0293538515,0.0000000000,0.0000000000,0.3104808331,0.1488313824,0.1531294137,0.0231496133,0.0894237831,0.1027949452,0.0787998661,0.0886681527,0.0000032614,0.0000000000,0.0000000000,0.0000000000,-0.0792589560,-0.0132356687,0.0010480081,-0.0028734251,-0.0132358409,0.0000380344
20:20:08:39.539,61,0.0000000000,0.0075267786,0.0016842540,0.0000000000,0.0000000000,0.2018941939,0.7907339931,0.0000000000,0.0075046667,0.1241180152,0.0000000000,0.0000000000,0.2023426592,0.7919477820,0.0872348249,0.0380236320,0.0000000000,0.3214667737,0.2297386825,0.3392432630,0.2739360929,0.0280262865,0.0000000000,0.0000000000,0.0000000000,0.1326586455,0.1662344486,0.0544092469,0.0521061309,0.3581640422,0.3713710308,0.0564330705,0.0693867654,0.0789011568,0.0480673909,0.0339374207,0.0345147923,0.2260977477,0.1895996630,0.0298477691,0.0291056111,0.0000000000,0.0000000000,0.2966850400,0.1416028589,0.1463276148,0.0231867339,0.0887385532,0.1022708789,0.0790108740,0.0889468193,0.0000028258,0.0000000000,0.0000000000,0.0000000000,-0.0758185983,0.0045975489,-0.0003482482,0.0010288415,0.0045978506,0.0000047305
20:20:08:40.541,61,0.0000000000,0.0220827330,0.0172112919,0.0000000000,0.0000000000,0.1979541034,0.7944549322,0.0000000000,0.0220341105,0.1090358496,0.0000000000,0.0000000000,0.1984302998,0.7956985235,0.0877839699,0.0484322086,0.0000000000,0.3245965540,0.2336722165,0.3431865871,0.2783681154,0.0293725301,0.0000000000,0.0000000000,0.0000000000,0.1391096264,0.1717844754,0.0545721687,0.0522442088,0.3604903519,0.3731346428,0.0569365807,0.0697171614,0.0796418935,0.0482453182,0.0339525603,0.0344214477,0.2242702842,0.1875960976,0.0298128743,0.0290003512,0.0000000000,0.0000000000,0.2856514752,0.1368281394,0.1419808865,0.0232195593,0.0880253091,0.1016773954,0.0794345960,0.0894298926,0.0000025397,0.0000000000,0.0000000000,0.0000000000,-0.0666001663,0.0134897809,-0.0008978120,0.0105128232,0.0134903193,0.0001418273
20:20:08:41.542,61,0.0000000000,0.0260234233,0.0607166439,0.0000000000,0.0000000000,0.1931253523,0.7958648205,0.0000000000,0.0260193571,0.0657315031,0.0000000000,0.0000000000,0.1935777962,0.7971262932,0.0883898214,0.0557947978,0.0000000000,0.3282519877,0.2352947146,0.3591521382,0.2804913223,0.0302901119,0.0000000000,0.0000000000,0.0000000000,0.1426353604,0.1748960018,0.0548141412,0.0524326116,0.3648108244,0.3744027615,0.0572377816,0.0698172599,0.0803053975,0.0485233441,0.0339220501,0.0342807472,0.2234139442,0.1864800453,0.0299709141,0.0290624257,0.0000000000,0.0000000000,0.2809168696,0.1343317032,0.1396514177,0.0232086182,0.0873456448,0.1010224372,0.0798734128,0.0898376480,0.0000029080,0.0000000000,0.0000000000,0.0000000000,-0.0401480161,0.0159071386,-0.0006385223,0.0370850042,0.0159077439,0.0005898532
20:20:08:42.542,61,0.0000000000,0.0064091473,0.1155523658,0.0000000000,0.0000000000,0.1911935359,0.7922666669,0.0000000000,0.0064301202,0.0100617651,0.0000000000,0.0000000000,0.1916400343,0.7936172485,0.0890866593,0.0590480417,0.0000000000,0.3300559521,0.2342824340,0.3678486645,0.2785523832,0.0313871913,0.0000000000,0.0000000000,0.0000000000,0.1444191039,0.1765448749,0.0551733188,0.0527332202,0.3744300902,0.3788959682,0.0573232695,0.0697049499,0.0808288902,0.0488081910,0.0339356251,0.0341893435,0.2249363363,0.1863639951,0.0302514657,0.0292293523,0.0000000000,0.0000000000,0.2781369686,0.1331436336,0.1385048330,0.0231660679,0.0866882205,0.1003117710,0.0804435015,0.0903512314,0.0000027788,0.0000000000,0.0000000000,0.0000000000,-0.0061463360,0.0039280113,-0.0000241428,0.0705863759,0.0039248983,0.0002768158
20:20:08:43.543,61,0.0000000000,0.0000000000,0.2014581859,0.0000000000,0.0473608747,0.1904106736,0.7871397734,0.0000000000,0.0000000000,0.0000000000,0.0779409409,0.0476592444,0.1908514500,0.7884739041,0.0897671431,0.0604439154,0.0000000000,0.3338440359,0.2337892652,0.3722601533,0.2657137811,0.0324506052,0.0000000000,0.0000000000,0.0000000000,0.1453123242,0.1774172336,0.0555877276,0.0530976057,0.3820668161,0.3844362795,0.0572595261,0.0694808587,0.0810794160,0.0489519909,0.0338481218,0.0340388417,0.2279713005,0.1871481538,0.0305084269,0.0293728281,0.0000000000,0.0000000000,0.2773084044,0.1350182444,0.1397645175,0.0230274294,0.0860716328,0.0994474888,0.0808754638,0.0906462446,0.0000043141,0.0000000000,0.0000000000,0.0000000000,0.0476011075,-0.0208188482,-0.0009907691,0.1230373904,-0.0208225101,-0.0025558525
20:20:08:44.545,61,0.0000000000,0.0000000000,0.2694670856,0.0000000000,0.0532448180,0.1901400983,0.7855141163,0.0000000000,0.0000000000,0.0000000000,0.1473249048,0.0537473150,0.1905683279,0.7868326902,0.0920766070,0.0586267449,0.0000000000,0.3360091448,0.2334942371,0.3750823140,0.2618416548,0.0330581106,0.0000000000,0.0000000000,0.0000000000,0.1460232437,0.1781435013,0.0559703037,0.0534249507,0.3882223666,0.3914594054,0.0571752526,0.0693194121,0.0813150704,0.0490752459,0.0337304324,0.0338869803,0.2305849493,0.1886870265,0.0307489932,0.0295193940,0.0000000000,0.0000000000,0.2781589031,0.1457788050,0.1494320929,0.0228773840,0.0855335817,0.0984367058,0.0814090297,0.0910128728,0.0000077258,0.0000000000,0.0000000000,0.0000000000,0.0899708644,-0.0235469472,-0.0021160699,0.1645632535,-0.0235506576,-0.0038587986
20:20:08:45.546,61,0.0000000000,0.0000000000,0.2905528545,0.0000000000,0.0283772685,0.1896278560,0.7853810787,0.0000000000,0.0000000000,0.0000000000,0.1683685780,0.0286698844,0.1900412589,0.7866307497,0.0967073888,0.0586235598,0.0000000000,0.3410488665,0.2330706120,0.3948205113,0.2596924603,0.0335012488,0.0000000000,0.0000000000,0.0000000000,0.1509042531,0.1822123975,0.0563372970,0.0537014268,0.4009116888,0.4006038904,0.0569456592,0.0691027567,0.0815454572,0.0492642112,0.0336144492,0.0337272659,0.2361534834,0.1922650635,0.0311343335,0.0297836978,0.0000000000,0.0000000000,0.2790992558,0.1574866921,0.1608401239,0.0227472950,0.0848630369,0.0960779637,0.0819425434,0.0913412943,0.0000100640,0.0000000000,0.0000000000,0.0000000000,0.1028424501,-0.0125760473,-0.0012911400,0.1774748862,-0.0125795193,-0.0022209608
20:20:08:46.547,61,0.0000000000,0.0053514489,0.3006886244,0.0000000000,0.0000000000,0.1874418557,0.7873513103,0.0000000000,0.0054160166,0.0000000000,0.1777997315,0.0000000000,0.1877821237,0.7884434462,0.1011318341,0.0587733574,0.0000000000,0.3426853716,0.2325052172,0.4003503025,0.2586314678,0.0336818546,0.0000000000,0.0000000000,0.0000000000,0.1527788937,0.1837277263,0.0566044971,0.0538682826,0.4052792192,0.4040082693,0.0567064658,0.0689145401,0.0818175524,0.0494709201,0.0335164927,0.0336029492,0.2411358058,0.1959453821,0.0315319598,0.0300770942,0.0000000000,0.0000000000,0.2798381150,0.1645231098,0.1676022559,0.0226590559,0.0840662792,0.0938683674,0.0824700445,0.0916875079,0.0000158003,0.0000000000,0.0000000000,0.0000000000,0.1086110696,0.0033280666,0.0003607560,0.1836792380,0.0033249457,0.0006072974
20:20:08:47.548,61,0.0000000000,0.0000000000,0.3081013262,0.0000000000,0.0139456755,0.1855154485,0.7879736423,0.0000000000,0.0000000000,0.0000000000,0.1861009002,0.0140971523,0.1857928336,0.7890027761,0.1027633473,0.0591361523,0.0000000000,0.3417726159,0.2083202899,0.4030173719,0.2468427718,0.0338468999,0.0000000000,0.0000000000,0.0000000000,0.1535751969,0.1841889471,0.0567414947,0.0538865961,0.4070973098,0.4039772153,0.0560848899,0.0683654398,0.0817605183,0.0496270396,0.0333348103,0.0334066637,0.2523748577,0.2035191655,0.0321294516,0.0305319540,0.0000000000,0.0000000000,0.2882526815,0.1752432585,0.1780037135,0.0224788915,0.0828055963,0.0909791663,0.0828690976,0.0918436274,0.0000217994,0.0000000000,0.0000000000,0.0000000000,0.1136804298,-0.0061910045,-0.0007022900,0.1882048845,-0.0061943317,-0.0011589476
20:20:08:48.549,61,0.0000000000,0.0000000000,0.3307567239,0.0000000000,0.0317350030,0.1844385266,0.7873832583,0.0000000000,0.0000000000,0.0000000000,0.2101413161,0.0321194604,0.1846886128,0.7883195877,0.1034322083,0.0597958937,0.0000000000,0.3365309536,0.2015524358,0.4038817286,0.2437078655,0.0339265987,0.0000000000,0.0000000000,0.0000000000,0.1535139531,0.1810571998,0.0567290597,0.0537870601,0.3966286480,0.3834123909,0.0552546903,0.0677180290,0.0817134678,0.0498224907,0.0331746861,0.0332455672,0.2559501529,0.2060972452,0.0327686816,0.0310182348,0.0000000000,0.0000000000,0.2903999686,0.1784035712,0.1810397953,0.0223622806,0.0811839849,0.0882668272,0.0832789168,0.0920117274,0.0000360365,0.0000000000,0.0000000000,0.0000000000,0.1283553541,-0.0141310086,-0.0018089329,0.2020281553,-0.0141344965,-0.0028363622
20:20:08:49.550,61,0.0000000000,0.0000000000,0.3135115802,0.0000000000,0.0126443459,0.1836985350,0.7858024836,0.0000000000,0.0000000000,0.0000000000,0.1917602420,0.0127840210,0.1839308292,0.7866373658,0.1037586778,0.0611673146,0.0000000000,0.3348125219,0.1980239600,0.4043104947,0.2421808690,0.0339107253,0.0000000000,0.0000000000,0.0000000000,0.1537006795,0.1800769567,0.0566960275,0.0536855161,0.3937663436,0.3779796362,0.0543641411,0.0670345500,0.0817459151,0.0501189083,0.0330080837,0.0330735594,0.2577213943,0.2075518519,0.0337733254,0.0316192135,0.0000000000,0.0000000000,0.2874439061,0.1754934043,0.1779213697,0.0222261399,0.0802401304,0.0868567228,0.0839040205,0.0923655257,0.0000711030,0.0000000000,0.0000000000,0.0000000000,0.1171378493,-0.0056165708,-0.0006564162,0.1915104091,-0.0056198807,-0.0010697098
20:20:08:50.550,61,0.0000000000,0.0000000000,0.3142412007,0.0000000000,0.0030173641,0.1827023029,0.7821320295,0.0000000000,0.0000000000,0.0000000000,0.1926351339,0.0030452674,0.1829155982,0.7828513384,0.1037808284,0.0638952404,0.0000000000,0.3336260319,0.1960907429,0.4030248225,0.2409941703,0.0339411646,0.0000000000,0.0000000000,0.0000000000,0.1535540074,0.1777510941,0.0567735620,0.0537317693,0.3922010064,0.3750928938,0.0535918660,0.0664234534,0.0816892833,0.0503526740,0.0328279287,0.0329028182,0.2587339878,0.2085362524,0.0346357226,0.0322195850,0.0000000000,0.0000000000,0.2859047949,0.1745965630,0.1768791229,0.0220449902,0.0795784220,0.0859509483,0.0846669003,0.0927883312,0.0001370788,0.0000000000,0.0000000000,0.0000000000,0.1176740080,-0.0013380015,-0.0001570850,0.1919588596,-0.0013412079,-0.0002558787
20:20:08:51.552,61,0.0000000000,0.0042364076,0.2867250144,0.0000000000,0.0000000000,0.1803603470,0.7762246728,0.0000000000,0.0042856368,0.0000000000,0.1643705070,0.0000000000,0.1805672199,0.7768421173,0.1037399396,0.0683086589,0.0000000000,0.3346547186,0.1968650669,0.4027477503,0.2404885590,0.0340283960,0.0000000000,0.0000000000,0.0000000000,0.1560836583,0.1773358136,0.0569736138,0.0539447218,0.3949401677,0.3783267140,0.0530777574,0.0657378435,0.0822709277,0.0509255975,0.0326444022,0.0327231511,0.2477144003,0.2053673416,0.0356224775,0.0328399166,0.0000000000,0.0000000000,0.2830399275,0.1725076139,0.1746113151,0.0218409486,0.0790813640,0.0853557140,0.0859454125,0.0932970345,0.0001556156,0.0000000000,0.0000000000,0.0000000000,0.1004079059,0.0026311993,0.0002637501,0.1751497686,0.0026280826,0.0004579592
20:20:08:52.553,61,0.0000000000,0.0046946881,0.2603026032,0.0000000000,0.0000000000,0.1792637110,0.7660422921,0.0000000000,0.0047430941,0.0000000000,0.1370889544,0.0000000000,0.1794687510,0.7665560246,0.1034513861,0.0701545253,0.0000000000,0.3350508809,0.1968854666,0.4026553035,0.2415773422,0.0343074724,0.0000000000,0.0000000000,0.0000000000,0.1563193649,0.1756950915,0.0572331771,0.0542505309,0.3951166570,0.3784371614,0.0524215773,0.0650040433,0.0827780887,0.0515845232,0.0324913971,0.0325881690,0.2444271147,0.2038169801,0.0377466641,0.0337042399,0.0000000000,0.0000000000,0.2782157362,0.1623970270,0.1640786678,0.0216833428,0.0789131224,0.0851760507,0.0884425044,0.0940894336,0.0001824115,0.0000000000,0.0000000000,0.0000000000,0.0837425143,0.0029075809,0.0002432044,0.1590091586,0.0029044629,0.0004598938
20:20:08:53.554,61,0.0000000000,0.0000000000,0.2611571252,0.0000000000,0.0146669364,0.1794144958,0.7625877261,0.0000000000,0.0000000000,0.0000000000,0.1384963989,0.0147948423,0.1796128899,0.7630584836,0.1033507586,0.0712030008,0.0000000000,0.3435369134,0.1976508349,0.4029793739,0.2417398244,0.0343174040,0.0000000000,0.0000000000,0.0000000000,0.1597211063,0.1767722964,0.0577296615,0.0548129156,0.4055006206,0.3923142254,0.0519996397,0.0643480048,0.0836960301,0.0525756367,0.0322790965,0.0324038826,0.2387869209,0.2001487613,0.0388275161,0.0343773440,0.0000000000,0.0000000000,0.2766181231,0.1547056884,0.1561927050,0.0214762315,0.0790565759,0.0853065252,0.0895597413,0.0945774391,0.0001810613,0.0000000000,0.0000000000,0.0000000000,0.0846008733,-0.0064786393,-0.0005474526,0.1595285386,-0.0064819655,-0.0010296922
20:20:08:54.556,61,0.0000000000,0.0000000000,0.2145955265,0.0000000000,0.0142460391,0.1795541346,0.7533169985,0.0000000000,0.0000000000,0.0000000000,0.0908159092,0.0143395970,0.1797512621,0.7537337542,0.1033640802,0.0713540614,0.0000000000,0.3543579578,0.2013650090,0.3997618556,0.2357381880,0.0347430967,0.0000000000,0.0000000000,0.0000000000,0.1609260887,0.1773126423,0.0583691448,0.0559849292,0.4188655317,0.4054976702,0.0517572574,0.0637293980,0.0842757598,0.0532482564,0.0319068022,0.0320738889,0.2369531989,0.1990278959,0.0397251844,0.0350014754,0.0000000000,0.0000000000,0.2810083926,0.1524222344,0.1538060158,0.0211052559,0.0803955048,0.0870976374,0.0904026181,0.0949340165,0.0001188839,0.0000000000,0.0000000000,0.0000000000,0.0554751903,-0.0062664696,-0.0003474599,0.1310864091,-0.0062698000,-0.0008195443
20:20:08:55.556,61,0.0000000000,0.0000000000,0.2183490545,0.0000000000,0.0137752732,0.1796819717,0.7461659908,0.0000000000,0.0000000000,0.0000000000,0.0946953222,0.0138678681,0.1798771471,0.7465421557,0.1035225391,0.0722706988,0.0000000000,0.3599456847,0.2025726140,0.3963489830,0.2249474078,0.0353366807,0.0000000000,0.0000000000,0.0000000000,0.1619008034,0.1778304577,0.0590286180,0.0568325929,0.4293737710,0.4103653729,0.0515617877,0.0631967410,0.0844313577,0.0535991639,0.0314931050,0.0316966735,0.2377086878,0.1988735050,0.0403458476,0.0354220457,0.0000000000,0.0000000000,0.2985962629,0.1628601551,0.1640141606,0.0207188427,0.0810170546,0.0878523514,0.0907541588,0.0948751122,0.0000982623,0.0000000000,0.0000000000,0.0000000000,0.0578450151,-0.0060611353,-0.0003504153,0.1333794147,-0.0060644625,-0.0008064879
20:20:08:56.557,61,0.0000000000,0.0010706797,0.2540152371,0.0000000000,0.0000000000,0.1794212610,0.7438287139,0.0000000000,0.0010853490,0.0000000000,0.1314718425,0.0000000000,0.1796108782,0.7441812754,0.1039358154,0.0727886260,0.0000000000,0.3626923859,0.2029176056,0.3943924308,0.2113507390,0.0357394852,0.0000000000,0.0000000000,0.0000000000,0.1626692861,0.1781293750,0.0600861832,0.0580434613,0.4369885325,0.4134150147,0.0513432249,0.0628008470,0.0843065977,0.0537684895,0.0310401134,0.0312967785,0.2422805727,0.2012418211,0.0408603251,0.0357883833,0.0000000000,0.0000000000,0.3181859255,0.1941256225,0.1950636059,0.0203338414,0.0815681964,0.0884441733,0.0908208862,0.0945691764,0.0000683814,0.0000000000,0.0000000000,0.0000000000,0.0803115666,0.0006651459,0.0000533615,0.1551690549,0.0006619946,0.0001023094
20:20:08:57.559,61,0.0000000000,0.0124121867,0.2780640423,0.0000000000,0.0000000000,0.1792064756,0.7438693643,0.0000000000,0.0125408499,0.0000000000,0.1563841850,0.0000000000,0.1793899834,0.7441710830,0.1050549373,0.0734321773,0.0000000000,0.3718947172,0.2031760067,0.3931173682,0.2065974325,0.0362304635,0.0000000000,0.0000000000,0.0000000000,0.1628818512,0.1778629720,0.0635744184,0.0613388531,0.4402814507,0.4147170484,0.0511824191,0.0629048124,0.0839886516,0.0537575670,0.0306382068,0.0309665203,0.2473920882,0.2048815340,0.0411580354,0.0359689370,0.0000000000,0.0000000000,0.3252309561,0.2048804611,0.2056878656,0.0200558249,0.0821365193,0.0890215486,0.0906645730,0.0940484926,0.0000329387,0.0000000000,0.0000000000,0.0000000000,0.0955268517,0.0076958579,0.0007340579,0.1698547155,0.0076928819,0.0013004233
20:20:08:58.560,61,0.0000000000,0.0225435514,0.2663622200,0.0000000000,0.0000000000,0.1790423244,0.7466834188,0.0000000000,0.0227616318,0.0000000000,0.1439554542,0.0000000000,0.1792217642,0.7469300628,0.1099876612,0.0784609392,0.0000000000,0.3811123371,0.2064721286,0.3923572898,0.2054308206,0.0371829942,0.0000000000,0.0000000000,0.0000000000,0.1630839705,0.1774864346,0.0684556812,0.0660626888,0.4425490797,0.4153735936,0.0513251759,0.0645023733,0.0839717761,0.0538533777,0.0304104462,0.0308256112,0.2496357411,0.2064405680,0.0413346216,0.0360498577,0.0000000000,0.0000000000,0.3288126290,0.2099808455,0.2107332200,0.0199207999,0.0842161104,0.0917482972,0.0906454027,0.0936963111,0.0000241671,0.0000000000,0.0000000000,0.0000000000,0.0879288539,0.0139582185,0.0012258284,0.1626958698,0.0139553770,0.0022606216
20:20:08:59.561,61,0.0000000000,0.0298012197,0.2652938962,0.0000000000,0.0000000000,0.1786257476,0.7482724786,0.0000000000,0.0300867744,0.0000000000,0.1426087320,0.0000000000,0.1788018495,0.7484998703,0.1117115915,0.0852471367,0.0000000000,0.3899905682,0.2084523886,0.3918656707,0.2092655897,0.0391853452,0.0000000000,0.0000000000,0.0000000000,0.1629465073,0.1766346395,0.0709734559,0.0685737357,0.4436227977,0.4150381982,0.0514788367,0.0653724372,0.0839804858,0.0539392754,0.0301987734,0.0306826979,0.2507638335,0.2071880102,0.0414553434,0.0360548683,0.0000000000,0.0000000000,0.3303248882,0.2118669897,0.2126560956,0.0198343396,0.0851524323,0.0928404182,0.0904807150,0.0931952745,0.0000211987,0.0000000000,0.0000000000,0.0000000000,0.0870999768,0.0184489079,0.0016050494,0.1620317400,0.0184461717,0.0029761330
20:20:09:00.561,61,0.0000000000,0.0240859929,0.2807618976,0.0000000000,0.0000000000,0.1784979701,0.7491602302,0.0000000000,0.0243342221,0.0000000000,0.1588194370,0.0000000000,0.1786717474,0.7493767738,0.1126143783,0.0881924927,0.0000000000,0.3934954703,0.2091854513,0.3901366591,0.2098662555,0.0401327573,0.0000000000,0.0000000000,0.0000000000,0.1628100723,0.1755868047,0.0723874867,0.0699742660,0.4440260530,0.4129979908,0.0515691526,0.0660183877,0.0837234482,0.0538534969,0.0299257357,0.0304628760,0.2516296804,0.2078917623,0.0414817519,0.0359980166,0.0000000000,0.0000000000,0.3310037851,0.2126620412,0.2134601027,0.0197243765,0.0856414735,0.0933804736,0.0901153982,0.0925217047,0.0000078661,0.0000000000,0.0000000000,0.0000000000,0.0970065370,0.0149351545,0.0014466429,0.1714889407,0.0149323409,0.0025483829
20:20:09:01.563,61,0.0000000000,0.0060436022,0.2982432842,0.0000000000,0.0000000000,0.1785784811,0.7500904202,0.0000000000,0.0061142482,0.0000000000,0.1773700267,0.0000000000,0.1787494421,0.7502905726,0.1133325174,0.0892239586,0.0000000000,0.3956739604,0.2104853839,0.3897243440,0.2104090154,0.0408433154,0.0000000000,0.0000000000,0.0000000000,0.1634773910,0.1755601615,0.0731878579,0.0707931668,0.4442611635,0.4122988880,0.0516453236,0.0665901899,0.0833697319,0.0536636151,0.0296183620,0.0302126408,0.2522391975,0.2085131258,0.0414125919,0.0358666182,0.0000000000,0.0000000000,0.3316288292,0.2131789476,0.2139779925,0.0196432080,0.0858323500,0.0935400426,0.0896581262,0.0916724727,0.0000120850,0.0000000000,0.0000000000,0.0000000000,0.1083484292,0.0037570128,0.0004062724,0.1821852028,0.0037539545,0.0006801410
20:20:09:02.564,61,0.0000000000,0.0063626086,0.3098651469,0.0000000000,0.0000000000,0.1788630933,0.7502468824,0.0000000000,0.0064399783,0.0000000000,0.1893767416,0.0000000000,0.1790318191,0.7504373193,0.1138707548,0.0897078589,0.0000000000,0.3967604041,0.2111513615,0.3892638385,0.2104536444,0.0413405113,0.0000000000,0.0000000000,0.0000000000,0.1644445807,0.1756585389,0.0737031549,0.0713355988,0.4444622993,0.4118015170,0.0517020226,0.0670176521,0.0829872936,0.0534700789,0.0293077715,0.0299532060,0.2529062331,0.2092259973,0.0413991585,0.0358019583,0.0000000000,0.0000000000,0.3321383297,0.2133715898,0.2141652405,0.0195360668,0.0859681442,0.0936597064,0.0893294737,0.0910811648,0.0000201523,0.0000000000,0.0000000000,0.0000000000,0.1156827956,0.0039604297,0.0004571348,0.1892843843,0.0039573791,0.0007446088
20:20:09:03.564,61,0.0000000000,0.0000000000,0.3238012195,0.0000000000,0.0199271794,0.1801274419,0.7496735454,0.0000000000,0.0000000000,0.0000000000,0.2042630166,0.0201578569,0.1803040355,0.7498508096,0.1141320020,0.0901287422,0.0000000000,0.3974319994,0.2113549411,0.3848019838,0.2076447755,0.0417906046,0.0000000000,0.0000000000,0.0000000000,0.1650937647,0.1756709814,0.0740502700,0.0717334896,0.4447874427,0.4115897715,0.0517689437,0.0672267824,0.0825717971,0.0532523878,0.0289662331,0.0296469554,0.2533292174,0.2097241133,0.0413536094,0.0357177481,0.0000000000,0.0000000000,0.3319930434,0.2091418952,0.2099029422,0.0193359833,0.0859622210,0.0936267748,0.0889330655,0.0904630795,0.0000634166,0.0000000000,0.0000000000,0.0000000000,0.1247723475,-0.0088644391,-0.0011031976,0.1977913529,-0.0088677723,-0.0017425987
20:20:09:04.565,61,0.0000000000,0.0000000000,0.3190703690,0.0000000000,0.0141869802,0.1808430552,0.7470278144,0.0000000000,0.0000000000,0.0000000000,0.1992769688,0.0143463202,0.1810215265,0.7471844554,0.1140957251,0.0903151408,0.0000000000,0.3963472545,0.2064147443,0.3760406375,0.1938751489,0.0419985130,0.0000000000,0.0000000000,0.0000000000,0.1650290191,0.1743706912,0.0743241534,0.0720554888,0.4448696375,0.4112314880,0.0516957380,0.0671088845,0.0821160972,0.0530792847,0.0286238752,0.0293334462,0.2538828254,0.2103628367,0.0414372832,0.0357500277,0.0000000000,0.0000000000,0.3317260742,0.2075370401,0.2082725167,0.0190882627,0.0859714001,0.0935863778,0.0885982215,0.0899268016,0.0000732328,0.0000000000,0.0000000000,0.0000000000,0.1217289791,-0.0063064299,-0.0007657908,0.1949052513,-0.0063097076,-0.0012220392
20:20:09:05.566,61,0.0000000000,0.0000000000,0.3101840317,0.0000000000,0.0129295588,0.1819436252,0.7464261651,0.0000000000,0.0000000000,0.0000000000,0.1899320930,0.0130692255,0.1821262091,0.7465773821,0.1140817329,0.0907303765,0.0000000000,0.3961057365,0.2048739046,0.3731761277,0.1902194172,0.0423670635,0.0000000000,0.0000000000,0.0000000000,0.1647558808,0.1735996902,0.0747157335,0.0724835768,0.4448254406,0.4107711911,0.0516622327,0.0671565905,0.0817884281,0.0529859327,0.0283531025,0.0290846042,0.2542462051,0.2107675970,0.0415267982,0.0357642211,0.0000000000,0.0000000000,0.3296163082,0.2026214898,0.2034367174,0.0188906249,0.0861594528,0.0936916098,0.0883381292,0.0894540995,0.0000722033,0.0000000000,0.0000000000,0.0000000000,0.1160210297,-0.0057411222,-0.0006646047,0.1894775778,-0.0057443934,-0.0010819443
20:20:09:06.568,61,0.0000000000,0.0000000000,0.3048264384,0.0000000000,0.0060309656,0.1837656945,0.7456917167,0.0000000000,0.0000000000,0.0000000000,0.1842151582,0.0060909372,0.1839531958,0.7458415031,0.1142180115,0.0909965187,0.0000000000,0.3961121440,0.2043281794,0.3713578284,0.1885789484,0.0428837240,0.0000000000,0.0000000000,0.0000000000,0.1606616229,0.1697933972,0.0753205270,0.0731233880,0.4450292587,0.4106124043,0.0517876334,0.0674873516,0.0815194175,0.0528615527,0.0281850807,0.0289402436,0.2558589578,0.2120662481,0.0415500961,0.0357074179,0.0000000000,0.0000000000,0.3289133310,0.2011220157,0.2019599378,0.0187599156,0.0867961198,0.0941640139,0.0882603005,0.0891561061,0.0000648606,0.0000000000,0.0000000000,0.0000000000,0.1125302389,-0.0026745892,-0.0003003381,0.1862072051,-0.0026777950,-0.0004957494
20:20:09:07.569,61,0.0000000000,0.0006788021,0.2974696755,0.0000000000,0.0000000000,0.1849737465,0.7453453541,0.0000000000,0.0006912769,0.0000000000,0.1763762385,0.0000000000,0.1851667315,0.7454982996,0.1143693700,0.0931843147,0.0000000000,0.3962968886,0.2039688379,0.3688098192,0.1875480264,0.0434288941,0.0000000000,0.0000000000,0.0000000000,0.1592956185,0.1682950854,0.0759450272,0.0737655237,0.4467330873,0.4107652903,0.0519411154,0.0678093061,0.0812292621,0.0527177788,0.0280298349,0.0287907813,0.2582937777,0.2138318717,0.0415778123,0.0356530659,0.0000000000,0.0000000000,0.3286414146,0.2004092485,0.2012717128,0.0186048448,0.0874014348,0.0946756527,0.0881897360,0.0888753459,0.0000208453,0.0000000000,0.0000000000,0.0000000000,0.1077421159,0.0004247400,0.0000456739,0.1817138642,0.0004215982,0.0000761893
20:20:09:08.569,61,0.0000000000,0.0059840796,0.2939420640,0.0000000000,0.0000000000,0.1858749837,0.7450778484,0.0000000000,0.0060531092,0.0000000000,0.1725365222,0.0000000000,0.1860704422,0.7452356815,0.1145453081,0.0949662477,0.0000000000,0.3974571526,0.2042533606,0.3678933084,0.1873847544,0.0439312644,0.0000000000,0.0000000000,0.0000000000,0.1588951647,0.1676592380,0.0765205622,0.0743468180,0.4497086108,0.4112362266,0.0521342941,0.0681583732,0.0810174644,0.0526043102,0.0278707948,0.0286321938,0.2594135106,0.2147527188,0.0416094698,0.0356142037,0.0000000000,0.0000000000,0.3285364509,0.2001862526,0.2010702193,0.0184595231,0.0880255923,0.0952418521,0.0882322639,0.0887261629,0.0000168365,0.0000000000,0.0000000000,0.0000000000,0.1053958312,0.0037182665,0.0003911665,0.1795577854,0.0037151969,0.0006635166
20:20:09:09.570,61,0.0000000000,0.0080519440,0.2909259200,0.0000000000,0.0000000000,0.1867306232,0.7435727715,0.0000000000,0.0081420531,0.0000000000,0.1692735702,0.0000000000,0.1869400293,0.7437567711,0.1142827868,0.0975318179,0.0000000000,0.3977360725,0.2041182071,0.3654169142,0.1870962530,0.0442366973,0.0000000000,0.0000000000,0.0000000000,0.1582486331,0.1651093215,0.0768917948,0.0747446120,0.4506194592,0.4111764431,0.0522032194,0.0681971684,0.0807513148,0.0524836406,0.0276802648,0.0284311939,0.2602067292,0.2154800296,0.0416915528,0.0356442630,0.0000000000,0.0000000000,0.3282465339,0.1998691708,0.2007741779,0.0182528142,0.0884954110,0.0957129151,0.0882884786,0.0886447430,0.0000340357,0.0000000000,0.0000000000,0.0000000000,0.1034020633,0.0050004059,0.0005161357,0.1777143627,0.0049973596,0.0008834425
20:20:09:10.571,61,0.0000000000,0.0011075719,0.2984801829,0.0000000000,0.0000000000,0.1876677722,0.7370551825,0.0000000000,0.0011247437,0.0000000000,0.1773458421,0.0000000000,0.1878895164,0.7372485995,0.1120282933,0.0983757004,0.0000000000,0.3956311047,0.1990819722,0.3604193926,0.1855720133,0.0443032347,0.0000000000,0.0000000000,0.0000000000,0.1573700607,0.1619172543,0.0768603832,0.0747555494,0.4490177929,0.4090647399,0.0520233028,0.0672418550,0.0804762095,0.0524552241,0.0273821224,0.0281264763,0.2604180574,0.2156893462,0.0419661403,0.0358552337,0.0000000000,0.0000000000,0.3279579282,0.1994501948,0.2003570497,0.0179583877,0.0886486843,0.0958659500,0.0882513076,0.0884924307,0.0000489199,0.0000000000,0.0000000000,0.0000000000,0.1083343849,0.0006911185,0.0000747255,0.1823311746,0.0006879815,0.0001247466
20:20:09:11.573,61,0.0000000000,0.0063520451,0.2974605262,0.0000000000,0.0000000000,0.1879246086,0.7332879305,0.0000000000,0.0064259870,0.0000000000,0.1761939675,0.0000000000,0.1881514043,0.7334973216,0.1109737903,0.0988198891,0.0000000000,0.3953623176,0.1973641515,0.3549596071,0.1847291738,0.0445763208,0.0000000000,0.0000000000,0.0000000000,0.1519923955,0.1571238637,0.0768736377,0.0748111531,0.4482251406,0.4079917073,0.0518020093,0.0665610731,0.0802313685,0.0524606667,0.0270639528,0.0277975015,0.2606918216,0.2159274518,0.0423126966,0.0360936411,0.0000000000,0.0000000000,0.3275551200,0.1994439214,0.2003551126,0.0176559296,0.0887704268,0.0959200189,0.0882037804,0.0882987157,0.0000903714,0.0000000000,0.0000000000,0.0000000000,0.1076299399,0.0039482596,0.0004241331,0.1817068905,0.0039451951,0.0007129345
20:20:09:12.574,61,0.0000000000,0.0067153089,0.2929117978,0.0000000000,0.0000000000,0.1885559559,0.7316195965,0.0000000000,0.0067918380,0.0000000000,0.1714717895,0.0000000000,0.1887870133,0.7318345308,0.1105128676,0.0987323597,0.0000000000,0.3993947208,0.2119576186,0.3537265658,0.2056227922,0.0451069362,0.0000000000,0.0000000000,0.0000000000,0.1500840038,0.1552391052,0.0771240368,0.0751273334,0.4450822473,0.4058944583,0.0518580265,0.0672048926,0.0799911618,0.0522728190,0.0269046668,0.0276510753,0.2608730197,0.2161382586,0.0422539040,0.0360032506,0.0000000000,0.0000000000,0.3246522844,0.1964271814,0.1973591000,0.0175679978,0.0891589150,0.0963545665,0.0883172750,0.0882966369,0.0000903747,0.0000000000,0.0000000000,0.0000000000,0.1047452688,0.0041717631,0.0004361763,0.1789281368,0.0041687032,0.0007419287
20:20:09:13.575,61,0.0000000000,0.0073338230,0.2806398273,0.0000000000,0.0000000000,0.1908711046,0.7304916978,0.0000000000,0.0074129952,0.0000000000,0.1586239040,0.0000000000,0.1911164522,0.7307116985,0.1106366441,0.0988304988,0.0000000000,0.4017721713,0.2158280611,0.3530477285,0.2088292837,0.0461703427,0.0000000000,0.0000000000,0.0000000000,0.1489245743,0.1541884989,0.0776561871,0.0757101178,0.4447194040,0.4055769145,0.0521054529,0.0685246438,0.0797449499,0.0520368889,0.0268523525,0.0276083425,0.2637661695,0.2180151790,0.0421506725,0.0358570330,0.0000000000,0.0000000000,0.3240077198,0.1956359893,0.1965851635,0.0174787007,0.0904835761,0.0976734906,0.0885685757,0.0884106085,0.0000706143,0.0000000000,0.0000000000,0.0000000000,0.0968968570,0.0045496831,0.0004401635,0.1714313924,0.0045466246,0.0007756272
20:20:09:14.575,61,0.0000000000,0.0056175296,0.2156139761,0.0000000000,0.0000000000,0.1919225007,0.7300786972,0.0000000000,0.0056628957,0.0000000000,0.0912683755,0.0000000000,0.1921794415,0.7303047776,0.1109066382,0.1013937294,0.0000000000,0.4029836953,0.2174261808,0.3546969891,0.2107954174,0.0480254106,0.0000000000,0.0000000000,0.0000000000,0.1485537887,0.1539734751,0.0781081766,0.0761806220,0.4446283877,0.4052287340,0.0522753522,0.0690877959,0.0796723738,0.0519859567,0.0268696379,0.0276255142,0.2647943795,0.2187143415,0.0421852171,0.0358078331,0.0000000000,0.0000000000,0.3229999840,0.1885205358,0.1895908415,0.0174327362,0.0911748409,0.0984236374,0.0887694135,0.0884946808,0.0000591662,0.0000000000,0.0000000000,0.0000000000,0.0557523482,0.0034646499,0.0001930631,0.1317103058,0.0034615351,0.0004546046
20:20:09:15.577,61,0.0000000000,0.0075009610,0.0394929238,0.0000000000,0.0000000000,0.1939111203,0.7332596779,0.0000000000,0.0074976385,0.0870217010,0.0000000000,0.0000000000,0.1943464428,0.7335579991,0.1114377454,0.1355151832,0.0000000000,0.4094776213,0.2181917429,0.3561710715,0.2119293809,0.0562660247,0.0000000000,0.0000000000,0.0000000000,0.1486662626,0.1546506286,0.0786455274,0.0766949430,0.4515581429,0.4053840339,0.0524390079,0.0696423352,0.0795325935,0.0519195050,0.0269744489,0.0277043264,0.2691752315,0.2202101946,0.0421286710,0.0356500559,0.0000000000,0.0000000000,0.3217068315,0.1818588227,0.1830140948,0.0174299404,0.0917735994,0.0998634323,0.0886912271,0.0883746669,0.0000198918,0.0000000000,0.0000000000,0.0000000000,-0.0531579740,0.0045865253,-0.0002436973,0.0241246000,0.0045834105,0.0001105630
20:20:09:16.578,61,0.0000000000,0.0601677038,0.0000000000,0.0548052564,0.0000000000,0.1942031533,0.7403451800,0.0000000000,0.0598351099,0.1817053258,0.0000000000,0.0000000000,0.1947019249,0.7406948805,0.1119518057,0.1441988051,0.0000000000,0.4141500890,0.2155683935,0.3567186594,0.2120565623,0.0588605255,0.0000000000,0.0000000000,0.0000000000,0.1485412717,0.1547887325,0.0790415406,0.0770676062,0.4540161788,0.4057058096,0.0523748249,0.0697957203,0.0793455988,0.0519301333,0.0270194598,0.0277223215,0.2747182548,0.2245553434,0.0422808863,0.0356824063,0.0000000000,0.0000000000,0.3176381886,0.1760877818,0.1772439033,0.0173821822,0.0921762660,0.1007249504,0.0885402784,0.0882188082,0.0000169582,0.0000000000,0.0000000000,0.0000000000,-0.1109230220,0.0367773138,-0.0040729046,-0.0334560052,0.0367749557,-0.0012306678
20:20:09:17.579,61,0.0000000000,0.0637049600,0.0000000000,0.0737321526,0.0000000000,0.1928576678,0.7479431033,0.0000000000,0.0632968545,0.2003390044,0.0000000000,0.0000000000,0.1933848262,0.7482588291,0.1123872325,0.1096465588,0.0000000000,0.4160725772,0.2101270407,0.3569270670,0.2074723989,0.0579849184,0.0000000000,0.0000000000,0.0000000000,0.1483121663,0.1545840204,0.0792564675,0.0773171633,0.4546736181,0.4060878158,0.0521659032,0.0697109029,0.0791136250,0.0519706346,0.0269765127,0.0276809074,0.2767619491,0.2272709012,0.0424600951,0.0358618461,0.0000000000,0.0000000000,0.3139306605,0.1730160117,0.1740632951,0.0172739737,0.0923404694,0.1012995988,0.0883002430,0.0880414397,0.0000230981,0.0000000000,0.0000000000,0.0000000000,-0.1222882271,0.0389569253,-0.0047544776,-0.0450062938,0.0389546193,-0.0017534962
20:20:09:18.580,61,0.0000000000,0.0737762600,0.0000000000,0.0869693831,0.0000000000,0.1893705577,0.7543557882,0.0000000000,0.0732566193,0.2136079967,0.0000000000,0.0000000000,0.1898747534,0.7546464801,0.1128881723,0.1016278192,0.0000000000,0.4159965813,0.1983332187,0.3561840057,0.1980879456,0.0546713471,0.0000000000,0.0000000000,0.0000000000,0.1479829103,0.1542011350,0.0794012472,0.0774870515,0.4547522962,0.4066252112,0.0518858954,0.0694778785,0.0789131522,0.0520860516,0.0269596223,0.0276683308,0.2787892520,0.2324484289,0.0427613519,0.0361968130,0.0000000000,0.0000000000,0.3103897870,0.1713049263,0.1723090112,0.0171543751,0.0923408568,0.1016291156,0.0881867483,0.0880252272,0.0000352294,0.0000000000,0.0000000000,0.0000000000,-0.1303543150,0.0451330952,-0.0058705662,-0.0530725829,0.0451309420,-0.0023957137
20:20:09:19.581,61,0.0000000000,0.0813723803,0.0000000000,0.0739493519,0.0000000000,0.1860771030,0.7627599835,0.0000000000,0.0808471665,0.2008785307,0.0000000000,0.0000000000,0.1865311265,0.7630176544,0.1134331226,0.0968995094,0.0000000000,0.4158841372,0.1935622096,0.3557596207,0.1949774772,0.0513920747,0.0000000000,0.0000000000,0.0000000000,0.1475185901,0.1537380219,0.0795296803,0.0776187778,0.4542031288,0.4072039425,0.0515023246,0.0692273751,0.0786991864,0.0522224493,0.0269438829,0.0276695769,0.2803825140,0.2361313254,0.0431315117,0.0366288163,0.0000000000,0.0000000000,0.3046120405,0.1680699140,0.1689455658,0.0170425773,0.0923464596,0.1018837243,0.0881410986,0.0881023258,0.0000515905,0.0000000000,0.0000000000,0.0000000000,-0.1225593612,0.0497602932,-0.0060882834,-0.0451172590,0.0497582369,-0.0022460439
20:20:09:20.582,61,0.0000000000,0.0873194337,0.0000000000,0.0788638741,0.0000000000,0.1826585531,0.7682006955,0.0000000000,0.0867363960,0.2056256831,0.0000000000,0.0000000000,0.1830802262,0.7684526443,0.1137458012,0.0948066860,0.0000000000,0.4125302434,0.1905045658,0.3560833335,0.1939204335,0.0497607812,0.0000000000,0.0000000000,0.0000000000,0.1470957696,0.1533140093,0.0794136003,0.0774724260,0.4464829862,0.4068088233,0.0510329455,0.0688232929,0.0786829814,0.0525434762,0.0269732140,0.0277122855,0.2810382843,0.2375334203,0.0436907932,0.0372169390,0.0000000000,0.0000000000,0.2988579571,0.1646527350,0.1654786319,0.0169640053,0.0922486186,0.1019857526,0.0882396400,0.0883376449,0.0000585911,0.0000000000,0.0000000000,0.0000000000,-0.1254323721,0.0534042083,-0.0066873250,-0.0481066294,0.0534022562,-0.0025704498
20:20:09:21.584,61,0.0000000000,0.0907150730,0.0000000000,0.0714124292,0.0000000000,0.1797012389,0.7708334327,0.0000000000,0.0901405662,0.1982678324,0.0000000000,0.0000000000,0.1801006496,0.7710903287,0.1140395999,0.0942663997,0.0000000000,0.4056670368,0.1878871918,0.3582872450,0.1959995031,0.0485940278,0.0000000000,0.0000000000,0.0000000000,0.1460957527,0.1526619345,0.0792194009,0.0772206783,0.4421855509,0.4054604173,0.0504918285,0.0684253126,0.0786728933,0.0528808124,0.0271297116,0.0278678145,0.2817882001,0.2385852039,0.0442754403,0.0378194302,0.0000000000,0.0000000000,0.2949635088,0.1630003750,0.1638161838,0.0169589333,0.0920548737,0.1019370407,0.0884639248,0.0887330621,0.0000595186,0.0000000000,0.0000000000,0.0000000000,-0.1209304705,0.0554692596,-0.0066983569,-0.0435563698,0.0554673560,-0.0024176678
20:20:09:22.585,61,0.0000000000,0.1031034514,0.0000000000,0.0583318472,0.0000000000,0.1757865548,0.7755033374,0.0000000000,0.1025112495,0.1855550706,0.0000000000,0.0000000000,0.1761910766,0.7758261561,0.1141207740,0.1111707836,0.0000000000,0.4007287323,0.1781364083,0.3585701883,0.1962428987,0.0480635017,0.0000000000,0.0000000000,0.0000000000,0.1442564875,0.1517178565,0.0790129602,0.0769103393,0.4406468570,0.4047832489,0.0498654358,0.0675395951,0.0787560940,0.0533419736,0.0272568297,0.0279561970,0.2827386260,0.2392832339,0.0457464345,0.0386761166,0.0000000000,0.0000000000,0.2930659354,0.1622697860,0.1631224155,0.0168704875,0.0917846188,0.1017453149,0.0886941999,0.0890854001,0.0000615142,0.0000000000,0.0000000000,0.0000000000,-0.1131260321,0.0630239323,-0.0071237651,-0.0355622210,0.0630222186,-0.0022437058
20:20:09:23.585,61,0.0000000000,0.1307404339,0.0000000000,0.0340625271,0.0000000000,0.1660922021,0.7788633704,0.0000000000,0.1301302463,0.1624377966,0.0000000000,0.0000000000,0.1664437950,0.7792240381,0.1142297983,0.1155375540,0.0000000000,0.3943222761,0.1701703221,0.3588343859,0.1966558397,0.0474799387,0.0000000000,0.0000000000,0.0000000000,0.1434307992,0.1509711742,0.0787095204,0.0765179992,0.4394287467,0.4038663805,0.0492043793,0.0663228557,0.0790311620,0.0539901555,0.0274293367,0.0280901007,0.2835142612,0.2399126142,0.0492358990,0.0416256562,0.0000000000,0.0000000000,0.2746841013,0.1501509547,0.1514485329,0.0168105476,0.0912202820,0.1012619659,0.0891500115,0.0896946266,0.0000607353,0.0000000000,0.0000000000,0.0000000000,-0.0989132300,0.0798833221,-0.0079052988,-0.0207412783,0.0798820108,-0.0016602676
20:20:09:24.586,61,0.0000000000,0.1495824307,0.0000000000,0.0245983992,0.0000000000,0.1575980932,0.7807840705,0.0000000000,0.1489478946,0.1534374207,0.0000000000,0.0000000000,0.1579166800,0.7811723351,0.1143353879,0.1178770438,0.0000000000,0.3918711245,0.1650229096,0.3577924073,0.1966286600,0.0468891859,0.0000000000,0.0000000000,0.0000000000,0.1416594088,0.1450341642,0.0784211233,0.0761376768,0.4387944341,0.4031579792,0.0485043712,0.0647210255,0.0792281032,0.0546206087,0.0275492463,0.0281677824,0.2909619510,0.2448557615,0.0527900942,0.0450435653,0.0000000000,0.0000000000,0.2681393325,0.1465699375,0.1479903609,0.0166854504,0.0906342790,0.1007598490,0.0897534564,0.0908273458,0.0000742446,0.0000000000,0.0000000000,0.0000000000,-0.0933407545,0.0913860127,-0.0085412422,-0.0149636166,0.0913849697,-0.0013712171
20:20:09:25.588,61,0.0000000000,0.1620341688,0.0000000000,0.0171513613,0.0000000000,0.1503097564,0.7820620537,0.0000000000,0.1614013165,0.1463682652,0.0000000000,0.0000000000,0.1505949646,0.7824649811,0.1144029126,0.1188141108,0.0000000000,0.3904446363,0.1627320945,0.3578427732,0.1970599741,0.0464039445,0.0000000000,0.0000000000,0.0000000000,0.1408696771,0.1432566792,0.0780240372,0.0756451115,0.4381802380,0.4024657011,0.0478368439,0.0634270012,0.0795210227,0.0553107373,0.0276342407,0.0282110553,0.2933964729,0.2466476858,0.0557140000,0.0476334877,0.0000000000,0.0000000000,0.2637333870,0.1446508765,0.1461386979,0.0165599044,0.0900001004,0.1001821607,0.0905052572,0.0920456126,0.0000797608,0.0000000000,0.0000000000,0.0000000000,-0.0889759213,0.0989873111,-0.0088244835,-0.0104258889,0.0989864618,-0.0010353866
20:20:09:26.588,61,0.0000000000,0.1755495965,0.0000000000,0.0090089804,0.0000000000,0.1450777054,0.7858963013,0.0000000000,0.1749277115,0.1387682408,0.0000000000,0.0000000000,0.1453292072,0.7863234878,0.1145671383,0.1190576181,0.0000000000,0.3898606300,0.1616102904,0.3589251041,0.1990091056,0.0461464189,0.0000000000,0.0000000000,0.0000000000,0.1405528039,0.1427110583,0.0776852891,0.0751862079,0.4377807081,0.4019250274,0.0472071469,0.0625351146,0.0799276829,0.0560927615,0.0276930761,0.0282299500,0.2946220934,0.2475600243,0.0578396022,0.0492588766,0.0000000000,0.0000000000,0.2593170106,0.1433582902,0.1448867321,0.0164598543,0.0894752741,0.0996737853,0.0912035331,0.0928717554,0.0000789233,0.0000000000,0.0000000000,0.0000000000,-0.0842840299,0.1072393954,-0.0090623917,-0.0054716603,0.1072387472,-0.0005890307
20:20:09:27.589,61,0.0000000000,0.1792946756,0.0000000000,0.0065167304,0.0000000000,0.1409195364,0.7914308310,0.0000000000,0.1786796302,0.1364365816,0.0000000000,0.0000000000,0.1411379874,0.7918503881,0.1148256361,0.1157107651,0.0000000000,0.3894529641,0.1608391106,0.3595176637,0.1996039599,0.0457550064,0.0000000000,0.0000000000,0.0000000000,0.1406994164,0.1428451836,0.0772980228,0.0746946558,0.4376470149,0.4018481672,0.0466194116,0.0617334954,0.0803554803,0.0568369031,0.0277105179,0.0282255970,0.2952581346,0.2481434345,0.0591666400,0.0505294316,0.0000000000,0.0000000000,0.2568046451,0.1426381767,0.1441794485,0.0163525045,0.0888660997,0.0990784019,0.0918142498,0.0935487524,0.0000748862,0.0000000000,0.0000000000,0.0000000000,-0.0828472674,0.1095263585,-0.0090997489,-0.0039569908,0.1095257699,-0.0004351327
20:20:09:28.591,61,0.0000000000,0.1776812077,0.0000000000,0.0078848638,0.0000000000,0.1388648599,0.7944192886,0.0000000000,0.1770610809,0.1376833916,0.0000000000,0.0000000000,0.1390706152,0.7948488593,0.1149683073,0.1144719720,0.0000000000,0.3894889951,0.1602881551,0.3595480919,0.1995369494,0.0454991572,0.0000000000,0.0000000000,0.0000000000,0.1407331228,0.1430845261,0.0769528896,0.0742511153,0.4380670786,0.4022508860,0.0460703932,0.0609595664,0.0806921497,0.0574700683,0.0276808236,0.0281689968,0.2957998514,0.2486739308,0.0601347387,0.0514304675,0.0000000000,0.0000000000,0.2557269037,0.1423822492,0.1439361572,0.0162217338,0.0883901045,0.0986169651,0.0923208892,0.0940726995,0.0000685922,0.0000000000,0.0000000000,0.0000000000,-0.0836133733,0.1085411534,-0.0091004372,-0.0047882451,0.1085405350,-0.0005217672
20:20:09:29.592,61,0.0000000000,0.1730888039,0.0000000000,0.0104792397,0.0000000000,0.1376761496,0.7987399101,0.0000000000,0.1724652797,0.1400269419,0.0000000000,0.0000000000,0.1378759444,0.7991775870,0.1153485626,0.1139278486,0.0000000000,0.3938900232,0.1604465544,0.3593827486,0.1995500922,0.0454785898,0.0000000000,0.0000000000,0.0000000000,0.1407003552,0.1434853226,0.0767738447,0.0739413351,0.4410715699,0.4033466578,0.0457239151,0.0604487248,0.0810768679,0.0580318719,0.0276480000,0.0281105954,0.2962348461,0.2489823550,0.0607131347,0.0519600958,0.0000000000,0.0000000000,0.2565851212,0.1441124678,0.1457204819,0.0161000080,0.0880876705,0.0982987434,0.0926770419,0.0943970084,0.0000582037,0.0000000000,0.0000000000,0.0000000000,-0.0850621760,0.1057367697,-0.0090167429,-0.0063656545,0.1057360843,-0.0006755943
20:20:09:30.593,61,0.0000000000,0.1619270295,0.0000000000,0.0152378641,0.0000000000,0.1373509765,0.8101576567,0.0000000000,0.1613097787,0.1444112062,0.0000000000,0.0000000000,0.1375483125,0.8105354905,0.1156184599,0.1136936545,0.0000000000,0.3959700763,0.1603208631,0.3567150831,0.1990168393,0.0454834327,0.0000000000,0.0000000000,0.0000000000,0.1405784190,0.1437233090,0.0765454099,0.0735870227,0.4422948062,0.4039342701,0.0453385338,0.0599119961,0.0813882798,0.0585407652,0.0275467876,0.0279999245,0.2963013649,0.2488422394,0.0611500889,0.0523784980,0.0000000000,0.0000000000,0.2590717971,0.1458628178,0.1474195421,0.0159440544,0.0878506005,0.0980728567,0.0928118080,0.0945241526,0.0000416440,0.0000000000,0.0000000000,0.0000000000,-0.0877867565,0.0989207104,-0.0087009585,-0.0092627797,0.0989198536,-0.0009192599
20:20:09:31.593,61,0.0000000000,0.1567261368,0.0000000000,0.0167808719,0.0000000000,0.1373768449,0.8142416477,0.0000000000,0.1561183482,0.1458026916,0.0000000000,0.0000000000,0.1375741959,0.8146086931,0.1159178019,0.1134562120,0.0000000000,0.3970057070,0.1601712704,0.3556981385,0.1984077990,0.0455402024,0.0000000000,0.0000000000,0.0000000000,0.1404851228,0.1441055536,0.0763608292,0.0732865781,0.4441623688,0.4054249525,0.0449957848,0.0593892075,0.0817365795,0.0590580367,0.0274851713,0.0279264897,0.2962758243,0.2486798912,0.0615069158,0.0527108423,0.0000000000,0.0000000000,0.2611187398,0.1468228102,0.1483695656,0.0158092361,0.0877083838,0.0979175717,0.0929314047,0.0946388170,0.0000275359,0.0000000000,0.0000000000,0.0000000000,-0.0886600241,0.0957444757,-0.0085033858,-0.0102039082,0.0957435593,-0.0009799373
20:20:09:32.594,61,0.0000000000,0.1620138288,0.0000000000,0.0098787751,0.0000000000,0.1370351464,0.8157160282,0.0000000000,0.1614371985,0.1391274184,0.0000000000,0.0000000000,0.1372316033,0.8160838485,0.1161597893,0.1133863330,0.0000000000,0.3978232443,0.1599863619,0.3531960845,0.1971747279,0.0454896092,0.0000000000,0.0000000000,0.0000000000,0.1402592808,0.1441637725,0.0762027428,0.0730330572,0.4452777207,0.4062843323,0.0446856171,0.0588843487,0.0819359124,0.0594176352,0.0274190027,0.0278392322,0.2965596020,0.2488892972,0.0617784858,0.0530053042,0.0000000000,0.0000000000,0.2618255317,0.1467182636,0.1482726485,0.0156897251,0.0873775557,0.0975788981,0.0929827541,0.0947110206,0.0000113090,0.0000000000,0.0000000000,0.0000000000,-0.0845741928,0.0989712775,-0.0083876494,-0.0060050711,0.0989704356,-0.0005962689
20:20:09:33.596,61,0.0000000000,0.1663717926,0.0000000000,0.0059571359,0.0000000000,0.1359679848,0.8155889511,0.0000000000,0.1658101976,0.1352925450,0.0000000000,0.0000000000,0.1361586452,0.8159850240,0.1164743379,0.1132407635,0.0000000000,0.3985369205,0.1598969549,0.3525042236,0.1965312511,0.0454017036,0.0000000000,0.0000000000,0.0000000000,0.1405385137,0.1446901411,0.0760216117,0.0727816522,0.4461452663,0.4072002470,0.0443675853,0.0583337508,0.0822109133,0.0598306172,0.0273588691,0.0277493000,0.2965044379,0.2489217520,0.0621251799,0.0533554479,0.0000000000,0.0000000000,0.2617838085,0.1464714706,0.1480382532,0.0155807538,0.0868655294,0.0970338956,0.0930923522,0.0948147029,0.0000186713,0.0000000000,0.0000000000,0.0000000000,-0.0822209865,0.1016322151,-0.0083755516,-0.0036202301,0.1016314179,-0.0003692003
20:20:09:34.597,61,0.0000000000,0.1671041697,0.0000000000,0.0026181620,0.0000000000,0.1350093484,0.8153322935,0.0000000000,0.1665666848,0.1319724470,0.0000000000,0.0000000000,0.1351913214,0.8157392144,0.1167979985,0.1124070287,0.0000000000,0.3998122811,0.1598194987,0.3520748615,0.1959087551,0.0452699065,0.0000000000,0.0000000000,0.0000000000,0.1407046318,0.1451496780,0.0758064613,0.0725093409,0.4469073117,0.4086883366,0.0440362617,0.0577679500,0.0823980495,0.0601611435,0.0272707324,0.0276351571,0.2965068519,0.2490491271,0.0624107569,0.0536493286,0.0000000000,0.0000000000,0.2616066337,0.1463678032,0.1479419023,0.0154782562,0.0862469971,0.0962621942,0.0931220055,0.0948243141,0.0000203557,0.0000000000,0.0000000000,0.0000000000,-0.0801995248,0.1020790637,-0.0082062576,-0.0015910189,0.1020782664,-0.0001629748
20:20:09:35.598,61,0.0000000000,0.1684725583,0.0000000000,0.0023519788,0.0000000000,0.1344383806,0.8149932027,0.0000000000,0.1679326147,0.1317296326,0.0000000000,0.0000000000,0.1346174181,0.8154100776,0.1172108054,0.1120917127,0.0000000000,0.4005548656,0.1600189805,0.3516492546,0.1954239756,0.0455867685,0.0000000000,0.0000000000,0.0000000000,0.1406492740,0.1457617432,0.0758097693,0.0724200010,0.4492333233,0.4103960991,0.0438455380,0.0574693680,0.0825944394,0.0604323559,0.0272437967,0.0275838654,0.2967207134,0.2492336631,0.0626577735,0.0538290627,0.0000000000,0.0000000000,0.2611594200,0.1449642181,0.1466079354,0.0154029634,0.0860133022,0.0959180593,0.0933086500,0.0949550122,0.0000197201,0.0000000000,0.0000000000,0.0000000000,-0.0800451040,0.1029148847,-0.0082580280,-0.0014291402,0.1029141471,-0.0001476002
20:20:09:36.599,61,0.0000000000,0.1632800996,0.0000000000,0.0077124164,0.0000000000,0.1346022189,0.8147940636,0.0000000000,0.1627163589,0.1369043589,0.0000000000,0.0000000000,0.1347840130,0.8152171373,0.1174857393,0.1123121902,0.0000000000,0.4008991122,0.1602788419,0.3512706757,0.1949829459,0.0469356440,0.0000000000,0.0000000000,0.0000000000,0.1395952851,0.1461086720,0.0759986565,0.0724587440,0.4501310587,0.4108501375,0.0436784513,0.0574292317,0.0826362893,0.0605565608,0.0272630323,0.0275858063,0.2968828678,0.2491353601,0.0626939461,0.0537623949,0.0000000000,0.0000000000,0.2625172436,0.1449998468,0.1466644406,0.0153617384,0.0861989185,0.0960124433,0.0933606699,0.0949344933,0.0000173479,0.0000000000,0.0000000000,0.0000000000,-0.0832163617,0.0997441038,-0.0083181765,-0.0046878322,0.0997432396,-0.0004691346
20:20:09:37.600,61,0.0000000000,0.1622087955,0.0000000000,0.0092896949,0.0000000000,0.1349676400,0.8147045374,0.0000000000,0.1616367996,0.1384451240,0.0000000000,0.0000000000,0.1351535469,0.8151352406,0.1176881641,0.1137399971,0.0000000000,0.4013933837,0.1610899121,0.3515865803,0.1989561617,0.0477738008,0.0000000000,0.0000000000,0.0000000000,0.1389339119,0.1464549005,0.0761237368,0.0724392682,0.4498391449,0.4080212116,0.0435461365,0.0574713983,0.0828404352,0.0607877634,0.0273282882,0.0276285224,0.2964958549,0.2480579466,0.0627647191,0.0537119918,0.0000000000,0.0000000000,0.2625839710,0.1429383606,0.1447564363,0.0153839802,0.0864922404,0.0962326080,0.0935027897,0.0950100496,0.0000054950,0.0000000000,0.0000000000,0.0000000000,-0.0841584355,0.0990901515,-0.0083566057,-0.0056469161,0.0990893096,-0.0005613845
20:20:09:38.601,61,0.0000000000,0.1603213102,0.0000000000,0.0099020498,0.0000000000,0.1353314668,0.8140485287,0.0000000000,0.1597513855,0.1390404701,0.0000000000,0.0000000000,0.1355216503,0.8145141006,0.1176678687,0.1180362776,0.0000000000,0.4008451104,0.1610149145,0.3512725234,0.1995891184,0.0496414006,0.0000000000,0.0000000000,0.0000000000,0.1378804743,0.1467096955,0.0761658996,0.0723207593,0.4495860040,0.4055752456,0.0433513485,0.0573732220,0.0828537941,0.0609249324,0.0273812953,0.0276434142,0.2967143655,0.2477955669,0.0629262999,0.0536846332,0.0000000000,0.0000000000,0.2625601590,0.1418859810,0.1437783539,0.0153752239,0.0866461694,0.0962643027,0.0936116129,0.0950214639,0.0000016066,0.0000000000,0.0000000000,0.0000000000,-0.0845299214,0.0979373828,-0.0082951328,-0.0060198340,0.0979365036,-0.0005914501
20:20:09:39.602,61,0.0000000000,0.1593169719,0.0000000000,0.0088029411,0.0000000000,0.1355902702,0.8120062351,0.0000000000,0.1587587744,0.1379692703,0.0000000000,0.0000000000,0.1357849538,0.8125669360,0.1175275296,0.1250602454,0.0000000000,0.3984228671,0.1604131758,0.3491951227,0.1984796971,0.0534436963,0.0000000000,0.0000000000,0.0000000000,0.1360037476,0.1469732374,0.0762199163,0.0721893311,0.4495757818,0.4042899013,0.0431809239,0.0571802258,0.0828567445,0.0610761940,0.0274459478,0.0276544355,0.2976315618,0.2478081584,0.0632160679,0.0536955073,0.0000000000,0.0000000000,0.2623953819,0.1395300627,0.1417814046,0.0153524159,0.0867577121,0.0961891562,0.0937529877,0.0950289518,0.0000010396,0.0000000000,0.0000000000,0.0000000000,-0.0838836804,0.0973235145,-0.0081799440,-0.0053519648,0.0973226056,-0.0005225154
20:20:09:40.604,61,0.0000000000,0.1606514305,0.0000000000,0.0067418278,0.0000000000,0.1356721371,0.8112472892,0.0000000000,0.1601032913,0.1360442638,0.0000000000,0.0000000000,0.1358701140,0.8118419051,0.1173190773,0.1278889924,0.0000000000,0.3973496556,0.1599698663,0.3484176993,0.1981656700,0.0549392849,0.0000000000,0.0000000000,0.0000000000,0.1352964193,0.1473620534,0.0761662200,0.0719789341,0.4492647648,0.4025898576,0.0430141687,0.0570125766,0.0828394145,0.0611954592,0.0274785738,0.0276396293,0.2983107269,0.2479408979,0.0634914860,0.0537459366,0.0000000000,0.0000000000,0.2617272139,0.1353099495,0.1378500611,0.0153352218,0.0867707729,0.0960837826,0.0938689634,0.0950320512,0.0000011035,0.0000000000,0.0000000000,0.0000000000,-0.0827066600,0.0981380567,-0.0081333723,-0.0040985327,0.0981372148,-0.0004035137
20:20:09:41.605,61,0.0000000000,0.1660749912,0.0000000000,0.0029130091,0.0000000000,0.1354573518,0.8110529780,0.0000000000,0.1655371040,0.1324333847,0.0000000000,0.0000000000,0.1356575191,0.8116635084,0.1172219440,0.1292829663,0.0000000000,0.3973912001,0.1599785984,0.3482727706,0.1983928829,0.0556716174,0.0000000000,0.0000000000,0.0000000000,0.1347819716,0.1475224942,0.0761015937,0.0717821866,0.4488870502,0.4016268551,0.0428535566,0.0568824559,0.0828368664,0.0613004975,0.0274712797,0.0275956225,0.2987325191,0.2480315715,0.0637046173,0.0538061671,0.0000000000,0.0000000000,0.2613179684,0.1340214461,0.1366513669,0.0153279593,0.0866938159,0.0959424451,0.0938829705,0.0949661136,0.0000010585,0.0000000000,0.0000000000,0.0000000000,-0.0804847926,0.1014503986,-0.0081843175,-0.0017703068,0.1014496014,-0.0001802155
20:20:09:42.605,61,0.0000000000,0.1674729139,0.0000000000,0.0003050713,0.0000000000,0.1348780543,0.8105206490,0.0000000000,0.1669530869,0.1296080351,0.0000000000,0.0000000000,0.1350742280,0.8111438751,0.1168163791,0.1296516955,0.0000000000,0.3972250223,0.1596089900,0.3443101346,0.1979363412,0.0560880341,0.0000000000,0.0000000000,0.0000000000,0.1330133379,0.1471720487,0.0758971274,0.0714935288,0.4433172941,0.3963240683,0.0426838323,0.0566035062,0.0826755986,0.0612877570,0.0273727775,0.0274729095,0.2989808023,0.2480853796,0.0638159588,0.0537991524,0.0000000000,0.0000000000,0.2609384656,0.1331873387,0.1358601749,0.0152778812,0.0865233913,0.0956558213,0.0937233567,0.0946906880,0.0000010739,0.0000000000,0.0000000000,0.0000000000,-0.0787608102,0.1023041084,-0.0080772499,-0.0001853831,0.1023033857,-0.0000190318
20:20:09:43.606,61,0.0000000000,0.1707130522,0.0030196975,0.0000000000,0.0000000000,0.1343146861,0.8091761470,0.0000000000,0.1702094823,0.1263891459,0.0000000000,0.0000000000,0.1345094591,0.8098354340,0.1163986400,0.1296066791,0.0000000000,0.3961670101,0.1590110958,0.3429692984,0.1975603998,0.0562811308,0.0000000000,0.0000000000,0.0000000000,0.1314589083,0.1466947198,0.0756988451,0.0712083355,0.4396203756,0.3928672075,0.0424906835,0.0562993176,0.0825485736,0.0613463521,0.0273413546,0.0274167992,0.2995030880,0.2484226078,0.0640866384,0.0539395548,0.0000000000,0.0000000000,0.2606111765,0.1326663792,0.1353624463,0.0152515350,0.0864597708,0.0954587832,0.0938027352,0.0946770236,0.0000012129,0.0000000000,0.0000000000,0.0000000000,-0.0767889544,0.1042834893,-0.0080289058,0.0018346075,0.1042828709,0.0001920146
20:20:09:44.608,61,0.0000000000,0.1695009917,0.0028378000,0.0000000000,0.0000000000,0.1339141279,0.8083145022,0.0000000000,0.1689996123,0.1265593618,0.0000000000,0.0000000000,0.1341091692,0.8089916110,0.1159804389,0.1299588680,0.0000000000,0.3948896527,0.1583181024,0.3413606882,0.1966861635,0.0566566810,0.0000000000,0.0000000000,0.0000000000,0.1301892251,0.1462818235,0.0755623579,0.0709693283,0.4382942319,0.3913174868,0.0423502177,0.0560389869,0.0823829323,0.0613494888,0.0273214150,0.0273691453,0.3019863665,0.2489594817,0.0642957017,0.0539978892,0.0000000000,0.0000000000,0.2605136931,0.1322658807,0.1349862814,0.0152014419,0.0864562914,0.0953333303,0.0938567743,0.0946466848,0.0000013724,0.0000000000,0.0000000000,0.0000000000,-0.0768982843,0.1035430729,-0.0079828193,0.0017242293,0.1035424247,0.0001791715
20:20:09:45.609,61,0.0000000000,0.1743543297,0.0054130056,0.0000000000,0.0000000000,0.1326378882,0.8075575233,0.0000000000,0.1738588363,0.1241467372,0.0000000000,0.0000000000,0.1328262240,0.8082408905,0.1156160682,0.1273241937,0.0000000000,0.3935559094,0.1564480364,0.3388808668,0.1942394674,0.0566443838,0.0000000000,0.0000000000,0.0000000000,0.1292270571,0.1453982145,0.0754391253,0.0707835034,0.4372778833,0.3903813660,0.0421639681,0.0557451472,0.0822300613,0.0613807589,0.0272873342,0.0273287520,0.3031155467,0.2499256730,0.0645735040,0.0542067923,0.0000000000,0.0000000000,0.2591271698,0.1310634464,0.1336352825,0.0151460804,0.0863425583,0.0951438844,0.0939389691,0.0946770757,0.0000012992,0.0000000000,0.0000000000,0.0000000000,-0.0754088238,0.1065081581,-0.0080543505,0.0032878802,0.1065075845,0.0003515137
20:20:09:46.609,61,0.0000000000,0.1770637780,0.0078419130,0.0000000000,0.0000000000,0.1316391826,0.8073648214,0.0000000000,0.1765803099,0.1218320653,0.0000000000,0.0000000000,0.1318249404,0.8080512285,0.1153107807,0.1267332286,0.0000000000,0.3930400312,0.1556793451,0.3381968737,0.1935259551,0.0567158274,0.0000000000,0.0000000000,0.0000000000,0.1289312690,0.1452072263,0.0751710981,0.0704513043,0.4367644191,0.3897950351,0.0420011207,0.0554451384,0.0820926204,0.0614088401,0.0272226352,0.0272531100,0.3042699993,0.2506613433,0.0648775250,0.0544181019,0.0000000000,0.0000000000,0.2585361898,0.1307438314,0.1332717985,0.0150908940,0.0860933140,0.0948560536,0.0939835757,0.0946811736,0.0000012801,0.0000000000,0.0000000000,0.0000000000,-0.0739896297,0.1081638634,-0.0080268616,0.0047623580,0.1081633419,0.0005171289
20:20:09:47.610,61,0.0000000000,0.1792065650,0.0119528733,0.0000000000,0.0000000000,0.1308877021,0.8075323701,0.0000000000,0.1787525117,0.1177291647,0.0000000000,0.0000000000,0.1310713291,0.8082185984,0.1150286645,0.1261749864,0.0000000000,0.3930642903,0.1553324759,0.3377017081,0.1930977702,0.0566090308,0.0000000000,0.0000000000,0.0000000000,0.1284299642,0.1447715908,0.0749213547,0.0701579303,0.4364227355,0.3895722628,0.0418613292,0.0551906303,0.0819228441,0.0613685623,0.0271259546,0.0271487590,0.3049288094,0.2511673272,0.0650414005,0.0545348004,0.0000000000,0.0000000000,0.2585232258,0.1323667467,0.1348609179,0.0150241144,0.0858915150,0.0945879743,0.0939690396,0.0946330801,0.0000011340,0.0000000000,0.0000000000,0.0000000000,-0.0714876130,0.1094744280,-0.0078506293,0.0072578867,0.1094739437,0.0007977317
20:20:09:48.612,61,0.0000000000,0.1792562902,0.0150169870,0.0000000000,0.0000000000,0.1304053515,0.8074455857,0.0000000000,0.1788284928,0.1146610081,0.0000000000,0.0000000000,0.1305857450,0.8081300855,0.1148000881,0.1201768294,0.0000000000,0.3928761780,0.1547866613,0.3338018954,0.1920980215,0.0563899241,0.0000000000,0.0000000000,0.0000000000,0.1246741861,0.1422623098,0.0747718960,0.0699602589,0.4348109663,0.3891701996,0.0417088568,0.0549447350,0.0817403272,0.0613413677,0.0270290300,0.0270527527,0.3054360747,0.2517248988,0.0652507916,0.0547024831,0.0000000000,0.0000000000,0.2585423291,0.1330628097,0.1355349720,0.0149362348,0.0858996958,0.0944127813,0.0940727666,0.0946660191,0.0000009764,0.0000000000,0.0000000000,0.0000000000,-0.0696242452,0.1095064878,-0.0076485970,0.0091184126,0.1095060185,0.0010025172
20:20:09:49.613,61,0.0000000000,0.1776417047,0.0155521287,0.0000000000,0.0000000000,0.1300415993,0.8072157502,0.0000000000,0.1772228926,0.1140485108,0.0000000000,0.0000000000,0.1302190125,0.8079016209,0.1143879890,0.1184279397,0.0000000000,0.3923161328,0.1543704569,0.3316260576,0.1914197803,0.0561258011,0.0000000000,0.0000000000,0.0000000000,0.1232117563,0.1409064978,0.0745484307,0.0697166100,0.4304347932,0.3868588209,0.0416658148,0.0547159463,0.0816122219,0.0613200031,0.0269318558,0.0269514360,0.3055912852,0.2519353032,0.0653792322,0.0548066236,0.0000000000,0.0000000000,0.2591768205,0.1345587671,0.1370848119,0.0148441372,0.0859595835,0.0942934155,0.0941371769,0.0946550667,0.0000010143,0.0000000000,0.0000000000,0.0000000000,-0.0692597553,0.1085205078,-0.0075395745,0.0094443727,0.1085200012,0.0010289301
20:20:09:50.614,61,0.0000000000,0.1710824221,0.0196561646,0.0000000000,0.0000000000,0.1301218867,0.8067697287,0.0000000000,0.1707142144,0.1097371429,0.0000000000,0.0000000000,0.1302980185,0.8074595332,0.1136216521,0.1173061058,0.0000000000,0.3876645565,0.1538075507,0.3304356933,0.1908725798,0.0559129640,0.0000000000,0.0000000000,0.0000000000,0.1210949495,0.1397419125,0.0742406920,0.0693960637,0.4217812419,0.3814499974,0.0415632725,0.0544657893,0.0814452916,0.0612785295,0.0268684775,0.0268809330,0.3055146039,0.2519019842,0.0654579327,0.0548610911,0.0000000000,0.0000000000,0.2597033083,0.1353358477,0.1378862858,0.0147673171,0.0860349387,0.0941748172,0.0942287743,0.0946716145,0.0000010307,0.0000000000,0.0000000000,0.0000000000,-0.0666699037,0.1045164317,-0.0069882888,0.0119417552,0.1045157984,0.0012526361
20:20:09:51.614,61,0.0000000000,0.1702333987,0.0192669369,0.0000000000,0.0000000000,0.1302146167,0.8045676351,0.0000000000,0.1698638648,0.1101188511,0.0000000000,0.0000000000,0.1303902417,0.8053171635,0.1129165441,0.1168336198,0.0000000000,0.3791310191,0.1533731669,0.3296305835,0.1902594566,0.0557757057,0.0000000000,0.0000000000,0.0000000000,0.1199973300,0.1390772164,0.0740403086,0.0691673905,0.4190830886,0.3796514273,0.0415620580,0.0544007979,0.0812589750,0.0611629561,0.0268882792,0.0268849470,0.3057723939,0.2521290183,0.0654088110,0.0548167899,0.0000000000,0.0000000000,0.2601339221,0.1357819438,0.1383774728,0.0147331096,0.0861955434,0.0941754580,0.0944756866,0.0948890820,0.0000014034,0.0000000000,0.0000000000,0.0000000000,-0.0669054314,0.1039974466,-0.0069778664,0.0117059210,0.1039968282,0.0012217580
20:20:09:52.616,61,0.0000000000,0.1656012088,0.0250668768,0.0000000000,0.0000000000,0.1303309947,0.8041068912,0.0000000000,0.1652881056,0.1042700708,0.0000000000,0.0000000000,0.1305074543,0.8048766851,0.1123558134,0.1169388592,0.0000000000,0.3763848841,0.1536772251,0.3290863037,0.1896145344,0.0557722524,0.0000000000,0.0000000000,0.0000000000,0.1195039526,0.1390579790,0.0740098432,0.0691039935,0.4205298722,0.3807814717,0.0418336168,0.0548002794,0.0809705183,0.0607931539,0.0269244257,0.0268985871,0.3059734702,0.2522023022,0.0646540150,0.0543515161,0.0000000000,0.0000000000,0.2612189054,0.1400050223,0.1429351121,0.0147347581,0.0862779394,0.0941733122,0.0945875496,0.0949835032,0.0000103842,0.0000000000,0.0000000000,0.0000000000,-0.0633701310,0.1011725366,-0.0064288890,0.0152341966,0.1011717990,0.0015464904
20:20:09:53.616,61,0.0000000000,0.1591116041,0.0324705243,0.0000000000,0.0000000000,0.1308607757,0.8042460084,0.0000000000,0.1588673890,0.0968617946,0.0000000000,0.0000000000,0.1310415566,0.8050291538,0.1119306982,0.1148515493,0.0000000000,0.3750557303,0.2115338147,0.3285605311,0.2005785704,0.0561599508,0.0000000000,0.0000000000,0.0000000000,0.1193317547,0.1395545155,0.0740010217,0.0691655725,0.4222064912,0.3902366459,0.0486264266,0.0670462847,0.0808677971,0.0594904013,0.0270691384,0.0270407163,0.2972121835,0.2465196997,0.0537584573,0.0473455861,0.0000000000,0.0000000000,0.2624052763,0.1450553387,0.1483840793,0.0149747608,0.0865976661,0.0945945829,0.0946962014,0.0951756835,0.0000554623,0.0000000000,0.0000000000,0.0000000000,-0.0588907711,0.0972156227,-0.0057398253,0.0197414849,0.0972147658,0.0019251052
20:20:09:54.617,61,0.0000000000,0.1413164735,0.0413805917,0.0000000000,0.0000000000,0.1361281574,0.8056910634,0.0000000000,0.1411602944,0.0879715905,0.0000000000,0.0000000000,0.1363789439,0.8064945936,0.1117595360,0.0878817886,0.0000000000,0.3738941550,0.2736988068,0.3118390441,0.2442886680,0.0565326922,0.0000000000,0.0000000000,0.0000000000,0.1201929748,0.1429884434,0.0738584995,0.0692472830,0.4229438901,0.4040259123,0.0715956986,0.0885510594,0.0811005533,0.0566850603,0.0274521410,0.0274485964,0.2463086396,0.2126869857,0.0392981842,0.0362193026,0.0000000000,0.0000000000,0.2632481456,0.1531244814,0.1570257843,0.0155482311,0.0872383863,0.0966737121,0.0948693976,0.0955802053,0.0000685308,0.0000000000,0.0000000000,0.0000000000,-0.0535389334,0.0863539726,-0.0046325787,0.0251838155,0.0863527656,0.0021798804
20:20:09:55.618,61,0.0000000000,0.1222456321,0.0434466973,0.0000000000,0.0000000000,0.1441239715,0.8062726259,0.0000000000,0.1221239939,0.0857477039,0.0000000000,0.0000000000,0.1444342434,0.8070843220,0.1116125062,0.0670654923,0.0000000000,0.3535657525,0.2937831581,0.2827905416,0.2560714185,0.0562123954,0.0000000000,0.0000000000,0.0000000000,0.1227018759,0.1448219419,0.0735177696,0.0692396089,0.4231553972,0.4128909409,0.0900347605,0.0956780091,0.0836443007,0.0553408191,0.0280290842,0.0281318650,0.2289142162,0.1997041851,0.0321098752,0.0303467624,0.0000000000,0.0000000000,0.2647117674,0.1609282196,0.1648745686,0.0162509456,0.0879263580,0.0985738784,0.0951608196,0.0965333283,0.0000713626,0.0000000000,0.0000000000,0.0000000000,-0.0522344708,0.0747033730,-0.0039075692,0.0264661014,0.0747018233,0.0019805175
20:20:09:56.619,61,0.0000000000,0.1027627885,0.0312837623,0.0000000000,0.0000000000,0.1527051926,0.8062282205,0.0000000000,0.1026027501,0.0975377336,0.0000000000,0.0000000000,0.1531398147,0.8070507050,0.1116827950,0.0595838875,0.0000000000,0.3295842111,0.3038983345,0.2581627667,0.2617948949,0.0561347082,0.0000000000,0.0000000000,0.0000000000,0.1313624978,0.1533032805,0.0728440732,0.0689787567,0.4235395789,0.4205440581,0.1231546253,0.0997224227,0.0912030041,0.0543983579,0.0305181611,0.0308183450,0.2184924036,0.1915812492,0.0274789855,0.0261780843,0.0000000000,0.0000000000,0.2655070126,0.1659166068,0.1698311865,0.0177140422,0.0884053335,0.0994767323,0.0955232829,0.0981623381,0.0000630415,0.0000000000,0.0000000000,0.0000000000,-0.0594652817,0.0627875775,-0.0037363749,0.0190725215,0.0627856553,0.0011989834
20:20:09:57.620,61,0.0000000000,0.0818148032,0.0000000000,0.0101158014,0.0000000000,0.1608093381,0.8065854907,0.0000000000,0.0815284923,0.1383799613,0.0000000000,0.0000000000,0.1613754183,0.8074114919,0.1121592745,0.0543118380,0.0000000000,0.3221027255,0.3095680177,0.2485054284,0.2662630975,0.0561175570,0.0000000000,0.0000000000,0.0000000000,0.1546874046,0.1735119671,0.0704090595,0.0683479905,0.4233686328,0.4236905277,0.1374569386,0.1037562415,0.0954947993,0.0536054038,0.0329945870,0.0334515497,0.2084669620,0.1848487407,0.0243172143,0.0232283473,0.0000000000,0.0000000000,0.2663815022,0.1746002883,0.1782763898,0.0204626936,0.0886318162,0.0999356061,0.0956260115,0.0989570022,0.0000185240,0.0000000000,0.0000000000,0.0000000000,-0.0844264627,0.0499810949,-0.0042182039,-0.0061716759,0.0499787778,-0.0003087079
20:20:09:58.621,61,0.0000000000,0.0539423525,0.0000000000,0.0849741772,0.0000000000,0.1707403213,0.8052769303,0.0000000000,0.0535692982,0.2116114944,0.0000000000,0.0000000000,0.1715640873,0.8061623573,0.1122216880,0.0519946143,0.0000000000,0.3172017932,0.3116209209,0.2433660626,0.2687564194,0.0563639030,0.0000000000,0.0000000000,0.0000000000,0.1617346108,0.1796556860,0.0671615675,0.0664396062,0.4203323722,0.4231676757,0.1439191252,0.1055869833,0.0974719524,0.0528183430,0.0345065147,0.0349452049,0.2039287686,0.1811841726,0.0223875716,0.0213716291,0.0000000000,0.0000000000,0.2670756876,0.1777211279,0.1813405156,0.0226798058,0.0886095986,0.1001501530,0.0954923928,0.0994419008,0.0000061658,0.0000000000,0.0000000000,0.0000000000,-0.1291964948,0.0329987369,-0.0042529893,-0.0518795699,0.0329959244,-0.0017116660
20:20:09:59.622,61,0.0000000000,0.0514461398,0.0000000000,0.0864932686,0.0000000000,0.1747219414,0.8045514226,0.0000000000,0.0510872938,0.2130354196,0.0000000000,0.0000000000,0.1756599396,0.8054661155,0.1121038124,0.0564239286,0.0000000000,0.3127492666,0.3059739769,0.2389288396,0.2695761025,0.0567453653,0.0000000000,0.0000000000,0.0000000000,0.1542387158,0.1710903943,0.0657580346,0.0655418932,0.4193727970,0.4229470193,0.1470483989,0.1067032143,0.0986108556,0.0520844497,0.0359454155,0.0361870043,0.2020609379,0.1795827895,0.0211253688,0.0201467909,0.0000000000,0.0000000000,0.2681081891,0.1802352667,0.1839123517,0.0238673333,0.0885159820,0.1003031209,0.0952518210,0.0997867808,0.0000036613,0.0000000000,0.0000000000,0.0000000000,-0.1300722212,0.0314734094,-0.0040836083,-0.0528096221,0.0314705521,-0.0016617225
20:20:10:00.623,61,0.0000000000,0.0572601892,0.0000000000,0.0756570697,0.0000000000,0.1767778993,0.7999324799,0.0000000000,0.0568879209,0.2025588900,0.0000000000,0.0000000000,0.1777766645,0.8010794520,0.1105011851,0.0624929070,0.0000000000,0.3050475419,0.2962821126,0.2369438708,0.2697634101,0.0589673258,0.0000000000,0.0000000000,0.0000000000,0.1310697049,0.1573527604,0.0646749213,0.0647376999,0.4149531722,0.4109411836,0.1398113966,0.1069118679,0.0990202129,0.0513577685,0.0368565731,0.0370153673,0.2026121467,0.1789110005,0.0202976428,0.0192907359,0.0000000000,0.0000000000,0.2726701796,0.1833000481,0.1873643100,0.0246916618,0.0885214135,0.1005228534,0.0949538127,0.0999609381,0.0000036797,0.0000000000,0.0000000000,0.0000000000,-0.1236610785,0.0350183733,-0.0043211216,-0.0461879857,0.0350156166,-0.0016173854
20:20:10:01.624,61,0.0000000000,0.0826954991,0.0000000000,0.0641151220,0.0000000000,0.1735719889,0.7905030847,0.0000000000,0.0821968764,0.1916797906,0.0000000000,0.0000000000,0.1745226681,0.7919855118,0.1048139855,0.0642714947,0.0000000000,0.3023823500,0.2918360829,0.2440471053,0.3384846747,0.0645576045,0.0000000000,0.0000000000,0.0000000000,0.1186376661,0.1501863748,0.0625614151,0.0628708676,0.3524248004,0.3464082479,0.1035520583,0.1063491702,0.0988237411,0.0506463833,0.0374379009,0.0375602767,0.2028085291,0.1783555299,0.0198163819,0.0187172256,0.0000000000,0.0000000000,0.2741164863,0.1838761568,0.1881411523,0.0279765166,0.0883852169,0.1005501002,0.0945334584,0.0998851880,0.0000033368,0.0000000000,0.0000000000,0.0000000000,-0.1169422865,0.0505568124,-0.0059037246,-0.0391157158,0.0505545139,-0.0019786551
20:20:10:02.625,61,0.0000000000,0.1015409604,0.0000000000,0.0572612099,0.0000000000,0.1606352329,0.7757862806,0.0000000000,0.1009590179,0.1850887984,0.0000000000,0.0000000000,0.1613260806,0.7776008248,0.0990691707,0.0658893883,0.0000000000,0.3006838262,0.2690236568,0.3009839058,0.3517436683,0.0661013424,0.0000000000,0.0000000000,0.0000000000,0.1135251150,0.1468639225,0.0606248714,0.0608824156,0.3359302282,0.3289459050,0.0839391723,0.0904323384,0.0983437151,0.0502513200,0.0375986174,0.0376840271,0.2065412998,0.1782819927,0.0199420583,0.0186965186,0.0000000000,0.0000000000,0.2762620449,0.1839327961,0.1883712113,0.0289377067,0.0879206732,0.1002900079,0.0942247510,0.0998748839,0.0000030482,0.0000000000,0.0000000000,0.0000000000,-0.1128484532,0.0620676577,-0.0069982572,-0.0349115916,0.0620657206,-0.0021691555
20:20:10:03.626,61,0.0000000000,0.1215747595,0.0000000000,0.0517784208,0.0000000000,0.1460832655,0.7643534541,0.0000000000,0.1209078878,0.1797719449,0.0000000000,0.0000000000,0.1466598064,0.7664194107,0.0960451737,0.0851735026,0.0000000000,0.3016969562,0.2622672021,0.3465701342,0.3711290359,0.0670910925,0.0000000000,0.0000000000,0.0000000000,0.1115501076,0.1454215199,0.0586011000,0.0584205687,0.3283281326,0.3199620843,0.0736256391,0.0808987841,0.0979705602,0.0501767062,0.0376336612,0.0376640037,0.2091732323,0.1782083958,0.0209376346,0.0190453082,0.0000000000,0.0000000000,0.2769365311,0.1824217439,0.1875156313,0.0295048896,0.0857093483,0.0992734507,0.0939252749,0.0998525470,0.0000034145,0.0000000000,0.0000000000,0.0000000000,-0.1095158532,0.0743043944,-0.0081360517,-0.0315424241,0.0743028373,-0.0023476207
20:20:10:04.627,61,0.0000000000,0.1235796735,0.0000000000,0.0544530824,0.0000000000,0.1365156174,0.7606142759,0.0000000000,0.1228891909,0.1820693165,0.0000000000,0.0000000000,0.1370489746,0.7627449632,0.0944083631,0.0919900313,0.0000000000,0.3061091900,0.2512995005,0.3909572959,0.3795724809,0.0669937581,0.0000000000,0.0000000000,0.0000000000,0.1145251095,0.1450237334,0.0563206896,0.0555678122,0.3314820528,0.3190563917,0.0649145395,0.0701701641,0.0976758152,0.0504618064,0.0375241637,0.0374970138,0.2136384845,0.1784026027,0.0250928737,0.0215133168,0.0000000000,0.0000000000,0.2793030441,0.1824165136,0.1877085716,0.0296441428,0.0822051093,0.0969091803,0.0935052037,0.0997319818,0.0000106404,0.0000000000,0.0000000000,0.0000000000,-0.1109052896,0.0755336732,-0.0083756605,-0.0331687219,0.0755321607,-0.0025096149
20:20:10:05.629,61,0.0000000000,0.1295572668,0.0000000000,0.0553438216,0.0000000000,0.1292265803,0.7597656846,0.0000000000,0.1288281530,0.1829311550,0.0000000000,0.0000000000,0.1297603995,0.7618408203,0.0934193209,0.1054652780,0.0000000000,0.3285191357,0.2477202863,0.4174159169,0.4195736349,0.0669506043,0.0000000000,0.0000000000,0.0000000000,0.1265942454,0.1498214155,0.0545508787,0.0533880107,0.3402840793,0.3213571310,0.0606352575,0.0652394965,0.0973967016,0.0508104786,0.0373317935,0.0372367799,0.2176063657,0.1786780655,0.0278263818,0.0232045297,0.0000000000,0.0000000000,0.2830955982,0.1842259020,0.1898574382,0.0296803620,0.0785714015,0.0941789150,0.0928870589,0.0993814617,0.0000231642,0.0000000000,0.0000000000,0.0000000000,-0.1113989949,0.0791885108,-0.0088215061,-0.0337017551,0.0791871026,-0.0026738243
20:20:10:06.630,61,0.0000000000,0.1244060546,0.0000000000,0.0506553948,0.0000000000,0.1256473511,0.7595510483,0.0000000000,0.1237342060,0.1781680137,0.0000000000,0.0000000000,0.1262121201,0.7616268396,0.0929367095,0.1205102056,0.0000000000,0.3504528403,0.2656611204,0.4542087317,0.4897721112,0.0696599036,0.0000000000,0.0000000000,0.0000000000,0.1452019066,0.1762382835,0.0524991304,0.0510232784,0.3497537076,0.3248722553,0.0584416017,0.0626170188,0.0972920656,0.0511457808,0.0372004546,0.0370063893,0.2213377953,0.1789868623,0.0292316694,0.0241167415,0.0000000000,0.0000000000,0.2907104492,0.1922673136,0.1992830038,0.0299367327,0.0752400979,0.0908122584,0.0921147168,0.0988386348,0.0000323641,0.0000000000,0.0000000000,0.0000000000,-0.1085246578,0.0760330781,-0.0082509965,-0.0308542829,0.0760315955,-0.0023500542
20:20:10:07.630,61,0.0000000000,0.1142985821,0.0000000000,0.0522298440,0.0000000000,0.1239223555,0.7594823241,0.0000000000,0.1136737838,0.1796329021,0.0000000000,0.0000000000,0.1245118529,0.7615640163,0.0928102806,0.1354993731,0.0000000000,0.3615460396,0.2699459493,0.4685372114,0.4682018161,0.0730574355,0.0000000000,0.0000000000,0.0000000000,0.1527325958,0.1839365661,0.0511649996,0.0494412594,0.3588778675,0.3283492923,0.0571108870,0.0609200150,0.0971107483,0.0515192188,0.0370222703,0.0366944149,0.2353837490,0.1829247624,0.0307506565,0.0249243826,0.0000000000,0.0000000000,0.2987340987,0.2009083182,0.2084928602,0.0300430972,0.0733376145,0.0886396095,0.0913505033,0.0981795341,0.0000370396,0.0000000000,0.0000000000,0.0000000000,-0.1094660014,0.0698581785,-0.0076441220,-0.0318276286,0.0698564723,-0.0022266104
20:20:10:08.631,61,0.0000000000,0.1063537821,0.0000000000,0.0582624786,0.0000000000,0.1231765151,0.7606866360,0.0000000000,0.1057438701,0.1854303330,0.0000000000,0.0000000000,0.1237988248,0.7627476454,0.0929828957,0.1412201375,0.0000000000,0.3667483926,0.2725840807,0.4755801558,0.4680039585,0.0753156766,0.0000000000,0.0000000000,0.0000000000,0.1600282192,0.1897516847,0.0501473434,0.0483291596,0.3640031219,0.3327919841,0.0564146750,0.0598959513,0.0969396979,0.0518238097,0.0368859209,0.0364174992,0.2402593940,0.1853790283,0.0316680707,0.0255167596,0.0000000000,0.0000000000,0.3037703633,0.2101274133,0.2174748778,0.0301728174,0.0718255937,0.0870208368,0.0905479267,0.0975003317,0.0000316773,0.0000000000,0.0000000000,0.0000000000,-0.1130356789,0.0650107190,-0.0073431092,-0.0355154127,0.0650088936,-0.0023115857
20:20:10:09.632,61,0.0000000000,0.0912036002,0.0000000000,0.0643189326,0.0000000000,0.1228005961,0.7636099458,0.0000000000,0.0906586498,0.1909087449,0.0000000000,0.0000000000,0.1234617382,0.7656952143,0.0931794792,0.1507399082,0.0000000000,0.3705738187,0.2743280232,0.4867581427,0.4703924060,0.0826979503,0.0000000000,0.0000000000,0.0000000000,0.1673108935,0.1975300759,0.0493015461,0.0474193729,0.3727527857,0.3367456496,0.0560642518,0.0591105931,0.0969916508,0.0522293597,0.0368320532,0.0362020023,0.2428739369,0.1865994334,0.0324406400,0.0260031894,0.0000000000,0.0000000000,0.3103788495,0.2209447324,0.2287867069,0.0304127987,0.0707589015,0.0859169513,0.0895997807,0.0966820195,0.0000216541,0.0000000000,0.0000000000,0.0000000000,-0.1164399311,0.0557581782,-0.0064844475,-0.0392292142,0.0557560548,-0.0021889703
20:20:10:10.634,61,0.0000000000,0.0936132371,0.0000000000,0.0546565093,0.0000000000,0.1223673075,0.7685887218,0.0000000000,0.0930959061,0.1813298464,0.0000000000,0.0000000000,0.1230543628,0.7706258297,0.0936355069,0.1538505703,0.0000000000,0.3741794825,0.2769145668,0.4910885990,0.4709236920,0.0848191530,0.0000000000,0.0000000000,0.0000000000,0.1754946113,0.2041187733,0.0485488996,0.0466331914,0.3761151731,0.3415138423,0.0559228361,0.0585773177,0.0969583094,0.0525313132,0.0367520191,0.0359814987,0.2442939430,0.1874967515,0.0329940245,0.0263998993,0.0000000000,0.0000000000,0.3212901354,0.2396670282,0.2474618107,0.0306262672,0.0698426887,0.0849249810,0.0883527994,0.0957186297,0.0000139392,0.0000000000,0.0000000000,0.0000000000,-0.1105882972,0.0572189577,-0.0063216742,-0.0333331712,0.0572168902,-0.0019089488
20:20:10:11.634,61,0.0000000000,0.0915463641,0.0000000000,0.0496902317,0.0000000000,0.1218142137,0.7724201679,0.0000000000,0.0910628811,0.1762133837,0.0000000000,0.0000000000,0.1225197017,0.7743791938,0.0939322487,0.1538240761,0.0000000000,0.3765767217,0.2792079449,0.5155333877,0.4922262728,0.0854859129,0.0000000000,0.0000000000,0.0000000000,0.1786386967,0.2065913081,0.0477761850,0.0458560847,0.3777993023,0.3435844183,0.0558029190,0.0580829009,0.0969369486,0.0528033078,0.0366854519,0.0358066857,0.2448798269,0.1880225688,0.0334632508,0.0267986078,0.0000000000,0.0000000000,0.3279532492,0.2483720034,0.2560003698,0.0308675934,0.0687019974,0.0838535428,0.0874961391,0.0950378776,0.0000130476,0.0000000000,0.0000000000,0.0000000000,-0.1074754968,0.0559503101,-0.0060079158,-0.0303065721,0.0559482127,-0.0016971085
20:20:10:12.636,61,0.0000000000,0.0964560509,0.0000000000,0.0436196961,0.0000000000,0.1207941249,0.7747510672,0.0000000000,0.0959734172,0.1702402234,0.0000000000,0.0000000000,0.1215059906,0.7766816020,0.0941511840,0.1508842111,0.0000000000,0.3777442575,0.2797884941,0.5220501423,0.4964877367,0.0843095705,0.0000000000,0.0000000000,0.0000000000,0.1799350083,0.2074570954,0.0470954850,0.0451725423,0.3784530461,0.3448135257,0.0555549972,0.0575141087,0.0968248397,0.0530905984,0.0365265422,0.0355560258,0.2452334911,0.1885313243,0.0340448953,0.0273250826,0.0000000000,0.0000000000,0.3324855864,0.2525918186,0.2601882815,0.0309474636,0.0678986832,0.0830365196,0.0867852271,0.0944567770,0.0000130475,0.0000000000,0.0000000000,0.0000000000,-0.1038145125,0.0589445494,-0.0061153220,-0.0265995059,0.0589425303,-0.0015694740
20:20:10:13.637,61,0.0000000000,0.0985720232,0.0000000000,0.0413076840,0.0000000000,0.1198197529,0.7763974071,0.0000000000,0.0980885178,0.1680828929,0.0000000000,0.0000000000,0.1205244437,0.7782891989,0.0943347290,0.1444866955,0.0000000000,0.3786131442,0.2797986269,0.5250732303,0.4860437214,0.0798205659,0.0000000000,0.0000000000,0.0000000000,0.1805081367,0.2075336576,0.0464693420,0.0445434302,0.3784240186,0.3455144763,0.0552906878,0.0570352338,0.0965884179,0.0533071682,0.0363000035,0.0352634229,0.2454132438,0.1890519708,0.0345570222,0.0278512985,0.0000000000,0.0000000000,0.3358866274,0.2550469339,0.2625931799,0.0309535246,0.0671226680,0.0822427571,0.0859512314,0.0937894508,0.0000124902,0.0000000000,0.0000000000,0.0000000000,-0.1024910957,0.0602353439,-0.0061701695,-0.0251876917,0.0602333583,-0.0015188147
20:20:10:14.638,61,0.0000000000,0.0996578708,0.0000000000,0.0453770943,0.0000000000,0.1191777959,0.7773703933,0.0000000000,0.0991500318,0.1721246988,0.0000000000,0.0000000000,0.1198807806,0.7792410851,0.0946055651,0.1397853196,0.0000000000,0.3783265352,0.2786925137,0.5053709745,0.4482046962,0.0756798610,0.0000000000,0.0000000000,0.0000000000,0.1805165112,0.2069996297,0.0459502377,0.0440304577,0.3781771660,0.3461662829,0.0550728105,0.0565432273,0.0964102671,0.0535629466,0.0360780582,0.0349889286,0.2454038262,0.1895087063,0.0350007415,0.0283457581,0.0000000000,0.0000000000,0.3412331939,0.2605767846,0.2676630318,0.0308639556,0.0665593967,0.0816793963,0.0852300078,0.0932135433,0.0000115071,0.0000000000,0.0000000000,0.0000000000,-0.1049514711,0.0609028228,-0.0063879271,-0.0276679322,0.0609008707,-0.0016868707
20:20:10:15.639,61,0.0000000000,0.1051095799,0.0000000000,0.0489649549,0.0000000000,0.1186102033,0.7783736587,0.0000000000,0.1045549884,0.1758561730,0.0000000000,0.0000000000,0.1193099245,0.7801886797,0.0950565115,0.1357226968,0.0000000000,0.3782445192,0.2780718803,0.5002959371,0.4374546111,0.0729109123,0.0000000000,0.0000000000,0.0000000000,0.1805715859,0.2066356540,0.0455075689,0.0435879529,0.3779072165,0.3468433619,0.0548843555,0.0561537072,0.0962044075,0.0538058765,0.0358192064,0.0346846543,0.2455171496,0.1901411116,0.0354475714,0.0288554896,0.0000000000,0.0000000000,0.3430570066,0.2626337409,0.2695447206,0.0306994822,0.0660499185,0.0811518654,0.0845754072,0.0926783830,0.0000091530,0.0000000000,0.0000000000,0.0000000000,-0.1072045416,0.0642383024,-0.0068828161,-0.0298493337,0.0642364472,-0.0019197694
20:20:10:16.641,61,0.0000000000,0.1017067656,0.0000000000,0.0556851141,0.0000000000,0.1181935742,0.7824229598,0.0000000000,0.1011393219,0.1823772788,0.0000000000,0.0000000000,0.1188954860,0.7841075659,0.0951536745,0.1340788752,0.0000000000,0.3779255152,0.2765547037,0.4979464710,0.4411552250,0.0714415535,0.0000000000,0.0000000000,0.0000000000,0.1801422089,0.2049378753,0.0450724252,0.0431540236,0.3774867058,0.3472460508,0.0546330176,0.0557333864,0.0961120278,0.0540822595,0.0355938450,0.0344178043,0.2452153563,0.1903068274,0.0358221903,0.0292896573,0.0000000000,0.0000000000,0.3439653218,0.2637891769,0.2706065774,0.0305791385,0.0655068532,0.0806149766,0.0838102177,0.0920557454,0.0000083111,0.0000000000,0.0000000000,0.0000000000,-0.1111944988,0.0621669069,-0.0069071730,-0.0339504443,0.0621649995,-0.0021128431
20:20:10:17.642,61,0.0000000000,0.0984343439,0.0000000000,0.0576689839,0.0000000000,0.1178618148,0.7838307619,0.0000000000,0.0978771374,0.1842021197,0.0000000000,0.0000000000,0.1185658649,0.7854792476,0.0952556282,0.1329403371,0.0000000000,0.3780250549,0.2760436833,0.5017293096,0.4638385177,0.0704937801,0.0000000000,0.0000000000,0.0000000000,0.1798506528,0.2042036653,0.0446641445,0.0427542590,0.3769775033,0.3475745916,0.0543954931,0.0554285087,0.0958599150,0.0542074554,0.0354167446,0.0341985486,0.2451702505,0.1906937808,0.0361257046,0.0296489913,0.0000000000,0.0000000000,0.3449587524,0.2648254335,0.2716117799,0.0305281002,0.0650335923,0.0801427439,0.0832138732,0.0915836990,0.0000080355,0.0000000000,0.0000000000,0.0000000000,-0.1123207659,0.0601693466,-0.0067521133,-0.0351642892,0.0601673536,-0.0021178594
20:20:10:18.642,61,0.0000000000,0.0994000956,0.0000000000,0.0542745739,0.0000000000,0.1175355241,0.7848170996,0.0000000000,0.0988530293,0.1808442026,0.0000000000,0.0000000000,0.1182375029,0.7864512205,0.0954543650,0.1323605329,0.0000000000,0.3826737404,0.2742768228,0.5025141239,0.4171517491,0.0693509653,0.0000000000,0.0000000000,0.0000000000,0.1796856821,0.2036568671,0.0444888920,0.0425491072,0.3766022027,0.3478223085,0.0540624112,0.0551914349,0.0953961089,0.0543165691,0.0351161435,0.0338517539,0.2452920675,0.1912513971,0.0365722962,0.0301534459,0.0000000000,0.0000000000,0.3456769884,0.2654668689,0.2722477615,0.0302713253,0.0647124127,0.0797999129,0.0826351941,0.0910683721,0.0000117740,0.0000000000,0.0000000000,0.0000000000,-0.1102692634,0.0607553273,-0.0066940156,-0.0330933295,0.0607533790,-0.0020126386
20:20:10:19.643,61,0.0000000000,0.1045037732,0.0000000000,0.0512100756,0.0000000000,0.1169956848,0.7855587602,0.0000000000,0.1039424166,0.1779413372,0.0000000000,0.0000000000,0.1176866367,0.7871726751,0.0959012806,0.1259782016,0.0000000000,0.3842532039,0.2648192644,0.5106725097,0.4069595039,0.0659329891,0.0000000000,0.0000000000,0.0000000000,0.1794772744,0.2031522691,0.0444234945,0.0424361415,0.3764814436,0.3488008678,0.0535456389,0.0548893176,0.0948481262,0.0544534177,0.0348537527,0.0335700773,0.2465070188,0.1956459135,0.0371964648,0.0308978055,0.0000000000,0.0000000000,0.3454967141,0.2651918828,0.2717098296,0.0300469361,0.0643818155,0.0793880895,0.0821681768,0.0906682685,0.0000233985,0.0000000000,0.0000000000,0.0000000000,-0.1084782928,0.0638707504,-0.0069243172,-0.0312187150,0.0638688952,-0.0019962934
20:20:10:20.645,61,0.0000000000,0.1177256033,0.0000000000,0.0544001609,0.0000000000,0.1157844886,0.7906987667,0.0000000000,0.1170727611,0.1814401746,0.0000000000,0.0000000000,0.1164055243,0.7920971513,0.0979232639,0.1197442189,0.0000000000,0.3899081647,0.2553648651,0.5130271316,0.3934891820,0.0605352260,0.0000000000,0.0000000000,0.0000000000,0.1794480234,0.2027933151,0.0445770025,0.0424899496,0.3768271208,0.3529583216,0.0529652759,0.0547477677,0.0939116776,0.0545456856,0.0345053449,0.0332247503,0.2481487691,0.1994135529,0.0378494300,0.0317208469,0.0000000000,0.0000000000,0.3444671333,0.2636161447,0.2695969343,0.0297351051,0.0640103295,0.0788965598,0.0815851018,0.0901195556,0.0000399950,0.0000000000,0.0000000000,0.0000000000,-0.1105510071,0.0719556957,-0.0079521444,-0.0331452452,0.0719540641,-0.0023886180
20:20:10:21.646,61,0.0000000000,0.1251124293,0.0000000000,0.0614552759,0.0000000000,0.1151053905,0.7977954745,0.0000000000,0.1243755296,0.1886485070,0.0000000000,0.0000000000,0.1156930178,0.7989609838,0.0999261513,0.1118187010,0.0000000000,0.4015895128,0.2518940270,0.5140439272,0.3786614537,0.0563377738,0.0000000000,0.0000000000,0.0000000000,0.1792982221,0.2023089230,0.0448330007,0.0426249020,0.3771209717,0.3547269702,0.0523723960,0.0548091903,0.0921135619,0.0545129254,0.0340402499,0.0327888019,0.2502130568,0.2030799240,0.0383392684,0.0323590562,0.0000000000,0.0000000000,0.3442135155,0.2632512748,0.2690065205,0.0293213259,0.0637378097,0.0785074234,0.0807339028,0.0891123787,0.0000869304,0.0000000000,0.0000000000,0.0000000000,-0.1149049103,0.0764820129,-0.0087857461,-0.0374312550,0.0764805228,-0.0028676786
20:20:10:22.647,61,0.0000000000,0.1259090453,0.0000000000,0.0614543967,0.0000000000,0.1147112101,0.8036812544,0.0000000000,0.1251662821,0.1887770742,0.0000000000,0.0000000000,0.1152724251,0.8047162890,0.1020486429,0.1087858081,0.0000000000,0.4066708684,0.2503685951,0.5096008182,0.3654285967,0.0544150658,0.0000000000,0.0000000000,0.0000000000,0.1793678552,0.2021341771,0.0451782718,0.0428545289,0.3782126606,0.3588247001,0.0519806482,0.0551620945,0.0904950052,0.0543327630,0.0335695557,0.0323539451,0.2513650656,0.2048304677,0.0385497995,0.0327165462,0.0000000000,0.0000000000,0.3442587554,0.2633274198,0.2689247429,0.0289427061,0.0635293201,0.0781978369,0.0796690211,0.0876628086,0.0001226020,0.0000000000,0.0000000000,0.0000000000,-0.1149789393,0.0769689307,-0.0088475682,-0.0374293178,0.0769674778,-0.0028858604
20:20:10:23.647,61,0.0000000000,0.1213273853,0.0000000000,0.0633515343,0.0000000000,0.1148083061,0.8111576438,0.0000000000,0.1206017882,0.1905592531,0.0000000000,0.0000000000,0.1153509021,0.8120984435,0.1060141921,0.1072729304,0.0000000000,0.4151122272,0.2534712255,0.4992956817,0.3473877311,0.0532925203,0.0000000000,0.0000000000,0.0000000000,0.1808904111,0.2032682002,0.0456682369,0.0432380997,0.3918755651,0.3766492307,0.0518513657,0.0570295006,0.0888835564,0.0540057868,0.0331121832,0.0319242589,0.2531206012,0.2066231668,0.0384767950,0.0327990428,0.0000000000,0.0000000000,0.3465095460,0.2667565346,0.2718751431,0.0285721347,0.0634501055,0.0780522451,0.0786428750,0.0863207281,0.0001290555,0.0000000000,0.0000000000,0.0000000000,-0.1160888448,0.0741715878,-0.0086067440,-0.0385929607,0.0741700083,-0.0028669813
20:20:10:24.649,61,0.0000000000,0.1215605512,0.0000000000,0.0647714809,0.0000000000,0.1150613502,0.8141918182,0.0000000000,0.1208244786,0.1920848191,0.0000000000,0.0000000000,0.1155893132,0.8151102066,0.1109707654,0.1062051430,0.0000000000,0.4202848375,0.2787501812,0.4798001349,0.3408525586,0.0527325347,0.0000000000,0.0000000000,0.0000000000,0.1861593723,0.2080471218,0.0464917906,0.0438429601,0.4043362439,0.3914835453,0.0521767698,0.0654787719,0.0873867497,0.0534517281,0.0327478200,0.0315830335,0.2544893324,0.2087738067,0.0380481891,0.0325553119,0.0000000000,0.0000000000,0.3486685753,0.2689827085,0.2738778293,0.0283575244,0.0634945408,0.0780667886,0.0778560713,0.0853960961,0.0001347847,0.0000000000,0.0000000000,0.0000000000,-0.1170170307,0.0743166357,-0.0086922683,-0.0394575521,0.0743150786,-0.0029369302
20:20:10:25.650,61,0.0000000000,0.1202777550,0.0000000000,0.0607300177,0.0000000000,0.1154088229,0.8153781891,0.0000000000,0.1195711568,0.1882010102,0.0000000000,0.0000000000,0.1159262210,0.8163026571,0.1127805561,0.1052884012,0.0000000000,0.4226365983,0.2956880331,0.4612469673,0.3422382772,0.0534812771,0.0000000000,0.0000000000,0.0000000000,0.1890394986,0.2142978460,0.0471232161,0.0443922840,0.4086065292,0.3966463208,0.0527408160,0.0709626004,0.0863085017,0.0525630489,0.0324247479,0.0312779024,0.2546617687,0.2093262374,0.0368954763,0.0320205763,0.0000000000,0.0000000000,0.3495415449,0.2694073021,0.2742587626,0.0283370260,0.0636550635,0.0781608969,0.0772355124,0.0846248716,0.0001208441,0.0000000000,0.0000000000,0.0000000000,-0.1146575809,0.0735255033,-0.0084267883,-0.0369977243,0.0735239238,-0.0027245015
20:20:10:26.651,61,0.0000000000,0.1185865626,0.0000000000,0.0503725782,0.0000000000,0.1158082560,0.8158548474,0.0000000000,0.1179458424,0.1781371832,0.0000000000,0.0000000000,0.1163175032,0.8168027997,0.1140500307,0.1043142974,0.0000000000,0.4266399443,0.3281359076,0.4510960579,0.3809204400,0.0570774972,0.0000000000,0.0000000000,0.0000000000,0.1942345202,0.2245129794,0.0477000214,0.0449176989,0.4107868075,0.3992339373,0.0561046414,0.0780628324,0.0854648873,0.0514448881,0.0322300419,0.0310954750,0.2539988458,0.2093060613,0.0350310616,0.0308217220,0.0000000000,0.0000000000,0.3501758575,0.2697862387,0.2746734023,0.0286770184,0.0639202520,0.0783194378,0.0767535418,0.0839977413,0.0000992195,0.0000000000,0.0000000000,0.0000000000,-0.1085343957,0.0724762231,-0.0078643411,-0.0306901317,0.0724745914,-0.0022278044
20:20:10:27.652,61,0.0000000000,0.1086669564,0.0000000000,0.0418186076,0.0000000000,0.1167332307,0.8153867126,0.0000000000,0.1081240848,0.1696011126,0.0000000000,0.0000000000,0.1172560155,0.8164550066,0.1147971898,0.1040568650,0.0000000000,0.4415265322,0.3905999959,0.4300844967,0.4439209700,0.0702985078,0.0000000000,0.0000000000,0.0000000000,0.2062381804,0.2398053557,0.0481348373,0.0453415476,0.4109590650,0.3961006403,0.0672396794,0.0894610062,0.0848628581,0.0501906946,0.0322207436,0.0310823116,0.2450883389,0.2033714801,0.0320951305,0.0283307135,0.0000000000,0.0000000000,0.3507522643,0.2704156041,0.2755550742,0.0300237723,0.0642267242,0.0785309374,0.0763181746,0.0833915025,0.0000910488,0.0000000000,0.0000000000,0.0000000000,-0.1033767164,0.0664042756,-0.0068624178,-0.0254892595,0.0664024577,-0.0016948566
20:20:10:28.653,61,0.0000000000,0.0967311114,0.0000000000,0.0448207185,0.0000000000,0.1192498058,0.8155883551,0.0000000000,0.0962350890,0.1725019813,0.0000000000,0.0000000000,0.1198561266,0.8167065382,0.1153083220,0.1085342467,0.0000000000,0.4471985698,0.4092670381,0.4220409691,0.4633078575,0.0780494437,0.0000000000,0.0000000000,0.0000000000,0.2175753564,0.2505212426,0.0484645851,0.0456674956,0.4109990299,0.3938639462,0.0741615444,0.0976571813,0.0843728110,0.0488305427,0.0323612578,0.0312079508,0.2398774773,0.1975301355,0.0293157604,0.0258563831,0.0000000000,0.0000000000,0.3508167863,0.2707306445,0.2760149240,0.0337895118,0.0644147471,0.0786858052,0.0757387355,0.0826786980,0.0000721970,0.0000000000,0.0000000000,0.0000000000,-0.1051927730,0.0591138192,-0.0062140445,-0.0273316242,0.0591117851,-0.0016173028
20:20:10:29.653,61,0.0000000000,0.0885973498,0.0000000000,0.0417082123,0.0000000000,0.1212654412,0.8157962561,0.0000000000,0.0881563351,0.1694196761,0.0000000000,0.0000000000,0.1219088584,0.8169480562,0.1155401915,0.1095403731,0.0000000000,0.4491846859,0.4085201919,0.4089977741,0.4647844732,0.0813298672,0.0000000000,0.0000000000,0.0000000000,0.2214344293,0.2545734346,0.0487036593,0.0459236242,0.4088523686,0.3911167383,0.0772438794,0.1010064185,0.0839417875,0.0478778034,0.0324642174,0.0313115306,0.2343615741,0.1927754581,0.0276642404,0.0243682005,0.0000000000,0.0000000000,0.3506177366,0.2708278596,0.2762116194,0.0353032313,0.0646177903,0.0788457096,0.0752275512,0.0820470005,0.0000405304,0.0000000000,0.0000000000,0.0000000000,-0.1033420339,0.0541407652,-0.0055904686,-0.0254407842,0.0541385785,-0.0013785257
20:20:10:30.654,61,0.0000000000,0.0882210433,0.0000000000,0.0504398197,0.0000000000,0.1232048571,0.8157418966,0.0000000000,0.0877457708,0.1780674458,0.0000000000,0.0000000000,0.1238829270,0.8169214725,0.1153693721,0.1098591462,0.0000000000,0.4458390772,0.4062378407,0.3934073150,0.4668977857,0.0830753073,0.0000000000,0.0000000000,0.0000000000,0.2217402011,0.2532548010,0.0488293357,0.0460795276,0.3947814405,0.3767541945,0.0791216642,0.1029228494,0.0835098624,0.0470196344,0.0325406790,0.0314044170,0.2294970602,0.1886955053,0.0264521129,0.0232814085,0.0000000000,0.0000000000,0.3498126566,0.2701069415,0.2756387293,0.0362991430,0.0647595823,0.0790110752,0.0747260898,0.0814613104,0.0000239560,0.0000000000,0.0000000000,0.0000000000,-0.1086183861,0.0539189056,-0.0058506792,-0.0307671912,0.0539167151,-0.0016602116
20:20:10:31.655,61,0.0000000000,0.0980485976,0.0000000000,0.0485016070,0.0000000000,0.1238650233,0.8159484267,0.0000000000,0.0975273773,0.1763733625,0.0000000000,0.0000000000,0.1245392710,0.8171305060,0.1155478433,0.0670098141,0.0000000000,0.4161908329,0.3493209183,0.3877454996,0.3844779432,0.0688830167,0.0000000000,0.0000000000,0.0000000000,0.2054432631,0.2269912958,0.0491372645,0.0464402065,0.3907927871,0.3745776117,0.0799445957,0.1038175896,0.0830993056,0.0463121049,0.0325219259,0.0314613394,0.2277374715,0.1874877810,0.0256097279,0.0225736070,0.0000000000,0.0000000000,0.3495147526,0.2698422372,0.2753597796,0.0367434807,0.0650324374,0.0793246850,0.0744074285,0.0811630115,0.0000123973,0.0000000000,0.0000000000,0.0000000000,-0.1075484753,0.0599227175,-0.0064398013,-0.0295748040,0.0599207208,-0.0017740071
20:20:10:32.656,61,0.0000000000,0.1087848023,0.0000000000,0.0463680662,0.0000000000,0.1241161972,0.8164200187,0.0000000000,0.1082151458,0.1745329499,0.0000000000,0.0000000000,0.1247791052,0.8176003098,0.1157813892,0.0700359344,0.0000000000,0.4085435271,0.3354766667,0.3801890314,0.3662139773,0.0656740814,0.0000000000,0.0000000000,0.0000000000,0.1986125559,0.2199247926,0.0494702980,0.0468012094,0.3888214529,0.3731295168,0.0804694295,0.1042719111,0.0827944726,0.0457446463,0.0324762501,0.0314853452,0.2269423604,0.1869136691,0.0249629095,0.0219924431,0.0000000000,0.0000000000,0.3496673107,0.2702012062,0.2757095098,0.0368563570,0.0654089078,0.0797124058,0.0741315112,0.0808345154,0.0000152349,0.0000000000,0.0000000000,0.0000000000,-0.1063823849,0.0664812550,-0.0070694024,-0.0282621142,0.0664794594,-0.0018813700
20:20:10:33.658,61,0.0000000000,0.1187490597,0.0000000000,0.0494695269,0.0000000000,0.1244092733,0.8167026043,0.0000000000,0.1181083396,0.1777737141,0.0000000000,0.0000000000,0.1250614077,0.8178881407,0.1157393306,0.0822829083,0.0000000000,0.4053156972,0.3431347609,0.3701569736,0.3989753723,0.0655228570,0.0000000000,0.0000000000,0.0000000000,0.1955580860,0.2165517807,0.0497428291,0.0470752381,0.3874622881,0.3718732893,0.0809763819,0.1044830605,0.0826196223,0.0452983119,0.0324468613,0.0315036587,0.2261831760,0.1862370372,0.0244138688,0.0214749146,0.0000000000,0.0000000000,0.3496153653,0.2703139186,0.2758469880,0.0368711762,0.0658187494,0.0801544487,0.0738983825,0.0805413350,0.0000280918,0.0000000000,0.0000000000,0.0000000000,-0.1083121598,0.0725743026,-0.0078589600,-0.0301397219,0.0725727007,-0.0021908337
20:20:10:34.658,61,0.0000000000,0.1193613261,0.0000000000,0.0543435253,0.0000000000,0.1246589571,0.8164967895,0.0000000000,0.1186904311,0.1825394630,0.0000000000,0.0000000000,0.1252970695,0.8176842332,0.1155701578,0.0845437646,0.0000000000,0.4029677808,0.3430678248,0.3663891554,0.4034697711,0.0652027801,0.0000000000,0.0000000000,0.0000000000,0.1936161667,0.2147246599,0.0498948097,0.0472438857,0.3853923976,0.3709698617,0.0811972544,0.1042826995,0.0825147480,0.0449317619,0.0324195623,0.0315349810,0.2255114168,0.1857111752,0.0239489675,0.0210504811,0.0000000000,0.0000000000,0.3496052027,0.2702035308,0.2757260203,0.0368302017,0.0661606714,0.0805111378,0.0737323686,0.0803589523,0.0000280593,0.0000000000,0.0000000000,0.0000000000,-0.1112128571,0.0729553774,-0.0081110783,-0.0331083387,0.0729537532,-0.0024192247
20:20:10:35.659,61,0.0000000000,0.1183842048,0.0000000000,0.0555494130,0.0000000000,0.1247821003,0.8160806298,0.0000000000,0.1177129000,0.1836333722,0.0000000000,0.0000000000,0.1254113764,0.8172754645,0.1153332740,0.0886468664,0.0000000000,0.3928933740,0.3301205635,0.3649661839,0.3867414892,0.0671824217,0.0000000000,0.0000000000,0.0000000000,0.1920967251,0.2137265503,0.0499831848,0.0473553725,0.3848446906,0.3704659045,0.0810604990,0.1033030823,0.0824059322,0.0446063913,0.0324034318,0.0315578319,0.2254617661,0.1855290979,0.0236257557,0.0207213145,0.0000000000,0.0000000000,0.3499753773,0.2702472806,0.2757804096,0.0366998762,0.0664986372,0.0808951333,0.0737015679,0.0803093165,0.0000285659,0.0000000000,0.0000000000,0.0000000000,-0.1118841618,0.0723599344,-0.0080930032,-0.0338444784,0.0723583102,-0.0024527393
20:20:10:36.660,61,0.0000000000,0.1220575795,0.0000000000,0.0511769950,0.0000000000,0.1246521994,0.8143298030,0.0000000000,0.1213899553,0.1793681830,0.0000000000,0.0000000000,0.1252734363,0.8155896068,0.1150600091,0.0946044028,0.0000000000,0.3872516453,0.3181586862,0.3665283322,0.3787993193,0.0684922040,0.0000000000,0.0000000000,0.0000000000,0.1843363643,0.2116380930,0.0501382276,0.0475442596,0.3848689795,0.3702723980,0.0805864781,0.1007989421,0.0823526382,0.0443896987,0.0324249342,0.0315961465,0.2268756032,0.1858148873,0.0234706961,0.0205246117,0.0000000000,0.0000000000,0.3502266109,0.2701680064,0.2757283151,0.0364552140,0.0668412223,0.0812625811,0.0737924650,0.0803684816,0.0000223776,0.0000000000,0.0000000000,0.0000000000,-0.1092674956,0.0745986179,-0.0081499359,-0.0311753638,0.0745970532,-0.0023295323
20:20:10:37.662,61,0.0000000000,0.1271429509,0.0000000000,0.0485893823,0.0000000000,0.1244324148,0.8135457039,0.0000000000,0.1264625639,0.1768521219,0.0000000000,0.0000000000,0.1250455081,0.8148247600,0.1148518994,0.0996174216,0.0000000000,0.3814054132,0.2917839289,0.3740522563,0.3618855476,0.0688612014,0.0000000000,0.0000000000,0.0000000000,0.1788643599,0.2074829191,0.0503494740,0.0477651544,0.3867951632,0.3707605302,0.0780478120,0.0941072255,0.0824593008,0.0444452502,0.0324460790,0.0316148140,0.2320515513,0.1878265142,0.0236435905,0.0206328835,0.0000000000,0.0000000000,0.3499070108,0.2689846754,0.2746068239,0.0359693430,0.0671731830,0.0816082731,0.0741010010,0.0807037503,0.0000138117,0.0000000000,0.0000000000,0.0000000000,-0.1077093780,0.0777027979,-0.0083698016,-0.0295920633,0.0777012929,-0.0023036401
20:20:10:38.663,61,0.0000000000,0.1276663393,0.0000000000,0.0504366420,0.0000000000,0.1243070662,0.8130494356,0.0000000000,0.1269722134,0.1786621064,0.0000000000,0.0000000000,0.1249207407,0.8143377900,0.1143519282,0.1106730998,0.0000000000,0.3732367754,0.2785336375,0.3770306110,0.3564346731,0.0689009428,0.0000000000,0.0000000000,0.0000000000,0.1672939509,0.1928799003,0.0504411571,0.0478802025,0.3876324594,0.3709753752,0.0743011683,0.0859614313,0.0827426314,0.0447176993,0.0324594118,0.0316106863,0.2360824794,0.1892679036,0.0240548700,0.0209554192,0.0000000000,0.0000000000,0.3476610482,0.2656172514,0.2712525725,0.0353079662,0.0673839897,0.0818771869,0.0745084733,0.0812017843,0.0000266133,0.0000000000,0.0000000000,0.0000000000,-0.1088090464,0.0780252740,-0.0084901461,-0.0307163149,0.0780237988,-0.0024010967
20:20:10:39.664,61,0.0000000000,0.1292094886,0.0000000000,0.0499393456,0.0000000000,0.1240711063,0.8127546310,0.0000000000,0.1285103709,0.1781220436,0.0000000000,0.0000000000,0.1246950179,0.8140506744,0.1128190160,0.1380802840,0.0000000000,0.3690677285,0.2712777853,0.4001610875,0.3749557734,0.0694380850,0.0000000000,0.0000000000,0.0000000000,0.1633586586,0.1885623038,0.0503385291,0.0477959439,0.3889416158,0.3709524274,0.0713550895,0.0766355693,0.0851739645,0.0461381935,0.0325886570,0.0316916630,0.2379141748,0.1898498684,0.0257472824,0.0215137452,0.0000000000,0.0000000000,0.3363850415,0.2575664818,0.2635386586,0.0347206667,0.0674300939,0.0819632336,0.0755321309,0.0828769207,0.0000336858,0.0000000000,0.0000000000,0.0000000000,-0.1084721461,0.0789675936,-0.0085666021,-0.0304112099,0.0789661780,-0.0024060854
20:20:10:40.665,61,0.0000000000,0.1212320924,0.0000000000,0.0544432327,0.0000000000,0.1240139827,0.8131155372,0.0000000000,0.1205525845,0.1823289394,0.0000000000,0.0000000000,0.1246572435,0.8144124746,0.1117160544,0.1531209797,0.0000000000,0.3635354638,0.2495957613,0.4146037102,0.3722444773,0.0696852878,0.0000000000,0.0000000000,0.0000000000,0.1613555849,0.1863309294,0.0503230430,0.0477819741,0.4061338902,0.3749703169,0.0679410324,0.0696257278,0.0869529098,0.0485374592,0.0327728912,0.0317941122,0.2445342094,0.1907041669,0.0302941985,0.0240347367,0.0000000000,0.0000000000,0.3243149519,0.2441490889,0.2500850260,0.0339905061,0.0674072281,0.0820610076,0.0770006403,0.0854600742,0.0000416632,0.0000000000,0.0000000000,0.0000000000,-0.1110752821,0.0740988478,-0.0082285171,-0.0331662931,0.0740972906,-0.0024615841
20:20:10:41.666,61,0.0000000000,0.1058059633,0.0000000000,0.0578745231,0.0000000000,0.1239680424,0.8127116561,0.0000000000,0.1052008793,0.1850798279,0.0000000000,0.0000000000,0.1246285960,0.8140079975,0.1097622216,0.1565676630,0.0000000000,0.3481309116,0.2395883799,0.4204465747,0.3646234572,0.0691462383,0.0000000000,0.0000000000,0.0000000000,0.1597090364,0.1841187328,0.0502015352,0.0476931594,0.4102073610,0.3761208355,0.0647171214,0.0641001686,0.0880818143,0.0505780987,0.0329654217,0.0319302715,0.2467922568,0.1913524419,0.0334664024,0.0267671980,0.0000000000,0.0000000000,0.3203136623,0.2399368286,0.2458353043,0.0331607759,0.0674354360,0.0822413787,0.0785573199,0.0883142948,0.0000401290,0.0000000000,0.0000000000,0.0000000000,-0.1128244698,0.0646753460,-0.0072915303,-0.0352796838,0.0646734685,-0.0022843685
20:20:10:42.668,61,0.0000000000,0.1128862202,0.0000000000,0.0475761332,0.0000000000,0.1234830394,0.8060898781,0.0000000000,0.1122941673,0.1749620438,0.0000000000,0.0000000000,0.1241455600,0.8073967695,0.1087120250,0.1521815360,0.0000000000,0.3396715522,0.2164507955,0.4236672819,0.3237727582,0.0652281195,0.0000000000,0.0000000000,0.0000000000,0.1535017192,0.1738295257,0.0501760580,0.0476741493,0.4115061462,0.3765323460,0.0597461984,0.0595098659,0.0888197571,0.0528044477,0.0330643877,0.0319985338,0.2520086765,0.1962173134,0.0403366238,0.0332773738,0.0000000000,0.0000000000,0.3183808923,0.2373466045,0.2431806922,0.0314301886,0.0676314533,0.0825456977,0.0817616507,0.0924196318,0.0000387644,0.0000000000,0.0000000000,0.0000000000,-0.1066259295,0.0689890236,-0.0073536262,-0.0289935190,0.0689873174,-0.0020030807
20:20:10:43.669,61,0.0000000000,0.1314691603,0.0000000000,0.0408695154,0.0000000000,0.1201747432,0.8029447794,0.0000000000,0.1308174431,0.1687054783,0.0000000000,0.0000000000,0.1207819954,0.8042008877,0.1074835211,0.1495452523,0.0000000000,0.3358994722,0.2087518424,0.4421353936,0.3601015806,0.0617711693,0.0000000000,0.0000000000,0.0000000000,0.1431070715,0.1558332443,0.0501785874,0.0476865433,0.4050499201,0.3735339344,0.0554046668,0.0571068451,0.0892908201,0.0539884530,0.0332020968,0.0321408585,0.2549623549,0.1992213726,0.0429710522,0.0360841714,0.0000000000,0.0000000000,0.3151817024,0.2268342823,0.2314172387,0.0305416714,0.0675624683,0.0826421678,0.0829230398,0.0939899683,0.0000497170,0.0000000000,0.0000000000,0.0000000000,-0.1027262807,0.0803362504,-0.0082557173,-0.0248852894,0.0803348795,-0.0020032588
20:20:10:44.669,61,0.0000000000,0.1357568353,0.0000000000,0.0414741859,0.0000000000,0.1176288873,0.8014629483,0.0000000000,0.1350785196,0.1694760025,0.0000000000,0.0000000000,0.1181952953,0.8026983738,0.1065702736,0.1487935632,0.0000000000,0.3333378434,0.2013134658,0.4477574825,0.3551611006,0.0602019839,0.0000000000,0.0000000000,0.0000000000,0.1396488398,0.1503838003,0.0501367711,0.0476343855,0.4032104313,0.3717998564,0.0526263043,0.0550389886,0.0895714536,0.0549080074,0.0333042927,0.0322428569,0.2585111260,0.2013513148,0.0452730097,0.0381175913,0.0000000000,0.0000000000,0.3136596680,0.2219811678,0.2263226509,0.0297733173,0.0673719719,0.0825388059,0.0835710764,0.0948180035,0.0000714601,0.0000000000,0.0000000000,0.0000000000,-0.1031735092,0.0829569101,-0.0085632233,-0.0252480488,0.0829556212,-0.0020990595
20:20:10:45.670,61,0.0000000000,0.1408346146,0.0000000000,0.0355849490,0.0000000000,0.1157858670,0.8001257777,0.0000000000,0.1401686966,0.1637822539,0.0000000000,0.0000000000,0.1163442507,0.8013505936,0.1058669463,0.1506133974,0.0000000000,0.3320167363,0.1980594099,0.4506134987,0.3538052142,0.0590822026,0.0000000000,0.0000000000,0.0000000000,0.1377884001,0.1474428773,0.0501167439,0.0476111807,0.4022865295,0.3707278073,0.0510644726,0.0537641123,0.0898216516,0.0556759350,0.0334363058,0.0323621742,0.2637139261,0.2046532631,0.0467269011,0.0395308807,0.0000000000,0.0000000000,0.3129552603,0.2198721766,0.2240844220,0.0291007385,0.0671821982,0.0824965164,0.0840661824,0.0954559594,0.0000872121,0.0000000000,0.0000000000,0.0000000000,-0.0996811241,0.0860524029,-0.0085845916,-0.0216572061,0.0860512033,-0.0018680940
20:20:10:46.672,61,0.0000000000,0.1368161589,0.0000000000,0.0336026624,0.0000000000,0.1148519218,0.7994829416,0.0000000000,0.1361828297,0.1617163569,0.0000000000,0.0000000000,0.1154073924,0.8007058501,0.1053144038,0.1519941688,0.0000000000,0.3316745758,0.1948190033,0.4510007799,0.3107071221,0.0581505187,0.0000000000,0.0000000000,0.0000000000,0.1371530443,0.1470561177,0.0501383618,0.0475928858,0.4020844698,0.3703166544,0.0499087200,0.0526538752,0.0900002569,0.0565006435,0.0334267914,0.0323136933,0.2657812238,0.2061925530,0.0495435335,0.0418504775,0.0000000000,0.0000000000,0.3123502433,0.2181959748,0.2224691361,0.0281114243,0.0670681894,0.0824119225,0.0846224278,0.0960381627,0.0001007428,0.0000000000,0.0000000000,0.0000000000,-0.0984441638,0.0835950375,-0.0082351640,-0.0204550456,0.0835937709,-0.0017137871
20:20:10:47.673,61,0.0000000000,0.1380259097,0.0000000000,0.0309381932,0.0000000000,0.1141638979,0.7993661761,0.0000000000,0.1374041885,0.1590882540,0.0000000000,0.0000000000,0.1147154644,0.8005884886,0.1049786508,0.1523955613,0.0000000000,0.3318022490,0.1920919567,0.4513455927,0.2995187640,0.0562104769,0.0000000000,0.0000000000,0.0000000000,0.1372366101,0.1491501182,0.0502270162,0.0476221964,0.4021044075,0.3702672422,0.0490189716,0.0517826155,0.0901861936,0.0574627295,0.0334214270,0.0322621651,0.2670325935,0.2073355764,0.0518261939,0.0440323614,0.0000000000,0.0000000000,0.3120457530,0.2175306529,0.2218609005,0.0273349360,0.0670119748,0.0823355690,0.0851977691,0.0966157466,0.0001055546,0.0000000000,0.0000000000,0.0000000000,-0.0968382880,0.0843314826,-0.0081729619,-0.0188319217,0.0843302235,-0.0015917802
20:20:10:48.673,61,0.0000000000,0.1349805295,0.0000000000,0.0285021141,0.0000000000,0.1137432456,0.7992790937,0.0000000000,0.1343883574,0.1566283554,0.0000000000,0.0000000000,0.1142905727,0.8005014658,0.1047999486,0.1524734348,0.0000000000,0.3533142209,0.1913787425,0.4564315081,0.3034277558,0.0551820025,0.0000000000,0.0000000000,0.0000000000,0.1457810551,0.1596101522,0.0502924919,0.0476222411,0.4020256996,0.3701359034,0.0482922085,0.0511708222,0.0901497975,0.0580663569,0.0332996249,0.0320959389,0.2675598264,0.2080533355,0.0529984944,0.0451555215,0.0000000000,0.0000000000,0.3118678033,0.2169567347,0.2213515192,0.0266521405,0.0669165105,0.0821755901,0.0854755342,0.0967745185,0.0001348580,0.0000000000,0.0000000000,0.0000000000,-0.0953556225,0.0824686661,-0.0078696255,-0.0173517931,0.0824673697,-0.0014341366
20:20:10:49.674,61,0.0000000000,0.1299023628,0.0000000000,0.0336837471,0.0000000000,0.1136462092,0.8008410931,0.0000000000,0.1293018907,0.1616308242,0.0000000000,0.0000000000,0.1141892076,0.8020292521,0.1050043926,0.1525240391,0.0000000000,0.3676829040,0.1912675649,0.4686751962,0.3033062518,0.0541237518,0.0000000000,0.0000000000,0.0000000000,0.1654291451,0.1786539406,0.0503304452,0.0475831516,0.4024834037,0.3708346784,0.0476726480,0.0506462455,0.0900279731,0.0585774258,0.0330844447,0.0318312943,0.2679148912,0.2087525725,0.0538386740,0.0459878743,0.0000000000,0.0000000000,0.3121406436,0.2169935256,0.2214410007,0.0260085836,0.0667380914,0.0819037557,0.0854692832,0.0965950117,0.0001498260,0.0000000000,0.0000000000,0.0000000000,-0.0984258130,0.0793709755,-0.0078158071,-0.0205114689,0.0793695748,-0.0016312979
20:20:10:50.676,61,0.0000000000,0.1248372942,0.0000000000,0.0445026308,0.0000000000,0.1136494353,0.8049158454,0.0000000000,0.1241976619,0.1722508967,0.0000000000,0.0000000000,0.1141918749,0.8060598969,0.1052692980,0.1529705673,0.0000000000,0.3785068095,0.1939690262,0.4839335084,0.3223333359,0.0533433631,0.0000000000,0.0000000000,0.0000000000,0.1724443436,0.1849033982,0.0502764061,0.0474539213,0.4029431939,0.3713005185,0.0471327044,0.0502954461,0.0897534639,0.0588325262,0.0328631625,0.0315554738,0.2681673169,0.2093719989,0.0542060360,0.0464072451,0.0000000000,0.0000000000,0.3122932911,0.2173840404,0.2218937129,0.0255221464,0.0662991181,0.0813879445,0.0851146951,0.0960837454,0.0001738441,0.0000000000,0.0000000000,0.0000000000,-0.1049182862,0.0762883499,-0.0080047306,-0.0271060877,0.0762868449,-0.0020716020
20:20:10:51.676,61,0.0000000000,0.1114069223,0.0000000000,0.0565906055,0.0000000000,0.1139658242,0.8090104461,0.0000000000,0.1107747704,0.1840178519,0.0000000000,0.0000000000,0.1145093590,0.8100978732,0.1055071354,0.1529393345,0.0000000000,0.3830384314,0.1981130540,0.4884462953,0.3271129131,0.0527284890,0.0000000000,0.0000000000,0.0000000000,0.1760638654,0.1883836687,0.0501555465,0.0472727194,0.4029622674,0.3715224862,0.0467579551,0.0501616038,0.0893257707,0.0588395745,0.0325769708,0.0312303957,0.2681560814,0.2098137736,0.0541067123,0.0464186259,0.0000000000,0.0000000000,0.3128386140,0.2183395177,0.2229200006,0.0250818562,0.0657799244,0.0807766691,0.0843108818,0.0942683071,0.0001658167,0.0000000000,0.0000000000,0.0000000000,-0.1121517792,0.0680969283,-0.0076328451,-0.0344891809,0.0680951700,-0.0023517129
20:20:10:52.678,61,0.0000000000,0.1150144860,0.0000000000,0.0605901778,0.0000000000,0.1140581518,0.8104220629,0.0000000000,0.1143394038,0.1880882978,0.0000000000,0.0000000000,0.1145983264,0.8114924431,0.1056531221,0.1464495957,0.0000000000,0.3852809966,0.2058257759,0.4889297485,0.3297384977,0.0521961451,0.0000000000,0.0000000000,0.0000000000,0.1778683215,0.1902847439,0.0500045642,0.0470771529,0.4024830759,0.3715299964,0.0464999527,0.0502114855,0.0888326988,0.0586681962,0.0322785303,0.0309142191,0.2678765059,0.2101406157,0.0537288301,0.0461914279,0.0000000000,0.0000000000,0.3134009242,0.2190020531,0.2236037403,0.0247357897,0.0652703717,0.0801546499,0.0836490914,0.0930939391,0.0001271262,0.0000000000,0.0000000000,0.0000000000,-0.1146152318,0.0703080371,-0.0080538411,-0.0369210839,0.0703063607,-0.0025994757
20:20:10:53.678,61,0.0000000000,0.1213821024,0.0000000000,0.0570845939,0.0000000000,0.1141041070,0.8107556105,0.0000000000,0.1206882000,0.1847694069,0.0000000000,0.0000000000,0.1146317348,0.8118168712,0.1058265492,0.0956649780,0.0000000000,0.3867577314,0.2385901809,0.4676071703,0.3311259151,0.0516077764,0.0000000000,0.0000000000,0.0000000000,0.1786842197,0.1915891916,0.0499199033,0.0469629504,0.3988175392,0.3716909289,0.0465912111,0.0509830154,0.0883647427,0.0583071858,0.0319188386,0.0305842496,0.2621381879,0.2099819034,0.0517074205,0.0455023460,0.0000000000,0.0000000000,0.3156288564,0.2197016627,0.2243035436,0.0244859420,0.0650199577,0.0797720477,0.0830811337,0.0921973065,0.0001070508,0.0000000000,0.0000000000,0.0000000000,-0.1125613153,0.0741946250,-0.0083489520,-0.0347751379,0.0741930455,-0.0025842916
20:20:10:54.679,61,0.0000000000,0.1238844246,0.0000000000,0.0541046448,0.0000000000,0.1143926978,0.8089522719,0.0000000000,0.1231923699,0.1819511801,0.0000000000,0.0000000000,0.1149078235,0.8100182414,0.1060777530,0.0822319910,0.0000000000,0.3872207403,0.2480975538,0.4421431124,0.3286499083,0.0512118787,0.0000000000,0.0000000000,0.0000000000,0.1786491424,0.1921692044,0.0499739386,0.0470044166,0.3972839415,0.3720069826,0.0469780937,0.0547799468,0.0877733156,0.0577098168,0.0316096619,0.0303206984,0.2603225112,0.2100546807,0.0480090268,0.0433478020,0.0000000000,0.0000000000,0.3220711946,0.2253662944,0.2296828926,0.0243431106,0.0649924949,0.0796330795,0.0825575143,0.0914164186,0.0000716199,0.0000000000,0.0000000000,0.0000000000,-0.1108317897,0.0757194161,-0.0083907936,-0.0329560190,0.0757178813,-0.0024996821
20:20:10:55.681,61,0.0000000000,0.1165516078,0.0000000000,0.0584218912,0.0000000000,0.1160674468,0.8064975739,0.0000000000,0.1158773601,0.1861833036,0.0000000000,0.0000000000,0.1165789664,0.8076374531,0.1061479896,0.0784109384,0.0000000000,0.3872091472,0.2845012546,0.4243009686,0.3733556867,0.0539715663,0.0000000000,0.0000000000,0.0000000000,0.1784897149,0.1928829700,0.0498646498,0.0469205752,0.3811906874,0.3664668500,0.0510071367,0.0643536150,0.0871950388,0.0554503798,0.0314631797,0.0302309934,0.2511115074,0.2063564807,0.0397903025,0.0363389924,0.0000000000,0.0000000000,0.3290559649,0.2334233969,0.2382580340,0.0246563368,0.0650617182,0.0796405673,0.0818005875,0.0898033008,0.0000691753,0.0000000000,0.0000000000,0.0000000000,-0.1134468839,0.0712441877,-0.0080786031,-0.0355974548,0.0712425411,-0.0025398105
20:20:10:56.682,61,0.0000000000,0.1072502434,0.0000000000,0.0658366233,0.0000000000,0.1184679195,0.8042039275,0.0000000000,0.1065934971,0.1934232265,0.0000000000,0.0000000000,0.1189807355,0.8053874969,0.1060380265,0.0757456198,0.0000000000,0.3797559440,0.2954932153,0.4107339084,0.3851821423,0.0560624823,0.0000000000,0.0000000000,0.0000000000,0.1784001887,0.1942562163,0.0496346168,0.0467422120,0.3714074790,0.3614354432,0.0551157184,0.0697741657,0.0866842419,0.0533682667,0.0314225219,0.0302631687,0.2377680093,0.1975696683,0.0345506631,0.0316918194,0.0000000000,0.0000000000,0.3321452439,0.2364720553,0.2413972616,0.0253528319,0.0651453361,0.0797030330,0.0810570195,0.0886679068,0.0000501601,0.0000000000,0.0000000000,0.0000000000,-0.1179039702,0.0655701309,-0.0077239992,-0.0401309691,0.0655683130,-0.0026343842
20:20:10:57.683,61,0.0000000000,0.1119679138,0.0000000000,0.0622678399,0.0000000000,0.1198533028,0.8012162447,0.0000000000,0.1113001406,0.1899863929,0.0000000000,0.0000000000,0.1203712076,0.8024793267,0.1058608890,0.0779106095,0.0000000000,0.3742526472,0.3012501299,0.3799618781,0.3893446326,0.0603460595,0.0000000000,0.0000000000,0.0000000000,0.1772441715,0.1945779771,0.0495324656,0.0467094406,0.3674277961,0.3578045964,0.0601474456,0.0755374581,0.0861854702,0.0515480749,0.0314513408,0.0303631723,0.2332037985,0.1941256076,0.0314662531,0.0287356973,0.0000000000,0.0000000000,0.3355730772,0.2414181530,0.2464352995,0.0260299742,0.0654387847,0.0800373629,0.0804387480,0.0878438726,0.0000354863,0.0000000000,0.0000000000,0.0000000000,-0.1157867536,0.0684484169,-0.0079199299,-0.0379482843,0.0684466660,-0.0026008671
20:20:10:58.684,61,0.0000000000,0.1148303598,0.0000000000,0.0628724024,0.0000000000,0.1206932515,0.7963606119,0.0000000000,0.1141416356,0.1906551570,0.0000000000,0.0000000000,0.1212160140,0.7977580428,0.1056528986,0.0785184801,0.0000000000,0.3694751859,0.3045351207,0.3706248999,0.3922637999,0.0621249117,0.0000000000,0.0000000000,0.0000000000,0.1742594242,0.1943112463,0.0494891219,0.0467644148,0.3651481569,0.3557498753,0.0633031279,0.0799435005,0.0857912302,0.0502367727,0.0316230543,0.0306060724,0.2306715101,0.1922611892,0.0295981485,0.0269853715,0.0000000000,0.0000000000,0.3376591206,0.2463986129,0.2515952885,0.0283127427,0.0658702776,0.0805775374,0.0800011382,0.0873467103,0.0000201251,0.0000000000,0.0000000000,0.0000000000,-0.1161803454,0.0701991618,-0.0081506418,-0.0383120701,0.0701974854,-0.0026931716
20:20:10:59.684,61,0.0000000000,0.1158260107,0.0000000000,0.0608657822,0.0000000000,0.1214076653,0.7946389914,0.0000000000,0.1151415259,0.1887499690,0.0000000000,0.0000000000,0.1219381690,0.7960798740,0.1053682119,0.0808412656,0.0000000000,0.3658344150,0.3058761060,0.3661873937,0.3933216333,0.0631158575,0.0000000000,0.0000000000,0.0000000000,0.1713277996,0.1931014061,0.0494497493,0.0468277745,0.3638882935,0.3545833230,0.0648374334,0.0818896443,0.0854369327,0.0493216813,0.0317637324,0.0307991337,0.2292892784,0.1911495477,0.0284423828,0.0258813109,0.0000000000,0.0000000000,0.3384198248,0.2479380071,0.2531959713,0.0292363651,0.0663089156,0.0811606348,0.0797133297,0.0870781243,0.0000064442,0.0000000000,0.0000000000,0.0000000000,-0.1150144488,0.0708045363,-0.0081390282,-0.0370877199,0.0708028525,-0.0026297043
20:20:11:00.686,61,0.0000000000,0.1167898700,0.0000000000,0.0613340624,0.0000000000,0.1219509989,0.7937504053,0.0000000000,0.1160969883,0.1892280579,0.0000000000,0.0000000000,0.1224935278,0.7952197194,0.1051104963,0.0915159956,0.0000000000,0.3635544777,0.3064611852,0.3639900386,0.3938155174,0.0651329011,0.0000000000,0.0000000000,0.0000000000,0.1695099771,0.1925340593,0.0494185388,0.0468886644,0.3636740148,0.3540974855,0.0658795759,0.0829412714,0.0852886885,0.0486648977,0.0319326408,0.0309938136,0.2284665406,0.1902947277,0.0276638549,0.0250823945,0.0000000000,0.0000000000,0.3386287093,0.2486067563,0.2539400160,0.0298165735,0.0667333901,0.0816880837,0.0795891359,0.0869682953,0.0000034913,0.0000000000,0.0000000000,0.0000000000,-0.1153009832,0.0713944510,-0.0082274228,-0.0373714976,0.0713928118,-0.0026719701
20:20:11:01.687,61,0.0000000000,0.1289074421,0.0000000000,0.0412574969,0.0000000000,0.1217397973,0.7911881804,0.0000000000,0.1282616109,0.1696436554,0.0000000000,0.0000000000,0.1222815067,0.7926992178,0.1045958027,0.0942443684,0.0000000000,0.3514454067,0.2951427996,0.3632478118,0.3908914030,0.0656537712,0.0000000000,0.0000000000,0.0000000000,0.1649043113,0.1896507740,0.0492940620,0.0468655154,0.3630026281,0.3534079790,0.0663361922,0.0830092728,0.0852872655,0.0482763201,0.0320499986,0.0311444886,0.2275981754,0.1891648471,0.0272358339,0.0246241558,0.0000000000,0.0000000000,0.3379197419,0.2473201454,0.2526779473,0.0301146172,0.0669771433,0.0819607824,0.0795245022,0.0869247168,0.0000020509,0.0000000000,0.0000000000,0.0000000000,-0.1033103690,0.0787714198,-0.0081401002,-0.0251246598,0.0787699968,-0.0019829613
20:20:11:02.688,61,0.0000000000,0.1352131516,0.0181016885,0.0000000000,0.0000000000,0.1201088801,0.7889432311,0.0000000000,0.1349151731,0.1108309105,0.0000000000,0.0000000000,0.1206059009,0.7904092669,0.1041555926,0.0954138488,0.0000000000,0.3443993628,0.2804587781,0.3766807020,0.3888293207,0.0656677410,0.0000000000,0.0000000000,0.0000000000,0.1624261290,0.1876158267,0.0491450131,0.0468062162,0.3625631928,0.3529349267,0.0663382262,0.0806140676,0.0854064226,0.0481170751,0.0321888551,0.0313397497,0.2272304744,0.1885276735,0.0271133259,0.0244450923,0.0000000000,0.0000000000,0.3369164467,0.2467034608,0.2520098388,0.0302705057,0.0670111254,0.0819435865,0.0794702023,0.0868921056,0.0000026965,0.0000000000,0.0000000000,0.0000000000,-0.0674726069,0.0826033801,-0.0055818819,0.0110199954,0.0826020539,0.0009123315
20:20:11:03.689,61,0.0000000000,0.1378102303,0.0641887039,0.0000000000,0.0000000000,0.1178612262,0.7874999642,0.0000000000,0.1378103346,0.0647784546,0.0000000000,0.0000000000,0.1183091700,0.7889334559,0.1037567928,0.0963929892,0.0000000000,0.3406743109,0.2698257864,0.3961197734,0.3877299726,0.0654933751,0.0000000000,0.0000000000,0.0000000000,0.1611869335,0.1865775585,0.0489785708,0.0467061140,0.3626280725,0.3527542949,0.0660028234,0.0759712905,0.0856175944,0.0481654666,0.0323556401,0.0315592512,0.2274271399,0.1882433146,0.0272959825,0.0245312527,0.0000000000,0.0000000000,0.3350112438,0.2460763156,0.2513131797,0.0303047393,0.0669325739,0.0817824602,0.0795074850,0.0869659185,0.0000046443,0.0000000000,0.0000000000,0.0000000000,-0.0394307002,0.0842491835,-0.0033290116,0.0390717201,0.0842479393,0.0032986705
20:20:11:04.690,61,0.0000000000,0.1299633831,0.0843487680,0.0000000000,0.0000000000,0.1165557131,0.7873086929,0.0000000000,0.1300899982,0.0444054231,0.0000000000,0.0000000000,0.1169955432,0.7887272239,0.1034588441,0.1211912930,0.0000000000,0.3407697380,0.2655970752,0.4352162480,0.3953845203,0.0657695308,0.0000000000,0.0000000000,0.0000000000,0.1610504240,0.1865076721,0.0487614684,0.0465187319,0.3665945232,0.3527924418,0.0654888973,0.0717330948,0.0860049203,0.0484281592,0.0325347222,0.0317532495,0.2290279567,0.1881045699,0.0277838428,0.0248264819,0.0000000000,0.0000000000,0.3269872367,0.2430128455,0.2480906993,0.0302966312,0.0666975230,0.0814667791,0.0795971006,0.0870730057,0.0000090221,0.0000000000,0.0000000000,0.0000000000,-0.0270401072,0.0794965923,-0.0021538702,0.0513633005,0.0794951841,0.0040899361
20:20:11:05.692,61,0.0000000000,0.1252654195,0.0844250545,0.0000000000,0.0000000000,0.1155951992,0.7867422700,0.0000000000,0.1253889501,0.0439477749,0.0000000000,0.0000000000,0.1160368621,0.7881755233,0.1032477319,0.1525973082,0.0000000000,0.3443906903,0.2620430291,0.4473469257,0.3967491984,0.0685800686,0.0000000000,0.0000000000,0.0000000000,0.1613550633,0.1872444302,0.0485708341,0.0463401899,0.3846726418,0.3533279002,0.0648512915,0.0664094165,0.0865658671,0.0489756726,0.0327032655,0.0318641216,0.2407347113,0.1886655539,0.0310281385,0.0254660491,0.0000000000,0.0000000000,0.3245088756,0.2424681485,0.2475748211,0.0300947297,0.0665111169,0.0811343715,0.0799873322,0.0873756409,0.0000127019,0.0000000000,0.0000000000,0.0000000000,-0.0267674383,0.0766232535,-0.0020547833,0.0514212921,0.0766217783,0.0039459583
20:20:11:06.693,61,0.0000000000,0.1249622926,0.0787924081,0.0000000000,0.0000000000,0.1147670299,0.7863353491,0.0000000000,0.1250520647,0.0495054275,0.0000000000,0.0000000000,0.1152149141,0.7877760530,0.1031114310,0.1632042676,0.0000000000,0.3471023738,0.2207472026,0.4548967779,0.3511305451,0.0694390759,0.0000000000,0.0000000000,0.0000000000,0.1610064954,0.1864987761,0.0485665984,0.0463190377,0.3935614824,0.3552960455,0.0611455925,0.0599484555,0.0871132240,0.0514695868,0.0327977464,0.0318813808,0.2592771649,0.1972101480,0.0423849896,0.0318206288,0.0000000000,0.0000000000,0.3229638040,0.2419338673,0.2470542490,0.0295978598,0.0663271993,0.0808006749,0.0805468932,0.0878650993,0.0000200482,0.0000000000,0.0000000000,0.0000000000,-0.0301529262,0.0764247775,-0.0023085736,0.0479912758,0.0764232948,0.0036733816
20:20:11:07.693,61,0.0000000000,0.1342954785,0.0760298073,0.0000000000,0.0000000000,0.1133276522,0.7859726548,0.0000000000,0.1343726367,0.0526942052,0.0000000000,0.0000000000,0.1137897670,0.7874103189,0.1029101089,0.1719347835,0.0000000000,0.3480304182,0.1996318251,0.4709133208,0.3391166031,0.0677608103,0.0000000000,0.0000000000,0.0000000000,0.1605618894,0.1767079234,0.0486045927,0.0463147797,0.3976382911,0.3560624421,0.0553869605,0.0538558401,0.0874563083,0.0537006669,0.0328438394,0.0318573266,0.2705288827,0.2062331885,0.0504374206,0.0397341885,0.0000000000,0.0000000000,0.3200292587,0.2386449128,0.2435227484,0.0289842151,0.0658775941,0.0802701190,0.0810077116,0.0883812159,0.0000438027,0.0000000000,0.0000000000,0.0000000000,-0.0320806429,0.0821259096,-0.0026401328,0.0462876596,0.0821246058,0.0038085463
20:20:11:08.694,61,0.0000000000,0.1531033665,0.0833959356,0.0000000000,0.0000000000,0.1111277491,0.7860221267,0.0000000000,0.1532428265,0.0458787307,0.0000000000,0.0000000000,0.1115790382,0.7874425650,0.1027893126,0.1757477522,0.0000000000,0.3485937715,0.1835941672,0.4897030294,0.3330880105,0.0635666251,0.0000000000,0.0000000000,0.0000000000,0.1584972143,0.1648711264,0.0488443561,0.0464814231,0.4007517993,0.3567816615,0.0507836230,0.0498383045,0.0877751634,0.0565778166,0.0329182297,0.0318859629,0.2884182036,0.2222201675,0.0598183088,0.0491538607,0.0000000000,0.0000000000,0.3117554784,0.2283473611,0.2326306254,0.0283273198,0.0654121637,0.0797492415,0.0815941095,0.0894144773,0.0001018525,0.0000000000,0.0000000000,0.0000000000,-0.0279029869,0.0936472788,-0.0026203585,0.0507208519,0.0936463252,0.0047616758
20:20:11:09.696,61,0.0000000000,0.1648162156,0.0870913789,0.0000000000,0.0000000000,0.1092389226,0.7861662507,0.0000000000,0.1649939120,0.0425887443,0.0000000000,0.0000000000,0.1096607745,0.7875614762,0.1030224562,0.1772047579,0.0000000000,0.3492823243,0.1687693447,0.4955543280,0.3185923100,0.0580190271,0.0000000000,0.0000000000,0.0000000000,0.1569840163,0.1567494571,0.0491276570,0.0466716178,0.4024964869,0.3573068082,0.0468063131,0.0467943475,0.0878926367,0.0588531680,0.0329164080,0.0318613350,0.3095566332,0.2472998649,0.0691111758,0.0588339157,0.0000000000,0.0000000000,0.3043791652,0.2144996226,0.2182499170,0.0274636373,0.0649874136,0.0792438835,0.0822846442,0.0906635150,0.0001960691,0.0000000000,0.0000000000,0.0000000000,-0.0258839298,0.1008229554,-0.0026182744,0.0529314466,0.1008222029,0.0053522699
20:20:11:10.697,61,0.0000000000,0.1606813669,0.0879372880,0.0000000000,0.0000000000,0.1078711450,0.7878284454,0.0000000000,0.1608621031,0.0414390974,0.0000000000,0.0000000000,0.1082643420,0.7890866995,0.1040678397,0.1693346202,0.0000000000,0.3608690202,0.1576394439,0.4324966669,0.2531270981,0.0519354753,0.0000000000,0.0000000000,0.0000000000,0.1489943415,0.1432985812,0.0495684966,0.0470018126,0.4071344435,0.3609330356,0.0439767800,0.0447415970,0.0876983628,0.0601360761,0.0327474922,0.0316938274,0.3223162293,0.2617539167,0.0742693022,0.0645669699,0.0000000000,0.0000000000,0.3022580743,0.2114325911,0.2148319334,0.0257160515,0.0647231862,0.0788450241,0.0829737708,0.0915147811,0.0002449285,0.0000000000,0.0000000000,0.0000000000,-0.0251915623,0.0982963592,-0.0024839775,0.0534590222,0.0982955471,0.0052692140
20:20:11:11.698,61,0.0000000000,0.1571814716,0.0911906883,0.0000000000,0.0000000000,0.1066793352,0.7885526419,0.0000000000,0.1573835164,0.0379832052,0.0000000000,0.0000000000,0.1070386544,0.7897530198,0.1054548547,0.1481549144,0.0000000000,0.3702453375,0.1432598978,0.4086265564,0.2309919000,0.0485031307,0.0000000000,0.0000000000,0.0000000000,0.1246213093,0.1191639379,0.0506382659,0.0475700423,0.4088904262,0.3623247445,0.0412960798,0.0430241302,0.0872411728,0.0610775724,0.0324891061,0.0314591713,0.3390032649,0.2814657390,0.0803839639,0.0706546977,0.0000000000,0.0000000000,0.3026766479,0.2123063803,0.2152838856,0.0238546971,0.0647012591,0.0785881504,0.0837021694,0.0922044665,0.0002298012,0.0000000000,0.0000000000,0.0000000000,-0.0230954550,0.0961658657,-0.0022276647,0.0554483868,0.0961649641,0.0053458977
20:20:11:12.699,61,0.0000000000,0.1586396247,0.1037345752,0.0000000000,0.0000000000,0.1053617299,0.7888514400,0.0000000000,0.1589392126,0.0252967384,0.0000000000,0.0000000000,0.1056743190,0.7900075316,0.1065717414,0.1147172004,0.0000000000,0.3736952543,0.1353449672,0.3936185241,0.2175585330,0.0462523364,0.0000000000,0.0000000000,0.0000000000,0.1100218222,0.1094014347,0.0519582741,0.0482310764,0.4098045230,0.3638066649,0.0393795520,0.0417752638,0.0866199508,0.0617680959,0.0321751237,0.0311966930,0.3467833102,0.2904025316,0.0844008923,0.0745559037,0.0000000000,0.0000000000,0.3053457439,0.2189922184,0.2215723693,0.0224013049,0.0647871345,0.0782702565,0.0850777104,0.0929148868,0.0001773991,0.0000000000,0.0000000000,0.0000000000,-0.0153801162,0.0971019641,-0.0014980909,0.0630701333,0.0971011147,0.0061393520
20:20:11:13.699,61,0.0000000000,0.1623541564,0.1298149824,0.0000000000,0.0000000000,0.1037771627,0.7889831066,0.0000000000,0.1628638804,0.0000000000,0.0008981765,0.0000000000,0.1040323973,0.7901009321,0.1078797355,0.0875896886,0.0000000000,0.3752344549,0.1260437816,0.3507767618,0.1857722104,0.0443767384,0.0000000000,0.0000000000,0.0000000000,0.0744937882,0.0821142048,0.0554573685,0.0505126044,0.4106674194,0.3705670536,0.0380339324,0.0408634096,0.0856534392,0.0622552298,0.0318078063,0.0309128407,0.3525617719,0.2987393141,0.0866439641,0.0769969821,0.0000000000,0.0000000000,0.3091585338,0.2269684672,0.2291309536,0.0211960077,0.0651467219,0.0780797824,0.0871374309,0.0936511606,0.0000807602,0.0000000000,0.0000000000,0.0000000000,0.0005459517,0.0994879082,0.0000544955,0.0789089873,0.0994871035,0.0078680953
20:20:11:14.701,61,0.0000000000,0.1735407859,0.1364762932,0.0000000000,0.0000000000,0.1022409350,0.7888212800,0.0000000000,0.1741402298,0.0000000000,0.0074035693,0.0000000000,0.1024495065,0.7899127603,0.1095725372,0.0779386312,0.0000000000,0.3766396046,0.1221763864,0.3242090940,0.1702629179,0.0434139483,0.0000000000,0.0000000000,0.0000000000,0.0355216153,0.0443549529,0.0607999861,0.0547707677,0.4239477515,0.3869671226,0.0371178165,0.0402340591,0.0844954327,0.0624821894,0.0314022601,0.0305836834,0.3610541821,0.3069297671,0.0877546296,0.0781549439,0.0000000000,0.0000000000,0.3127762675,0.2337711900,0.2359506339,0.0202606265,0.0657265559,0.0780909583,0.0885574669,0.0943183899,0.0000240767,0.0000000000,0.0000000000,0.0000000000,0.0044970186,0.1063772887,0.0004801917,0.0828995258,0.1063767299,0.0088416301
20:20:11:15.702,61,0.0000000000,0.1954699308,0.1349773705,0.0000000000,0.0000000000,0.0996407792,0.7886661887,0.0000000000,0.1961290389,0.0000000000,0.0055798604,0.0000000000,0.0997987613,0.7897346020,0.1112545729,0.0726928711,0.0000000000,0.3875655234,0.1198334321,0.2902197838,0.1582619250,0.0427077003,0.0000000000,0.0000000000,0.0000000000,0.0041738469,0.0118592903,0.0654215217,0.0588780977,0.4278221428,0.3920975029,0.0363735408,0.0398228578,0.0817675740,0.0623855777,0.0309328139,0.0301967729,0.3792821169,0.3252917826,0.0881865546,0.0786509886,0.0000000000,0.0000000000,0.3160218000,0.2419003993,0.2440055013,0.0194489602,0.0663724765,0.0781519338,0.0895997733,0.0949272662,0.0000133599,0.0000000000,0.0000000000,0.0000000000,0.0033841091,0.1198091060,0.0004073974,0.0818645731,0.1198089570,0.0098439874
20:20:11:16.702,61,0.0000000000,0.1957544088,0.1339983791,0.0000000000,0.0000000000,0.0981224328,0.7887050509,0.0000000000,0.1964052171,0.0000000000,0.0046791388,0.0000000000,0.0982511416,0.7897490263,0.1128477231,0.0685720667,0.0000000000,0.3926282823,0.1174964681,0.2783474028,0.1525647491,0.0421889052,0.0000000000,0.0226424411,0.0095891990,0.0000000000,0.0000000000,0.0678356439,0.0611905865,0.4294219613,0.3946373165,0.0356787071,0.0394745395,0.0798880160,0.0622410923,0.0304650459,0.0298138745,0.3889253736,0.3349470496,0.0884591416,0.0789487362,0.0000000000,0.0000000000,0.3177320063,0.2451152503,0.2471894920,0.0187104549,0.0673032850,0.0782874227,0.0908563510,0.0955772698,0.0000030478,0.0000000000,0.0000000000,0.0000000000,0.0028377762,0.1199776381,0.0003421123,0.0812691376,0.1199774593,0.0097864261
20:20:11:17.703,61,0.0000000000,0.2001022100,0.1308402866,0.0000000000,0.0000000000,0.0968587026,0.7886659503,0.0000000000,0.2007366866,0.0000000000,0.0013887396,0.0000000000,0.0969671085,0.7896918058,0.1138876826,0.0665108487,0.0000000000,0.3960775435,0.1150598079,0.2676735222,0.1465784907,0.0418885387,0.0000000000,0.0390147567,0.0247452892,0.0000000000,0.0000000000,0.0693638846,0.0626754537,0.4302204847,0.3960320354,0.0350364521,0.0391595922,0.0777807832,0.0619584285,0.0299905594,0.0294113215,0.4008054733,0.3465010226,0.0885910094,0.0790607184,0.0000000000,0.0000000000,0.3186312020,0.2467355430,0.2488152385,0.0180150699,0.0683081746,0.0784633160,0.0923599005,0.0962640047,0.0000014388,0.0000000000,0.0000000000,0.0000000000,0.0008419629,0.1226231232,0.0001037647,0.0793281645,0.1226230562,0.0097659510
20:20:11:18.704,61,0.0000000000,0.2130127698,0.1255045235,0.0000000000,0.0000000000,0.0950660631,0.7886309624,0.0000000000,0.2136322707,0.0041308352,0.0000000000,0.0000000000,0.0951576978,0.7896405458,0.1146256551,0.0646549091,0.0000000000,0.3981715143,0.1137485579,0.2493584752,0.1406285763,0.0418456122,0.0000000000,0.0591005459,0.0375677124,0.0000000000,0.0000000000,0.0705413818,0.0639495924,0.4296745658,0.3964466155,0.0344879925,0.0389817879,0.0757281557,0.0614968389,0.0295187365,0.0290093161,0.4092846513,0.3544858694,0.0883549973,0.0787906349,0.0000000000,0.0000000000,0.3180834949,0.2475368977,0.2496300489,0.0173656903,0.0690682828,0.0785747841,0.0934042633,0.0968902335,0.0000005656,0.0000000000,0.0000000000,0.0000000000,-0.0025019271,0.1305009425,-0.0003283697,0.0760169625,0.1305011362,0.0099670673
20:20:11:19.705,61,0.0000000000,0.2178180367,0.1204365343,0.0000000000,0.0000000000,0.0938262567,0.7883872986,0.0000000000,0.2183978856,0.0093476959,0.0000000000,0.0000000000,0.0939035788,0.7893754840,0.1154157668,0.0403718017,0.0000000000,0.3985853493,0.1062399447,0.2255720049,0.1267640293,0.0415570736,0.0000000000,0.0947944894,0.0761067942,0.0000000000,0.0000000000,0.0714578852,0.0649269819,0.4178470969,0.3950775564,0.0339504369,0.0388194956,0.0741022155,0.0610331185,0.0291187894,0.0287039205,0.4265463352,0.3770148754,0.0882124230,0.0786841065,0.0000000000,0.0000000000,0.3152651787,0.2449429333,0.2468711287,0.0167631153,0.0700486004,0.0788072348,0.0960945562,0.0984941274,0.0000002407,0.0000000000,0.0000000000,0.0000000000,-0.0056594405,0.1334138662,-0.0007595554,0.0729190335,0.1334141195,0.0097775795
20:20:11:20.706,61,0.0000000000,0.2255703956,0.1109742224,0.0000000000,0.0000000000,0.0928896666,0.7885984182,0.0000000000,0.2260671407,0.0191824082,0.0000000000,0.0000000000,0.0929598436,0.7895592451,0.1161185876,0.0345591307,0.0000000000,0.3985188007,0.1012080386,0.2166897357,0.1208092943,0.0412043184,0.0000000000,0.1054585129,0.0872788578,0.0000000000,0.0000000000,0.0722392127,0.0657682270,0.4143871069,0.3924233615,0.0334394537,0.0387322456,0.0722913817,0.0604780801,0.0287518334,0.0284372363,0.4378613234,0.3869749010,0.0879580826,0.0785242319,0.0000000000,0.0000000000,0.3115229905,0.2392294258,0.2408218384,0.0162064005,0.0707898140,0.0790696517,0.0973301083,0.0993727148,0.0000001365,0.0000000000,0.0000000000,0.0000000000,-0.0116063058,0.1381059289,-0.0016131311,0.0671467781,0.1381063163,0.0093255239
20:20:11:21.707,61,0.0000000000,0.2286705971,0.1070498526,0.0000000000,0.0000000000,0.0924133733,0.7896702886,0.0000000000,0.2291301936,0.0233901720,0.0000000000,0.0000000000,0.0924789608,0.7905358076,0.1168192700,0.0329529308,0.0000000000,0.3969758153,0.0983809158,0.2113489658,0.1173729002,0.0407228731,0.0000000000,0.1107363403,0.0932392552,0.0000000000,0.0000000000,0.0730390996,0.0666337013,0.4126141667,0.3912154734,0.0329867937,0.0388126969,0.0707048103,0.0598472245,0.0284443274,0.0282365028,0.4448787868,0.3937005103,0.0874461904,0.0781935006,0.0000000000,0.0000000000,0.3082462847,0.2339998037,0.2353096157,0.0157082099,0.0715459734,0.0794838667,0.0981709212,0.1000531167,0.0000001387,0.0000000000,0.0000000000,0.0000000000,-0.0141485035,0.1399817765,-0.0019935018,0.0647551864,0.1399822533,0.0091176238
20:20:11:22.709,61,0.0000000000,0.2321173996,0.1004306078,0.0000000000,0.0000000000,0.0919265747,0.7898733020,0.0000000000,0.2325089872,0.0302518681,0.0000000000,0.0000000000,0.0919895917,0.7906985283,0.1172047630,0.0403403677,0.0000000000,0.3925796151,0.0965672582,0.2074075043,0.1153567359,0.0402758494,0.0000000000,0.1120333374,0.0960672125,0.0000000000,0.0000000000,0.0737258196,0.0673861802,0.4113785028,0.3876529634,0.0326246321,0.0388980247,0.0695904791,0.0591987148,0.0281653591,0.0280413143,0.4482929111,0.3970490396,0.0868183598,0.0777432024,0.0000000000,0.0000000000,0.3049916029,0.2315116823,0.2327401489,0.0152513888,0.0720435604,0.0797163174,0.0986346081,0.1004376039,0.0000001976,0.0000000000,0.0000000000,0.0000000000,-0.0182937142,0.1420556009,-0.0026161952,0.0607331172,0.1420561373,0.0086804619
20:20:11:23.710,61,0.0000000000,0.2257809043,0.0997393876,0.0000000000,0.0000000000,0.0916382521,0.7889729142,0.0000000000,0.2261553258,0.0307077784,0.0000000000,0.0000000000,0.0916995034,0.7897374034,0.1173488051,0.0422061048,0.0000000000,0.3810601234,0.0948673263,0.2049852908,0.1139753982,0.0398573093,0.0000000000,0.1109113023,0.0969866514,0.0000000000,0.0000000000,0.0742605999,0.0680162087,0.4096817374,0.3848826587,0.0323264934,0.0389402434,0.0687663406,0.0586433671,0.0279409401,0.0278948173,0.4499424696,0.3986870050,0.0862599015,0.0773197711,0.0000000000,0.0000000000,0.3010441363,0.2285674214,0.2297479659,0.0148304366,0.0724572018,0.0798665583,0.0990557149,0.1008092612,0.0000002551,0.0000000000,0.0000000000,0.0000000000,-0.0185795724,0.1381744444,-0.0025835314,0.0603480451,0.1381748766,0.0083867693
20:20:11:24.711,61,0.0000000000,0.2227776796,0.0993058756,0.0000000000,0.0000000000,0.0913605317,0.7887327671,0.0000000000,0.2231428027,0.0311019626,0.0000000000,0.0000000000,0.0914209932,0.7894662619,0.1173753738,0.0437023044,0.0000000000,0.3776787817,0.0938980803,0.2037482858,0.1130980551,0.0394739509,0.0000000000,0.1002285406,0.0932479426,0.0000000000,0.0000000000,0.0747089237,0.0685699508,0.4089364707,0.3836104572,0.0320742801,0.0389658511,0.0681509599,0.0581798218,0.0277105235,0.0277345963,0.4489580095,0.3977434039,0.0857414380,0.0769331008,0.0000000000,0.0000000000,0.2933607996,0.2220578045,0.2231970578,0.0144243212,0.0727168471,0.0799153075,0.0993831232,0.1011258215,0.0000002689,0.0000000000,0.0000000000,0.0000000000,-0.0188228581,0.1363344938,-0.0025820651,0.0601009689,0.1363348216,0.0082398541
20:20:11:25.712,61,0.0000000000,0.2165759355,0.1045546830,0.0000000000,0.0000000000,0.0915032178,0.7882697582,0.0000000000,0.2169861645,0.0258278064,0.0000000000,0.0000000000,0.0915627331,0.7889808416,0.1174114347,0.0446860418,0.0000000000,0.3753135800,0.0932626650,0.2028748840,0.1123676673,0.0390881412,0.0000000000,0.0901431665,0.0859107152,0.0000000000,0.0000000000,0.0751160607,0.0690876395,0.4086854458,0.3830081522,0.0319144800,0.0391168483,0.0675712302,0.0576563701,0.0275305435,0.0276198369,0.4484194517,0.3971644044,0.0847188979,0.0763509125,0.0000000000,0.0000000000,0.2889326215,0.2154568881,0.2165912688,0.0140643865,0.0730320811,0.0800085217,0.0996502861,0.1014058813,0.0000002604,0.0000000000,0.0000000000,0.0000000000,-0.0156389009,0.1325656325,-0.0020853232,0.0633099452,0.1325658560,0.0084364088
20:20:11:26.713,61,0.0000000000,0.1507073641,0.1515418887,0.0000000000,0.0000000000,0.1007261872,0.7876846790,0.0000000000,0.1513393223,0.0000000000,0.0223921388,0.0000000000,0.1007755399,0.7883719206,0.1177195385,0.0447989628,0.0000000000,0.3685936332,0.0929498225,0.2025863975,0.1117910519,0.0386276841,0.0000000000,0.0854559243,0.0811216757,0.0000000000,0.0000000000,0.0756296441,0.0697079748,0.4087753892,0.3831264079,0.0318641700,0.0395112298,0.0670552775,0.0571047068,0.0274224579,0.0275865328,0.4437830448,0.3935526013,0.0806725994,0.0738155544,0.0000000000,0.0000000000,0.2873745561,0.2053538114,0.2063967884,0.0137613323,0.0749243125,0.0805109367,0.0997035950,0.1014865264,0.0000002029,0.0000000000,0.0000000000,0.0000000000,0.0136201661,0.0924565420,0.0012628342,0.0921785533,0.0924555287,0.0085344771
20:20:11:27.714,61,0.0000000000,0.1111186221,0.1769136488,0.0000000000,0.0000000000,0.1138905808,0.7873658538,0.0000000000,0.1117223725,0.0000000000,0.0486247726,0.0000000000,0.1139353141,0.7880296707,0.1181721315,0.0447175615,0.0000000000,0.3662040830,0.0928918794,0.2023907453,0.1112305671,0.0381937511,0.0000000000,0.0763038397,0.0705421641,0.0000000000,0.0000000000,0.0762210041,0.0703962594,0.4105683565,0.3865517676,0.0319537893,0.0400860459,0.0666109547,0.0565394200,0.0273333117,0.0275673550,0.4358954728,0.3859690428,0.0760960281,0.0702902526,0.0000000000,0.0000000000,0.2866689265,0.1923796237,0.1934293211,0.0134949256,0.0766952410,0.0810976326,0.0995665044,0.1013701186,0.0000001067,0.0000000000,0.0000000000,0.0000000000,0.0296340194,0.0682773441,0.0020261828,0.1078205630,0.0682755932,0.0073585631
20:20:11:28.714,61,0.0000000000,0.1058480069,0.1784626991,0.0000000000,0.0000000000,0.1218791604,0.7869791985,0.0000000000,0.1064311936,0.0000000000,0.0503225513,0.0000000000,0.1219269335,0.7876254320,0.1186650321,0.0452537388,0.0000000000,0.3641909063,0.0929799378,0.2027023584,0.1107824147,0.0378962047,0.0000000000,0.0662777647,0.0602523386,0.0000000000,0.0000000000,0.0768150240,0.0710580572,0.4159665704,0.3903288245,0.0321115069,0.0407260358,0.0662238523,0.0560013242,0.0272945035,0.0275743771,0.4310710728,0.3801402450,0.0736880079,0.0680876002,0.0000000000,0.0000000000,0.2865597904,0.1875707507,0.1886686087,0.0132783316,0.0782333910,0.0817420408,0.0994167328,0.1012320146,0.0000000622,0.0000000000,0.0000000000,0.0000000000,0.0306753330,0.0650457516,0.0019978029,0.1087879539,0.0650439113,0.0070719044
20:20:11:29.716,61,0.0000000000,0.1079147086,0.1784311533,0.0000000000,0.0000000000,0.1254226267,0.7865886688,0.0000000000,0.1085090339,0.0000000000,0.0502487235,0.0000000000,0.1254710704,0.7872208357,0.1188169122,0.0456452817,0.0000000000,0.3604296148,0.0932691768,0.2045892179,0.1106159538,0.0375759937,0.0000000000,0.0582376420,0.0522192344,0.0000000000,0.0000000000,0.0771871880,0.0715115443,0.4172702730,0.3913717270,0.0322568119,0.0413478315,0.0658593476,0.0554724932,0.0272169113,0.0275481865,0.4216915369,0.3703535497,0.0721913278,0.0667558163,0.0000000000,0.0000000000,0.2865535617,0.1842145026,0.1853733808,0.0130653987,0.0792327821,0.0823726207,0.0992296040,0.1011055186,0.0000000451,0.0000000000,0.0000000000,0.0000000000,0.0306277741,0.0663155466,0.0020337594,0.1087597087,0.0663137287,0.0072084968
20:20:11:30.717,61,0.0000000000,0.1104193628,0.1687680483,0.0000000000,0.0000000000,0.1270907223,0.7855236530,0.0000000000,0.1109755114,0.0000000000,0.0407865010,0.0000000000,0.1271406561,0.7861436009,0.1187119484,0.0462095290,0.0000000000,0.3589963019,0.0957625955,0.2232259214,0.1110193133,0.0374640115,0.0000000000,0.0376598462,0.0244232789,0.0000000000,0.0000000000,0.0773880482,0.0718096420,0.4179418087,0.3920408785,0.0324217565,0.0418351740,0.0657037199,0.0550996661,0.0270983987,0.0274619926,0.3898806870,0.3394020796,0.0712272227,0.0658127442,0.0000000000,0.0000000000,0.2864153385,0.1825995743,0.1837964952,0.0128701515,0.0799235925,0.0828406438,0.0990546942,0.1009651795,0.0000000920,0.0000000000,0.0000000000,0.0000000000,0.0248578191,0.0678120852,0.0016880735,0.1028592736,0.0678103045,0.0069732047
20:20:11:31.718,61,0.0000000000,0.1107260883,0.1602739692,0.0000000000,0.0000000000,0.1277914047,0.7804875374,0.0000000000,0.1112386361,0.0000000000,0.0322263129,0.0000000000,0.1278442889,0.7811189294,0.1182654947,0.0497207381,0.0000000000,0.3575038910,0.1012841761,0.2338452935,0.1151153594,0.0373503305,0.0000000000,0.0265131891,0.0147514902,0.0000000000,0.0000000000,0.0775018781,0.0720613599,0.4180198014,0.3921549618,0.0326850079,0.0423778035,0.0657189935,0.0547992140,0.0270158947,0.0274039023,0.3773569763,0.3278314173,0.0703907385,0.0649827942,0.0000000000,0.0000000000,0.2841172218,0.1782008857,0.1795843691,0.0127133541,0.0804744810,0.0833486244,0.0989739746,0.1009511650,0.0000002678,0.0000000000,0.0000000000,0.0000000000,0.0196404979,0.0679649413,0.0013368377,0.0976812094,0.0679632202,0.0066383039
20:20:11:32.719,61,0.0000000000,0.1027482599,0.1589198709,0.0000000000,0.0000000000,0.1284764409,0.7763185501,0.0000000000,0.1032177880,0.0000000000,0.0309426021,0.0000000000,0.1285319626,0.7769553065,0.1178610399,0.0510311686,0.0000000000,0.3540195227,0.1043023244,0.2408634424,0.1170165315,0.0373742804,0.0000000000,0.0158965401,0.0024182098,0.0000000000,0.0000000000,0.0775670782,0.0722488388,0.4181476235,0.3924469948,0.0329991356,0.0429215431,0.0658081248,0.0545659252,0.0269659664,0.0273770802,0.3714373708,0.3221775293,0.0697188973,0.0642602146,0.0000000000,0.0000000000,0.2831736505,0.1750863045,0.1765957773,0.0125774741,0.0810736045,0.0838950425,0.0990431756,0.1010667831,0.0000013334,0.0000000000,0.0000000000,0.0000000000,0.0188641977,0.0630633980,0.0011911487,0.0968868732,0.0630614832,0.0061082989
20:20:11:33.720,61,0.0000000000,0.0879371092,0.1582540572,0.0000000000,0.0000000000,0.1297639757,0.7744830251,0.0000000000,0.0883370563,0.0000000000,0.0305413231,0.0000000000,0.1298262924,0.7751173377,0.1174792498,0.0519402139,0.0000000000,0.3477236629,0.1057877615,0.2456117719,0.1181167141,0.0374876522,0.0000000000,0.0032411725,0.0000000000,0.0000000000,0.0179246776,0.0775728375,0.0723647550,0.4185384214,0.3929826021,0.0332957804,0.0433580540,0.0660129860,0.0544716902,0.0269536078,0.0273914374,0.3678992391,0.3180261850,0.0692141280,0.0636606142,0.0000000000,0.0000000000,0.2829763293,0.1735804826,0.1751303822,0.0124520976,0.0816696882,0.0844235271,0.0991164371,0.1011711881,0.0000028242,0.0000000000,0.0000000000,0.0000000000,0.0186294746,0.0539714172,0.0010063781,0.0965320319,0.0539692305,0.0052066809
20:20:11:34.722,61,0.0000000000,0.0834389403,0.1626500338,0.0000000000,0.0000000000,0.1305845678,0.7712584138,0.0000000000,0.0838363096,0.0000000000,0.0350431986,0.0000000000,0.1306495816,0.7718858719,0.1169346794,0.0523811951,0.0000000000,0.3437424004,0.1067991704,0.2504900694,0.1194551885,0.0375828668,0.0000000000,0.0000000000,0.0000000000,0.0103673656,0.0317918397,0.0773813128,0.0723084360,0.4181990325,0.3929541409,0.0335713252,0.0436417945,0.0662636012,0.0544478185,0.0269104782,0.0273730662,0.3619020581,0.3122360706,0.0688396916,0.0631701201,0.0000000000,0.0000000000,0.2829733491,0.1725343466,0.1741044670,0.0123397829,0.0821321681,0.0847961232,0.0991455019,0.1011975035,0.0000044803,0.0000000000,0.0000000000,0.0000000000,0.0213786066,0.0512244105,0.0010959813,0.0992278010,0.0512221307,0.0050787213
20:20:11:35.723,61,0.0000000000,0.0965030193,0.1633450389,0.0000000000,0.0000000000,0.1306997091,0.7694030404,0.0000000000,0.0969649330,0.0000000000,0.0354501717,0.0000000000,0.1307663471,0.7700210810,0.1162410378,0.0527968667,0.0000000000,0.3392793238,0.1076777279,0.2580717802,0.1215823069,0.0376145877,0.0000000000,0.0000000000,0.0000000000,0.0544188619,0.0694870651,0.0770730078,0.0721683502,0.4178668857,0.3929950297,0.0338701047,0.0438245535,0.0666714534,0.0545613244,0.0268749911,0.0273610540,0.3485176265,0.3004931808,0.0686649606,0.0628729090,0.0000000000,0.0000000000,0.2808374166,0.1693188548,0.1708889157,0.0122332480,0.0823258907,0.0849563777,0.0993338004,0.1013854370,0.0000083460,0.0000000000,0.0000000000,0.0000000000,0.0216172971,0.0592463762,0.0012821464,0.0996079147,0.0592443459,0.0058982866
20:20:11:36.723,61,0.0000000000,0.0939581841,0.1664022058,0.0000000000,0.0000000000,0.1306007057,0.7630047798,0.0000000000,0.0944218040,0.0000000000,0.0386122316,0.0000000000,0.1306675225,0.7636093497,0.1155960560,0.0526589490,0.0000000000,0.3374991715,0.1110297441,0.2732948959,0.1274065375,0.0376056805,0.0000000000,0.0000000000,0.0000000000,0.0699457303,0.0879205689,0.0766919255,0.0719643384,0.4165554345,0.3928995430,0.0341761485,0.0439829230,0.0671030506,0.0546892546,0.0268269759,0.0273319613,0.3362168670,0.2904093266,0.0684564039,0.0625383928,0.0000000000,0.0000000000,0.2797833979,0.1682624966,0.1698281765,0.0121696256,0.0823908448,0.0849408284,0.0995140299,0.1015175134,0.0000128924,0.0000000000,0.0000000000,0.0000000000,0.0235476401,0.0576950088,0.0013599643,0.1014813706,0.0576929450,0.0058511412
20:20:11:37.725,61,0.0000000000,0.0871184319,0.1748120040,0.0000000000,0.0000000000,0.1306538880,0.7596720457,0.0000000000,0.0875836089,0.0000000000,0.0473410971,0.0000000000,0.1307197660,0.7602507472,0.1151158363,0.0518300384,0.0000000000,0.3368221223,0.1124777198,0.2781116664,0.1295481771,0.0376108401,0.0000000000,0.0000000000,0.0000000000,0.0776713043,0.0960130319,0.0762880072,0.0717212409,0.4158496857,0.3929868042,0.0344555862,0.0440304764,0.0675568581,0.0548723191,0.0267465077,0.0272749029,0.3315207660,0.2861049175,0.0683697984,0.0623025857,0.0000000000,0.0000000000,0.2787876725,0.1669990569,0.1685086340,0.0120896650,0.0823940933,0.0848074034,0.0996661410,0.1015934423,0.0000133504,0.0000000000,0.0000000000,0.0000000000,0.0288776420,0.0535241216,0.0015469118,0.1066348404,0.0535219274,0.0057018758
20:20:11:38.726,61,0.0000000000,0.0423182622,0.2381669134,0.0000000000,0.0000000000,0.1370913386,0.7565612197,0.0000000000,0.0426725261,0.0000000000,0.1132642999,0.0000000000,0.1371382773,0.7571040988,0.1147001535,0.0462137759,0.0000000000,0.3360386491,0.1134890392,0.2805601060,0.1305440813,0.0374053158,0.0000000000,0.0000000000,0.0000000000,0.0813257396,0.1000033319,0.0758590922,0.0714495778,0.4151716530,0.3931692243,0.0348022655,0.0440566503,0.0680245906,0.0550529063,0.0266932677,0.0272482801,0.3287572265,0.2835910022,0.0681915507,0.0619852915,0.0000000000,0.0000000000,0.2794993520,0.1665261388,0.1680260897,0.0120062130,0.0827740878,0.0848930702,0.0998414159,0.1016684845,0.0000123274,0.0000000000,0.0000000000,0.0000000000,0.0691656917,0.0261296555,0.0018062441,0.1454389840,0.0261266585,0.0037872959
20:20:11:39.726,61,0.0000000000,0.0000000000,0.3335812688,0.0000000000,0.0035644837,0.1574703902,0.7360292077,0.0000000000,0.0000000000,0.0000000000,0.2131280303,0.0036004330,0.1574860662,0.7365208864,0.1127443388,0.0328836553,0.0000000000,0.3233453333,0.1142185703,0.2819289267,0.1308187693,0.0370727889,0.0000000000,0.0000000000,0.0000000000,0.0757089406,0.1001667902,0.0753042027,0.0710589662,0.3979333639,0.3885612190,0.0351466723,0.0440476760,0.0682792291,0.0550539084,0.0265911203,0.0271853823,0.3247918189,0.2795353234,0.0678101853,0.0614851527,0.0000000000,0.0000000000,0.2956784070,0.1700293869,0.1715408266,0.0119111817,0.0848906040,0.0852800384,0.0998971090,0.1015674993,0.0000087990,0.0000000000,0.0000000000,0.0000000000,0.1301923543,-0.0015843940,-0.0002056939,0.2037729770,-0.0015881582,-0.0003213890
20:20:11:40.727,61,0.0000000000,0.0000000000,0.4097389579,0.0000000000,0.0187496524,0.1642151922,0.7293347120,0.0000000000,0.0000000000,0.0000000000,0.2931627333,0.0190343671,0.1642220169,0.7298159599,0.1109021828,0.0290637463,0.0000000000,0.3199322820,0.1148499697,0.2829600871,0.1308822781,0.0368462801,0.0000000000,0.0000000000,0.0000000000,0.0744530410,0.1005363911,0.0746825561,0.0705965310,0.3930478394,0.3863130808,0.0354661196,0.0439906642,0.0685150027,0.0550416671,0.0264409874,0.0270619895,0.3175374866,0.2712226510,0.0673660338,0.0608779602,0.0000000000,0.0000000000,0.3010596633,0.1722446978,0.1739129722,0.0118136518,0.0856176093,0.0852720290,0.0997574478,0.1012049764,0.0000035895,0.0000000000,0.0000000000,0.0000000000,0.1790766865,-0.0084402841,-0.0015034272,0.2502867877,-0.0084441956,-0.0020915202
20:20:11:41.728,61,0.0000000000,0.0000000000,0.4491516948,0.0000000000,0.0185790807,0.1678718776,0.7260430455,0.0000000000,0.0000000000,0.0000000000,0.3346456885,0.0188904069,0.1678738743,0.7265137434,0.1098658890,0.0250137113,0.0000000000,0.3182900250,0.1152558923,0.2846208513,0.1306415200,0.0364848003,0.0000000000,0.0000000000,0.0000000000,0.0740432441,0.1010409594,0.0741340145,0.0701903403,0.3909140527,0.3857812881,0.0357569605,0.0438778698,0.0689123943,0.0551864803,0.0262814164,0.0269327015,0.3080757856,0.2637933195,0.0670989305,0.0604266785,0.0000000000,0.0000000000,0.3031222224,0.1730155945,0.1747255027,0.0116975624,0.0860356092,0.0850934684,0.0997776240,0.1009547263,0.0000036362,0.0000000000,0.0000000000,0.0000000000,0.2044164240,-0.0084177600,-0.0017088080,0.2743619680,-0.0084216436,-0.0022817496
20:20:11:42.730,61,0.0000000000,0.0000000000,0.4466368258,0.0000000000,0.0430872180,0.1734475195,0.7228242755,0.0000000000,0.0000000000,0.0000000000,0.3320824206,0.0438151285,0.1734490097,0.7233008146,0.1089645922,0.0230548009,0.0000000000,0.3178514540,0.1179339215,0.2941415906,0.1308231801,0.0360684693,0.0000000000,0.0000000000,0.0000000000,0.0742493495,0.1019538864,0.0736865252,0.0698899850,0.3900243044,0.3858989477,0.0360175148,0.0439202674,0.0692052916,0.0551931113,0.0261375848,0.0268016625,0.3004840612,0.2585327327,0.0665598661,0.0597712733,0.0000000000,0.0000000000,0.3038587272,0.1732863039,0.1750395596,0.0116251614,0.0865134150,0.0850864127,0.0998483747,0.1007770374,0.0000046387,0.0000000000,0.0000000000,0.0000000000,0.2028200477,-0.0195180774,-0.0039320514,0.2727855444,-0.0195222814,-0.0052602147
20:20:11:43.731,61,0.0000000000,0.0000000000,0.4489193261,0.0000000000,0.0604379438,0.1816818118,0.7184811234,0.0000000000,0.0000000000,0.0000000000,0.3344459236,0.0614677519,0.1816833168,0.7189825773,0.1082770377,0.0219357312,0.0000000000,0.3187960982,0.1194363013,0.2970592082,0.1309135407,0.0356678106,0.0000000000,0.0000000000,0.0000000000,0.0746537372,0.1027539596,0.0733588487,0.0696940646,0.3903095126,0.3870312274,0.0362997688,0.0440282673,0.0694277883,0.0551493354,0.0260314681,0.0267018229,0.2975893617,0.2563043833,0.0660062432,0.0591244996,0.0000000000,0.0000000000,0.3025194407,0.1727158576,0.1745730489,0.0115637416,0.0871043280,0.0852457732,0.1000240669,0.1006983668,0.0000063991,0.0000000000,0.0000000000,0.0000000000,0.2042268813,-0.0273897126,-0.0055562449,0.2741313875,-0.0273941457,-0.0074176132
20:20:11:44.732,61,0.0000000000,0.0000000000,0.4240896404,0.0000000000,0.0390155874,0.1843231916,0.7147421241,0.0000000000,0.0000000000,0.0000000000,0.3084138334,0.0396387577,0.1843244433,0.7152196169,0.1075214893,0.0173594076,0.0000000000,0.3204275370,0.1204424948,0.2988888025,0.1313453019,0.0351369157,0.0000000000,0.0000000000,0.0000000000,0.0746883154,0.1030263230,0.0729773119,0.0694429874,0.3886736929,0.3868827224,0.0364758186,0.0440797769,0.0696110278,0.0551038869,0.0259053446,0.0265971739,0.2956969142,0.2548119724,0.0655326694,0.0585776046,0.0000000000,0.0000000000,0.2920998633,0.1657707691,0.1674811095,0.0115299132,0.0874024555,0.0851768851,0.1000879407,0.1005482152,0.0000085033,0.0000000000,0.0000000000,0.0000000000,0.1883707643,-0.0176071580,-0.0032974232,0.2590232193,-0.0176113211,-0.0045113377
20:20:11:45.732,61,0.0000000000,0.0000000000,0.4195218384,0.0000000000,0.0432844907,0.1870031506,0.7127320170,0.0000000000,0.0000000000,0.0000000000,0.3036741018,0.0439684503,0.1870042533,0.7131876945,0.1068932116,0.0156594533,0.0000000000,0.3207601011,0.1209269017,0.2980079949,0.1311190128,0.0347212702,0.0000000000,0.0000000000,0.0000000000,0.0697264746,0.0995985344,0.0727372840,0.0693410188,0.3884843886,0.3871142864,0.0367088504,0.0440964550,0.0697958395,0.0550755672,0.0257924534,0.0265154168,0.2951327860,0.2542826831,0.0651142746,0.0580658019,0.0000000000,0.0000000000,0.2898198068,0.1641371250,0.1658128202,0.0114557296,0.0880845338,0.0854472518,0.1001821980,0.1004129872,0.0000075477,0.0000000000,0.0000000000,0.0000000000,0.1854694188,-0.0195196625,-0.0036000225,0.2562246323,-0.0195238814,-0.0049485299
20:20:11:46.734,61,0.0000000000,0.0000000000,0.4048797488,0.0000000000,0.0453384742,0.1898766309,0.7082253695,0.0000000000,0.0000000000,0.0000000000,0.2884777486,0.0460274592,0.1898786724,0.7086576819,0.1062151864,0.0146419238,0.0000000000,0.3211299181,0.1213865951,0.2924714983,0.1307264119,0.0344340205,0.0000000000,0.0000000000,0.0000000000,0.0647284389,0.0952051058,0.0724795237,0.0692235008,0.3882980943,0.3870434165,0.0369376764,0.0440732017,0.0698081180,0.0549132675,0.0256176293,0.0263676997,0.2951372266,0.2541699708,0.0645616502,0.0574347191,0.0000000000,0.0000000000,0.3021375537,0.1736549735,0.1752102524,0.0113655832,0.0890741125,0.0858575106,0.0999207571,0.0999160931,0.0000062450,0.0000000000,0.0000000000,0.0000000000,0.1761851162,-0.0203990974,-0.0035759332,0.2472775877,-0.0204033405,-0.0049946811
20:20:11:47.735,61,0.0000000000,0.0000000000,0.4073982537,0.0000000000,0.0440825038,0.1913615912,0.7071074247,0.0000000000,0.0000000000,0.0000000000,0.2910694480,0.0447569489,0.1913641691,0.7075284123,0.1059133857,0.0145905633,0.0000000000,0.3211236894,0.1218107492,0.2911320627,0.1305128932,0.0342771932,0.0000000000,0.0000000000,0.0000000000,0.0636960864,0.0942923129,0.0723284259,0.0692047924,0.3888890743,0.3872784674,0.0372280627,0.0442111678,0.0699819997,0.0548853651,0.0255236253,0.0263032243,0.2951022089,0.2539668977,0.0640503913,0.0568369739,0.0000000000,0.0000000000,0.3061740100,0.1759161055,0.1774420887,0.0113041047,0.0898285210,0.0862922445,0.0997549519,0.0995536149,0.0000045267,0.0000000000,0.0000000000,0.0000000000,0.1777699441,-0.0198416375,-0.0035091443,0.2488184273,-0.0198458657,-0.0048878253
20:20:11:48.735,61,0.0000000000,0.0000000000,0.3959040046,0.0000000000,0.0276290923,0.1909741759,0.7086149454,0.0000000000,0.0000000000,0.0000000000,0.2787648141,0.0280365031,0.1909783036,0.7090203762,0.1055292264,0.0170610137,0.0000000000,0.3221573532,0.1221114546,0.2900606692,0.1301611066,0.0342796035,0.0000000000,0.0000000000,0.0000000000,0.0641696081,0.0941511840,0.0722382218,0.0692445189,0.3918579817,0.3877260685,0.0375077762,0.0443055853,0.0701625645,0.0548632890,0.0253815390,0.0261819400,0.2947484851,0.2534005642,0.0635357276,0.0562341847,0.0000000000,0.0000000000,0.3075434864,0.1752470732,0.1768044382,0.0112470984,0.0901041627,0.0864160359,0.0993873402,0.0990047902,0.0000045073,0.0000000000,0.0000000000,0.0000000000,0.1702748686,-0.0124127511,-0.0021034859,0.2418260574,-0.0124167819,-0.0029736653
20:20:11:49.736,61,0.0000000000,0.0000000000,0.4014280736,0.0000000000,0.0384979099,0.1909890920,0.7086783648,0.0000000000,0.0000000000,0.0000000000,0.2846774161,0.0390770510,0.1909940243,0.7090772986,0.1050711423,0.0188955124,0.0000000000,0.3225463927,0.1223557442,0.2893551588,0.1296562403,0.0342861898,0.0000000000,0.0000000000,0.0000000000,0.0718855038,0.0978288054,0.0720656663,0.0692275017,0.3944882751,0.3883151114,0.0378690287,0.0443687290,0.0703629255,0.0548451133,0.0252255704,0.0260477811,0.2939085066,0.2517727911,0.0629841685,0.0556291789,0.0000000000,0.0000000000,0.3075703382,0.1667083353,0.1683247089,0.0111733852,0.0902475417,0.0865084827,0.0989886671,0.0984563231,0.0000104721,0.0000000000,0.0000000000,0.0000000000,0.1738740057,-0.0173116270,-0.0029951890,0.2451831549,-0.0173157975,-0.0042035282
20:20:11:50.738,61,0.0000000000,0.0000000000,0.4074760079,0.0000000000,0.0408100821,0.1909070760,0.6995255947,0.0000000000,0.0000000000,0.0000000000,0.2911516130,0.0414340049,0.1909129173,0.6999523640,0.1044895798,0.0239615459,0.0000000000,0.3228431940,0.1241431609,0.2936523855,0.1295024157,0.0344237909,0.0000000000,0.0000000000,0.0000000000,0.0961329639,0.1203080714,0.0717629194,0.0690677240,0.4016756415,0.3911862969,0.0383351184,0.0443423912,0.0707154945,0.0548817776,0.0250897966,0.0259192809,0.2901870608,0.2467965782,0.0624873787,0.0550536625,0.0000000000,0.0000000000,0.3085447252,0.1666891575,0.1683928072,0.0111199412,0.0902625620,0.0865237787,0.0986897424,0.0979894251,0.0000433187,0.0000000000,0.0000000000,0.0000000000,0.1778250337,-0.0183686893,-0.0032495789,0.2488726526,-0.0183728710,-0.0045259283
20:20:11:51.739,61,0.0000000000,0.0000000000,0.4082515836,0.0000000000,0.0476630330,0.1910677999,0.6916843653,0.0000000000,0.0000000000,0.0000000000,0.2923314869,0.0483926311,0.1910760999,0.6921170354,0.1040487140,0.0328793898,0.0000000000,0.3229910731,0.1292432845,0.3057928979,0.1298150122,0.0345172621,0.0000000000,0.0000000000,0.0000000000,0.1070487201,0.1286183000,0.0714639872,0.0689271018,0.4090892076,0.3956774175,0.0388132222,0.0443673506,0.0710829273,0.0549155176,0.0249984860,0.0258276314,0.2878230214,0.2442153096,0.0619290061,0.0544521101,0.0000000000,0.0000000000,0.3179202080,0.1819366813,0.1836145520,0.0111004915,0.0903567746,0.0867404342,0.0984419212,0.0976291969,0.0000555553,0.0000000000,0.0000000000,0.0000000000,0.1785349250,-0.0214563701,-0.0038109594,0.2493316382,-0.0214606300,-0.0052963099
20:20:11:52.739,61,0.0000000000,0.0000000000,0.4074658751,0.0000000000,0.0558163896,0.1912213564,0.6878910661,0.0000000000,0.0000000000,0.0000000000,0.2918989062,0.0566679165,0.1912321597,0.6883130074,0.1036555022,0.0358788855,0.0000000000,0.3230876029,0.1316392124,0.3095774651,0.1301199943,0.0345511548,0.0000000000,0.0000000000,0.0000000000,0.1123360321,0.1328322142,0.0711227730,0.0687520728,0.4120540619,0.3981460929,0.0393080153,0.0443683453,0.0715219826,0.0550125353,0.0248895157,0.0257237591,0.2838525474,0.2409365177,0.0614014566,0.0539023839,0.0000000000,0.0000000000,0.3230805695,0.1874829084,0.1890656501,0.0110724559,0.0903965682,0.0869490951,0.0982156172,0.0973177105,0.0000691863,0.0000000000,0.0000000000,0.0000000000,0.1782558560,-0.0251242351,-0.0044557694,0.2488313913,-0.0251285862,-0.0061896783
20:20:11:53.740,61,0.0000000000,0.0000000000,0.4007682800,0.0000000000,0.0690752864,0.1917490363,0.6782648563,0.0000000000,0.0000000000,0.0000000000,0.2853731811,0.0701083541,0.1917621195,0.6786406636,0.1032655016,0.0369778350,0.0000000000,0.3230951726,0.1330563873,0.3118069172,0.1305227727,0.0346170403,0.0000000000,0.0000000000,0.0000000000,0.1147746593,0.1349578649,0.0707618520,0.0685639605,0.4135069847,0.3994743228,0.0397179909,0.0442798808,0.0719394162,0.0551315174,0.0247959848,0.0256408136,0.2821392715,0.2394166291,0.0610027499,0.0534452274,0.0000000000,0.0000000000,0.3277068138,0.1914314032,0.1929152608,0.0110399658,0.0905531198,0.0872126520,0.0980529115,0.0970251635,0.0000823950,0.0000000000,0.0000000000,0.0000000000,0.1742421687,-0.0310610048,-0.0053864736,0.2447019517,-0.0310655162,-0.0075284354
20:20:11:54.742,61,0.0000000000,0.0000000000,0.3800198734,0.0000000000,0.0585488454,0.1918497682,0.6747452021,0.0000000000,0.0000000000,0.0000000000,0.2634227872,0.0593750887,0.1918649822,0.6751061678,0.1028401330,0.0376132801,0.0000000000,0.3230898678,0.1368593276,0.3127183914,0.1311300695,0.0348055065,0.0000000000,0.0000000000,0.0000000000,0.1153710634,0.1356924027,0.0705647767,0.0685586482,0.4142189622,0.4001660645,0.0402507968,0.0444558896,0.0722332224,0.0550665185,0.0246926360,0.0255552661,0.2810619771,0.2384551018,0.0603674091,0.0527842715,0.0000000000,0.0000000000,0.3315727413,0.1935803443,0.1950328499,0.0110184411,0.0908613056,0.0876596123,0.0977819860,0.0966341943,0.0000678852,0.0000000000,0.0000000000,0.0000000000,0.1608613431,-0.0262461901,-0.0042047533,0.2320638150,-0.0262505841,-0.0060385941
20:20:11:55.744,61,0.0000000000,0.0000000000,0.3435113132,0.0000000000,0.0374234580,0.1911764741,0.6764118671,0.0000000000,0.0000000000,0.0000000000,0.2248788923,0.0378927886,0.1911952347,0.6767587066,0.1025240049,0.0383590609,0.0000000000,0.3230796158,0.1381298453,0.3118844330,0.1315680593,0.0351665989,0.0000000000,0.0000000000,0.0000000000,0.1138876677,0.1343438923,0.0704537183,0.0686098114,0.4145191610,0.4002011418,0.0407168455,0.0446688272,0.0723947585,0.0549668744,0.0245818421,0.0254723132,0.2808025479,0.2381390333,0.0597910248,0.0521703959,0.0000000000,0.0000000000,0.3358726799,0.1944553852,0.1958882660,0.0110046277,0.0911896527,0.0881586447,0.0972991362,0.0960660726,0.0000596029,0.0000000000,0.0000000000,0.0000000000,0.1373518258,-0.0166910607,-0.0022855541,0.2098107487,-0.0166952163,-0.0034775024
20:20:11:56.744,61,0.0000000000,0.0000000000,0.3247956634,0.0000000000,0.0381540284,0.1909309179,0.6803619266,0.0000000000,0.0000000000,0.0000000000,0.2054784000,0.0386017673,0.1909516007,0.6806772947,0.1025169417,0.0390271954,0.0000000000,0.3232747912,0.1388535798,0.3109099567,0.1318776459,0.0355419666,0.0000000000,0.0000000000,0.0000000000,0.1123200208,0.1327605397,0.0705019236,0.0687931255,0.4147819877,0.4001003802,0.0411368310,0.0450517759,0.0723708645,0.0547511466,0.0245011635,0.0254273806,0.2826580107,0.2390012741,0.0591164716,0.0514897741,0.0000000000,0.0000000000,0.3444276452,0.1954033673,0.1968143880,0.0110221067,0.0916809440,0.0889928266,0.0966565013,0.0952560976,0.0000484675,0.0000000000,0.0000000000,0.0000000000,0.1255017072,-0.0169767328,-0.0021252211,0.1983785629,-0.0169809051,-0.0033469046
20:20:11:57.745,61,0.0000000000,0.0000000000,0.3331121504,0.0000000000,0.0484662317,0.1911291927,0.6834380627,0.0000000000,0.0000000000,0.0000000000,0.2142598629,0.0490540415,0.1911523491,0.6837258339,0.1027976051,0.0410337187,0.0000000000,0.3248743415,0.1414484978,0.3106490672,0.1324287802,0.0359502435,0.0000000000,0.0000000000,0.0000000000,0.1120149642,0.1323743165,0.0706544518,0.0690722466,0.4163273275,0.4003636837,0.0417457037,0.0456447192,0.0724090412,0.0545030534,0.0244587660,0.0254184157,0.2831737101,0.2392370403,0.0574816912,0.0500073321,0.0000000000,0.0000000000,0.3588543236,0.1990853995,0.2003933042,0.0110765742,0.0921486840,0.0896846727,0.0959606320,0.0942768678,0.0000343371,0.0000000000,0.0000000000,0.0000000000,0.1308537722,-0.0215884522,-0.0028173060,0.2034405023,-0.0215927474,-0.0043632514
20:20:11:58.746,61,0.0000000000,0.0000000000,0.3441020846,0.0000000000,0.0701170564,0.1949515641,0.6848177314,0.0000000000,0.0000000000,0.0000000000,0.2261716425,0.0710010454,0.1949964762,0.6850914359,0.1030069143,0.0418179631,0.0000000000,0.3294238150,0.1432597637,0.3106085360,0.1327979267,0.0361829363,0.0000000000,0.0000000000,0.0000000000,0.1119468510,0.1321347207,0.0707452074,0.0692987218,0.4174482226,0.4008858502,0.0422751568,0.0460536890,0.0725260377,0.0543370768,0.0243776925,0.0253663603,0.2827232182,0.2388960123,0.0564957447,0.0490777791,0.0000000000,0.0000000000,0.3660377264,0.2047865838,0.2059543133,0.0110991364,0.0925300717,0.0902274549,0.0952338651,0.0932324603,0.0000179072,0.0000000000,0.0000000000,0.0000000000,0.1380936801,-0.0312778987,-0.0043069436,0.2101001590,-0.0312824547,-0.0065262378
20:20:11:59.747,61,0.0000000000,0.0000000000,0.3699282706,0.0000000000,0.1014200971,0.1975357234,0.6786157489,0.0000000000,0.0000000000,0.0000000000,0.2539645135,0.1028031111,0.1975930929,0.6788308620,0.1027082875,0.0418485813,0.0000000000,0.3305350244,0.1437890828,0.3105059862,0.1330250651,0.0363441706,0.0000000000,0.0000000000,0.0000000000,0.1090704054,0.1295793205,0.0706111863,0.0693250000,0.4157049358,0.3998938203,0.0425413251,0.0460815728,0.0726567954,0.0542744175,0.0242591668,0.0252746865,0.2803245485,0.2369982451,0.0558680929,0.0484335795,0.0000000000,0.0000000000,0.3695270121,0.2123106569,0.2133271843,0.0110839792,0.0926226526,0.0904231444,0.0943944007,0.0919426307,0.0000201523,0.0000000000,0.0000000000,0.0000000000,0.1549807936,-0.0454008356,-0.0070128283,0.2257512659,-0.0454057343,-0.0101701980
20:20:12:00.748,61,0.0000000000,0.0000000000,0.3800898492,0.0000000000,0.1127680466,0.1999022216,0.6745633483,0.0000000000,0.0000000000,0.0000000000,0.2649052143,0.1143495888,0.1999624968,0.6747530103,0.1024990454,0.0415075570,0.0000000000,0.3306781054,0.1441987753,0.3108841479,0.1334109008,0.0363931693,0.0000000000,0.0000000000,0.0000000000,0.1083774418,0.1289953738,0.0703904629,0.0692747831,0.4145878553,0.3993209600,0.0428537875,0.0460814051,0.0729264095,0.0543206707,0.0241682995,0.0252103992,0.2764433622,0.2344213128,0.0553710014,0.0479016080,0.0000000000,0.0000000000,0.3727053404,0.2214198112,0.2224252075,0.0110841906,0.0926751792,0.0905293077,0.0937073976,0.0910607353,0.0000190469,0.0000000000,0.0000000000,0.0000000000,0.1616182625,-0.0505537726,-0.0081416471,0.2318975329,-0.0505588092,-0.0116290487
20:20:12:01.749,61,0.0000000000,0.0000000000,0.3675208986,0.0000000000,0.1090241894,0.2017454952,0.6701204777,0.0000000000,0.0000000000,0.0000000000,0.2516367733,0.1104984507,0.2018059492,0.6703127623,0.1022727862,0.0412075967,0.0000000000,0.3296397030,0.1444705278,0.3111418784,0.1338053048,0.0364459679,0.0000000000,0.0000000000,0.0000000000,0.1080106050,0.1287008226,0.0701204762,0.0691644475,0.4137083590,0.3986375630,0.0431576855,0.0460862964,0.0731158182,0.0543178804,0.0240749568,0.0251367819,0.2751874626,0.2335298955,0.0549274907,0.0474238954,0.0000000000,0.0000000000,0.3879268169,0.2337408513,0.2348965257,0.0110832937,0.0928620622,0.0907467529,0.0931226537,0.0903352350,0.0000223213,0.0000000000,0.0000000000,0.0000000000,0.1535361111,-0.0487884171,-0.0074671744,0.2242474109,-0.0487934165,-0.0108585162
20:20:12:02.750,61,0.0000000000,0.0000000000,0.3650688231,0.0000000000,0.1078255028,0.2039921284,0.6677071452,0.0000000000,0.0000000000,0.0000000000,0.2488899976,0.1092744991,0.2040525526,0.6679011583,0.1021925658,0.0407037660,0.0000000000,0.3295989037,0.1456999332,0.3110430539,0.1342244446,0.0364407785,0.0000000000,0.0000000000,0.0000000000,0.1076716185,0.1284434497,0.0699778199,0.0691673607,0.4131266177,0.3982523382,0.0435815826,0.0463403203,0.0731782392,0.0541374236,0.0239736475,0.0250540357,0.2746160626,0.2332010716,0.0542700253,0.0467898399,0.0000000000,0.0000000000,0.3961024284,0.2410242558,0.2422089577,0.0110976119,0.0930989757,0.0910019055,0.0924852490,0.0896030962,0.0000256382,0.0000000000,0.0000000000,0.0000000000,0.1518641412,-0.0482355729,-0.0073026642,0.2227569222,-0.0482405573,-0.0106651401
20:20:12:03.751,61,0.0000000000,0.0000000000,0.3680753410,0.0000000000,0.1112159789,0.2066923678,0.6665381193,0.0000000000,0.0000000000,0.0000000000,0.2519681752,0.1127251238,0.2067441940,0.6667301059,0.1018710583,0.0387252234,0.0000000000,0.3297521472,0.1461186260,0.3054872155,0.1341032535,0.0361618772,0.0000000000,0.0000000000,0.0000000000,0.1052242592,0.1233930215,0.0698806494,0.0692111030,0.4125896692,0.3979418874,0.0439135693,0.0464848615,0.0731250346,0.0539026819,0.0238103736,0.0249126852,0.2743801773,0.2331338227,0.0536255762,0.0462140143,0.0000000000,0.0000000000,0.3996887803,0.2441191822,0.2453069836,0.0110706352,0.0933429524,0.0912910700,0.0918301493,0.0889069661,0.0000265707,0.0000000000,0.0000000000,0.0000000000,0.1537309885,-0.0497730784,-0.0076277130,0.2245752215,-0.0497781076,-0.0110939099
20:20:12:04.753,61,0.0000000000,0.0000000000,0.3637913764,0.0000000000,0.0992424488,0.2087458819,0.6659995317,0.0000000000,0.0000000000,0.0000000000,0.2471853793,0.1005739495,0.2087892741,0.6661897302,0.1016009152,0.0359869711,0.0000000000,0.3296799362,0.1464165896,0.3013079762,0.1339455843,0.0359014757,0.0000000000,0.0000000000,0.0000000000,0.0957885012,0.1169623882,0.0700596124,0.0695251971,0.4119365513,0.3977382779,0.0443361662,0.0467152856,0.0732570514,0.0538133308,0.0237090327,0.0248303134,0.2742002606,0.2331056297,0.0531175584,0.0457443446,0.0000000000,0.0000000000,0.4011655152,0.2452572286,0.2464428991,0.0110439789,0.0946435854,0.0920898020,0.0914479867,0.0884655565,0.0000266468,0.0000000000,0.0000000000,0.0000000000,0.1508504897,-0.0443880744,-0.0066748811,0.2220157087,-0.0443929769,-0.0097812833
20:20:12:05.754,61,0.0000000000,0.0000000000,0.3709841967,0.0000000000,0.1035489216,0.2106909752,0.6662114263,0.0000000000,0.0000000000,0.0000000000,0.2549028397,0.1049671993,0.2107312530,0.6663989425,0.1010328457,0.0348398685,0.0000000000,0.3282520175,0.1463895738,0.3002574444,0.1340125799,0.0356827416,0.0000000000,0.0000000000,0.0000000000,0.0929386765,0.1145967618,0.0699865445,0.0695805401,0.4045812488,0.3931635320,0.0445337892,0.0467301272,0.0733843297,0.0538228117,0.0235708803,0.0247197915,0.2737240791,0.2326376736,0.0528359115,0.0454554930,0.0000000000,0.0000000000,0.4022520781,0.2464473248,0.2476212829,0.0110001313,0.0953227431,0.0926532149,0.0910648257,0.0880221203,0.0000282757,0.0000000000,0.0000000000,0.0000000000,0.1555466652,-0.0463606827,-0.0071872324,0.2263860703,-0.0463656224,-0.0104141887
20:20:12:06.755,61,0.0000000000,0.0000000000,0.3941985369,0.0000000000,0.1449380517,0.2183458507,0.6736925840,0.0000000000,0.0000000000,0.0000000000,0.2797249854,0.1470526457,0.2184066623,0.6738871336,0.1006961539,0.0343820751,0.0000000000,0.3278142214,0.1468811333,0.3033393025,0.1343946755,0.0355394967,0.0000000000,0.0000000000,0.0000000000,0.0918118730,0.1138255373,0.0698738918,0.0695751756,0.4023537934,0.3917307556,0.0448243655,0.0469413772,0.0734594390,0.0537303537,0.0234438796,0.0246106144,0.2731369436,0.2319712341,0.0523627065,0.0449918807,0.0000000000,0.0000000000,0.4058545530,0.2502593398,0.2514733672,0.0109657608,0.0958473086,0.0930860266,0.0905803293,0.0874784216,0.0000324629,0.0000000000,0.0000000000,0.0000000000,0.1705191880,-0.0651094168,-0.0110638682,0.2403113097,-0.0651148260,-0.0155183505
20:20:12:07.756,61,0.0000000000,0.0000000000,0.4046504498,0.0000000000,0.1550206244,0.2286947817,0.6755935550,0.0000000000,0.0000000000,0.0000000000,0.2908029854,0.1573444605,0.2287765592,0.6757897735,0.1003799438,0.0343685187,0.0000000000,0.3272541165,0.1472662687,0.3044159710,0.1345667690,0.0354968682,0.0000000000,0.0000000000,0.0000000000,0.0915675983,0.1137079597,0.0698208436,0.0696191713,0.4015085101,0.3911718130,0.0451835617,0.0470903628,0.0737331882,0.0537998602,0.0233583581,0.0245353132,0.2724513113,0.2308016866,0.0519958511,0.0446141772,0.0000000000,0.0000000000,0.4081534445,0.2526338100,0.2538566291,0.0109240729,0.0964651480,0.0936419219,0.0902290344,0.0870583206,0.0000305953,0.0000000000,0.0000000000,0.0000000000,0.1772185117,-0.0697486177,-0.0123155005,0.2466099113,-0.0697541535,-0.0170542505
20:20:12:08.756,61,0.0000000000,0.0000000000,0.4065621495,0.0000000000,0.1461683065,0.2324156463,0.6766902804,0.0000000000,0.0000000000,0.0000000000,0.2925509512,0.1483749747,0.2325047106,0.6768880486,0.1000858918,0.0349170715,0.0000000000,0.3269830644,0.1480757743,0.3050043285,0.1348754913,0.0356890745,0.0000000000,0.0000000000,0.0000000000,0.0916127414,0.1138189062,0.0697986782,0.0696853995,0.4011973143,0.3907291293,0.0456728376,0.0473416373,0.0739833415,0.0538105257,0.0232536439,0.0244405400,0.2719357312,0.2300240546,0.0515909232,0.0441837087,0.0000000000,0.0000000000,0.4099773765,0.2538738847,0.2551017702,0.0108691053,0.0970503613,0.0942081138,0.0898766220,0.0866328999,0.0000320291,0.0000000000,0.0000000000,0.0000000000,0.1783307791,-0.0657855421,-0.0116858380,0.2478391528,-0.0657909885,-0.0161610879
20:20:12:09.758,61,0.0000000000,0.0000000000,0.4256117940,0.0000000000,0.1366734803,0.2343891561,0.6743780375,0.0000000000,0.0000000000,0.0000000000,0.3124286234,0.1388413608,0.2344841510,0.6745804548,0.0998415053,0.0382406078,0.0000000000,0.3266922832,0.1491080225,0.3069437444,0.1352833360,0.0358123705,0.0000000000,0.0000000000,0.0000000000,0.0920492485,0.1140512303,0.0699034855,0.0698922575,0.4072259665,0.3919621706,0.0461215898,0.0475431308,0.0742831901,0.0538554229,0.0232079085,0.0243998207,0.2716127038,0.2295570076,0.0512189604,0.0437944718,0.0000000000,0.0000000000,0.4115912914,0.2560626268,0.2572734654,0.0108495792,0.0975729227,0.0947984681,0.0896414071,0.0863449946,0.0000238100,0.0000000000,0.0000000000,0.0000000000,0.1904973984,-0.0616984628,-0.0116967531,0.2595186234,-0.0617037751,-0.0158529356
20:20:12:10.758,61,0.0000000000,0.0000000000,0.4116460979,0.0000000000,0.1235463098,0.2341364920,0.6702278852,0.0000000000,0.0000000000,0.0000000000,0.2975076139,0.1254418492,0.2342453599,0.6704657674,0.0997453034,0.0499221571,0.0000000000,0.3265320361,0.1499494612,0.3093140423,0.1357494891,0.0362707675,0.0000000000,0.0000000000,0.0000000000,0.1034180000,0.1224736124,0.0698147938,0.0698618963,0.4114919007,0.3925187290,0.0465763919,0.0477191769,0.0744499639,0.0538011938,0.0231610276,0.0243373457,0.2716761827,0.2293857336,0.0508421995,0.0433708206,0.0000000000,0.0000000000,0.4204506576,0.2621076405,0.2634959519,0.0108536361,0.0976583287,0.0950111002,0.0892724320,0.0859303549,0.0000189275,0.0000000000,0.0000000000,0.0000000000,0.1814619005,-0.0556489639,-0.0100528775,0.2510871589,-0.0556541234,-0.0138410749
20:20:12:11.759,61,0.0000000000,0.0000000000,0.4041318595,0.0000000000,0.1048323885,0.2323103547,0.6670615077,0.0000000000,0.0000000000,0.0000000000,0.2893333137,0.1064124480,0.2324413806,0.6673424244,0.0999816731,0.0704593137,0.0000000000,0.3259384334,0.1512622237,0.3200770617,0.1361377537,0.0368634127,0.0000000000,0.0000000000,0.0000000000,0.1222240254,0.1353760660,0.0697915852,0.0698655993,0.4328304529,0.3968235850,0.0471638404,0.0480012149,0.0746273249,0.0537270904,0.0232379865,0.0243933741,0.2749384344,0.2301630676,0.0504549481,0.0429441184,0.0000000000,0.0000000000,0.4441190660,0.2935513258,0.2950994968,0.0109122526,0.0976698026,0.0952584222,0.0890110508,0.0856907144,0.0000196030,0.0000000000,0.0000000000,0.0000000000,0.1765511930,-0.0471648835,-0.0082897823,0.2466065288,-0.0471698307,-0.0115228808
20:20:12:12.760,61,0.0000000000,0.0000000000,0.3956324160,0.0000000000,0.0988736749,0.2297574729,0.6648336649,0.0000000000,0.0000000000,0.0000000000,0.2803636193,0.1003304869,0.2298822105,0.6651350260,0.1004761085,0.0732116327,0.0000000000,0.3254608214,0.1524900049,0.3235599995,0.1366000921,0.0372539610,0.0000000000,0.0000000000,0.0000000000,0.1277667880,0.1395569891,0.0698009878,0.0699222982,0.4384343922,0.3984266520,0.0477498472,0.0483468212,0.0747770518,0.0536410883,0.0233188495,0.0244678874,0.2763030827,0.2312766016,0.0500341691,0.0425117314,0.0000000000,0.0000000000,0.4626788497,0.3086080253,0.3101664484,0.0109927794,0.0978064835,0.0955652595,0.0886912122,0.0854040533,0.0000312405,0.0000000000,0.0000000000,0.0000000000,0.1710987240,-0.0444265567,-0.0075691296,0.2414487898,-0.0444314368,-0.0106305806
20:20:12:13.761,61,0.0000000000,0.0000000000,0.3723803461,0.0000000000,0.0778115317,0.2238368988,0.6687229872,0.0000000000,0.0000000000,0.0000000000,0.2556378245,0.0788858086,0.2239437997,0.6690194607,0.1031895429,0.0728348196,0.0000000000,0.3258076012,0.1588310897,0.3310801089,0.1394456625,0.0375847556,0.0000000000,0.0000000000,0.0000000000,0.1315590590,0.1471851915,0.0698708370,0.0700139329,0.4414783418,0.4046567082,0.0483921729,0.0488124862,0.0750442147,0.0536174513,0.0234047640,0.0245506540,0.2768999338,0.2317772061,0.0496464372,0.0421164595,0.0000000000,0.0000000000,0.4690124094,0.3142710030,0.3158412874,0.0111176474,0.0979373679,0.0958238840,0.0884313509,0.0851814821,0.0000359288,0.0000000000,0.0000000000,0.0000000000,0.1560670137,-0.0348440781,-0.0054181032,0.2273408473,-0.0348487273,-0.0078574885
20:20:12:14.763,61,0.0000000000,0.0000000000,0.3900114000,0.0000000000,0.0872916058,0.2214111388,0.6706518531,0.0000000000,0.0000000000,0.0000000000,0.2743093967,0.0885587707,0.2215149403,0.6709418297,0.1048421413,0.0730522573,0.0000000000,0.3258801103,0.1607890129,0.3336298466,0.1402413547,0.0379923284,0.0000000000,0.0000000000,0.0000000000,0.1337225586,0.1506533176,0.0698526204,0.0700166970,0.4438877404,0.4121917188,0.0489665531,0.0491162501,0.0752473250,0.0535890944,0.0234899838,0.0246295370,0.2776662409,0.2324327528,0.0493050143,0.0417460501,0.0000000000,0.0000000000,0.4723734260,0.3173961341,0.3189656734,0.0112083154,0.0978587344,0.0958641246,0.0881135613,0.0849044323,0.0000358696,0.0000000000,0.0000000000,0.0000000000,0.1674398482,-0.0391894020,-0.0065345014,0.2380682826,-0.0391941518,-0.0092474651
20:20:12:15.764,61,0.0000000000,0.0000000000,0.4318222404,0.0000000000,0.1452105790,0.2221373171,0.6819313765,0.0000000000,0.0000000000,0.0000000000,0.3190587461,0.1475469470,0.2222332805,0.6821408272,0.1058682948,0.0620529093,0.0000000000,0.3257416487,0.1620657742,0.3402079344,0.1410749108,0.0379869714,0.0000000000,0.0000000000,0.0000000000,0.1366555542,0.1562126428,0.0696642175,0.0698457807,0.4431796670,0.4146652222,0.0493837744,0.0494671538,0.0753828660,0.0535351783,0.0235257689,0.0246830974,0.2770724595,0.2322882116,0.0488658324,0.0413334668,0.0000000000,0.0000000000,0.4740945399,0.3191231191,0.3206729889,0.0113037676,0.0977164581,0.0957547873,0.0876601934,0.0845025182,0.0000336410,0.0000000000,0.0000000000,0.0000000000,0.1944929808,-0.0656184256,-0.0126995640,0.2632432878,-0.0656238273,-0.0170990918
20:20:12:16.765,61,0.0000000000,0.0000000000,0.4568463266,0.0000000000,0.1770116538,0.2244862318,0.6889990568,0.0000000000,0.0000000000,0.0000000000,0.3458812833,0.1800154448,0.2245780528,0.6891713738,0.1067087203,0.0582171045,0.0000000000,0.3255596757,0.1626130939,0.3426038623,0.1415344179,0.0379368104,0.0000000000,0.0000000000,0.0000000000,0.1378511786,0.1583790779,0.0694752112,0.0696661547,0.4429430962,0.4161316454,0.0496268794,0.0497498997,0.0753971636,0.0534347482,0.0235523041,0.0247326456,0.2768244445,0.2322052270,0.0484318919,0.0409265235,0.0000000000,0.0000000000,0.4750054181,0.3199747503,0.3214980066,0.0113895433,0.0975356847,0.0955748633,0.0871282294,0.0840173215,0.0000235993,0.0000000000,0.0000000000,0.0000000000,0.2106256038,-0.0803254172,-0.0168283954,0.2782174051,-0.0803312063,-0.0221063048
20:20:12:17.766,61,0.0000000000,0.0000000000,0.4496065378,0.0000000000,0.1436969340,0.2247858644,0.6949832439,0.0000000000,0.0000000000,0.0000000000,0.3376474977,0.1461093575,0.2248782963,0.6951563954,0.1071516573,0.0576801971,0.0000000000,0.3270134330,0.1628130376,0.3435623646,0.1416964531,0.0382060483,0.0000000000,0.0000000000,0.0000000000,0.1383884251,0.1594116986,0.0692834780,0.0694505945,0.4431025684,0.4169306159,0.0496835411,0.0498506315,0.0753090978,0.0533120520,0.0234891158,0.0246732738,0.2767755389,0.2320997268,0.0481014811,0.0405698344,0.0000000000,0.0000000000,0.4751452804,0.3203690052,0.3218722343,0.0114182103,0.0971334502,0.0952118188,0.0865018889,0.0834105834,0.0000384400,0.0000000000,0.0000000000,0.0000000000,0.2058320940,-0.0651289076,-0.0133292247,0.2740953267,-0.0651343092,-0.0176534448
20:20:12:18.766,61,0.0000000000,0.0000000000,0.4425895810,0.0000000000,0.1425090283,0.2250685394,0.6975687742,0.0000000000,0.0000000000,0.0000000000,0.3300366104,0.1448673755,0.2251672894,0.6977433562,0.1077223271,0.0710561648,0.0000000000,0.3278185129,0.1630194783,0.3448864520,0.1421717852,0.0386482701,0.0000000000,0.0000000000,0.0000000000,0.1408758759,0.1617174894,0.0691589117,0.0692697316,0.4460439980,0.4177686274,0.0497980267,0.0499770977,0.0753329545,0.0532690547,0.0235183835,0.0246788822,0.2767577171,0.2319674790,0.0478287674,0.0402431674,0.0000000000,0.0000000000,0.4722460508,0.3182838857,0.3198117614,0.0114932209,0.0966443494,0.0947980136,0.0859683827,0.0828925371,0.0000399344,0.0000000000,0.0000000000,0.0000000000,0.2011997104,-0.0645134598,-0.0129098929,0.2698270082,-0.0645188466,-0.0172206499
20:20:12:19.768,61,0.0000000000,0.0000000000,0.4131681025,0.0000000000,0.0864808783,0.2197837532,0.6764614582,0.0000000000,0.0000000000,0.0000000000,0.2979524136,0.0878231376,0.2198860496,0.6766998768,0.1079072803,0.0746853650,0.0000000000,0.3265700638,0.1626727879,0.3452259302,0.1425629109,0.0390527919,0.0000000000,0.0000000000,0.0000000000,0.1416266412,0.1622183323,0.0688926876,0.0689769313,0.4436016977,0.4112493694,0.0498353131,0.0499927774,0.0751733035,0.0531299226,0.0235628672,0.0246954672,0.2788010240,0.2329902053,0.0477597602,0.0400969237,0.0000000000,0.0000000000,0.4711853862,0.3177574873,0.3193042278,0.0115600275,0.0961430296,0.0943944901,0.0857119933,0.0826400965,0.0000370358,0.0000000000,0.0000000000,0.0000000000,0.1818736792,-0.0389630273,-0.0070507978,0.2522064745,-0.0389677733,-0.0097286832
20:20:12:20.768,61,0.0000000000,0.0000000000,0.3924939930,0.0000000000,0.0904988199,0.2180054188,0.6504188776,0.0000000000,0.0000000000,0.0000000000,0.2762772441,0.0918278843,0.2181112468,0.6507458091,0.1081015170,0.0767176971,0.0000000000,0.3209424317,0.1624033302,0.3455722332,0.1443745345,0.0399432667,0.0000000000,0.0000000000,0.0000000000,0.1418807656,0.1625901461,0.0687599927,0.0688233823,0.4382742047,0.4059439600,0.0499597937,0.0502486043,0.0750939697,0.0530070178,0.0237655137,0.0248595271,0.2796294987,0.2334874868,0.0476569682,0.0398897789,0.0000000000,0.0000000000,0.4679197967,0.3154340088,0.3171307445,0.0116782617,0.0958740786,0.0941682681,0.0856397897,0.0825128555,0.0000322228,0.0000000000,0.0000000000,0.0000000000,0.1686314344,-0.0406443104,-0.0068251234,0.2395703942,-0.0406491086,-0.0096504539
20:20:12:21.769,61,0.0000000000,0.0000000000,0.4019211531,0.0000000000,0.1028573513,0.2167937160,0.6388848424,0.0000000000,0.0000000000,0.0000000000,0.2867024243,0.1044019237,0.2169028372,0.6392461658,0.1077774540,0.0763246194,0.0000000000,0.3171716928,0.1610718220,0.3455546200,0.1452506185,0.0404138379,0.0000000000,0.0000000000,0.0000000000,0.1304188073,0.1528287828,0.0685434267,0.0686197802,0.4157525003,0.3920327723,0.0497820303,0.0504002385,0.0747178420,0.0527051426,0.0239085108,0.0249782111,0.2802104652,0.2339035422,0.0475309491,0.0396937281,0.0000000000,0.0000000000,0.4666526616,0.3144196570,0.3161574602,0.0117702940,0.0956476703,0.0939877257,0.0855284557,0.0823602229,0.0000110468,0.0000000000,0.0000000000,0.0000000000,0.1749529839,-0.0462605990,-0.0080577796,0.2452674061,-0.0462655462,-0.0112415506
20:20:12:22.771,61,0.0000000000,0.0000000000,0.4159958959,0.0000000000,0.1467885077,0.2160768509,0.6341760755,0.0000000000,0.0000000000,0.0000000000,0.3029789627,0.1490503103,0.2161869109,0.6345402002,0.1069824845,0.0587327145,0.0000000000,0.3166467249,0.1602703929,0.3467193246,0.1460249871,0.0404477008,0.0000000000,0.0000000000,0.0000000000,0.1246022359,0.1447528303,0.0681600645,0.0682451800,0.4088154137,0.3873171806,0.0492627509,0.0502711870,0.0741618723,0.0523212776,0.0238849018,0.0249673631,0.2788223922,0.2330626398,0.0472985059,0.0394644067,0.0000000000,0.0000000000,0.4661123753,0.3142136931,0.3159286678,0.0118279206,0.0949778184,0.0934830680,0.0850329548,0.0818740502,0.0000070846,0.0000000000,0.0000000000,0.0000000000,0.1846835464,-0.0661621988,-0.0121668847,0.2535849512,-0.0661675930,-0.0166225918
20:20:12:23.772,61,0.0000000000,0.0000000000,0.4155246317,0.0000000000,0.1351059973,0.2159577310,0.6515779495,0.0000000000,0.0000000000,0.0000000000,0.3021173775,0.1371912211,0.2160658538,0.6518710852,0.1067842469,0.0539821759,0.0000000000,0.3165267706,0.1531232893,0.3395581543,0.1455477625,0.0405120999,0.0000000000,0.0000000000,0.0000000000,0.1177621409,0.1394509077,0.0681236759,0.0681880489,0.4098458290,0.3868120313,0.0487319939,0.0502565578,0.0734999627,0.0519119017,0.0238933563,0.0250025131,0.2854518592,0.2379629910,0.0470585711,0.0392286219,0.0000000000,0.0000000000,0.4654091597,0.3085903227,0.3099507391,0.0118975313,0.0946520120,0.0932118744,0.0844146535,0.0812787041,0.0000065715,0.0000000000,0.0000000000,0.0000000000,0.1842186451,-0.0608925223,-0.0111675411,0.2533789575,-0.0608978122,-0.0152833564
20:20:12:24.774,61,0.0000000000,0.0000000000,0.4137641788,0.0000000000,0.1146578789,0.2154520899,0.6774290800,0.0000000000,0.0000000000,0.0000000000,0.3000030220,0.1164230108,0.2155588269,0.6776483655,0.1069713384,0.0518621169,0.0000000000,0.3188189566,0.1500003338,0.3350882232,0.1439120620,0.0405953042,0.0000000000,0.0000000000,0.0000000000,0.1150749251,0.1369740665,0.0682461485,0.0682642013,0.4186051786,0.3908325434,0.0482375175,0.0502708331,0.0728760734,0.0515521467,0.0238892883,0.0250364430,0.2940403521,0.2447934300,0.0469178483,0.0390775613,0.0000000000,0.0000000000,0.4649812579,0.3065662980,0.3077655733,0.0119617460,0.0944581032,0.0930575058,0.0838484541,0.0807652846,0.0000051168,0.0000000000,0.0000000000,0.0000000000,0.1830223203,-0.0516627394,-0.0094108311,0.2524310052,-0.0516677760,-0.0129152536
20:20:12:25.775,61,0.0000000000,0.0000000000,0.4168759882,0.0000000000,0.1008104756,0.2142320424,0.6882656217,0.0000000000,0.0000000000,0.0000000000,0.3028020263,0.1023798808,0.2143394798,0.6884686947,0.1073111221,0.0551006310,0.0000000000,0.3341642916,0.1483789235,0.3310642838,0.1430235952,0.0407379456,0.0000000000,0.0000000000,0.0000000000,0.1137689427,0.1357117146,0.0683757514,0.0683612004,0.4227848947,0.3932633102,0.0477377623,0.0501388200,0.0724088773,0.0513360128,0.0238284469,0.0249802116,0.2967672050,0.2470557988,0.0469153300,0.0390188918,0.0000000000,0.0000000000,0.4644323289,0.3050819933,0.3062675595,0.0119765960,0.0941587314,0.0927257538,0.0833023936,0.0802118108,0.0000051479,0.0000000000,0.0000000000,0.0000000000,0.1847845763,-0.0454458408,-0.0083555402,0.2544032931,-0.0454507247,-0.0114458716
20:20:12:26.775,61,0.0000000000,0.0000000000,0.4162538052,0.0000000000,0.1061128825,0.2133945227,0.6934988499,0.0000000000,0.0000000000,0.0000000000,0.3021808565,0.1077619866,0.2135020792,0.6936921477,0.1078322679,0.0565010533,0.0000000000,0.3403091133,0.1472723782,0.3291834891,0.1419160664,0.0408479944,0.0000000000,0.0000000000,0.0000000000,0.1134888008,0.1353870183,0.0684023649,0.0683772564,0.4303818643,0.4018125832,0.0472933650,0.0497802012,0.0721158236,0.0512860902,0.0237278696,0.0248756967,0.2981987298,0.2483661473,0.0470853746,0.0390963107,0.0000000000,0.0000000000,0.4650570154,0.3048022985,0.3059801459,0.0119471280,0.0938208178,0.0923302770,0.0827813670,0.0796781704,0.0000037802,0.0000000000,0.0000000000,0.0000000000,0.1843854338,-0.0478314273,-0.0087759979,0.2539964616,-0.0478363819,-0.0120286457
20:20:12:27.776,61,0.0000000000,0.0000000000,0.4073974788,0.0000000000,0.0958497822,0.2121947855,0.6972807646,0.0000000000,0.0000000000,0.0000000000,0.2926118076,0.0973081812,0.2122979611,0.6974731684,0.1090333983,0.0573375933,0.0000000000,0.3435933590,0.1464894265,0.3273400068,0.1403926313,0.0409786440,0.0000000000,0.0000000000,0.0000000000,0.1145584434,0.1363922656,0.0684503391,0.0684084296,0.4363632500,0.4086682498,0.0468885228,0.0494748764,0.0718023330,0.0512133352,0.0236228798,0.0247609988,0.2993008196,0.2495680153,0.0472348407,0.0391573384,0.0000000000,0.0000000000,0.4657657146,0.3047542572,0.3059406877,0.0119225578,0.0935186297,0.0919456556,0.0823006704,0.0791806951,0.0000053207,0.0000000000,0.0000000000,0.0000000000,0.1785835475,-0.0431452841,-0.0076687578,0.2486427873,-0.0431501307,-0.0106249554
20:20:12:28.777,61,0.0000000000,0.0000000000,0.3999787867,0.0000000000,0.0830292925,0.2101389766,0.6992252469,0.0000000000,0.0000000000,0.0000000000,0.2846881151,0.0842684358,0.2102375180,0.6994159222,0.1097348854,0.0577495173,0.0000000000,0.3451555073,0.1459585577,0.3254057765,0.1394304633,0.0410914719,0.0000000000,0.0000000000,0.0000000000,0.1146576703,0.1364687979,0.0686039701,0.0685521364,0.4384385943,0.4110319614,0.0465489738,0.0493803248,0.0713732392,0.0509971380,0.0235464051,0.0246808287,0.3006589115,0.2519636154,0.0472214743,0.0390979126,0.0000000000,0.0000000000,0.4659871757,0.3047220111,0.3059096932,0.0119264796,0.0932851583,0.0916706920,0.0818489417,0.0787243769,0.0000058217,0.0000000000,0.0000000000,0.0000000000,0.1737873405,-0.0373316221,-0.0064580664,0.2441695631,-0.0373363048,-0.0090300255
20:20:12:29.778,61,0.0000000000,0.0000000000,0.4037474394,0.0000000000,0.0709229857,0.2083398253,0.7000832558,0.0000000000,0.0000000000,0.0000000000,0.2885732353,0.0719918087,0.2084317505,0.7002730370,0.1099835411,0.0579570495,0.0000000000,0.3434668481,0.1452391893,0.3235363960,0.1386481971,0.0412836261,0.0000000000,0.0000000000,0.0000000000,0.1128209680,0.1350600868,0.0687309578,0.0686523765,0.4356819093,0.4073420465,0.0461671613,0.0493185669,0.0709096715,0.0507672094,0.0234970823,0.0246436112,0.3028560281,0.2535698712,0.0472985171,0.0391038656,0.0000000000,0.0000000000,0.4657986462,0.3044044077,0.3055907488,0.0119412895,0.0932623744,0.0915882587,0.0815490186,0.0783976242,0.0000056741,0.0000000000,0.0000000000,0.0000000000,0.1761914939,-0.0319064744,-0.0055944491,0.2465147525,-0.0319110118,-0.0077895890
20:20:12:30.779,61,0.0000000000,0.0000000000,0.4066100121,0.0000000000,0.0680169463,0.2061710805,0.7000802755,0.0000000000,0.0000000000,0.0000000000,0.2916865647,0.0690486953,0.2062497288,0.7002658844,0.1098094434,0.0564735755,0.0000000000,0.3368052542,0.1437259912,0.3226444125,0.1380391270,0.0412441678,0.0000000000,0.0000000000,0.0000000000,0.1118988097,0.1332889497,0.0686589703,0.0685585961,0.4245901704,0.3982226253,0.0457305908,0.0491652526,0.0704011470,0.0505190939,0.0234130211,0.0245928485,0.3037497401,0.2544053495,0.0473751500,0.0391556807,0.0000000000,0.0000000000,0.4654074609,0.3038553596,0.3050228059,0.0119716171,0.0930765048,0.0914114043,0.0812197700,0.0780885294,0.0000049675,0.0000000000,0.0000000000,0.0000000000,0.1780994385,-0.0306125470,-0.0054249424,0.2482722700,-0.0306170341,-0.0075257197
20:20:12:31.781,61,0.0000000000,0.0000000000,0.4080112278,0.0000000000,0.0699877664,0.2052164525,0.7002105117,0.0000000000,0.0000000000,0.0000000000,0.2931488752,0.0710536093,0.2052913457,0.7003946304,0.1096719429,0.0563978367,0.0000000000,0.3326838017,0.1424971372,0.3216070235,0.1372638941,0.0412702560,0.0000000000,0.0000000000,0.0000000000,0.1113302335,0.1323114634,0.0686899871,0.0685496479,0.4217496216,0.3955576718,0.0454243012,0.0491094030,0.0699499398,0.0502845943,0.0233765524,0.0245839264,0.3048012853,0.2552778721,0.0474064909,0.0391738042,0.0000000000,0.0000000000,0.4649275541,0.3026739657,0.3038028479,0.0120029710,0.0930371433,0.0914278552,0.0809380710,0.0778490379,0.0000033542,0.0000000000,0.0000000000,0.0000000000,0.1789874583,-0.0315064788,-0.0056110006,0.2491211742,-0.0315109938,-0.0077715260
20:20:12:32.782,61,0.0000000000,0.0000000000,0.4109472334,0.0000000000,0.0721160248,0.2044909745,0.7027282119,0.0000000000,0.0000000000,0.0000000000,0.2960717976,0.0732242316,0.2045634985,0.7029241323,0.1096564010,0.0566742644,0.0000000000,0.3310587108,0.1416620910,0.3194195330,0.1365343034,0.0414088331,0.0000000000,0.0000000000,0.0000000000,0.1107625365,0.1315796077,0.0688021779,0.0686060414,0.4205847383,0.3942659497,0.0451774746,0.0491968803,0.0694325641,0.0499680080,0.0233322121,0.0245554410,0.3068898022,0.2568345070,0.0473178364,0.0390786566,0.0000000000,0.0000000000,0.4645239115,0.3018983603,0.3030242026,0.0120295146,0.0929553732,0.0913427547,0.0805587247,0.0774949938,0.0000027430,0.0000000000,0.0000000000,0.0000000000,0.1807666570,-0.0324794948,-0.0058412747,0.2509064674,-0.0324840434,-0.0080678705
20:20:12:33.782,61,0.0000000000,0.0000000000,0.4099880159,0.0000000000,0.0786069110,0.2044248730,0.7054651976,0.0000000000,0.0000000000,0.0000000000,0.2950678468,0.0798124075,0.2044963092,0.7056765556,0.1099184453,0.0572055317,0.0000000000,0.3306758702,0.1416128576,0.3192119896,0.1363864243,0.0415536352,0.0000000000,0.0000000000,0.0000000000,0.1121255830,0.1332684606,0.0688873157,0.0686149746,0.4203799069,0.3938289881,0.0450462736,0.0495226271,0.0689331442,0.0496011749,0.0233082958,0.0245354623,0.3077401817,0.2575695217,0.0470579118,0.0388407670,0.0000000000,0.0000000000,0.4642936289,0.3015674353,0.3027038574,0.0121059706,0.0928343087,0.0912008956,0.0801436827,0.0770900846,0.0000028038,0.0000000000,0.0000000000,0.0000000000,0.1801362485,-0.0353977233,-0.0063445494,0.2502969801,-0.0354023539,-0.0087723099
20:20:12:34.783,61,0.0000000000,0.0000000000,0.4104298949,0.0000000000,0.0786843523,0.2043728083,0.7067612410,0.0000000000,0.0000000000,0.0000000000,0.2954527438,0.0798931271,0.2044430673,0.7069770098,0.1104797497,0.0575315170,0.0000000000,0.3310154676,0.1417921185,0.3193825483,0.1363555640,0.0415858515,0.0000000000,0.0000000000,0.0000000000,0.1138324887,0.1348286867,0.0689994469,0.0686667189,0.4225036502,0.3948140740,0.0449807681,0.0498455502,0.0685233921,0.0492984094,0.0232952051,0.0245273244,0.3085439205,0.2585691810,0.0468208343,0.0386353843,0.0000000000,0.0000000000,0.4644688070,0.3014037013,0.3025484383,0.0121906931,0.0928315967,0.0911851302,0.0797895342,0.0767590255,0.0000031393,0.0000000000,0.0000000000,0.0000000000,0.1803709716,-0.0354350433,-0.0063594291,0.2505664527,-0.0354396664,-0.0087908180
20:20:12:35.784,61,0.0000000000,0.0000000000,0.4054994583,0.0000000000,0.0797253400,0.2046220154,0.7072204947,0.0000000000,0.0000000000,0.0000000000,0.2902533114,0.0809346437,0.2046908885,0.7074370384,0.1110905334,0.0576419421,0.0000000000,0.3309789896,0.1418579221,0.3191233575,0.1360352039,0.0416610986,0.0000000000,0.0000000000,0.0000000000,0.1157591641,0.1369673014,0.0691124648,0.0687309429,0.4250645041,0.3967333436,0.0450330861,0.0501445942,0.0682274327,0.0490782186,0.0233001597,0.0245464817,0.3102871478,0.2606095970,0.0466712080,0.0385097712,0.0000000000,0.0000000000,0.4649192989,0.3009975851,0.3021455407,0.0122485794,0.0930751935,0.0914210975,0.0795892850,0.0765923783,0.0000036770,0.0000000000,0.0000000000,0.0000000000,0.1771939397,-0.0358763784,-0.0063264933,0.2475525290,-0.0358810164,-0.0087955398
20:20:12:36.786,61,0.0000000000,0.0000000000,0.3900535107,0.0000000000,0.0790866613,0.2050328553,0.7052181363,0.0000000000,0.0000000000,0.0000000000,0.2741762400,0.0802357569,0.2051010579,0.7054129839,0.1116252914,0.0575109720,0.0000000000,0.3306881487,0.1420179754,0.3193973005,0.1358222663,0.0417046025,0.0000000000,0.0000000000,0.0000000000,0.1180834249,0.1387390494,0.0691519305,0.0687469989,0.4263038039,0.3977214992,0.0451009907,0.0503295660,0.0681078434,0.0489949360,0.0233329814,0.0246035680,0.3110227585,0.2614597678,0.0466567464,0.0384993553,0.0000000000,0.0000000000,0.4676553309,0.3011089265,0.3022509515,0.0123007791,0.0934786126,0.0918343365,0.0795976296,0.0766453519,0.0000035516,0.0000000000,0.0000000000,0.0000000000,0.1673811674,-0.0355058722,-0.0059177205,0.2381255627,-0.0355105065,-0.0083795972
20:20:12:37.787,61,0.0000000000,0.0000000000,0.3862488866,0.0000000000,0.0725523978,0.2050092071,0.7022336125,0.0000000000,0.0000000000,0.0000000000,0.2701399624,0.0735951141,0.2050767988,0.7024173141,0.1116345450,0.0572660491,0.0000000000,0.3294675350,0.1415933818,0.3191852272,0.1353822500,0.0416751765,0.0000000000,0.0000000000,0.0000000000,0.1185960993,0.1389367282,0.0690786764,0.0686471090,0.4263060093,0.3971751034,0.0449881144,0.0502780005,0.0679127052,0.0489238836,0.0233254079,0.0246189088,0.3117186725,0.2622145414,0.0468175337,0.0386479795,0.0000000000,0.0000000000,0.4685779512,0.3008589149,0.3019949496,0.0123256473,0.0937542096,0.0921428353,0.0796239302,0.0767187178,0.0000025270,0.0000000000,0.0000000000,0.0000000000,0.1649332494,-0.0325538516,-0.0053467411,0.2358255833,-0.0325584151,-0.0076096794
20:20:12:38.787,61,0.0000000000,0.0000000000,0.3911021352,0.0000000000,0.0764174908,0.2050493211,0.7006906867,0.0000000000,0.0000000000,0.0000000000,0.2753427923,0.0775303096,0.2051152289,0.7008638978,0.1114458814,0.0560553335,0.0000000000,0.3272525966,0.1411482096,0.3191427588,0.1349224746,0.0416366458,0.0000000000,0.0000000000,0.0000000000,0.1188593358,0.1390848607,0.0689099506,0.0684548095,0.4259666502,0.3967308104,0.0448357686,0.0501992404,0.0676455423,0.0487856492,0.0232736580,0.0246006083,0.3120823503,0.2625823617,0.0468784161,0.0387117080,0.0000000000,0.0000000000,0.4712523520,0.3012466133,0.3023718596,0.0123346699,0.0938478857,0.0922515243,0.0795201883,0.0766582862,0.0000020767,0.0000000000,0.0000000000,0.0000000000,0.1681001931,-0.0343128219,-0.0057430565,0.2387752831,-0.0343174264,-0.0081195217
20:20:12:39.788,61,0.0000000000,0.0000000000,0.3970499635,0.0000000000,0.0671681240,0.2042571753,0.6997857690,0.0000000000,0.0000000000,0.0000000000,0.2814028561,0.0681628883,0.2043140829,0.6999582052,0.1113442704,0.0554759651,0.0000000000,0.3267257512,0.1409385949,0.3189465106,0.1345386952,0.0415256508,0.0000000000,0.0000000000,0.0000000000,0.1188082993,0.1388821900,0.0688651353,0.0683871508,0.4258182049,0.3965057731,0.0447309352,0.0502019636,0.0673494190,0.0486066863,0.0231967941,0.0245390553,0.3123410046,0.2629198730,0.0468645208,0.0387199968,0.0000000000,0.0000000000,0.4723871946,0.3024975061,0.3036703169,0.0123445606,0.0939544961,0.0923440456,0.0793879479,0.0765398294,0.0000015649,0.0000000000,0.0000000000,0.0000000000,0.1718224883,-0.0301863011,-0.0051627234,0.2424378097,-0.0301907901,-0.0072499746
20:20:12:40.790,61,0.0000000000,0.0000000000,0.4037864506,0.0000000000,0.0781183392,0.2041683495,0.7030233741,0.0000000000,0.0000000000,0.0000000000,0.2883712351,0.0792984590,0.2042224854,0.7032369971,0.1114419699,0.0557491034,0.0000000000,0.3270404935,0.1411954165,0.3239512444,0.1348326802,0.0415040441,0.0000000000,0.0000000000,0.0000000000,0.1193830818,0.1393329948,0.0688136220,0.0682901666,0.4256000519,0.3961732388,0.0446582176,0.0504179299,0.0670099705,0.0483514257,0.0231505204,0.0244943909,0.3121645451,0.2628062367,0.0466682166,0.0385661796,0.0000000000,0.0000000000,0.4731325209,0.3029756844,0.3041858375,0.0123999063,0.0939711854,0.0923490450,0.0790977478,0.0762669742,0.0000053467,0.0000000000,0.0000000000,0.0000000000,0.1760493964,-0.0351438969,-0.0061576110,0.2465128601,-0.0351485312,-0.0085804006
20:20:12:41.790,61,0.0000000000,0.0000000000,0.4141958058,0.0000000000,0.0944181159,0.2042750120,0.7069575191,0.0000000000,0.0000000000,0.0000000000,0.2993964553,0.0958840176,0.2043268830,0.7071895599,0.1114762723,0.0558423437,0.0000000000,0.3273002207,0.1411112696,0.3251360953,0.1347660720,0.0414836556,0.0000000000,0.0000000000,0.0000000000,0.1193797365,0.1393240392,0.0687687993,0.0681966916,0.4252150655,0.3957376480,0.0445298962,0.0505850166,0.0665890276,0.0480535999,0.0230837800,0.0244300421,0.3121897578,0.2628314793,0.0464393236,0.0383760147,0.0000000000,0.0000000000,0.4742137492,0.3078876734,0.3091690540,0.0124405371,0.0938478038,0.0921913087,0.0786930844,0.0758742467,0.0000058358,0.0000000000,0.0000000000,0.0000000000,0.1827290654,-0.0425460413,-0.0077357199,0.2527984381,-0.0425508693,-0.0106486138
20:20:12:42.792,61,0.0000000000,0.0000000000,0.4075884819,0.0000000000,0.1071210727,0.2048674226,0.7103679180,0.0000000000,0.0000000000,0.0000000000,0.2929067314,0.1087525636,0.2049169540,0.7105819583,0.1112587228,0.0531594194,0.0000000000,0.3273561299,0.1409628540,0.3267934322,0.1350145042,0.0412876718,0.0000000000,0.0000000000,0.0000000000,0.1193171516,0.1392900497,0.0686490312,0.0680298507,0.4205840826,0.3939782083,0.0442803316,0.0506883524,0.0662273616,0.0478294417,0.0230061188,0.0243800431,0.3105751872,0.2621123791,0.0462250449,0.0382326804,0.0000000000,0.0000000000,0.4744459689,0.3088441193,0.3101240695,0.0125167761,0.0937303454,0.0921147913,0.0782366917,0.0754666924,0.0000064519,0.0000000000,0.0000000000,0.0000000000,0.1787229627,-0.0482209213,-0.0085788192,0.2487039864,-0.0482252575,-0.0118792057
20:20:12:43.792,61,0.0000000000,0.0000000000,0.2938504815,0.0000000000,0.1247742921,0.2092818022,0.7108337283,0.0000000000,0.0000000000,0.0000000000,0.1751952916,0.1260732412,0.2093657255,0.7110327482,0.1111402586,0.0525606126,0.0000000000,0.3275585771,0.1409455091,0.3275376558,0.1353577822,0.0412864424,0.0000000000,0.0000000000,0.0000000000,0.1190669090,0.1389434487,0.0687885806,0.0681522340,0.4195908904,0.3936203718,0.0441550091,0.0507714674,0.0661701113,0.0478196666,0.0230735429,0.0244739577,0.3098616898,0.2616638243,0.0461925305,0.0382420197,0.0000000000,0.0000000000,0.4661971629,0.2926647365,0.2934681773,0.0125951320,0.0941591859,0.0932576507,0.0782498047,0.0755519345,0.0000073137,0.0000000000,0.0000000000,0.0000000000,0.1068582088,-0.0553257130,-0.0059067220,0.1792341769,-0.0553302988,-0.0098738270
20:20:12:44.793,61,0.0000000000,0.0000000000,0.1654340327,0.0000000000,0.1269133240,0.2137307078,0.7100943327,0.0000000000,0.0000000000,0.0000000000,0.0435032286,0.1275072545,0.2139180303,0.7102923393,0.1109410450,0.0778435320,0.0000000000,0.3275842071,0.1406340003,0.3277506828,0.1357420832,0.0416329838,0.0000000000,0.0000000000,0.0000000000,0.1192801297,0.1386561096,0.0691404194,0.0684668720,0.4227896929,0.3934690356,0.0440946780,0.0508272573,0.0663499534,0.0480172336,0.0233119950,0.0247151554,0.3094837964,0.2612476945,0.0463222750,0.0383846574,0.0000000000,0.0000000000,0.4510512650,0.2719091773,0.2727333605,0.0127073210,0.0947259068,0.0963304713,0.0784903020,0.0759410262,0.0000044003,0.0000000000,0.0000000000,0.0000000000,0.0265334826,-0.0556551330,-0.0014780768,0.1009024680,-0.0556597710,-0.0056124218
20:20:12:45.795,61,0.0000000000,0.0000000000,0.0915526152,0.0000000000,0.1232073605,0.2157711983,0.7016807795,0.0000000000,0.0000000000,0.0320290439,0.0000000000,0.1233657449,0.2160176784,0.7019102573,0.1104492098,0.0846883655,0.0000000000,0.3271293342,0.1401588023,0.3279599845,0.1377507001,0.0420300588,0.0000000000,0.0000000000,0.0000000000,0.1195008084,0.1382081211,0.0694217160,0.0687311366,0.4235136211,0.3927909732,0.0440386832,0.0507778674,0.0667098165,0.0483590104,0.0236431360,0.0250457972,0.3089277744,0.2606523931,0.0465292223,0.0386140309,0.0000000000,0.0000000000,0.4326866269,0.2446126044,0.2454586923,0.0128684724,0.0952158421,0.0984110087,0.0788182244,0.0764686763,0.0000054460,0.0000000000,0.0000000000,0.0000000000,-0.0195370875,-0.0538387448,0.0010528025,0.0558454357,-0.0538433716,-0.0030082427
20:20:12:46.796,61,0.0000000000,0.0000000000,0.0238247383,0.0000000000,0.1278614402,0.2180863023,0.6971469522,0.0000000000,0.0000000000,0.1003012434,0.0000000000,0.1276247501,0.2184135169,0.6974242330,0.1103908420,0.0889071375,0.0000000000,0.3274121284,0.1404771209,0.3304489851,0.1420871615,0.0425707698,0.0000000000,0.0000000000,0.0000000000,0.1336153746,0.1438213140,0.0696628019,0.0689604804,0.4273475707,0.3929366171,0.0442271009,0.0509373695,0.0670966133,0.0486285798,0.0239883699,0.0253627729,0.3079705834,0.2599725723,0.0464984626,0.0386392809,0.0000000000,0.0000000000,0.4269593358,0.2361894548,0.2370434999,0.0130658578,0.0956534594,0.0998189524,0.0790107250,0.0768605694,0.0000052048,0.0000000000,0.0000000000,0.0000000000,-0.0611754507,-0.0557912737,0.0034144581,0.0145310611,-0.0557959750,-0.0008115883
20:20:12:47.798,61,0.0000000000,0.0000000000,0.0000000000,0.0587393604,0.1062829196,0.2195143402,0.6949020028,0.0000000000,0.0000000000,0.1831107289,0.0000000000,0.1056774184,0.2199224830,0.6952080131,0.1108227596,0.0991566181,0.0000000000,0.3350762427,0.1450073421,0.3415046632,0.1513273716,0.0432520956,0.0000000000,0.0000000000,0.0000000000,0.1513483524,0.1603491008,0.0698754266,0.0691579282,0.4375317693,0.3960629404,0.0445779189,0.0512554981,0.0675872117,0.0489240587,0.0243929066,0.0257031526,0.3060713708,0.2590124309,0.0463776961,0.0385827199,0.0000000000,0.0000000000,0.4235705733,0.2312066257,0.2321133763,0.0133195110,0.0960031748,0.1008390337,0.0791570246,0.0771935508,0.0000052048,0.0000000000,0.0000000000,0.0000000000,-0.1117365956,-0.0464000292,0.0051774695,-0.0358432420,-0.0464045033,0.0016641249
20:20:12:48.799,61,0.0000000000,0.0000000000,0.0000000000,0.1074531823,0.0572662316,0.2183690965,0.6945179105,0.0000000000,0.0000000000,0.2319223732,0.0000000000,0.0568062104,0.2188457102,0.6948845983,0.1110836342,0.1024216786,0.0000000000,0.3438096046,0.1468801796,0.3456493020,0.1557975411,0.0437879972,0.0000000000,0.0000000000,0.0000000000,0.1569464952,0.1652026027,0.0699013248,0.0691835433,0.4404129088,0.3971605301,0.0447866470,0.0513875335,0.0680513903,0.0492493547,0.0246394575,0.0258691721,0.3005809486,0.2566904426,0.0463326611,0.0385798030,0.0000000000,0.0000000000,0.4216445982,0.2299455553,0.2310284823,0.0135211041,0.0960452408,0.1013745219,0.0791647509,0.0773411319,0.0000053562,0.0000000000,0.0000000000,0.0000000000,-0.1416295171,-0.0250371248,0.0035348767,-0.0656188950,-0.0250410102,0.0016423261
20:20:12:49.798,61,0.0000000000,0.0273431689,0.0000000000,0.1300927103,0.0000000000,0.2068506777,0.6958449483,0.0000000000,0.0271005258,0.2555843890,0.0000000000,0.0000000000,0.2072779834,0.6963042021,0.1145172715,0.1042759717,0.0000000000,0.3663869798,0.1509900391,0.3483799696,0.1579987407,0.0440723374,0.0000000000,0.0000000000,0.0000000000,0.1663969457,0.1709719151,0.0699534118,0.0692067668,0.4543423057,0.4128999114,0.0450713076,0.0515734591,0.0684940591,0.0495572276,0.0248292834,0.0259580575,0.2992872894,0.2564261556,0.0463558100,0.0386637039,0.0000000000,0.0000000000,0.4207057953,0.2373528033,0.2388921976,0.0137257623,0.0958548635,0.1015915945,0.0792694166,0.0775659531,0.0000049599,0.0000000000,0.0000000000,0.0000000000,-0.1561060399,0.0167585704,-0.0026057400,-0.0794580281,0.0167558622,-0.0013301109
20:20:12:50.800,61,0.0000000000,0.0206331108,0.0000000000,0.1808763146,0.0000000000,0.2036551833,0.6967954636,0.0000000000,0.0204046816,0.3051328361,0.0000000000,0.0000000000,0.2040778846,0.6973070502,0.1178845838,0.1052231714,0.0000000000,0.3727850914,0.1523637176,0.3467915952,0.1586893797,0.0441311859,0.0000000000,0.0000000000,0.0000000000,0.1700055152,0.1733697653,0.0700417981,0.0692672357,0.4623753130,0.4206682444,0.0453235060,0.0518001243,0.0688238516,0.0498133935,0.0250277594,0.0260533951,0.3022190034,0.2615617216,0.0464014597,0.0388004147,0.0000000000,0.0000000000,0.4199699759,0.2391340584,0.2408007234,0.0138972467,0.0957602039,0.1019140556,0.0794633552,0.0779174864,0.0000050980,0.0000000000,0.0000000000,0.0000000000,-0.1863804162,0.0126841944,-0.0023505446,-0.1104822606,0.0126813734,-0.0013982921
20:20:12:51.802,61,0.0000000000,0.0175156966,0.0000000000,0.2497783601,0.0000000000,0.2020656019,0.7048182487,0.0000000000,0.0172729213,0.3710252643,0.0000000000,0.0000000000,0.2024926990,0.7053893805,0.1191396415,0.1057708189,0.0000000000,0.3758522570,0.1532343924,0.3445617259,0.1590285897,0.0445386581,0.0000000000,0.0000000000,0.0000000000,0.1718757600,0.1749132425,0.0700562671,0.0692239031,0.4655233622,0.4237278104,0.0454964787,0.0518546775,0.0693366677,0.0502399467,0.0251098461,0.0260387156,0.3023072779,0.2618192434,0.0465723313,0.0389801264,0.0000000000,0.0000000000,0.4183728695,0.2401463538,0.2418728620,0.0139682861,0.0956484303,0.1021147296,0.0796070993,0.0781738758,0.0000054810,0.0000000000,0.0000000000,0.0000000000,-0.2266335934,0.0108283367,-0.0024332011,-0.1525721252,0.0108254915,-0.0016453303
20:20:12:52.803,61,0.0000000000,0.0066565061,0.0000000000,0.2743842006,0.0000000000,0.2014677376,0.7292820215,0.0000000000,0.0065612248,0.3941005766,0.0000000000,0.0000000000,0.2019209415,0.7298843861,0.1197253168,0.1243216917,0.0000000000,0.3772801161,0.1539103389,0.3435102701,0.1594845355,0.0539291985,0.0000000000,0.0000000000,0.0000000000,0.1730012149,0.1796994060,0.0701565370,0.0691463649,0.4696522057,0.4251968861,0.0457202382,0.0518670380,0.0704157352,0.0508496091,0.0251485724,0.0259818453,0.3015761673,0.2550834715,0.0468381830,0.0390898176,0.0000000000,0.0000000000,0.4174646437,0.2415399998,0.2432921678,0.0139980288,0.0956397876,0.1023748294,0.0795874894,0.0782037005,0.0000064043,0.0000000000,0.0000000000,0.0000000000,-0.2407403886,0.0041270414,-0.0009839816,-0.1676103771,0.0041240221,-0.0006880007
20:20:12:53.804,61,0.0000000000,0.0020453965,0.0000000000,0.2801165879,0.0000000000,0.2013061047,0.7418510318,0.0000000000,0.0020191658,0.3993563056,0.0000000000,0.0000000000,0.2017851919,0.7424210906,0.1198927015,0.1277959049,0.0000000000,0.3747365773,0.1539821178,0.3388648629,0.1593760103,0.0567685366,0.0000000000,0.0000000000,0.0000000000,0.1728801727,0.1810975373,0.0702105239,0.0690273196,0.4712110460,0.4258058369,0.0458467230,0.0517644659,0.0711336359,0.0514402092,0.0251386017,0.0259029251,0.3012326658,0.2531670630,0.0471465737,0.0392573215,0.0000000000,0.0000000000,0.4170764387,0.2440192997,0.2456583381,0.0139625417,0.0957072824,0.1026748195,0.0795341879,0.0782282278,0.0000107538,0.0000000000,0.0000000000,0.0000000000,-0.2439527363,0.0012710737,-0.0003070156,-0.1711133718,0.0012679795,-0.0002159111
20:20:12:54.804,61,0.0000000000,0.0106256241,0.0000000000,0.2895533144,0.0000000000,0.2006997764,0.7519224286,0.0000000000,0.0104645342,0.4084000885,0.0000000000,0.0000000000,0.2012093216,0.7524927258,0.1196850017,0.1299692690,0.0000000000,0.3708640337,0.1536739767,0.3367832899,0.1593054384,0.0586006381,0.0000000000,0.0000000000,0.0000000000,0.1717869639,0.1815910637,0.0701848716,0.0688036010,0.4717623591,0.4236320853,0.0458633676,0.0515968017,0.0716605335,0.0519411750,0.0251147188,0.0258155540,0.3011289835,0.2520950735,0.0474631116,0.0394156016,0.0000000000,0.0000000000,0.4164570868,0.2453021854,0.2468985617,0.0139183933,0.0955127925,0.1027251855,0.0793530643,0.0781237558,0.0000188556,0.0000000000,0.0000000000,0.0000000000,-0.2494722307,0.0065966360,-0.0016286827,-0.1768743098,0.0065936986,-0.0011602007
20:20:12:55.805,61,0.0000000000,0.0154972440,0.0000000000,0.3376008868,0.0000000000,0.1998342425,0.7571263313,0.0000000000,0.0152316969,0.4542021155,0.0000000000,0.0000000000,0.2004373223,0.7577198148,0.1193199009,0.1309493035,0.0000000000,0.3675961196,0.1533453465,0.3356255293,0.1593269706,0.0596969984,0.0000000000,0.0000000000,0.0000000000,0.1713641882,0.1819324642,0.0700642541,0.0685025975,0.4720271826,0.4228772223,0.0458337888,0.0513500087,0.0722129270,0.0524944179,0.0250633340,0.0257000439,0.3006708324,0.2511720955,0.0477946885,0.0396174565,0.0000000000,0.0000000000,0.4160423875,0.2473267615,0.2488667369,0.0138589209,0.0951655209,0.1026789472,0.0791721269,0.0780435055,0.0000190329,0.0000000000,0.0000000000,0.0000000000,-0.2774439454,0.0096744914,-0.0026499028,-0.2062193006,0.0096716573,-0.0019804351
20:20:12:56.806,61,0.0000000000,0.0377890989,0.0000000000,0.3931499720,0.0000000000,0.1978660971,0.7593820691,0.0000000000,0.0370583273,0.5070501566,0.0000000000,0.0000000000,0.1986209005,0.7599925399,0.1190068051,0.1311919987,0.0000000000,0.3652324677,0.1531221569,0.3345677555,0.1592972279,0.0603778325,0.0000000000,0.0000000000,0.0000000000,0.1709967107,0.1819697917,0.0698838755,0.0681492388,0.4724536836,0.4227270782,0.0458026305,0.0510544777,0.0727711469,0.0530663021,0.0249828920,0.0255504809,0.3003271818,0.2506399453,0.0481785163,0.0399008282,0.0000000000,0.0000000000,0.4158962965,0.2567995489,0.2581364214,0.0137673859,0.0947040319,0.1025694981,0.0791601092,0.0781554133,0.0000196516,0.0000000000,0.0000000000,0.0000000000,-0.3096573353,0.0237683039,-0.0072442079,-0.2400964200,0.0237658937,-0.0056524454
20:20:12:57.807,61,0.0000000000,0.0730011463,0.0000000000,0.3930902183,0.0000000000,0.1925798804,0.7564243078,0.0000000000,0.0715831518,0.5072293282,0.0000000000,0.0000000000,0.1934411377,0.7572758198,0.1186042055,0.1309420466,0.0000000000,0.3642061353,0.1530639678,0.3319259882,0.1591436267,0.0607661083,0.0000000000,0.0000000000,0.0000000000,0.1701500714,0.1814491600,0.0695407540,0.0676521361,0.4723447859,0.4223658741,0.0457717068,0.0506734475,0.0731458142,0.0534967259,0.0248374511,0.0253201295,0.3004106581,0.2507078648,0.0486071557,0.0402385741,0.0000000000,0.0000000000,0.4188579917,0.2882100046,0.2896411121,0.0136568816,0.0941078216,0.1022659913,0.0792750344,0.0783960596,0.0000183449,0.0000000000,0.0000000000,0.0000000000,-0.3095427454,0.0459111147,-0.0139945094,-0.2398817688,0.0459093191,-0.0109147280
20:20:12:58.809,61,0.0000000000,0.0757757276,0.0000000000,0.3997683823,0.0000000000,0.1903763711,0.7559495568,0.0000000000,0.0742845759,0.5136624575,0.0000000000,0.0000000000,0.1912848502,0.7568822503,0.1179474443,0.1304601133,0.0000000000,0.3607616127,0.1525892913,0.3290730715,0.1589972079,0.0608859845,0.0000000000,0.0000000000,0.0000000000,0.1662673950,0.1773512661,0.0689589903,0.0664353073,0.4591761827,0.4103005826,0.0456294902,0.0502478741,0.0733540207,0.0538565554,0.0246851388,0.0250849575,0.3011873364,0.2511226833,0.0491520055,0.0407123156,0.0000000000,0.0000000000,0.4235356450,0.3018461168,0.3034173846,0.0135424696,0.0935357660,0.1019489467,0.0795070603,0.0787883103,0.0000099999,0.0000000000,0.0000000000,0.0000000000,-0.3134445250,0.0477037728,-0.0147189498,-0.2439377308,0.0477020293,-0.0115294997
20:20:12:59.810,61,0.0000000000,0.0863390118,0.0000000000,0.3814900517,0.0000000000,0.1883731931,0.7539206743,0.0000000000,0.0846903771,0.4966561794,0.0000000000,0.0000000000,0.1892640293,0.7550501823,0.1154774055,0.1289321780,0.0000000000,0.3523822427,0.1500709951,0.3234826028,0.1584388614,0.0610425659,0.0000000000,0.0000000000,0.0000000000,0.1606587768,0.1739635170,0.0682801530,0.0650193393,0.4507701695,0.4004986584,0.0454425700,0.0497402772,0.0734388903,0.0541618429,0.0245062243,0.0248234272,0.3054448962,0.2533758879,0.0498247258,0.0412772782,0.0000000000,0.0000000000,0.4295328856,0.3112359047,0.3131007254,0.0134014748,0.0930022821,0.1015789583,0.0798575655,0.0792630762,0.0000079368,0.0000000000,0.0000000000,0.0000000000,-0.3029711843,0.0542054884,-0.0161870532,-0.2327090204,0.0542039350,-0.0125118094
20:20:13:00.811,61,0.0000000000,0.1039646417,0.0000000000,0.3577400446,0.0000000000,0.1858674139,0.7537181377,0.0000000000,0.1020581648,0.4747025073,0.0000000000,0.0000000000,0.1867017448,0.7549273968,0.1145779490,0.1281841695,0.0000000000,0.3481489420,0.1490261257,0.3219266534,0.1585396528,0.0610109866,0.0000000000,0.0000000000,0.0000000000,0.1588785648,0.1727842242,0.0676595494,0.0640617982,0.4472318292,0.3967700601,0.0453362353,0.0494512580,0.0735490918,0.0544582196,0.0244246908,0.0246470775,0.3143345714,0.2603813410,0.0505255498,0.0419064350,0.0000000000,0.0000000000,0.4301162064,0.3149448335,0.3169219196,0.0133507596,0.0925267935,0.1012871042,0.0803690776,0.0802439973,0.0000062220,0.0000000000,0.0000000000,0.0000000000,-0.2893995941,0.0650525540,-0.0185885876,-0.2180832922,0.0650513023,-0.0140933692
20:20:13:01.811,61,0.0000000000,0.1069565192,0.0000000000,0.3166949749,0.0000000000,0.1827398092,0.7532473803,0.0000000000,0.1051580384,0.4357579947,0.0000000000,0.0000000000,0.1834955215,0.7545258999,0.1136806011,0.1276455373,0.0000000000,0.3463481963,0.1485382468,0.3214831948,0.1600766480,0.0609608628,0.0000000000,0.0000000000,0.0000000000,0.1577118188,0.1720429361,0.0670078620,0.0630905554,0.4397931397,0.3909848034,0.0452628173,0.0492197089,0.0735815987,0.0546534546,0.0243352391,0.0244638082,0.3173679113,0.2627280354,0.0510956310,0.0424366258,0.0000000000,0.0000000000,0.4298896790,0.3165047169,0.3185841739,0.0133077558,0.0920297354,0.1009643823,0.0807657987,0.0808973312,0.0000030089,0.0000000000,0.0000000000,0.0000000000,-0.2656270564,0.0665756017,-0.0175011344,-0.1930399835,0.0665743947,-0.0127900559
20:20:13:02.812,61,0.0000000000,0.1043531448,0.0000000000,0.2994528711,0.0000000000,0.1804531962,0.7530391812,0.0000000000,0.1026703194,0.4191632569,0.0000000000,0.0000000000,0.1811629236,0.7543813586,0.1128794700,0.1270536184,0.0000000000,0.3450051248,0.1481484473,0.3215456903,0.1611705422,0.0607130900,0.0000000000,0.0000000000,0.0000000000,0.1570938826,0.1716188341,0.0658569857,0.0613970198,0.4259112179,0.3817312419,0.0451967791,0.0490570441,0.0733975843,0.0546652563,0.0242384970,0.0242717974,0.3214012980,0.2660239041,0.0515364110,0.0429132171,0.0000000000,0.0000000000,0.4296154976,0.3174232841,0.3195905685,0.0132616926,0.0914056376,0.1005440652,0.0810368434,0.0814329311,0.0000033309,0.0000000000,0.0000000000,0.0000000000,-0.2555375695,0.0648255870,-0.0164071936,-0.1825496554,0.0648242980,-0.0117840050
20:20:13:03.814,61,0.0000000000,0.0941038355,0.0000000000,0.2614545524,0.0000000000,0.1796351373,0.7499564886,0.0000000000,0.0927329138,0.3824422956,0.0000000000,0.0000000000,0.1803224832,0.7515488863,0.1116969138,0.1117901951,0.0000000000,0.3432443142,0.1481616646,0.3259248734,0.1656128913,0.0578160025,0.0000000000,0.0000000000,0.0000000000,0.1564176977,0.1710073501,0.0648671910,0.0601967797,0.4113685489,0.3764792681,0.0451936014,0.0489937477,0.0732342824,0.0546391793,0.0242019668,0.0241525006,0.3228322864,0.2673971057,0.0518347584,0.0433842652,0.0000000000,0.0000000000,0.4289331138,0.3177354038,0.3199765384,0.0132673783,0.0909320116,0.1003506258,0.0814655423,0.0828076154,0.0000038441,0.0000000000,0.0000000000,0.0000000000,-0.2332390249,0.0582256094,-0.0134721017,-0.1594474316,0.0582241490,-0.0092546009
20:20:13:04.815,61,0.0000000000,0.0967626646,0.0000000000,0.2748340070,0.0000000000,0.1793486774,0.7486935258,0.0000000000,0.0953028053,0.3951504529,0.0000000000,0.0000000000,0.1800272614,0.7503900528,0.1108811647,0.1079361290,0.0000000000,0.3386248648,0.1476511806,0.3259629011,0.1667674035,0.0566954874,0.0000000000,0.0000000000,0.0000000000,0.1531252116,0.1682121903,0.0641562492,0.0593389347,0.4069134891,0.3743899167,0.0452073440,0.0488485359,0.0731208920,0.0546925589,0.0241980907,0.0240567327,0.3285845518,0.2720805705,0.0523239970,0.0440291725,0.0000000000,0.0000000000,0.4241466820,0.3174737096,0.3198017776,0.0132374736,0.0904880017,0.1002250016,0.0820290372,0.0849411041,0.0000046203,0.0000000000,0.0000000000,0.0000000000,-0.2409666032,0.0599512905,-0.0143230464,-0.1675905734,0.0599498674,-0.0100117307
20:20:13:05.815,61,0.0000000000,0.0857068226,0.0000000000,0.2838196456,0.0000000000,0.1796374321,0.7416079640,0.0000000000,0.0843886063,0.4033300877,0.0000000000,0.0000000000,0.1803185493,0.7437196970,0.1040399224,0.1042090058,0.0000000000,0.3282031417,0.1457451582,0.3262360096,0.1677071005,0.0553492717,0.0000000000,0.0000000000,0.0000000000,0.1433785707,0.1580716670,0.0627359971,0.0578352325,0.3901915848,0.3583701551,0.0450178012,0.0484743789,0.0729071721,0.0547211654,0.0241163783,0.0239054114,0.3300090134,0.2733389437,0.0528679639,0.0449793860,0.0000000000,0.0000000000,0.4214758575,0.3166269064,0.3191390634,0.0131772496,0.0899456590,0.1000569910,0.0825022757,0.0860961303,0.0000099267,0.0000000000,0.0000000000,0.0000000000,-0.2460463047,0.0531523041,-0.0129578533,-0.1731356233,0.0531506911,-0.0091647469
20:20:13:06.816,61,0.0000000000,0.0738541633,0.0000000000,0.2680275142,0.0000000000,0.1824299395,0.7391034365,0.0000000000,0.0727652460,0.3881515563,0.0000000000,0.0000000000,0.1831394434,0.7413541079,0.1019717231,0.1023489162,0.0000000000,0.3195042014,0.1418153644,0.3262342513,0.1680135280,0.0545249395,0.0000000000,0.0000000000,0.0000000000,0.1390500367,0.1548285037,0.0621151365,0.0571109354,0.3856260777,0.3542619348,0.0448727794,0.0483183898,0.0727201030,0.0547763966,0.0241844263,0.0239035860,0.3326177895,0.2755810618,0.0534184352,0.0457716435,0.0000000000,0.0000000000,0.4118164182,0.3024840951,0.3056588173,0.0131677222,0.0898119584,0.1002689749,0.0831158012,0.0880593210,0.0000150564,0.0000000000,0.0000000000,0.0000000000,-0.2368696034,0.0457274467,-0.0107375113,-0.1635606140,0.0457256287,-0.0074506653
20:20:13:07.818,61,0.0000000000,0.0603557006,0.0000000000,0.2521626949,0.0000000000,0.1878824979,0.7431490421,0.0000000000,0.0595065989,0.3727257848,0.0000000000,0.0000000000,0.1886240393,0.7452229261,0.1009776220,0.0994570628,0.0000000000,0.3161535263,0.1404046416,0.3266827166,0.1682997644,0.0537016951,0.0000000000,0.0000000000,0.0000000000,0.1375867873,0.1540374160,0.0616281815,0.0565087609,0.3836238682,0.3536699116,0.0448364057,0.0484535843,0.0724797919,0.0547141880,0.0242768638,0.0239429232,0.3337754905,0.2765931785,0.0536630042,0.0462875776,0.0000000000,0.0000000000,0.4080690742,0.2984187007,0.3017478585,0.0132084973,0.0897964463,0.1006373540,0.0836177543,0.0891769975,0.0000161122,0.0000000000,0.0000000000,0.0000000000,-0.2275321782,0.0373126417,-0.0084204711,-0.1539319009,0.0373105630,-0.0057232259
20:20:13:08.819,61,0.0000000000,0.0509221144,0.0000000000,0.2566162944,0.0000000000,0.2029084563,0.7438033223,0.0000000000,0.0501977988,0.3769111037,0.0000000000,0.0000000000,0.2036630809,0.7458491325,0.1005307585,0.0839622095,0.0000000000,0.3135319650,0.1394795030,0.3269056380,0.1680601388,0.0529434234,0.0000000000,0.0000000000,0.0000000000,0.1368494332,0.1539128423,0.0612817891,0.0560361668,0.3827749789,0.3546153605,0.0448240303,0.0486879796,0.0720666498,0.0545073561,0.0243428424,0.0239687357,0.3347679675,0.2780245245,0.0537471771,0.0466449261,0.0000000000,0.0000000000,0.4060831070,0.2961921990,0.2995678484,0.0132434852,0.0901264474,0.1014317423,0.0841071680,0.0900614336,0.0000159681,0.0000000000,0.0000000000,0.0000000000,-0.2301317006,0.0314946733,-0.0071863690,-0.1566815376,0.0314924419,-0.0049157063
20:20:13:09.819,61,0.0000000000,0.0438674688,0.0000000000,0.2470479012,0.0000000000,0.2112694085,0.7425843477,0.0000000000,0.0432624221,0.3674993813,0.0000000000,0.0000000000,0.2121353298,0.7447458506,0.1002480090,0.0815958232,0.0000000000,0.3122471273,0.1390077621,0.3290214539,0.1683697999,0.0523667745,0.0000000000,0.0000000000,0.0000000000,0.1368090808,0.1546934396,0.0609956682,0.0556232333,0.3826740980,0.3549907804,0.0448334366,0.0489174463,0.0717070699,0.0543300621,0.0244663712,0.0240348764,0.3356045783,0.2788923979,0.0538433678,0.0469870046,0.0000000000,0.0000000000,0.4047646821,0.2934562266,0.2968712151,0.0133228628,0.0904879794,0.1023676991,0.0846445933,0.0911883563,0.0000197861,0.0000000000,0.0000000000,0.0000000000,-0.2244128734,0.0271073915,-0.0060337218,-0.1508584023,0.0271050390,-0.0040745055
20:20:13:10.820,61,0.0000000000,0.0626801178,0.0000000000,0.2238802910,0.0000000000,0.2145650387,0.7126396298,0.0000000000,0.0618709028,0.3455099463,0.0000000000,0.0000000000,0.2154527009,0.7151975632,0.0996651500,0.0795158297,0.0000000000,0.3117738366,0.1387743503,0.3299303353,0.1688749790,0.0517041720,0.0000000000,0.0000000000,0.0000000000,0.1364587843,0.1545970887,0.0604765043,0.0550182946,0.3784330189,0.3503877819,0.0447560959,0.0488117859,0.0711874589,0.0540492348,0.0244173724,0.0239405613,0.3362122178,0.2796406448,0.0541101173,0.0474779233,0.0000000000,0.0000000000,0.4048553705,0.2935955226,0.2969433367,0.0133530665,0.0905847400,0.1027611792,0.0851811394,0.0920447111,0.0000397623,0.0000000000,0.0000000000,0.0000000000,-0.2109069973,0.0386516564,-0.0080954609,-0.1366598308,0.0386496335,-0.0052680015
20:20:13:11.821,61,0.0000000000,0.0421451554,0.0000000000,0.1907005906,0.0000000000,0.2166927606,0.6952904463,0.0000000000,0.0416634008,0.3130292892,0.0000000000,0.0000000000,0.2175816596,0.6978903413,0.0968841687,0.0557137057,0.0000000000,0.2991804481,0.1363551468,0.3179686666,0.1649016291,0.0499014258,0.0000000000,0.0000000000,0.0000000000,0.1059223190,0.1331876218,0.0599139184,0.0544208698,0.3722349703,0.3485609889,0.0446154959,0.0485897139,0.0704492331,0.0536251552,0.0243124366,0.0238287859,0.3437611163,0.2887566984,0.0542863458,0.0479312353,0.0000000000,0.0000000000,0.4088257551,0.2971549034,0.3000991940,0.0133013334,0.0907830819,0.1032041460,0.0855883360,0.0927649215,0.0000594440,0.0000000000,0.0000000000,0.0000000000,-0.1911560595,0.0259230118,-0.0049262801,-0.1164535955,0.0259206146,-0.0030123962
20:20:13:12.822,61,0.0000000000,0.0228057802,0.0000000000,0.1672140360,0.0000000000,0.2215902060,0.6879291534,0.0000000000,0.0225704275,0.2902108133,0.0000000000,0.0000000000,0.2223749459,0.6904963255,0.0950912088,0.0412840396,0.0000000000,0.2956039310,0.1355153173,0.3151747584,0.1636953056,0.0471909381,0.0000000000,0.0000000000,0.0000000000,0.0982417464,0.1276926398,0.0593317114,0.0538101606,0.3658765852,0.3473383486,0.0444653518,0.0485105030,0.0693340749,0.0530684181,0.0241888557,0.0237214696,0.3459903300,0.2915640473,0.0542367958,0.0482022837,0.0000000000,0.0000000000,0.4101377428,0.2980895936,0.3008935750,0.0132680163,0.0910905972,0.1037114933,0.0859359428,0.0933917463,0.0000829422,0.0000000000,0.0000000000,0.0000000000,-0.1772626787,0.0140069947,-0.0024700910,-0.1021353155,0.0140042445,-0.0014279347
20:20:13:13.824,61,0.0000000000,0.0504479706,0.0000000000,0.1698757261,0.0000000000,0.2228117734,0.6845854521,0.0000000000,0.0499130860,0.2932643592,0.0000000000,0.0000000000,0.2235562801,0.6871449947,0.0942423120,0.0356892683,0.0000000000,0.2977316976,0.1351722479,0.3145138919,0.1632759422,0.0454802178,0.0000000000,0.0000000000,0.0000000000,0.1026686877,0.1276055574,0.0588111989,0.0532331057,0.3636908829,0.3468783200,0.0443110764,0.0484398082,0.0684953928,0.0525254868,0.0240395106,0.0235813521,0.3475371599,0.2940762341,0.0541893654,0.0484712347,0.0000000000,0.0000000000,0.4110509753,0.2992872298,0.3019223809,0.0132628260,0.0911566839,0.1039328650,0.0862274840,0.0939252973,0.0000935156,0.0000000000,0.0000000000,0.0000000000,-0.1790608317,0.0309857447,-0.0055204430,-0.1037217230,0.0309834760,-0.0032089169
20:20:13:14.825,61,0.0000000000,0.0520908833,0.0000000000,0.1732313633,0.0000000000,0.2240798175,0.6736873388,0.0000000000,0.0515309982,0.2965012491,0.0000000000,0.0000000000,0.2247853726,0.6761576533,0.0940528288,0.0330100767,0.0000000000,0.3063477874,0.1349381655,0.3141319454,0.1612118036,0.0445775092,0.0000000000,0.0000000000,0.0000000000,0.1059080139,0.1293900162,0.0585258678,0.0528566279,0.3725273311,0.3519993722,0.0440723188,0.0483805500,0.0669231415,0.0518655665,0.0239139311,0.0234498903,0.3572566807,0.3052017689,0.0540567562,0.0485933572,0.0000000000,0.0000000000,0.4153983593,0.3049470782,0.3072282970,0.0132244704,0.0913145691,0.1041401327,0.0865567252,0.0943650305,0.0000843463,0.0000000000,0.0000000000,0.0000000000,-0.1810315996,0.0320016220,-0.0057636169,-0.1057672724,0.0319993868,-0.0033793221
20:20:13:15.826,61,0.0000000000,0.0271279030,0.0000000000,0.1767721325,0.0000000000,0.2269056141,0.6659468412,0.0000000000,0.0268362649,0.2993395925,0.0000000000,0.0000000000,0.2276258022,0.6680473685,0.0937195495,0.0313952789,0.0000000000,0.3056959808,0.1343508512,0.3143034279,0.1599529386,0.0436885543,0.0000000000,0.0000000000,0.0000000000,0.1062987074,0.1291409284,0.0582951233,0.0525547601,0.3740965128,0.3529474437,0.0437201820,0.0483514331,0.0656801686,0.0512037724,0.0238871407,0.0234364085,0.3603714406,0.3087211549,0.0538397059,0.0486383624,0.0000000000,0.0000000000,0.4235369861,0.3116436601,0.3134473860,0.0131913470,0.0915824696,0.1045233533,0.0866917446,0.0946392864,0.0000743740,0.0000000000,0.0000000000,0.0000000000,-0.1828313023,0.0166712273,-0.0030313414,-0.1079690754,0.0166685656,-0.0017963593
20:20:13:16.827,61,0.0000000000,0.0170550942,0.0000000000,0.1592592150,0.0000000000,0.2281787395,0.6627581716,0.0000000000,0.0168870315,0.2820312381,0.0000000000,0.0000000000,0.2288995385,0.6647345424,0.0921516269,0.0304825921,0.0000000000,0.3051476479,0.1337469965,0.3141468465,0.1588542014,0.0408622436,0.0000000000,0.0000000000,0.0000000000,0.1052201241,0.1235047281,0.0580284670,0.0522584617,0.3676973879,0.3489827514,0.0433739200,0.0482185483,0.0647869483,0.0505786389,0.0237914845,0.0233642552,0.3600079119,0.3098077476,0.0535830073,0.0486790538,0.0000000000,0.0000000000,0.4260132015,0.3133164644,0.3149665296,0.0131166531,0.0917247087,0.1047738567,0.0867192149,0.0947915316,0.0000811091,0.0000000000,0.0000000000,0.0000000000,-0.1722738445,0.0104706995,-0.0017949822,-0.0972806290,0.0104678581,-0.0010167513
20:20:13:17.829,61,0.0000000000,0.0000000000,0.0000000000,0.1366033405,0.0139714694,0.2291382253,0.6597975492,0.0000000000,0.0000000000,0.2593008578,0.0000000000,0.0138372630,0.2298646271,0.6616546512,0.0902230740,0.0301299412,0.0000000000,0.2925820053,0.1330558360,0.3139937818,0.1560675800,0.0395932123,0.0000000000,0.0000000000,0.0000000000,0.0995498449,0.1190578416,0.0578506328,0.0520883538,0.3659044504,0.3477938175,0.0431310907,0.0480775796,0.0641236827,0.0500321835,0.0237764306,0.0233702958,0.3598546684,0.3100113869,0.0533643663,0.0487090833,0.0000000000,0.0000000000,0.4275507033,0.3144429326,0.3160283566,0.0130307730,0.0919110924,0.1050737053,0.0868469179,0.0950648561,0.0001443278,0.0000000000,0.0000000000,0.0000000000,-0.1583949924,-0.0061141849,0.0009644234,-0.0834446847,-0.0061174897,0.0005098861
20:20:13:18.829,61,0.0000000000,0.0000000000,0.0000000000,0.1126197577,0.0326909572,0.2299322337,0.6573408842,0.0000000000,0.0000000000,0.2358845621,0.0000000000,0.0324208736,0.2306573093,0.6590206623,0.0890028849,0.0250579789,0.0000000000,0.2811100185,0.1294598728,0.3137068152,0.1548117846,0.0363288485,0.0000000000,0.0000000000,0.0000000000,0.0848570541,0.1001229808,0.0577240512,0.0519935377,0.3521859646,0.3400310874,0.0428269878,0.0479185022,0.0636344180,0.0496517643,0.0238212403,0.0234686602,0.3594183028,0.3100255430,0.0533416606,0.0490002595,0.0000000000,0.0000000000,0.4278266132,0.3057831824,0.3072175086,0.0129670119,0.0923756361,0.1057787687,0.0870545506,0.0955022126,0.0001784205,0.0000000000,0.0000000000,0.0000000000,-0.1440791786,-0.0142943943,0.0020525432,-0.0687884912,-0.0142979380,0.0009828247
20:20:13:19.830,61,0.0000000000,0.0000000000,0.0000000000,0.1352728903,0.0201593768,0.2302683145,0.6638794541,0.0000000000,0.0000000000,0.2580758929,0.0000000000,0.0199698973,0.2309856564,0.6652600765,0.0885658190,0.0175867528,0.0000000000,0.2871879935,0.1285307407,0.3140430748,0.1541972309,0.0347018465,0.0000000000,0.0000000000,0.0000000000,0.0816438347,0.0990327895,0.0575753972,0.0518553630,0.3485304713,0.3381856680,0.0424965769,0.0479058027,0.0630690977,0.0491745807,0.0237784926,0.0234782714,0.3588423729,0.3098877668,0.0530654863,0.0490139909,0.0000000000,0.0000000000,0.4329130650,0.3101367950,0.3114173412,0.0129248649,0.0926124230,0.1061076373,0.0869797245,0.0955905616,0.0002032391,0.0000000000,0.0000000000,0.0000000000,-0.1576435864,-0.0088229179,0.0013851578,-0.0826303214,-0.0088263024,0.0007285094
20:20:13:20.831,61,0.0000000000,0.0000000000,0.0000000000,0.1409264654,0.0124946088,0.2327231020,0.6746057868,0.0000000000,0.0000000000,0.2638147175,0.0000000000,0.0123711014,0.2333781868,0.6758949161,0.0887310207,0.0148941772,0.0000000000,0.3020895422,0.1286472827,0.3165543377,0.1538423598,0.0335937887,0.0000000000,0.0000000000,0.0000000000,0.0913916603,0.1163048744,0.0575380288,0.0518053956,0.3615152240,0.3580464721,0.0423264690,0.0479645282,0.0626998395,0.0488120951,0.0237344205,0.0234681927,0.3580417037,0.3096814156,0.0527401045,0.0489310138,0.0000000000,0.0000000000,0.4347477555,0.3132649660,0.3146547079,0.0128839603,0.0930386037,0.1064679921,0.0869829208,0.0956846401,0.0001816430,0.0000000000,0.0000000000,0.0000000000,-0.1611528844,-0.0054687704,0.0008775070,-0.0860857889,-0.0054720649,0.0004704901
20:20:13:21.832,61,0.0000000000,0.0000000000,0.0000000000,0.1776370555,0.0084738014,0.2351465970,0.7086969614,0.0000000000,0.0000000000,0.2994659245,0.0000000000,0.0083744200,0.2357612550,0.7099227309,0.0920697376,0.0142412446,0.0000000000,0.3073376417,0.1303819865,0.3238661885,0.1539173275,0.0327374525,0.0000000000,0.0000000000,0.0000000000,0.1282218099,0.1468086392,0.0576656461,0.0518861935,0.3805544376,0.3764769733,0.0423787795,0.0482965186,0.0626996160,0.0487169996,0.0237793047,0.0235226247,0.3549953997,0.3088040650,0.0524647534,0.0488902256,0.0000000000,0.0000000000,0.4307869077,0.3138134181,0.3152638674,0.0128815398,0.0934715420,0.1068491116,0.0871225372,0.0959553495,0.0001048865,0.0000000000,0.0000000000,0.0000000000,-0.1829321086,-0.0037160341,0.0006759999,-0.1085115671,-0.0037192686,0.0004027940
20:20:13:22.833,61,0.0000000000,0.0011413181,0.0000000000,0.1657582074,0.0000000000,0.2370079309,0.7129729390,0.0000000000,0.0011344957,0.2880904675,0.0000000000,0.0000000000,0.2375835478,0.7143503428,0.0929348469,0.0140745835,0.0000000000,0.3080829382,0.1306538433,0.3217504621,0.1505973786,0.0321714580,0.0000000000,0.0000000000,0.0000000000,0.1266690344,0.1473893076,0.0576459467,0.0518408567,0.3860378861,0.3818940520,0.0423868038,0.0482678153,0.0625548810,0.0485474281,0.0237187259,0.0234741289,0.3540430665,0.3084961474,0.0523449928,0.0489484295,0.0000000000,0.0000000000,0.4299611151,0.3139875531,0.3154885471,0.0127953906,0.0939290300,0.1071368381,0.0873054713,0.0961726159,0.0000598960,0.0000000000,0.0000000000,0.0000000000,-0.1759844273,0.0007038960,-0.0001232363,-0.1012559012,0.0007007811,-0.0000708370
20:20:13:23.835,61,0.0000000000,0.0021077497,0.0000000000,0.1936355382,0.0000000000,0.2380010188,0.7197365165,0.0000000000,0.0020883544,0.3150732517,0.0000000000,0.0000000000,0.2385635078,0.7211223245,0.0936171561,0.0143780215,0.0000000000,0.3084551990,0.1308068186,0.3217190802,0.1493672878,0.0316283256,0.0000000000,0.0000000000,0.0000000000,0.1284928024,0.1494142562,0.0577314273,0.0518867895,0.3891895711,0.3849370778,0.0423803777,0.0483395047,0.0624702349,0.0484348163,0.0237020757,0.0234674048,0.3537179828,0.3085228205,0.0522045493,0.0490050577,0.0000000000,0.0000000000,0.4295016229,0.3142653406,0.3158141375,0.0127176512,0.0942768902,0.1074070334,0.0873958245,0.0963759348,0.0000313965,0.0000000000,0.0000000000,0.0000000000,-0.1924671531,0.0012997017,-0.0002486085,-0.1182851270,0.0012966112,-0.0001530125
20:20:13:24.835,61,0.0000000000,0.0013736391,0.0000000000,0.1878957003,0.0000000000,0.2390428036,0.7224107981,0.0000000000,0.0013630920,0.3094783723,0.0000000000,0.0000000000,0.2396170050,0.7238229513,0.0939989015,0.0279420801,0.0000000000,0.3087971210,0.1310646534,0.3215572536,0.1486745924,0.0314186700,0.0000000000,0.0000000000,0.0000000000,0.1292430907,0.1502280086,0.0576523952,0.0517950840,0.3908680081,0.3861289620,0.0424241833,0.0482846275,0.0624079965,0.0483375713,0.0236388203,0.0233917888,0.3536197543,0.3084203899,0.0520999283,0.0490235239,0.0000000000,0.0000000000,0.4295019805,0.3146739900,0.3162926435,0.0126212351,0.0944886208,0.1075019315,0.0873707533,0.0963936970,0.0000302133,0.0000000000,0.0000000000,0.0000000000,-0.1890495121,0.0008477701,-0.0001593176,-0.1147789061,0.0008446662,-0.0000967372
20:20:13:25.836,61,0.0000000000,0.0166310053,0.0000000000,0.1802283376,0.0000000000,0.2399430126,0.7235938311,0.0000000000,0.0164523069,0.3023565114,0.0000000000,0.0000000000,0.2405142337,0.7250227928,0.0943777338,0.0314682052,0.0000000000,0.3094151318,0.1317836344,0.3217396140,0.1487802416,0.0311345775,0.0000000000,0.0000000000,0.0000000000,0.1292365044,0.1498021334,0.0575265326,0.0516462699,0.3913263083,0.3846772015,0.0425349697,0.0482782573,0.0623803884,0.0482438467,0.0235558078,0.0233062953,0.3533905149,0.3081378341,0.0519965552,0.0490377732,0.0000000000,0.0000000000,0.4296066761,0.3152967989,0.3170034885,0.0125580169,0.0947958902,0.1076788008,0.0873914361,0.0964486748,0.0000284304,0.0000000000,0.0000000000,0.0000000000,-0.1846896559,0.0102240266,-0.0018776187,-0.1100895330,0.0102211805,-0.0011230123
20:20:13:26.837,61,0.0000000000,0.0290980544,0.0000000000,0.1682285070,0.0000000000,0.2405210137,0.7209341526,0.0000000000,0.0287960600,0.2908920348,0.0000000000,0.0000000000,0.2410929948,0.7225597501,0.0945458859,0.0368895717,0.0000000000,0.3100358546,0.1322239339,0.3208745122,0.1485561877,0.0311304796,0.0000000000,0.0000000000,0.0000000000,0.1279829890,0.1473848075,0.0573658720,0.0514604300,0.3916010261,0.3819289505,0.0426847897,0.0481241196,0.0623422079,0.0481444746,0.0234255679,0.0231590457,0.3533779383,0.3078394532,0.0519922711,0.0490711518,0.0000000000,0.0000000000,0.4300407171,0.3187235594,0.3207950592,0.0124603203,0.0949974731,0.1076852903,0.0874530300,0.0964553133,0.0000288803,0.0000000000,0.0000000000,0.0000000000,-0.1776680499,0.0178718697,-0.0031589079,-0.1027486622,0.0178692415,-0.0018330051
20:20:13:27.839,61,0.0000000000,0.0287633147,0.0000000000,0.1972887963,0.0000000000,0.2408069223,0.7207809687,0.0000000000,0.0284299292,0.3188428879,0.0000000000,0.0000000000,0.2413883805,0.7224661112,0.0946208909,0.0387507603,0.0000000000,0.3106137514,0.1324774921,0.3202083111,0.1484126896,0.0309971720,0.0000000000,0.0000000000,0.0000000000,0.1250226945,0.1433648169,0.0572043806,0.0512873195,0.3915010989,0.3807908297,0.0427154154,0.0479339845,0.0622666851,0.0480450429,0.0232699756,0.0229903441,0.3534246683,0.3077320457,0.0519460440,0.0491067767,0.0000000000,0.0000000000,0.4321193993,0.3259128630,0.3281644285,0.0123460107,0.0950230509,0.1076145247,0.0873368531,0.0963313878,0.0000302048,0.0000000000,0.0000000000,0.0000000000,-0.1947403252,0.0177014843,-0.0034257895,-0.1204982027,0.0176988617,-0.0021277424
20:20:13:28.839,61,0.0000000000,0.0086988062,0.0000000000,0.1993226409,0.0000000000,0.2413188815,0.7230984569,0.0000000000,0.0086010098,0.3205268383,0.0000000000,0.0000000000,0.2419162244,0.7247667909,0.0946872830,0.0394550487,0.0000000000,0.3111758232,0.1327822208,0.3196150959,0.1482737064,0.0307540093,0.0000000000,0.0000000000,0.0000000000,0.1232053861,0.1415971965,0.0571244210,0.0512197725,0.3913336694,0.3803154230,0.0427711122,0.0478738211,0.0622026436,0.0479373597,0.0231348034,0.0228484217,0.3533023596,0.3075640202,0.0517326072,0.0490076952,0.0000000000,0.0000000000,0.4343169034,0.3285267353,0.3308437169,0.0122274328,0.0950398892,0.1075830609,0.0870363638,0.0960551202,0.0000302425,0.0000000000,0.0000000000,0.0000000000,-0.1957959682,0.0053564031,-0.0010420837,-0.1217575595,0.0053534331,-0.0006502176
20:20:13:29.840,61,0.0000000000,0.0130388970,0.0000000000,0.2012296766,0.0000000000,0.2414481044,0.7238327861,0.0000000000,0.0128886951,0.3224166632,0.0000000000,0.0000000000,0.2420619428,0.7255117297,0.0947047397,0.0403959602,0.0000000000,0.3121673167,0.1332207918,0.3193933368,0.1485851258,0.0307172947,0.0000000000,0.0000000000,0.0000000000,0.1223367602,0.1406451762,0.0570055731,0.0511021391,0.3911952078,0.3798007369,0.0428398699,0.0477955155,0.0621762127,0.0478460155,0.0230254699,0.0227217469,0.3530852199,0.3071582913,0.0515100695,0.0488633998,0.0000000000,0.0000000000,0.4353329539,0.3298223019,0.3321835399,0.0121419355,0.0948759317,0.1074074581,0.0867243111,0.0957540721,0.0000318622,0.0000000000,0.0000000000,0.0000000000,-0.1969469488,0.0080284597,-0.0015710114,-0.1229202971,0.0080255643,-0.0009840433
20:20:13:30.841,61,0.0000000000,0.0180295203,0.0000000000,0.1949423254,0.0000000000,0.2426927388,0.7180618048,0.0000000000,0.0178243220,0.3165055215,0.0000000000,0.0000000000,0.2433340400,0.7199420333,0.0947480947,0.0412121154,0.0000000000,0.3128666282,0.1337405294,0.3191508949,0.1487402618,0.0308747087,0.0000000000,0.0000000000,0.0000000000,0.1220206544,0.1403295398,0.0568423904,0.0509301908,0.3911038041,0.3792473674,0.0429872796,0.0477324948,0.0621152893,0.0477109849,0.0229120329,0.0225880649,0.3529022336,0.3067030609,0.0512899831,0.0486808196,0.0000000000,0.0000000000,0.4370610416,0.3306971490,0.3330746591,0.0120791988,0.0947701782,0.1072331071,0.0865758806,0.0955565423,0.0000315972,0.0000000000,0.0000000000,0.0000000000,-0.1933306009,0.0110949688,-0.0021317441,-0.1190762371,0.0110921580,-0.0013177466
20:20:13:31.843,61,0.0000000000,0.0266469810,0.0000000000,0.1827971488,0.0000000000,0.2498004436,0.6932880282,0.0000000000,0.0263543166,0.3049853742,0.0000000000,0.0000000000,0.2504070401,0.6952151060,0.0949802920,0.0396575592,0.0000000000,0.3135178983,0.1346086115,0.3173291683,0.1484340429,0.0309185795,0.0000000000,0.0000000000,0.0000000000,0.1215900034,0.1399249882,0.0568461567,0.0509048440,0.3918564916,0.3794495463,0.0432956703,0.0477798991,0.0620513521,0.0475097075,0.0228133351,0.0224869158,0.3528119028,0.3065370023,0.0509635732,0.0484127253,0.0000000000,0.0000000000,0.4412406087,0.3350502253,0.3370935619,0.0120429080,0.0949084982,0.1072259918,0.0866738632,0.0955495909,0.0000266170,0.0000000000,0.0000000000,0.0000000000,-0.1862805337,0.0163823795,-0.0030343619,-0.1116495803,0.0163797121,-0.0018251520
20:20:13:32.844,61,0.0000000000,0.0273516327,0.0000000000,0.1990432888,0.0000000000,0.2627799213,0.6630315185,0.0000000000,0.0270330999,0.3204572797,0.0000000000,0.0000000000,0.2636034191,0.6651612520,0.0949099734,0.0395594798,0.0000000000,0.3141770661,0.1350573003,0.3062492609,0.1471929997,0.0310908519,0.0000000000,0.0000000000,0.0000000000,0.1157387719,0.1315028369,0.0568036251,0.0508285537,0.3925187886,0.3792470098,0.0435194150,0.0476307832,0.0618671663,0.0472381450,0.0226590224,0.0223235227,0.3528716862,0.3063862920,0.0506612472,0.0481498502,0.0000000000,0.0000000000,0.4487200677,0.3454556167,0.3472927511,0.0119522177,0.0949722081,0.1071553677,0.0867499113,0.0954519957,0.0000182419,0.0000000000,0.0000000000,0.0000000000,-0.1957291663,0.0168350581,-0.0032744107,-0.1215715781,0.0168324113,-0.0020414959
20:20:13:33.845,61,0.0000000000,0.0193724800,0.0000000000,0.2257384360,0.0000000000,0.2720657289,0.6549889445,0.0000000000,0.0191276316,0.3458929956,0.0000000000,0.0000000000,0.2730275095,0.6572509408,0.0948385149,0.0397022814,0.0000000000,0.3146980107,0.1352830082,0.3030255437,0.1463942379,0.0312477928,0.0000000000,0.0000000000,0.0000000000,0.1105716527,0.1277518123,0.0567564853,0.0507380739,0.3940055370,0.3793365359,0.0436056182,0.0474273264,0.0616619736,0.0469905399,0.0225294270,0.0221742839,0.3531618416,0.3064348698,0.0504259318,0.0479328558,0.0000000000,0.0000000000,0.4515338242,0.3524192274,0.3543830514,0.0118589438,0.0951152369,0.1071573049,0.0868192464,0.0953671783,0.0000123767,0.0000000000,0.0000000000,0.0000000000,-0.2112793475,0.0119501464,-0.0025061909,-0.1378860623,0.0119473757,-0.0016422382
20:20:13:34.846,61,0.0000000000,0.0169535857,0.0000000000,0.2410116643,0.0000000000,0.2792955637,0.6521442533,0.0000000000,0.0167292971,0.3606328368,0.0000000000,0.0000000000,0.2802675664,0.6544803977,0.0949053541,0.0392149538,0.0000000000,0.3148406446,0.1353876293,0.2949036658,0.1428159922,0.0313059501,0.0000000000,0.0000000000,0.0000000000,0.1031508967,0.1228289381,0.0568913519,0.0508085079,0.3974997401,0.3802923560,0.0438116528,0.0473636054,0.0615030266,0.0467431881,0.0224030968,0.0220384020,0.3533820212,0.3066188395,0.0500798970,0.0476329178,0.0000000000,0.0000000000,0.4530570805,0.3550959826,0.3570790291,0.0117709097,0.0954266787,0.1073082909,0.0868556052,0.0952293947,0.0000071682,0.0000000000,0.0000000000,0.0000000000,-0.2202863693,0.0104724225,-0.0022883990,-0.1472176909,0.0104696099,-0.0015358053
20:20:13:35.847,61,0.0000000000,0.0227244012,0.0000000000,0.2411558777,0.0000000000,0.2824961841,0.6699200273,0.0000000000,0.0224212185,0.3610164523,0.0000000000,0.0000000000,0.2834824324,0.6722939610,0.0953140780,0.0390335880,0.0000000000,0.3158128262,0.1362247914,0.2906260192,0.1414885819,0.0313728563,0.0000000000,0.0000000000,0.0000000000,0.0978725106,0.1204242483,0.0572793484,0.0511054508,0.4069086909,0.3882742822,0.0442556739,0.0476693064,0.0614042468,0.0464718752,0.0223399121,0.0219606329,0.3537598252,0.3069299757,0.0495811887,0.0471734591,0.0000000000,0.0000000000,0.4533963203,0.3561234474,0.3581387997,0.0117261522,0.0959665328,0.1077070683,0.0869057924,0.0951354280,0.0000034081,0.0000000000,0.0000000000,0.0000000000,-0.2205114216,0.0140362438,-0.0030703209,-0.1472994387,0.0140335262,-0.0020597959
20:20:13:36.848,61,0.0000000000,0.0152664073,0.0000000000,0.2292706519,0.0000000000,0.2885030806,0.6739374995,0.0000000000,0.0150719257,0.3494871259,0.0000000000,0.0000000000,0.2894307077,0.6763586402,0.0956256017,0.0390029848,0.0000000000,0.3160383701,0.1363891363,0.2825286686,0.1377335787,0.0315087177,0.0000000000,0.0000000000,0.0000000000,0.0892974287,0.1146229506,0.0577571206,0.0514847226,0.4163278043,0.3942309618,0.0447128713,0.0478836522,0.0612996072,0.0462042391,0.0223127659,0.0219184142,0.3559240997,0.3079791963,0.0491320379,0.0467427522,0.0000000000,0.0000000000,0.4537678361,0.3563945591,0.3584544957,0.0116769494,0.0967299342,0.1081972942,0.0870335475,0.0950536281,0.0000026506,0.0000000000,0.0000000000,0.0000000000,-0.2134803832,0.0094207777,-0.0019959665,-0.1400473416,0.0094179269,-0.0013146866
20:20:13:37.849,61,0.0000000000,0.0133490339,0.0000000000,0.2265200764,0.0000000000,0.2916586697,0.6762517691,0.0000000000,0.0131809115,0.3469519913,0.0000000000,0.0000000000,0.2925729454,0.6787021756,0.0959830135,0.0391896628,0.0000000000,0.3162309825,0.1366957277,0.2798815072,0.1364157498,0.0316644199,0.0000000000,0.0000000000,0.0000000000,0.0863908604,0.1126553565,0.0582169555,0.0518457294,0.4197686017,0.3966376781,0.0451859385,0.0481664054,0.0612643845,0.0459938906,0.0223193355,0.0219119582,0.3568723202,0.3085377514,0.0487432070,0.0463604368,0.0000000000,0.0000000000,0.4529832602,0.3513041735,0.3537104130,0.0116515560,0.0974563360,0.1087541357,0.0872301981,0.0950732902,0.0000018828,0.0000000000,0.0000000000,0.0000000000,-0.2119339556,0.0082360394,-0.0017324964,-0.1383686364,0.0082331523,-0.0011356035
20:20:13:38.850,61,0.0000000000,0.0129372021,0.0000000000,0.2289277762,0.0000000000,0.2939162850,0.6771653295,0.0000000000,0.0127729382,0.3493957222,0.0000000000,0.0000000000,0.2948150337,0.6796396971,0.0962897837,0.0391938537,0.0000000000,0.3162276447,0.1368267685,0.2783817649,0.1354566514,0.0317619182,0.0000000000,0.0000000000,0.0000000000,0.0847947672,0.1113448665,0.0586600788,0.0521886684,0.4214971960,0.3978706598,0.0455694459,0.0484238416,0.0611820258,0.0457715131,0.0223264657,0.0219094902,0.3576355577,0.3091239929,0.0483601168,0.0460041203,0.0000000000,0.0000000000,0.4523337781,0.3479425609,0.3504176140,0.0116315186,0.0980454907,0.1092204303,0.0873911455,0.0950760320,0.0000016267,0.0000000000,0.0000000000,0.0000000000,-0.2134271413,0.0079836920,-0.0016910642,-0.1398396343,0.0079807946,-0.0011124208
20:20:13:39.851,61,0.0000000000,0.0129982503,0.0000000000,0.2544598579,0.0000000000,0.2943574786,0.6813519597,0.0000000000,0.0128198154,0.3738873005,0.0000000000,0.0000000000,0.2952620089,0.6837369204,0.0964501575,0.0394914001,0.0000000000,0.3162439167,0.1368569881,0.2832529843,0.1353316754,0.0316954441,0.0000000000,0.0000000000,0.0000000000,0.0913877934,0.1116104349,0.0587711893,0.0522532240,0.4178398252,0.3961418867,0.0456761643,0.0484733954,0.0611023121,0.0456469804,0.0222963113,0.0218700338,0.3577673137,0.3092294633,0.0481059998,0.0458162576,0.0000000000,0.0000000000,0.4515974522,0.3463293016,0.3488215208,0.0116176531,0.0981007144,0.1093010530,0.0873616412,0.0950061083,0.0000021182,0.0000000000,0.0000000000,0.0000000000,-0.2283876389,0.0080399606,-0.0018203432,-0.1554357558,0.0080370782,-0.0012442509
20:20:13:40.852,61,0.0000000000,0.0066630114,0.0000000000,0.2445800751,0.0000000000,0.2947613001,0.6825346947,0.0000000000,0.0065766363,0.3643805981,0.0000000000,0.0000000000,0.2956694365,0.6848858595,0.0967295393,0.0395679846,0.0000000000,0.3159651160,0.1368097514,0.2864889801,0.1352342069,0.0315987058,0.0000000000,0.0000000000,0.0000000000,0.0954751372,0.1129682511,0.0588589348,0.0522978529,0.4168781340,0.3956936896,0.0457897373,0.0485090725,0.0610531233,0.0455613099,0.0223015435,0.0218678415,0.3581736386,0.3096640110,0.0479235165,0.0456984006,0.0000000000,0.0000000000,0.4511620998,0.3455239236,0.3479969203,0.0116134714,0.0982015356,0.1094305962,0.0874178037,0.0950483307,0.0000031307,0.0000000000,0.0000000000,0.0000000000,-0.2225856036,0.0041190567,-0.0009092957,-0.1494042426,0.0041160560,-0.0006126743
20:20:13:41.854,61,0.0000000000,0.0105374074,0.0000000000,0.2422787845,0.0000000000,0.2949820459,0.6833373904,0.0000000000,0.0103989076,0.3621599674,0.0000000000,0.0000000000,0.2958982885,0.6856578588,0.0971394405,0.0394645296,0.0000000000,0.3162962496,0.1370334774,0.2892441452,0.1354900450,0.0315086618,0.0000000000,0.0000000000,0.0000000000,0.0973595530,0.1138383970,0.0589479730,0.0523465127,0.4158346951,0.3951965868,0.0458977781,0.0486178920,0.0609914362,0.0454707779,0.0223002229,0.0218540709,0.3586712182,0.3102958202,0.0477335826,0.0455570035,0.0000000000,0.0000000000,0.4506148398,0.3453728855,0.3478124440,0.0116169890,0.0982549936,0.1094826609,0.0874407291,0.0950357243,0.0000048868,0.0000000000,0.0000000000,0.0000000000,-0.2212263942,0.0065110126,-0.0014287067,-0.1479966044,0.0065080803,-0.0009596749
20:20:13:42.855,61,0.0000000000,0.0068850755,0.0000000000,0.2433377951,0.0000000000,0.2959890962,0.6833815575,0.0000000000,0.0068021454,0.3632008135,0.0000000000,0.0000000000,0.2969287634,0.6856867075,0.0974496827,0.0393533073,0.0000000000,0.3163748384,0.1371468455,0.2901640534,0.1353723258,0.0314831696,0.0000000000,0.0000000000,0.0000000000,0.0982737541,0.1143379956,0.0591150075,0.0524720885,0.4153910875,0.3950678706,0.0460432284,0.0487536676,0.0609261058,0.0453629419,0.0222884621,0.0218317304,0.3589910269,0.3107247651,0.0475118905,0.0453837104,0.0000000000,0.0000000000,0.4479888976,0.3431222141,0.3453704119,0.0115986029,0.0984636918,0.1096833050,0.0874957517,0.0950330272,0.0000054654,0.0000000000,0.0000000000,0.0000000000,-0.2218648195,0.0042596031,-0.0009373273,-0.1486452818,0.0042527500,-0.0006298296
20:20:13:43.856,61,0.0000000000,0.0000000000,0.0000000000,0.2230719179,0.0063419892,0.3075667322,0.6748403907,0.0000000000,0.0000000000,0.3437308371,0.0000000000,0.0062449053,0.3083958924,0.6774802804,0.0976941809,0.0390518866,0.0000000000,0.3165800273,0.1387848258,0.2891267836,0.1354233027,0.0315639526,0.0000000000,0.0000000000,0.0000000000,0.0971509740,0.1143643185,0.0593944304,0.0526958704,0.4151153862,0.3949547112,0.0465420783,0.0492111370,0.0608849712,0.0451371633,0.0223003216,0.0218372662,0.3591794074,0.3109091520,0.0470881127,0.0449828170,0.0000000000,0.0000000000,0.4456908703,0.3375124037,0.3398888707,0.0116008287,0.0994792208,0.1101641655,0.0876496881,0.0949891433,0.0000047635,0.0000000000,0.0000000000,0.0000000000,-0.2099724412,-0.0027860450,0.0005807050,-0.1362663507,-0.0027931065,0.0003794306
20:20:13:44.857,61,0.0000000000,0.0000000000,0.0000000000,0.1842931956,0.0026584882,0.3151803911,0.6617967486,0.0000000000,0.0000000000,0.3062118292,0.0000000000,0.0026129095,0.3159481883,0.6649025679,0.0976821259,0.0389294289,0.0000000000,0.3164713979,0.1393476427,0.2843594551,0.1351525635,0.0317988023,0.0000000000,0.0000000000,0.0000000000,0.0896342844,0.1131106094,0.0595831797,0.0528303497,0.4149305224,0.3946774900,0.0470050760,0.0495049842,0.0607801490,0.0448656715,0.0222996287,0.0218278896,0.3596669137,0.3112412393,0.0467034206,0.0445730872,0.0000000000,0.0000000000,0.4450125396,0.3360910416,0.3385044634,0.0115955854,0.1001797765,0.1104974449,0.0877661332,0.0948139504,0.0000034327,0.0000000000,0.0000000000,0.0000000000,-0.1870540380,-0.0011603372,0.0002157824,-0.1125782430,-0.0011673741,0.0001311435
20:20:13:45.857,61,0.0000000000,0.0000000000,0.0000000000,0.1881682277,0.0097314958,0.3201807439,0.6576797366,0.0000000000,0.0000000000,0.3100678921,0.0000000000,0.0096049039,0.3209895790,0.6609255672,0.0976874605,0.0393663384,0.0000000000,0.3162970841,0.1396962702,0.2831219733,0.1352070123,0.0321484134,0.0000000000,0.0000000000,0.0000000000,0.0875574350,0.1128254607,0.0596760027,0.0528744534,0.4145593643,0.3941115141,0.0474056713,0.0497408248,0.0607432947,0.0446788818,0.0223338995,0.0218441579,0.3600568771,0.3113492429,0.0464099310,0.0442298949,0.0000000000,0.0000000000,0.4444219768,0.3351471722,0.3375945985,0.0116124125,0.1007652208,0.1108075529,0.0878663436,0.0946452171,0.0000015139,0.0000000000,0.0000000000,0.0000000000,-0.1894080341,-0.0042672455,0.0008034312,-0.1149443984,-0.0042743715,0.0004902369
20:20:13:46.858,61,0.0000000000,0.0000000000,0.0000000000,0.1636371762,0.0050092465,0.3231703639,0.6539976597,0.0000000000,0.0000000000,0.2862177789,0.0000000000,0.0049416511,0.3239653111,0.6573309302,0.0976619497,0.0397124924,0.0000000000,0.3160653710,0.1401837468,0.2824575901,0.1353315413,0.0324886665,0.0000000000,0.0000000000,0.0000000000,0.0865119174,0.1127591059,0.0597757734,0.0529148169,0.4141663611,0.3934395015,0.0479280129,0.0500740074,0.0607213378,0.0444581434,0.0223878417,0.0218824837,0.3602502644,0.3112344146,0.0460730195,0.0438415632,0.0000000000,0.0000000000,0.4442022741,0.3345886767,0.3370737433,0.0116547495,0.1013904363,0.1111418381,0.0879886597,0.0944774523,0.0000005025,0.0000000000,0.0000000000,0.0000000000,-0.1748400778,-0.0021895834,0.0003808801,-0.0999600440,-0.0021966614,0.0002192132
20:20:13:47.859,61,0.0000000000,0.0045600883,0.0000000000,0.1819569916,0.0000000000,0.3233382404,0.6522162557,0.0000000000,0.0045206472,0.3040406704,0.0000000000,0.0000000000,0.3240745366,0.6555641890,0.0976266265,0.0393436700,0.0000000000,0.3136124015,0.1396518648,0.2791954279,0.1342996955,0.0326356031,0.0000000000,0.0000000000,0.0000000000,0.0854853392,0.1113317460,0.0599158294,0.0530051477,0.4137668908,0.3928118348,0.0482217371,0.0501770079,0.0606469139,0.0442994349,0.0224003885,0.0218960885,0.3613026142,0.3121601045,0.0459141172,0.0436552949,0.0000000000,0.0000000000,0.4444469512,0.3346045017,0.3371000886,0.0116610499,0.1018630341,0.1113540679,0.0881170705,0.0943657309,0.0000006501,0.0000000000,0.0000000000,0.0000000000,-0.1857271641,0.0028098293,-0.0005188679,-0.1111507788,0.0028028961,-0.0003109038
20:20:13:48.860,61,0.0000000000,0.0391908400,0.0000000000,0.1837598234,0.0000000000,0.3117289841,0.6536145806,0.0000000000,0.0387617908,0.3061446548,0.0000000000,0.0000000000,0.3122299016,0.6566867828,0.0976135135,0.0357425325,0.0000000000,0.3127296567,0.1361512542,0.2762728631,0.1328901052,0.0327190086,0.0000000000,0.0000000000,0.0000000000,0.0846829712,0.1104222387,0.0599404946,0.0529639982,0.4126658738,0.3906934559,0.0482016765,0.0500437580,0.0604578033,0.0441668406,0.0223336872,0.0218356643,0.3700006604,0.3208180368,0.0460486226,0.0437519997,0.0000000000,0.0000000000,0.4461818933,0.3395922780,0.3419546783,0.0116361137,0.1021457240,0.1113811135,0.0881546587,0.0942318067,0.0000015952,0.0000000000,0.0000000000,0.0000000000,-0.1869600713,0.0240982510,-0.0044800472,-0.1122201979,0.0240918938,-0.0026984413
20:20:13:49.861,61,0.0000000000,0.0615779124,0.0000000000,0.1623317450,0.0000000000,0.3001702130,0.6538774967,0.0000000000,0.0609540194,0.2854110003,0.0000000000,0.0000000000,0.3005192578,0.6568376422,0.0976310074,0.0286483150,0.0000000000,0.3122230768,0.1348137110,0.2748701572,0.1321145743,0.0326755270,0.0000000000,0.0000000000,0.0000000000,0.0837436616,0.1090228409,0.0599651746,0.0529385954,0.4097566903,0.3879537880,0.0481310412,0.0499652177,0.0601792336,0.0439646654,0.0222466271,0.0217727758,0.3748706579,0.3266544938,0.0461730808,0.0438609645,0.0000000000,0.0000000000,0.4607009590,0.3532995582,0.3553289175,0.0116137387,0.1024867296,0.1114501804,0.0882159472,0.0941685811,0.0000022209,0.0000000000,0.0000000000,0.0000000000,-0.1742256135,0.0378073268,-0.0065567601,-0.0990924463,0.0378013290,-0.0037414648
20:20:13:50.863,61,0.0000000000,0.0404900126,0.0000000000,0.1769030243,0.0000000000,0.2963675857,0.6537629962,0.0000000000,0.0400598384,0.2991429269,0.0000000000,0.0000000000,0.2966770232,0.6566464901,0.0973620638,0.0269687064,0.0000000000,0.3119655252,0.1340949833,0.2746397555,0.1317200065,0.0327368490,0.0000000000,0.0000000000,0.0000000000,0.0833372399,0.1082473919,0.0598101169,0.0527732298,0.4068931341,0.3826320469,0.0479685143,0.0497615337,0.0598741993,0.0437580831,0.0221512858,0.0216896217,0.3767721653,0.3286407590,0.0462704077,0.0439296849,0.0000000000,0.0000000000,0.4657177925,0.3622443676,0.3642037213,0.0115609393,0.1025642604,0.1113775969,0.0882428139,0.0941088349,0.0000035338,0.0000000000,0.0000000000,0.0000000000,-0.1826806962,0.0248853341,-0.0045217299,-0.1080307290,0.0248790104,-0.0026830200
20:20:13:51.864,61,0.0000000000,0.0139784738,0.0000000000,0.1996630579,0.0000000000,0.2995329499,0.6554555297,0.0000000000,0.0138246492,0.3206309974,0.0000000000,0.0000000000,0.3002018929,0.6582022905,0.0972382054,0.0376498960,0.0000000000,0.3144986331,0.1339217722,0.2797921002,0.1316360831,0.0328323059,0.0000000000,0.0000000000,0.0000000000,0.0846295357,0.1081882641,0.0596747436,0.0526225679,0.4060979486,0.3809939027,0.0478332080,0.0495838672,0.0596271567,0.0435918830,0.0220639184,0.0215924848,0.3767035007,0.3270771503,0.0462958403,0.0439215563,0.0000000000,0.0000000000,0.4676716924,0.3657186627,0.3676506579,0.0115069607,0.1025729477,0.1113302633,0.0881818905,0.0939670354,0.0000038658,0.0000000000,0.0000000000,0.0000000000,-0.1958552301,0.0086096041,-0.0016755161,-0.1219627559,0.0086028688,-0.0010466558
20:20:13:52.865,61,0.0000000000,0.0316208750,0.0000000000,0.1316586733,0.0000000000,0.3033542037,0.6526821852,0.0000000000,0.0313517302,0.2543633878,0.0000000000,0.0000000000,0.3041119576,0.6552906632,0.0973110646,0.0405347571,0.0000000000,0.3179762065,0.1343846619,0.2836127281,0.1318824291,0.0329004563,0.0000000000,0.0000000000,0.0000000000,0.0852345377,0.1083049178,0.0596528053,0.0525212027,0.4060376883,0.3802554905,0.0478765592,0.0495862477,0.0593614243,0.0433396474,0.0220436044,0.0215528402,0.3767401278,0.3266355395,0.0462550446,0.0438145176,0.0000000000,0.0000000000,0.4673001766,0.3678425848,0.3697660863,0.0115506239,0.1027103513,0.1112439185,0.0882177129,0.0938297734,0.0000033471,0.0000000000,0.0000000000,0.0000000000,-0.1553530544,0.0193851702,-0.0029998128,-0.0804106817,0.0193787199,-0.0015567710
20:20:13:53.865,61,0.0000000000,0.0294934399,0.0000000000,0.1403740048,0.0000000000,0.3042094111,0.6575958729,0.0000000000,0.0292311255,0.2631516159,0.0000000000,0.0000000000,0.3050124943,0.6599340439,0.0976295024,0.0421376601,0.0000000000,0.3193635345,0.1347694546,0.2852370143,0.1321796179,0.0327033326,0.0000000000,0.0000000000,0.0000000000,0.0855027959,0.1081513315,0.0598923191,0.0526746996,0.4070728123,0.3811826408,0.0479798093,0.0497923195,0.0592175797,0.0431763157,0.0221087877,0.0216020178,0.3767611682,0.3265302777,0.0461618081,0.0436989814,0.0000000000,0.0000000000,0.4591490924,0.3660788834,0.3680389822,0.0116405487,0.1029099002,0.1112964228,0.0883092061,0.0938362256,0.0000027603,0.0000000000,0.0000000000,0.0000000000,-0.1607243419,0.0180894490,-0.0028952211,-0.0857356638,0.0180829465,-0.0015486224
20:20:13:54.867,61,0.0000000000,0.0677006915,0.0000000000,0.1402069032,0.0000000000,0.2697184980,0.6871880293,0.0000000000,0.0670761988,0.2643198073,0.0000000000,0.0000000000,0.2703835964,0.6891677380,0.0980335400,0.0418893918,0.0000000000,0.3198121190,0.1350990981,0.2919708192,0.1373609751,0.0293355044,0.0000000000,0.0000000000,0.0000000000,0.0873029754,0.1084224135,0.0601557046,0.0529173799,0.4070314765,0.3817980587,0.0480947047,0.0500346981,0.0594253093,0.0433065780,0.0222847015,0.0217788368,0.3762921691,0.3264441788,0.0461828522,0.0438022614,0.0000000000,0.0000000000,0.4463676810,0.3594679534,0.3614866436,0.0118565056,0.1026330739,0.1110447049,0.0883825496,0.0940126255,0.0000013601,0.0000000000,0.0000000000,0.0000000000,-0.1613270789,0.0415138900,-0.0066720350,-0.0855740979,0.0415079705,-0.0035496983
20:20:13:55.868,61,0.0000000000,0.2085807920,0.0347335227,0.0000000000,0.0000000000,0.2093219459,0.7227959633,0.0000000000,0.2082810849,0.0956173241,0.0000000000,0.0000000000,0.2097596079,0.7243920565,0.1001321301,0.0421472862,0.0000000000,0.3201934397,0.1351430863,0.2982826531,0.1419124305,0.0277134441,0.0000000000,0.0000000000,0.0000000000,0.0955787525,0.1111869961,0.0605072230,0.0532666035,0.4067794383,0.3823352754,0.0483074896,0.0502700731,0.0597287118,0.0435645506,0.0224929396,0.0219991431,0.3824232519,0.3370184302,0.0465674773,0.0442304015,0.0000000000,0.0000000000,0.4380438924,0.3577875495,0.3598152399,0.0121753020,0.0994033143,0.1075761616,0.0883972123,0.0940617099,0.0000008333,0.0000000000,0.0000000000,0.0000000000,-0.0579366498,0.1274466813,-0.0074197832,0.0210454799,0.1274431199,0.0026965118
20:20:13:56.868,61,0.0000000000,0.3077751398,0.0826551244,0.0000000000,0.0000000000,0.1483673900,0.7685266733,0.0000000000,0.3080189228,0.0504062846,0.0000000000,0.0000000000,0.1486058980,0.7696955800,0.1033350155,0.0409334004,0.0000000000,0.3203188777,0.1350457221,0.3028332591,0.1457535475,0.0247251187,0.0000000000,0.0000000000,0.0000000000,0.0989925787,0.1123185977,0.0609724261,0.0537554286,0.4059625566,0.3828324676,0.0483693592,0.0506762527,0.0600767918,0.0438834354,0.0226435550,0.0221980847,0.3895503879,0.3478634059,0.0477308705,0.0458243750,0.0000000000,0.0000000000,0.4326046109,0.3610032797,0.3628626764,0.0124557633,0.0923609585,0.1003890485,0.0883343443,0.0939992964,0.0000003384,0.0000000000,0.0000000000,0.0000000000,-0.0302478261,0.1882451922,-0.0057612909,0.0496006683,0.1882434338,0.0094447182
20:20:13:57.869,61,0.0000000000,0.3389756978,0.0946076289,0.0000000000,0.0000000000,0.1041563451,0.7990957499,0.0000000000,0.3394366503,0.0386168845,0.0000000000,0.0000000000,0.1042678356,0.7998503447,0.1044523865,0.0404371396,0.0000000000,0.3199003935,0.1325202733,0.3010717630,0.1471002549,0.0236134473,0.0000000000,0.0000000000,0.0000000000,0.0999908745,0.1123161092,0.0612518936,0.0541054383,0.4002027214,0.3819532990,0.0481747873,0.0507006980,0.0603604130,0.0442556441,0.0226011574,0.0222207084,0.4034876525,0.3568491042,0.0519743226,0.0493384004,0.0000000000,0.0000000000,0.4313148260,0.3761776388,0.3778013587,0.0125749176,0.0867538601,0.0939951912,0.0881142616,0.0936914906,0.0000002992,0.0000000000,0.0000000000,0.0000000000,-0.0230843294,0.2074061483,-0.0048572174,0.0565566048,0.2074049413,0.0118943574
20:20:13:58.871,61,0.0000000000,0.3614197373,0.1067882776,0.0000000000,0.0000000000,0.0806924552,0.8043578267,0.0000000000,0.3621197045,0.0267617609,0.0000000000,0.0000000000,0.0807284489,0.8050660491,0.1049701944,0.0316312164,0.0000000000,0.2954468429,0.1269278824,0.2837350070,0.1434629261,0.0231280569,0.0000000000,0.0000000000,0.0000000000,0.0525514148,0.0707701892,0.0614807829,0.0544257723,0.3963876069,0.3798847198,0.0479602478,0.0504535437,0.0606375448,0.0446343049,0.0225247536,0.0222340003,0.4190231860,0.3713615835,0.0564978458,0.0527902804,0.0000000000,0.0000000000,0.4386268556,0.3924503922,0.3937236369,0.0126608806,0.0843583643,0.0912597999,0.0882526413,0.0937045515,0.0000010884,0.0000000000,0.0000000000,0.0000000000,-0.0159494542,0.2212349772,-0.0035871286,0.0636477023,0.2212341726,0.0143047236
20:20:13:59.872,61,0.0000000000,0.3715097010,0.1064661592,0.0000000000,0.0000000000,0.0672724396,0.7706298232,0.0000000000,0.3722217381,0.0270914920,0.0000000000,0.0000000000,0.0672762617,0.7714227438,0.1048440859,0.0156270061,0.0000000000,0.2790683508,0.1161250919,0.2552744150,0.1355799884,0.0228063818,0.0000000000,0.0000000000,0.0000000000,0.0099576153,0.0069189612,0.0614510439,0.0545557514,0.3617840409,0.3490454853,0.0476714112,0.0485437773,0.0610277206,0.0452110954,0.0223571509,0.0221816823,0.4334809780,0.3915656805,0.0652086884,0.0606893525,0.0000000000,0.0000000000,0.4687021673,0.4158869386,0.4165903628,0.0126990322,0.0828273296,0.0894656107,0.0886859372,0.0939670131,0.0000015139,0.0000000000,0.0000000000,0.0000000000,-0.0161232557,0.2274074405,-0.0037309085,0.0633666217,0.2274067849,0.0146527849
20:20:14:00.873,61,0.0000000000,0.3601400554,0.1026484147,0.0000000000,0.0000000000,0.0604396462,0.7206679583,0.0000000000,0.3607660830,0.0308025405,0.0000000000,0.0000000000,0.0604292564,0.7216131687,0.1045339480,0.0098449802,0.0000000000,0.2653532922,0.1095485240,0.2472257614,0.1323892623,0.0229199231,0.0000000000,0.0040726480,0.0000000000,0.0000000000,0.0013491553,0.0613155477,0.0546087585,0.3525566459,0.3406977355,0.0473971479,0.0456290841,0.0617357120,0.0471383519,0.0222865921,0.0222308524,0.4395099878,0.3984138966,0.0762047172,0.0689024329,0.0000000000,0.0000000000,0.4765591621,0.4235246480,0.4240587354,0.0127462605,0.0816479027,0.0874290615,0.0918138698,0.0949803591,0.0000016403,0.0000000000,0.0000000000,0.0000000000,-0.0183610730,0.2204172313,-0.0041136835,0.0611911453,0.2204163969,0.0137008736
20:20:14:01.874,61,0.0000000000,0.3550086617,0.0966967940,0.0000000000,0.0000000000,0.0567338094,0.6585398912,0.0000000000,0.3555242121,0.0367715284,0.0000000000,0.0000000000,0.0567163937,0.6596359015,0.1030319184,0.0055221673,0.0000000000,0.2509071827,0.1017965972,0.2426034808,0.1272020191,0.0231610760,0.0000000000,0.0450976156,0.0207128078,0.0000000000,0.0000000000,0.0610842295,0.0546170808,0.3457743227,0.3318447769,0.0470414385,0.0428467803,0.0622938722,0.0481906421,0.0222299565,0.0222974606,0.4512676299,0.4114564955,0.0823449194,0.0744017586,0.0000000000,0.0000000000,0.4802729189,0.4269466996,0.4273963273,0.0127566196,0.0805354565,0.0855740607,0.0958049819,0.0967675447,0.0000016362,0.0000000000,0.0000000000,0.0000000000,-0.0219347104,0.2172304839,-0.0048408541,0.0576836132,0.2172295451,0.0127237337
20:20:14:02.875,61,0.0000000000,0.3495509624,0.0956733227,0.0000000000,0.0000000000,0.0547463074,0.6229454279,0.0000000000,0.3500430286,0.0375613160,0.0000000000,0.0000000000,0.0547265001,0.6241995692,0.1020544767,0.0058898213,0.0000000000,0.2453685403,0.0987816900,0.2409073561,0.1254921854,0.0236768369,0.0000000000,0.0558615178,0.0278776716,0.0000000000,0.0000000000,0.0608612634,0.0546257794,0.3423323333,0.3231748641,0.0466475971,0.0414863750,0.0627227649,0.0489405803,0.0222479794,0.0224249102,0.4558485746,0.4159918129,0.0851074904,0.0768085420,0.0000000000,0.0000000000,0.4826239645,0.4291247725,0.4295390546,0.0128507772,0.0797536522,0.0845684856,0.0986062959,0.0989064500,0.0000021389,0.0000000000,0.0000000000,0.0000000000,-0.0224222578,0.2138837129,-0.0048698019,0.0571147539,0.2138826847,0.0123982262
20:20:14:03.876,61,0.0000000000,0.3499276340,0.0899648517,0.0000000000,0.0000000000,0.0537896715,0.5884953737,0.0000000000,0.3503236771,0.0432759449,0.0000000000,0.0000000000,0.0537696518,0.5899596810,0.1006218642,0.0064406442,0.0000000000,0.2451801896,0.0973381847,0.2401196063,0.1244283542,0.0243753698,0.0000000000,0.0538375191,0.0306985807,0.0000000000,0.0000000000,0.0607619025,0.0547632016,0.3407122493,0.3198713958,0.0462509356,0.0405380465,0.0628926978,0.0493345261,0.0222090222,0.0224563796,0.4583094418,0.4184365571,0.0864053369,0.0779141858,0.0000000000,0.0000000000,0.4832831919,0.4298100471,0.4302265942,0.0128693301,0.0789738595,0.0836587772,0.1004383042,0.1000293195,0.0000190708,0.0000000000,0.0000000000,0.0000000000,-0.0258326121,0.2140731066,-0.0056154379,0.0537044108,0.2140720785,0.0116693703
20:20:14:04.877,61,0.0000000000,0.3423993289,0.0938902050,0.0000000000,0.0000000000,0.0532931201,0.5376881957,0.0000000000,0.3428522348,0.0394306034,0.0000000000,0.0000000000,0.0532740131,0.5392299891,0.0986111984,0.0069024889,0.0000000000,0.2443709373,0.0966309533,0.2578924596,0.1241582856,0.0249220673,0.0000000000,0.0245106462,0.0212679785,0.0000000000,0.0000000000,0.0604925677,0.0548103452,0.3397642672,0.3180641830,0.0458162092,0.0396550559,0.0632013157,0.0497894548,0.0222419389,0.0225488171,0.4574020207,0.4179522693,0.0873757005,0.0788130462,0.0000000000,0.0000000000,0.4848009050,0.4306184649,0.4310429990,0.0128955012,0.0776730552,0.0827008113,0.1027972400,0.1013180539,0.0000528049,0.0000000000,0.0000000000,0.0000000000,-0.0235603452,0.2094954997,-0.0050087795,0.0561029427,0.2094943821,0.0119214449
20:20:14:05.878,61,0.0000000000,0.3463544846,0.0941910148,0.0000000000,0.0000000000,0.0529471412,0.5182658434,0.0000000000,0.3468174040,0.0390950292,0.0000000000,0.0000000000,0.0529296696,0.5198236108,0.0955284387,0.0072249062,0.0000000000,0.2480496764,0.0966994837,0.2618777454,0.1243291050,0.0252727605,0.0000000000,0.0248435400,0.0194502622,0.0000000000,0.0000000000,0.0602757074,0.0549283661,0.3389208317,0.3169445097,0.0454115830,0.0389489420,0.0634488389,0.0500922836,0.0221775994,0.0225314256,0.4484725893,0.4123895168,0.0875583291,0.0790737718,0.0000000000,0.0000000000,0.4856063128,0.4312327802,0.4316706657,0.0128744636,0.0763543919,0.0818626732,0.1038792133,0.1020574123,0.0000988906,0.0000000000,0.0000000000,0.0000000000,-0.0233477429,0.2119173408,-0.0050227148,0.0562536232,0.2119162381,0.0120958025
20:20:14:06.879,61,0.0000000000,0.3436943293,0.0913243443,0.0000000000,0.0000000000,0.0526688658,0.4803855717,0.0000000000,0.3441071510,0.0418063588,0.0000000000,0.0000000000,0.0526532531,0.4818994105,0.0940047130,0.0073957760,0.0000000000,0.2543570697,0.0975156203,0.2581029534,0.1244715229,0.0256180130,0.0000000000,0.0418359116,0.0276399236,0.0000000000,0.0000000000,0.0602708943,0.0552988611,0.3386598527,0.3167045712,0.0450356677,0.0384473875,0.0635541677,0.0501914993,0.0221065395,0.0224925317,0.4441577792,0.4103348255,0.0870889276,0.0788460970,0.0000000000,0.0000000000,0.4858083129,0.4291554093,0.4296852946,0.0128353303,0.0753901526,0.0811312944,0.1047218218,0.1026490331,0.0002042587,0.0000000000,0.0000000000,0.0000000000,-0.0249758027,0.2102696598,-0.0053298399,0.0545606203,0.2102685124,0.0116381999
20:20:14:07.881,61,0.0000000000,0.3409437835,0.0892752632,0.0000000000,0.0000000000,0.0524161868,0.4437666833,0.0000000000,0.3413195908,0.0438856110,0.0000000000,0.0000000000,0.0524027720,0.4453870356,0.0927622095,0.0100872051,0.0000000000,0.2578320503,0.0982340202,0.2578943670,0.1249124259,0.0260619000,0.0000000000,0.0355332196,0.0223481990,0.0000000000,0.0000000000,0.0601921864,0.0556000546,0.3387184739,0.3166584969,0.0446453840,0.0378982313,0.0636930317,0.0503141247,0.0220690332,0.0224606581,0.4375559092,0.4042279720,0.0868151784,0.0786751211,0.0000000000,0.0000000000,0.4747284651,0.4209477603,0.4217270613,0.0128071932,0.0736346617,0.0800243095,0.1053565517,0.1030824780,0.0002557389,0.0000000000,0.0000000000,0.0000000000,-0.0262274593,0.2085731030,-0.0055503789,0.0533555187,0.2085718811,0.0112868529
20:20:14:08.882,61,0.0000000000,0.3380242884,0.0863463581,0.0000000000,0.0000000000,0.0523394383,0.4299940467,0.0000000000,0.3383494318,0.0467989631,0.0000000000,0.0000000000,0.0523281917,0.4316898882,0.0914356336,0.0114819352,0.0000000000,0.2595091462,0.0991507396,0.2578293681,0.1254491061,0.0265268087,0.0000000000,0.0343480892,0.0210100822,0.0000000000,0.0000000000,0.0601075925,0.0558644421,0.3387116790,0.3166314662,0.0442362428,0.0374238715,0.0637996048,0.0503921025,0.0220524501,0.0224375390,0.4342584312,0.4013928771,0.0865146369,0.0784339309,0.0000000000,0.0000000000,0.4483236074,0.4068864286,0.4079385996,0.0127812037,0.0726512447,0.0792315006,0.1060782745,0.1036162302,0.0002952439,0.0000000000,0.0000000000,0.0000000000,-0.0279792454,0.2067680061,-0.0058682598,0.0516245142,0.2067667693,0.0108237639
20:20:14:09.882,61,0.0000000000,0.3378100097,0.0872564986,0.0000000000,0.0000000000,0.0522971638,0.4219388962,0.0000000000,0.3381496072,0.0459225923,0.0000000000,0.0000000000,0.0522879697,0.4237132668,0.0904852450,0.0125012798,0.0000000000,0.2602221072,0.0998115689,0.2574740052,0.1258203685,0.0270551406,0.0000000000,0.0352898762,0.0208333060,0.0000000000,0.0000000000,0.0600738116,0.0561556220,0.3382324278,0.3161715567,0.0439171791,0.0370236710,0.0639522597,0.0505098924,0.0220604930,0.0224387962,0.4323514104,0.3995622396,0.0863168985,0.0782475397,0.0000000000,0.0000000000,0.4362641573,0.3976517022,0.3987651467,0.0127693852,0.0719152540,0.0785728693,0.1068127304,0.1041522548,0.0003163206,0.0000000000,0.0000000000,0.0000000000,-0.0274560116,0.2066428959,-0.0057549626,0.0521700643,0.2066415995,0.0109312218
20:20:14:10.883,61,0.0000000000,0.3365825117,0.0874049515,0.0000000000,0.0000000000,0.0522320867,0.4244544804,0.0000000000,0.3369234204,0.0457839966,0.0000000000,0.0000000000,0.0522251129,0.4263748229,0.0897829980,0.0181635488,0.0000000000,0.2607618868,0.1022367403,0.2582637668,0.1285985857,0.0275647156,0.0000000000,0.0306172278,0.0166781824,0.0000000000,0.0000000000,0.0600535646,0.0564145818,0.3384780586,0.3162902892,0.0436927080,0.0366980694,0.0642919317,0.0507213026,0.0221463982,0.0225108266,0.4285999835,0.3950676918,0.0860032812,0.0779555738,0.0000000000,0.0000000000,0.4309147298,0.3937881589,0.3949438632,0.0128075406,0.0712848008,0.0779881701,0.1074833646,0.1047128811,0.0003112885,0.0000000000,0.0000000000,0.0000000000,-0.0273774378,0.2058930993,-0.0057170745,0.0522670262,0.2058917731,0.0109106330
20:20:14:11.884,61,0.0000000000,0.3344087303,0.0869707763,0.0000000000,0.0000000000,0.0521190912,0.4295932949,0.0000000000,0.3347410560,0.0461228080,0.0000000000,0.0000000000,0.0521140210,0.4314652383,0.0890192315,0.0198927037,0.0000000000,0.2607015073,0.1032592431,0.2585193515,0.1297757775,0.0279422496,0.0000000000,0.0286879390,0.0150496811,0.0000000000,0.0000000000,0.0598745309,0.0564838201,0.3382749557,0.3160245717,0.0434695035,0.0363544226,0.0645753443,0.0508924797,0.0221745279,0.0225426797,0.4269212782,0.3929250836,0.0856900513,0.0777144581,0.0000000000,0.0000000000,0.4384255111,0.3923916817,0.3935492933,0.0128138019,0.0706728324,0.0774052516,0.1079382151,0.1051179841,0.0003649092,0.0000000000,0.0000000000,0.0000000000,-0.0275876895,0.2045606077,-0.0057226224,0.0520217717,0.2045593113,0.0107872095
20:20:14:12.886,61,0.0000000000,0.3321756721,0.0862535760,0.0000000000,0.0000000000,0.0519495048,0.4285405874,0.0000000000,0.3324950337,0.0467409156,0.0000000000,0.0000000000,0.0519458987,0.4302506447,0.0882794335,0.0156823955,0.0000000000,0.2562983334,0.1038440913,0.2575598061,0.1305707246,0.0280427802,0.0000000000,0.0343061723,0.0241831895,0.0000000000,0.0000000000,0.0596461967,0.0565322489,0.3334434927,0.3140548766,0.0432234630,0.0360420533,0.0649310127,0.0511159375,0.0221967828,0.0225944053,0.4224386811,0.3900177777,0.0853720978,0.0775805637,0.0000000000,0.0000000000,0.4441787302,0.3910925984,0.3922367990,0.0128079867,0.0702036992,0.0770097524,0.1083620489,0.1055909619,0.0003892750,0.0000000000,0.0000000000,0.0000000000,-0.0279653221,0.2031902224,-0.0057609798,0.0516073331,0.2031888664,0.0106276488
20:20:14:13.887,61,0.0000000000,0.3321479857,0.0866689980,0.0000000000,0.0000000000,0.0517933033,0.4142372608,0.0000000000,0.3324741125,0.0463148989,0.0000000000,0.0000000000,0.0517911352,0.4155946970,0.0876927450,0.0141316596,0.0000000000,0.2505408823,0.1040386930,0.2572495639,0.1315726340,0.0281508323,0.0000000000,0.0420770720,0.0326024294,0.0000000000,0.0000000000,0.0593970828,0.0565449372,0.3307352364,0.3118672967,0.0429159179,0.0357081927,0.0653826669,0.0514628738,0.0222801156,0.0227134619,0.4209105074,0.3888424039,0.0853380412,0.0777231902,0.0000000000,0.0000000000,0.4521682560,0.3903422356,0.3914613724,0.0128256930,0.0698459893,0.0767764598,0.1088807508,0.1061944664,0.0003847620,0.0000000000,0.0000000000,0.0000000000,-0.0277105104,0.2031759769,-0.0057080891,0.0518560633,0.2031745911,0.0106780492
20:20:14:14.887,61,0.0000000000,0.3309971988,0.0875640959,0.0000000000,0.0000000000,0.0518061705,0.3910904229,0.0000000000,0.3313370943,0.0453308411,0.0000000000,0.0000000000,0.0518051237,0.3924213946,0.0871459618,0.0120312441,0.0000000000,0.2478103936,0.1041287929,0.2568389475,0.1319212466,0.0281874444,0.0000000000,0.0442943461,0.0353528000,0.0000000000,0.0000000000,0.0591290556,0.0565229021,0.3292558193,0.3107657433,0.0427043289,0.0353700705,0.0657499433,0.0517385490,0.0223399512,0.0228002425,0.4198078811,0.3879423440,0.0853594691,0.0779049098,0.0000000000,0.0000000000,0.4545499384,0.3898470700,0.3909390569,0.0128272343,0.0695621520,0.0765599832,0.1094614193,0.1068018228,0.0003980805,0.0000000000,0.0000000000,0.0000000000,-0.0271256231,0.2024778426,-0.0055679064,0.0523991808,0.2024764866,0.0107516693
20:20:14:15.888,61,0.0000000000,0.3299524486,0.0904549286,0.0000000000,0.0000000000,0.0518569425,0.3839627206,0.0000000000,0.3303376436,0.0424039662,0.0000000000,0.0000000000,0.0518568233,0.3852857649,0.0866249055,0.0112632383,0.0000000000,0.2467525601,0.1038607284,0.2559509277,0.1312142015,0.0283112526,0.0000000000,0.0460095927,0.0370790474,0.0000000000,0.0000000000,0.0590087511,0.0566002168,0.3286392093,0.3102026284,0.0424738899,0.0349891223,0.0659604669,0.0519563220,0.0223685950,0.0228435379,0.4195734262,0.3877207041,0.0856002122,0.0782170221,0.0000000000,0.0000000000,0.4500412047,0.3891585469,0.3902327120,0.0127808060,0.0692901760,0.0762856305,0.1099825427,0.1073000282,0.0003083145,0.0000000000,0.0000000000,0.0000000000,-0.0253773965,0.2018577158,-0.0051927487,0.0541360788,0.2018562555,0.0110727241
20:20:14:16.889,61,0.0000000000,0.3314111233,0.0933824331,0.0000000000,0.0000000000,0.0518170036,0.3830751181,0.0000000000,0.3318448961,0.0394458137,0.0000000000,0.0000000000,0.0518179797,0.3845089078,0.0859574676,0.0122259194,0.0000000000,0.2457448244,0.1035190225,0.2552899420,0.1308468282,0.0285375565,0.0000000000,0.0469167233,0.0382079110,0.0000000000,0.0000000000,0.0587922670,0.0565539710,0.3282947242,0.3095580637,0.0422331877,0.0345172398,0.0663267300,0.0523272902,0.0223875698,0.0228752792,0.4194785655,0.3873919249,0.0862125903,0.0788055584,0.0000000000,0.0000000000,0.4454912841,0.3887091577,0.3897636533,0.0127061205,0.0689999536,0.0760153383,0.1106407121,0.1079675779,0.0002255249,0.0000000000,0.0000000000,0.0000000000,-0.0236025956,0.2027697861,-0.0048520933,0.0558778793,0.2027684450,0.0114816651
20:20:14:17.890,61,0.0000000000,0.3318010569,0.0925349891,0.0000000000,0.0000000000,0.0517669320,0.4114655256,0.0000000000,0.3322219253,0.0402478129,0.0000000000,0.0000000000,0.0517690144,0.4129658341,0.0853251219,0.0127095589,0.0000000000,0.2452222109,0.1033247337,0.2550826371,0.1310396343,0.0286156964,0.0000000000,0.0474050157,0.0388828069,0.0000000000,0.0000000000,0.0586289130,0.0565107651,0.3282485604,0.3092494607,0.0420131609,0.0341597758,0.0666956455,0.0526656471,0.0224271435,0.0229353849,0.4194269776,0.3871081471,0.0865010098,0.0791610032,0.0000000000,0.0000000000,0.4444575310,0.3886957765,0.3897290826,0.0126783727,0.0687403381,0.0757967308,0.1110846326,0.1085269377,0.0002425029,0.0000000000,0.0000000000,0.0000000000,-0.0240813307,0.2030025274,-0.0049563292,0.0553680919,0.2030011714,0.0113904560
20:20:14:18.892,61,0.0000000000,0.3333978355,0.0934427753,0.0000000000,0.0000000000,0.0513953902,0.4286541343,0.0000000000,0.3338353038,0.0393082462,0.0000000000,0.0000000000,0.0513983704,0.4302177727,0.0846346542,0.0130427107,0.0000000000,0.2451396137,0.1033274531,0.2549946308,0.1315836906,0.0285870880,0.0000000000,0.0474232510,0.0391965248,0.0000000000,0.0000000000,0.0584207922,0.0564383902,0.3262189031,0.3059340715,0.0417324007,0.0338737331,0.0669264346,0.0528797172,0.0223983452,0.0229316838,0.4191848040,0.3866984844,0.0866526291,0.0794394538,0.0000000000,0.0000000000,0.4555868804,0.3899218738,0.3909116983,0.0126489131,0.0684413016,0.0755748972,0.1113138869,0.1088740900,0.0003479871,0.0000000000,0.0000000000,0.0000000000,-0.0235143844,0.2039855570,-0.0048637637,0.0558999926,0.2039842904,0.0115570156
20:20:14:19.892,61,0.0000000000,0.3323059976,0.0936178043,0.0000000000,0.0000000000,0.0510793813,0.4498477876,0.0000000000,0.3327448070,0.0391729847,0.0000000000,0.0000000000,0.0510835946,0.4519411922,0.0839712545,0.0198291130,0.0000000000,0.2442765236,0.1036663204,0.2541264594,0.1326886415,0.0289537087,0.0000000000,0.0462308973,0.0371397659,0.0000000000,0.0000000000,0.0582557730,0.0564072542,0.3238819838,0.3012143672,0.0415541269,0.0338641070,0.0670147613,0.0528907031,0.0223993901,0.0229355525,0.4186958075,0.3851768672,0.0863403082,0.0791953355,0.0000000000,0.0000000000,0.4538003206,0.3853066862,0.3865436912,0.0126697039,0.0681434497,0.0753336996,0.1112282202,0.1088816300,0.0004713172,0.0000000000,0.0000000000,0.0000000000,-0.0234366972,0.2033188641,-0.0048314082,0.0560124032,0.2033175379,0.0115413144
20:20:14:20.893,61,0.0000000000,0.3314618766,0.0950739980,0.0000000000,0.0000000000,0.0509818569,0.4606573880,0.0000000000,0.3319224119,0.0378467292,0.0000000000,0.0000000000,0.0509879440,0.4631786346,0.0834973752,0.0705860704,0.0000000000,0.2440205067,0.1042308733,0.2519427240,0.1349014789,0.0299696177,0.0000000000,0.0449873842,0.0362390168,0.0000000000,0.0000000000,0.0583116524,0.0565342829,0.3257884979,0.2997564673,0.0416394398,0.0339358039,0.0674403310,0.0531289205,0.0225209035,0.0230235476,0.4188913703,0.3846606314,0.0861732736,0.0790362284,0.0000000000,0.0000000000,0.4043250680,0.3434417248,0.3453317285,0.0126747638,0.0679421276,0.0752132758,0.1114294305,0.1092525274,0.0005512867,0.0000000000,0.0000000000,0.0000000000,-0.0226455647,0.2028125972,-0.0046563991,0.0568896532,0.2028112113,0.0116918581
20:20:14:21.895,61,0.0000000000,0.3316574991,0.0961198807,0.0000000000,0.0000000000,0.0508760959,0.4791071415,0.0000000000,0.3321340680,0.0370037742,0.0000000000,0.0000000000,0.0508837998,0.4818578362,0.0831879154,0.0795833692,0.0000000000,0.2444808930,0.1044854522,0.2459975183,0.1353121400,0.0306345839,0.0000000000,0.0448525958,0.0365040116,0.0000000000,0.0000000000,0.0584943146,0.0567619242,0.3285310268,0.2993721068,0.0416187905,0.0339833237,0.0675497353,0.0532025807,0.0225603692,0.0230238456,0.4387956262,0.3977229297,0.0861011446,0.0789545253,0.0000000000,0.0000000000,0.3912864029,0.3333975077,0.3354458213,0.0126183042,0.0677741915,0.0751073956,0.1115386859,0.1094916239,0.0005610272,0.0000000000,0.0000000000,0.0000000000,-0.0221405961,0.2029395849,-0.0045555173,0.0575140454,0.2029382586,0.0118276402
20:20:14:22.896,61,0.0000000000,0.3292818964,0.0961488485,0.0000000000,0.0000000000,0.0508009642,0.4854004979,0.0000000000,0.3297548890,0.0371919945,0.0000000000,0.0000000000,0.0508102030,0.4882652462,0.0826932192,0.0762459040,0.0000000000,0.2453345805,0.1048219576,0.2324428409,0.1345209628,0.0312531814,0.0000000000,0.0457626767,0.0370610841,0.0000000000,0.0000000000,0.0587080680,0.0570470840,0.3315367103,0.3005309999,0.0415760018,0.0340425223,0.0674092919,0.0530385189,0.0225243643,0.0229387805,0.4439956844,0.4013366997,0.0856325552,0.0784830749,0.0000000000,0.0000000000,0.3843991458,0.3297759295,0.3319708109,0.0125169847,0.0675750822,0.0749316663,0.1115062013,0.1095209718,0.0003830094,0.0000000000,0.0000000000,0.0000000000,-0.0222598482,0.2014864236,-0.0045463457,0.0575484820,0.2014850229,0.0117476275
20:20:14:23.897,61,0.0000000000,0.3279861808,0.0964890495,0.0000000000,0.0000000000,0.0510238744,0.4815648496,0.0000000000,0.3284623921,0.0369570069,0.0000000000,0.0000000000,0.0510348603,0.4844735563,0.0821437463,0.0730104074,0.0000000000,0.2454005182,0.1060471758,0.2277618945,0.1345564872,0.0317964591,0.0000000000,0.0462441556,0.0374451019,0.0000000000,0.0000000000,0.0588522777,0.0572801940,0.3328202069,0.3011370301,0.0417447761,0.0341594927,0.0676246583,0.0530701950,0.0225470569,0.0229147095,0.4378710389,0.3991713226,0.0850200132,0.0778925493,0.0000000000,0.0000000000,0.3781706095,0.3272813559,0.3295419812,0.0124448119,0.0674965680,0.0748566836,0.1117815599,0.1098722368,0.0002755250,0.0000000000,0.0000000000,0.0000000000,-0.0221227631,0.2006960511,-0.0045001418,0.0577614121,0.2006946206,0.0117435204
20:20:14:24.898,61,0.0000000000,0.3282946646,0.0966492668,0.0000000000,0.0000000000,0.0508988611,0.4767628908,0.0000000000,0.3287733197,0.0369296856,0.0000000000,0.0000000000,0.0509108268,0.4795017242,0.0812891573,0.0513261817,0.0000000000,0.2451475263,0.1067344099,0.2251633406,0.1346696317,0.0322503373,0.0000000000,0.0505750999,0.0392339081,0.0000000000,0.0000000000,0.0589441806,0.0574893802,0.3288019300,0.3008789718,0.0418442190,0.0341933109,0.0678514764,0.0531564876,0.0225236751,0.0228680670,0.4299986959,0.3942628205,0.0846328810,0.0774983317,0.0000000000,0.0000000000,0.3727431893,0.3241417408,0.3263746500,0.0123531744,0.0674262121,0.0747464001,0.1122313216,0.1103513390,0.0002572539,0.0000000000,0.0000000000,0.0000000000,-0.0221055541,0.2008859515,-0.0045010136,0.0578550957,0.2008845359,0.0117739812
20:20:14:25.899,61,0.0000000000,0.3286401629,0.0963141248,0.0000000000,0.0000000000,0.0506687537,0.4548411071,0.0000000000,0.3291146755,0.0371007510,0.0000000000,0.0000000000,0.0506809615,0.4569724500,0.0807823241,0.0087324698,0.0000000000,0.2436529696,0.1065651849,0.2301628143,0.1349686831,0.0322325602,0.0000000000,0.0531198271,0.0413776562,0.0000000000,0.0000000000,0.0588762127,0.0575249866,0.3182902932,0.2988281846,0.0417389087,0.0340876020,0.0681328028,0.0533734001,0.0225661229,0.0229384862,0.4273375869,0.3926728368,0.0846758112,0.0776225254,0.0000000000,0.0000000000,0.4074110091,0.3423583508,0.3432057500,0.0123499632,0.0672786385,0.0745856911,0.1124370843,0.1106355190,0.0002069532,0.0000000000,0.0000000000,0.0000000000,-0.0222070087,0.2010949850,-0.0045265011,0.0576520078,0.2010935247,0.0117452415
