Timecode,BlendshapeCount,EyeBlinkLeft,EyeLookDownLeft,EyeLookInLeft,EyeLookOutLeft,EyeLookUpLeft,EyeSquintLeft,EyeWideLeft,EyeBlinkRight,EyeLookDownRight,EyeLookInRight,EyeLookOutRight,EyeLookUpRight,EyeSquintRight,EyeWideRight,JawForward,JawRight,JawLeft,JawOpen,MouthClose,MouthFunnel,MouthPucker,MouthRight,MouthLeft,MouthSmileLeft,MouthSmileRight,MouthFrownLeft,MouthFrownRight,MouthDimpleLeft,MouthDimpleRight,MouthStretchLeft,MouthStretchRight,MouthRollLower,MouthRollUpper,MouthShrugLower,MouthShrugUpper,MouthPressLeft,MouthPressRight,MouthLowerDownLeft,MouthLowerDownRight,MouthUpperUpLeft,MouthUpperUpRight,BrowDownLeft,BrowDownRight,BrowInnerUp,BrowOuterUpLeft,BrowOuterUpRight,CheekPuff,CheekSquintLeft,CheekSquintRight,NoseSneerLeft,NoseSneerRight,TongueOut,HeadYaw,HeadPitch,HeadRoll,LeftEyeYaw,LeftEyePitch,LeftEyeRoll,RightEyeYaw,RightEyePitch,RightEyeRoll
20:20:27:35.718,61,0.0006218379,0.1562908739,0.0780037716,0.0000000000,0.0000000000,0.1296962053,0.5244709253,0.0006202745,0.1563987732,0.0524909198,0.0000000000,0.0000000000,0.1298300922,0.5256323814,0.0683527887,0.0158655532,0.0000000000,0.1303106993,0.1473388076,0.1050932333,0.1794669777,0.0388239771,0.0000000000,0.0851899981,0.0674058422,0.0000000000,0.0000000000,0.0648504719,0.0631114841,0.2444412708,0.2337349206,0.1626910269,0.0699388981,0.1549903601,0.0779419765,0.0653493926,0.0701807663,0.1891519725,0.1650931537,0.0222072583,0.0212829635,0.1739188582,0.1729712635,0.1112825125,0.0000000000,0.0000000000,0.0399767607,0.1106726527,0.1261935979,0.1293623000,0.1344367713,0.0000014977,0.0000000000,0.0000000000,0.0000000000,-0.0319186077,0.0955874324,-0.0030598147,0.0474326350,0.0955804884,0.0045457548
20:20:27:36.719,61,0.0005722824,0.1563520133,0.0787256658,0.0000000000,0.0000000000,0.1282889098,0.4628245533,0.0005708435,0.1564654261,0.0517599732,0.0000000000,0.0000000000,0.1284136474,0.4640516341,0.0679894313,0.0154962977,0.0000000000,0.1298064739,0.1470687240,0.1056093052,0.1801285297,0.0391236618,0.0000000000,0.0866558626,0.0675635338,0.0000000000,0.0000000000,0.0646494552,0.0628749505,0.2428356558,0.2319709808,0.1544301957,0.0683053210,0.1551710516,0.0781812370,0.0652897060,0.0700401142,0.1882846653,0.1646862924,0.0223071668,0.0213278700,0.1560776234,0.1550344229,0.1116543487,0.0000000000,0.0000000000,0.0403231382,0.1106854156,0.1260682940,0.1293639392,0.1342490911,0.0000026228,0.0000000000,0.0000000000,0.0000000000,-0.0314740054,0.0956267938,-0.0030184591,0.0478714332,0.0956198946,0.0045896778
20:20:27:37.721,61,0.0005266760,0.1547926813,0.0793248266,0.0000000000,0.0000000000,0.1260721087,0.3904877901,0.0005253518,0.1549098939,0.0510729812,0.0000000000,0.0000000000,0.1261926442,0.3919015825,0.0668669716,0.0152994934,0.0000000000,0.1247783750,0.1448155940,0.1057596281,0.1801122725,0.0406623408,0.0000000000,0.0950452462,0.0685575679,0.0000000000,0.0000000000,0.0644236431,0.0625925213,0.2384025007,0.2235994488,0.1480277330,0.0648947135,0.1554684490,0.0785544664,0.0650919527,0.0697112381,0.1853033453,0.1634523720,0.0224713199,0.0213973187,0.1508446783,0.1497651935,0.1121423990,0.0000000000,0.0000000000,0.0404920615,0.1103907302,0.1255142093,0.1292097569,0.1337617040,0.0000031058,0.0000000000,0.0000000000,0.0000000000,-0.0310590807,0.0946748778,-0.0029488490,0.0482401550,0.0946679413,0.0045786793
20:20:27:38.722,61,0.0004847041,0.1553036273,0.0796538368,0.0000000000,0.0000000000,0.1239920855,0.3015340865,0.0004834855,0.1554238498,0.0506648198,0.0000000000,0.0000000000,0.1241130978,0.3030058146,0.0652543083,0.0151181053,0.0000000000,0.1202459037,0.1419872046,0.1056298912,0.1805163026,0.0413403288,0.0000000000,0.1000984237,0.0730452985,0.0000000000,0.0000000000,0.0640313476,0.0621954389,0.2304504216,0.2155124247,0.1429028958,0.0615196377,0.1562605202,0.0791430771,0.0650083721,0.0694366172,0.1795123369,0.1609890014,0.0226549357,0.0215033889,0.1478970945,0.1467917264,0.1125737354,0.0000000000,0.0000000000,0.0408440828,0.1101909503,0.1251463741,0.1293164343,0.1335607767,0.0000037388,0.0000000000,0.0000000000,0.0000000000,-0.0308099482,0.0949882418,-0.0029349441,0.0484387949,0.0949813202,0.0046128291
20:20:27:39.722,61,0.0004460771,0.1622685492,0.0831350461,0.0000000000,0.0000000000,0.1207978725,0.2199060470,0.0004449556,0.1624208987,0.0471253023,0.0000000000,0.0000000000,0.1209194586,0.2210905701,0.0639882013,0.0148219569,0.0000000000,0.1180791035,0.1407413483,0.1056900397,0.1806037873,0.0413322374,0.0000000000,0.1029396430,0.0850709602,0.0000000000,0.0000000000,0.0635314062,0.0617609285,0.2272154987,0.2123425603,0.1383898258,0.0584780350,0.1575303972,0.0800841376,0.0647398233,0.0689569935,0.1775614023,0.1601938158,0.0230098367,0.0218232851,0.1380305141,0.1370660067,0.1131561100,0.0000000000,0.0000000000,0.0409225635,0.1102731675,0.1251706928,0.1303773373,0.1343762130,0.0000037662,0.0000000000,0.0000000000,0.0000000000,-0.0286455955,0.0992581472,-0.0028522853,0.0505348071,0.0992513448,0.0050299983
20:20:27:40.723,61,0.0004105283,0.1797578633,0.0886715800,0.0000000000,0.0000000000,0.1150934398,0.1575773805,0.0004094962,0.1799722612,0.0417573415,0.0000000000,0.0000000000,0.1152029932,0.1584567279,0.0630485937,0.0143265380,0.0000000000,0.1164014563,0.1398264170,0.1055505648,0.1778542548,0.0410438329,0.0000000000,0.1175500527,0.1044897586,0.0000000000,0.0000000000,0.0631841347,0.0614895597,0.2236717343,0.2095092982,0.1362439245,0.0568801761,0.1581426859,0.0806886032,0.0642868355,0.0680928901,0.1769811809,0.1602650136,0.0234412905,0.0222327895,0.1222638339,0.1214023903,0.1157010496,0.0000000000,0.0000000000,0.0407339931,0.1104609147,0.1252729744,0.1317343563,0.1356270909,0.0000024466,0.0000000000,0.0000000000,0.0000000000,-0.0253540762,0.1099742800,-0.0027992851,0.0538398325,0.1099678203,0.0059416904
20:20:27:41.725,61,0.0003778125,0.1919230223,0.0924396515,0.0000000000,0.0000000000,0.1093203127,0.1301414371,0.0003768626,0.1921850890,0.0381733067,0.0000000000,0.0000000000,0.1094266623,0.1309415549,0.0613609031,0.0140554458,0.0000000000,0.1141650528,0.1384869665,0.1048345119,0.1766926646,0.0409315974,0.0000000000,0.1219235361,0.1104892716,0.0000000000,0.0000000000,0.0628439561,0.0612135977,0.2191766649,0.2043261975,0.1348377317,0.0557295978,0.1585614681,0.0811450705,0.0637585223,0.0672408268,0.1765176654,0.1601197124,0.0237971023,0.0225573126,0.1129347235,0.1120199338,0.1179305241,0.0000000000,0.0000000000,0.0404535793,0.1103473380,0.1250493824,0.1324564815,0.1362230480,0.0000013622,0.0000000000,0.0000000000,0.0000000000,-0.0231582075,0.1174308434,-0.0027318068,0.0560801253,0.1174245626,0.0066120555
20:20:27:42.726,61,0.0003477039,0.1962048262,0.0946271718,0.0000000000,0.0000000000,0.1046127900,0.1169330105,0.0003468297,0.1964925826,0.0361563936,0.0000000000,0.0000000000,0.1047229171,0.1177132577,0.0603946485,0.0140889212,0.0000000000,0.1129982993,0.1376476735,0.1042011082,0.1728850603,0.0411932021,0.0000000000,0.1245357841,0.1135328189,0.0000000000,0.0000000000,0.0627077743,0.0611464530,0.2176084667,0.2024585754,0.1341487318,0.0549542308,0.1588929743,0.0814745501,0.0632131547,0.0664789006,0.1764923781,0.1600836813,0.0241164584,0.0228269473,0.1080946475,0.1070289612,0.1199837849,0.0000000000,0.0000000000,0.0400324017,0.1100655124,0.1246049181,0.1328094155,0.1364522874,0.0000003776,0.0000000000,0.0000000000,0.0000000000,-0.0219277460,0.1200595051,-0.0026451387,0.0573893040,0.1200533137,0.0069191591
20:20:27:43.727,61,0.0003199947,0.2073027790,0.0995547324,0.0000000000,0.0000000000,0.0997602716,0.1068802848,0.0003191901,0.2076545656,0.0314342082,0.0000000000,0.0000000000,0.0998624340,0.1077235714,0.0595365949,0.0139660528,0.0000000000,0.1116391122,0.1359343827,0.0996402204,0.1714436412,0.0410662256,0.0000000000,0.1264033318,0.1153865084,0.0000000000,0.0000000000,0.0625742823,0.0610856600,0.2085101455,0.1944921315,0.1338234246,0.0543725528,0.1592790037,0.0818114132,0.0627450123,0.0658027008,0.1761112809,0.1597971171,0.0243362021,0.0230232980,0.1014627665,0.1002465338,0.1212761030,0.0000000000,0.0000000000,0.0397383980,0.1096943468,0.1239804700,0.1330849826,0.1366246343,0.0000008585,0.0000000000,0.0000000000,0.0000000000,-0.0190477651,0.1268720925,-0.0024295289,0.0603269674,0.1268661171,0.0076899566
20:20:27:44.728,61,0.0002944937,0.2276641428,0.1030950099,0.0000000000,0.0000000000,0.0924806520,0.0850228518,0.0002937532,0.2280863971,0.0281543341,0.0000000000,0.0000000000,0.0925606489,0.0860458165,0.0555044226,0.0137323169,0.0000000000,0.1021056324,0.1253639460,0.0870432183,0.1660268754,0.0408852287,0.0000000000,0.1310378760,0.1172713339,0.0000000000,0.0000000000,0.0621061139,0.0606858134,0.1918092370,0.1789672971,0.1306003630,0.0528258830,0.1592349112,0.0820232704,0.0612224862,0.0629576221,0.1718916744,0.1570130587,0.0245349985,0.0231970046,0.0860592201,0.0845379680,0.1225914061,0.0000000000,0.0000000000,0.0389522798,0.1076858193,0.1189570352,0.1332789063,0.1366854310,0.0000010579,0.0000000000,0.0000000000,0.0000000000,-0.0170318242,0.1393504143,-0.0023887544,0.0623683259,0.1393447816,0.0087414980
20:20:27:45.728,61,0.0002710249,0.2373718321,0.1034525260,0.0000000000,0.0000000000,0.0878404826,0.0717358366,0.0002703434,0.2378145605,0.0280250907,0.0000000000,0.0000000000,0.0879119933,0.0728455335,0.0536414757,0.0136015499,0.0000000000,0.0987754315,0.1218051612,0.0830018148,0.1641892046,0.0408795998,0.0000000000,0.1343975514,0.1184417307,0.0000000000,0.0000000000,0.0616638549,0.0603068359,0.1864645481,0.1738879383,0.1293497235,0.0518898629,0.1593481749,0.0823126808,0.0603950769,0.0617038272,0.1703284532,0.1558223069,0.0247371197,0.0233578309,0.0806579962,0.0790256932,0.1237161681,0.0000000000,0.0000000000,0.0383799039,0.1066562980,0.1167376116,0.1335676908,0.1368315071,0.0000012469,0.0000000000,0.0000000000,0.0000000000,-0.0169392098,0.1452936530,-0.0024785018,0.0625314862,0.1452881545,0.0091433376
20:20:27:46.730,61,0.0002494264,0.2395005077,0.1037867293,0.0000000000,0.0000000000,0.0844426528,0.0624560006,0.0002487992,0.2399505973,0.0277843568,0.0000000000,0.0000000000,0.0845113173,0.0635656863,0.0517060868,0.0134769585,0.0000000000,0.0965301543,0.1194678396,0.0807181671,0.1632779092,0.0410371572,0.0000000000,0.1369315535,0.1192329824,0.0000000000,0.0000000000,0.0611235350,0.0598213859,0.1833011806,0.1705210656,0.1277541816,0.0508195944,0.1594870239,0.0826289505,0.0596653745,0.0607047267,0.1686692238,0.1542973518,0.0249528121,0.0235092994,0.0779435039,0.0762571767,0.1245674342,0.0000000000,0.0000000000,0.0378258042,0.1057866141,0.1151486710,0.1338394433,0.1369113177,0.0000014106,0.0000000000,0.0000000000,0.0000000000,-0.0167904831,0.1465983093,-0.0024791209,0.0627215132,0.1465928704,0.0092546241
20:20:27:47.731,61,0.0002295491,0.2431906164,0.1042118073,0.0000000000,0.0000000000,0.0818863586,0.0542955212,0.0002289719,0.2436521053,0.0274023134,0.0000000000,0.0000000000,0.0819519386,0.0553389415,0.0502933115,0.0133210914,0.0000000000,0.0941988006,0.1165829524,0.0785741210,0.1628038883,0.0410411321,0.0000000000,0.1386178136,0.1203181893,0.0000000000,0.0000000000,0.0605332479,0.0592861995,0.1783071160,0.1652614772,0.1262187660,0.0499642082,0.1595360935,0.0829232857,0.0590427630,0.0599182658,0.1650499254,0.1512566358,0.0250762720,0.0235951319,0.0763977319,0.0746992528,0.1251985282,0.0000000000,0.0000000000,0.0373608209,0.1044301018,0.1133302748,0.1338805407,0.1368130744,0.0000008942,0.0000000000,0.0000000000,0.0000000000,-0.0165540352,0.1488591433,-0.0024824659,0.0629572868,0.1488538086,0.0094347503
20:20:27:48.731,61,0.0002112559,0.2430781126,0.1038150340,0.0000000000,0.0000000000,0.0801923126,0.0496528745,0.0002107247,0.2435347140,0.0277886838,0.0000000000,0.0000000000,0.0802571028,0.0506501868,0.0491171069,0.0132019566,0.0000000000,0.0927073210,0.1147037446,0.0773034096,0.1627795845,0.0410807915,0.0000000000,0.1394598931,0.1208449900,0.0000000000,0.0000000000,0.0598855205,0.0586862415,0.1762108803,0.1630430073,0.1244041175,0.0490856878,0.1596882343,0.0832855254,0.0585104227,0.0592813157,0.1615040749,0.1481317580,0.0251740273,0.0236594994,0.0757971182,0.0741042644,0.1256066263,0.0000000000,0.0000000000,0.0369932503,0.1035099700,0.1122336462,0.1338964999,0.1367065161,0.0000007176,0.0000000000,0.0000000000,0.0000000000,-0.0167876258,0.1487880349,-0.0025162708,0.0627182424,0.1487826854,0.0093944175
20:20:27:49.732,61,0.0001944205,0.2439569980,0.1034697592,0.0000000000,0.0000000000,0.0787391663,0.0464473553,0.0001939317,0.2444111705,0.0280879214,0.0000000000,0.0000000000,0.0788028464,0.0474290289,0.0478073955,0.0130393934,0.0000000000,0.0908879787,0.1127259135,0.0763074681,0.1630105972,0.0412410833,0.0000000000,0.1401725113,0.1211865619,0.0000000000,0.0000000000,0.0590971448,0.0579846464,0.1732313782,0.1600546390,0.1210029796,0.0480310991,0.1596300453,0.0835445896,0.0579648912,0.0586389303,0.1588881612,0.1456672400,0.0252823979,0.0237155277,0.0754871741,0.0738051236,0.1258924752,0.0000000000,0.0000000000,0.0366463959,0.1026922464,0.1113003939,0.1339190155,0.1365511417,0.0000005855,0.0000000000,0.0000000000,0.0000000000,-0.0169670358,0.1493239552,-0.0025524576,0.0625046119,0.1493186355,0.0093966918
20:20:27:50.734,61,0.0001789267,0.2413920909,0.1033659503,0.0000000000,0.0000000000,0.0779151022,0.0445812047,0.0001784769,0.2418406308,0.0281731952,0.0000000000,0.0000000000,0.0779792741,0.0455652401,0.0469367318,0.0130039714,0.0000000000,0.0898951218,0.1117057055,0.0756526887,0.1628607363,0.0412408859,0.0000000000,0.1407752633,0.1217563376,0.0000000000,0.0000000000,0.0584959127,0.0574502945,0.1720577776,0.1588542759,0.1195946261,0.0472827852,0.1595347077,0.0837540701,0.0574234203,0.0580190681,0.1576235145,0.1444705725,0.0254129488,0.0238137282,0.0757779181,0.0740990564,0.1261419207,0.0000000000,0.0000000000,0.0362020768,0.1021648645,0.1107758433,0.1339252591,0.1364733726,0.0000004372,0.0000000000,0.0000000000,0.0000000000,-0.0170225464,0.1477536112,-0.0025334791,0.0624565259,0.1477482319,0.0092892703
20:20:27:51.735,61,0.0001646677,0.2409612685,0.1032808423,0.0000000000,0.0000000000,0.0773556456,0.0434142202,0.0001642537,0.2414080203,0.0282694828,0.0000000000,0.0000000000,0.0774200335,0.0444035977,0.0462489314,0.0129017187,0.0000000000,0.0891060829,0.1109370664,0.0751254037,0.1625221074,0.0411892198,0.0000000000,0.1430205256,0.1236308217,0.0000000000,0.0000000000,0.0580486506,0.0570536926,0.1713284105,0.1581580639,0.1187798902,0.0466666408,0.1595011055,0.0839893073,0.0570023395,0.0575203449,0.1569472998,0.1437919736,0.0255762655,0.0239454117,0.0781199187,0.0764436200,0.1262700558,0.0000000000,0.0000000000,0.0357939862,0.1017993614,0.1104383767,0.1340230256,0.1364952028,0.0000008610,0.0000000000,0.0000000000,0.0000000000,-0.0170813967,0.1474894285,-0.0025376249,0.0624075532,0.1474840790,0.0092651593
20:20:27:52.736,61,0.0001515450,0.2413450629,0.1031318232,0.0000000000,0.0000000000,0.0767020434,0.0428234190,0.0001511640,0.2417906523,0.0284717456,0.0000000000,0.0000000000,0.0767660066,0.0438149832,0.0448341221,0.0127182184,0.0000000000,0.0867406279,0.1087181419,0.0744282752,0.1602303833,0.0410583168,0.0000000000,0.1439307779,0.1244687065,0.0000000000,0.0000000000,0.0573878214,0.0564521514,0.1704391837,0.1574431658,0.1139333770,0.0455239154,0.1591699123,0.0841452628,0.0563355796,0.0565159619,0.1540323198,0.1415771544,0.0257329587,0.0240737833,0.0793795362,0.0776900724,0.1260802448,0.0000000000,0.0000000000,0.0351504833,0.1011215821,0.1098031849,0.1338115931,0.1361986250,0.0000014651,0.0000000000,0.0000000000,0.0000000000,-0.0172030125,0.1477235407,-0.0025598065,0.0623153336,0.1477181315,0.0092663830
20:20:27:53.736,61,0.0001394681,0.2425668538,0.1030397117,0.0000000000,0.0000000000,0.0761924386,0.0420835130,0.0001391174,0.2430134565,0.0285627842,0.0000000000,0.0000000000,0.0762560740,0.0430777781,0.0439721160,0.0125024999,0.0000000000,0.0857185423,0.1078002453,0.0739296451,0.1593657434,0.0409364440,0.0000000000,0.1444067359,0.1249570549,0.0000000000,0.0000000000,0.0567739345,0.0558816940,0.1698948592,0.1569844633,0.1121743321,0.0447540842,0.1587845087,0.0842136145,0.0556868277,0.0557462052,0.1530025899,0.1407165080,0.0258826371,0.0242001265,0.0799572766,0.0782696307,0.1262028962,0.0000000000,0.0000000000,0.0345834754,0.1006542817,0.1093625799,0.1336955726,0.1359913647,0.0000019002,0.0000000000,0.0000000000,0.0000000000,-0.0172560960,0.1484707445,-0.0025808846,0.0622527525,0.1484653801,0.0093046082
20:20:27:54.737,61,0.0001283536,0.2424399108,0.1024216041,0.0000000000,0.0000000000,0.0757912397,0.0413486883,0.0001280309,0.2428790182,0.0291864108,0.0000000000,0.0000000000,0.0758547336,0.0423389040,0.0433879532,0.0122006889,0.0000000000,0.0852571577,0.1074695811,0.0738798603,0.1609802693,0.0406716801,0.0000000000,0.1448482126,0.1254409850,0.0000000000,0.0000000000,0.0563038737,0.0554435179,0.1696374416,0.1568252295,0.1114094183,0.0441876277,0.1587876379,0.0844131336,0.0553307049,0.0553144999,0.1527745724,0.1405809522,0.0260525346,0.0243574344,0.0807455927,0.0791004971,0.1264122277,0.0000000000,0.0000000000,0.0343693756,0.1004798189,0.1092403829,0.1338993311,0.1361679286,0.0000020695,0.0000000000,0.0000000000,0.0000000000,-0.0176330712,0.1483895928,-0.0026357973,0.0618800446,0.1483842432,0.0092438459
20:20:27:55.738,61,0.0002380787,0.2420878857,0.1020233780,0.0000000000,0.0000000000,0.0755318850,0.0389044769,0.0002374370,0.2425217927,0.0295572244,0.0000000000,0.0000000000,0.0755954236,0.0398520678,0.0428651571,0.0118754711,0.0000000000,0.0847961381,0.1070924401,0.0736165345,0.1617113501,0.0405118465,0.0000000000,0.1454844177,0.1259258687,0.0000000000,0.0000000000,0.0558504574,0.0550077744,0.1690965146,0.1564120501,0.1109561622,0.0436937101,0.1587208956,0.0845815167,0.0550425984,0.0549610592,0.1526250392,0.1404561549,0.0261814408,0.0244650263,0.0815794244,0.0799679831,0.1265696138,0.0000000000,0.0000000000,0.0342189223,0.1003428102,0.1091166362,0.1340457499,0.1362498850,0.0000020619,0.0000000000,0.0000000000,0.0000000000,-0.0178576838,0.1481719613,-0.0026653961,0.0616414323,0.1481665671,0.0091945417
20:20:27:56.740,61,0.0002522116,0.2420668304,0.1018555462,0.0000000000,0.0000000000,0.0751209855,0.0377499871,0.0002515259,0.2424987555,0.0297159925,0.0000000000,0.0000000000,0.0751845688,0.0386951417,0.0421917699,0.0117061473,0.0000000000,0.0838605613,0.1060870141,0.0730192289,0.1618452519,0.0404053889,0.0000000000,0.1460817009,0.1264736652,0.0000000000,0.0000000000,0.0552959479,0.0544806868,0.1673315018,0.1552587003,0.1100313663,0.0430864841,0.1585018784,0.0847326890,0.0546208397,0.0544873737,0.1518235058,0.1397413164,0.0262871720,0.0245521255,0.0827172697,0.0811146498,0.1263218373,0.0000000000,0.0000000000,0.0338990204,0.0998467058,0.1086381152,0.1338985562,0.1360339373,0.0000030192,0.0000000000,0.0000000000,0.0000000000,-0.0179536436,0.1481581330,-0.0026794630,0.0615401492,0.1481527239,0.0091785854
20:20:27:57.741,61,0.0002498322,0.2423801273,0.1019903943,0.0000000000,0.0000000000,0.0742791444,0.0371272899,0.0002491502,0.2428141832,0.0295703989,0.0000000000,0.0000000000,0.0743399784,0.0380783677,0.0414879806,0.0115225445,0.0000000000,0.0826499537,0.1045333073,0.0707596093,0.1584437490,0.0403536521,0.0000000000,0.1495058537,0.1285792291,0.0000000000,0.0000000000,0.0548245385,0.0540358946,0.1651561558,0.1537924260,0.1090174913,0.0425107256,0.1579497904,0.0846827626,0.0540639125,0.0538880937,0.1509116888,0.1386885494,0.0263335630,0.0245796610,0.0833974853,0.0817966312,0.1259753853,0.0000000000,0.0000000000,0.0333416611,0.0985002071,0.1069797501,0.1335240453,0.1355631799,0.0000036819,0.0000000000,0.0000000000,0.0000000000,-0.0178651679,0.1483506113,-0.0026697752,0.0616198666,0.1483452022,0.0092025744
20:20:27:58.742,61,0.0002394070,0.2426113039,0.1016596034,0.0000000000,0.0000000000,0.0733817741,0.0371766947,0.0002387522,0.2430418432,0.0298936125,0.0000000000,0.0000000000,0.0734404996,0.0381383076,0.0408483297,0.0113968402,0.0000000000,0.0819000602,0.1037027314,0.0697267205,0.1559538394,0.0403956138,0.0000000000,0.1507405043,0.1294126511,0.0000000000,0.0000000000,0.0543824546,0.0536147729,0.1642982513,0.1531424671,0.1083319932,0.0419433787,0.1575528234,0.0847123265,0.0534953438,0.0532915406,0.1502862275,0.1380035132,0.0264305752,0.0246488024,0.0838545337,0.0822516605,0.1256010085,0.0000000000,0.0000000000,0.0327291153,0.0976412222,0.1060408428,0.1333358586,0.1352603883,0.0000046806,0.0000000000,0.0000000000,0.0000000000,-0.0180600658,0.1484902352,-0.0027014753,0.0614187270,0.1484848708,0.0091813384
20:20:27:59.743,61,0.0002254048,0.2435990125,0.1016183794,0.0000000000,0.0000000000,0.0726712197,0.0373410545,0.0002247875,0.2440306544,0.0299507398,0.0000000000,0.0000000000,0.0727286190,0.0382957235,0.0405746736,0.0110421497,0.0000000000,0.0818023980,0.1036419794,0.0693583935,0.1553852260,0.0401341133,0.0000000000,0.1513043493,0.1297875345,0.0000000000,0.0000000000,0.0541482791,0.0533924997,0.1640484035,0.1530672163,0.1083319634,0.0416760333,0.1572984308,0.0846713111,0.0531340428,0.0529110692,0.1503823996,0.1380920410,0.0264891945,0.0247034319,0.0839644298,0.0823715106,0.1257343441,0.0000000000,0.0000000000,0.0323709808,0.0972114801,0.1055621728,0.1335260868,0.1353770345,0.0000046114,0.0000000000,0.0000000000,0.0000000000,-0.0180929359,0.1490944475,-0.0027175688,0.0613882765,0.1490891278,0.0092146927
20:20:28:00.745,61,0.0002101591,0.2467177063,0.1007253006,0.0000000000,0.0000000000,0.0721462816,0.0359019153,0.0002095832,0.2471438795,0.0308220163,0.0000000000,0.0000000000,0.0722023398,0.0367688276,0.0404761024,0.0105304206,0.0000000000,0.0819316804,0.1038369685,0.0692150518,0.1553946584,0.0378733911,0.0000000000,0.1513609290,0.1302213967,0.0000000000,0.0000000000,0.0539172105,0.0532040857,0.1637183726,0.1529824734,0.1084603891,0.0415348671,0.1569621563,0.0845644698,0.0528852157,0.0526376925,0.1505756378,0.1384490728,0.0264995620,0.0247629676,0.0840488970,0.0824818835,0.1257730573,0.0000000000,0.0000000000,0.0321625955,0.0969414413,0.1053370088,0.1337314844,0.1356611997,0.0000030429,0.0000000000,0.0000000000,0.0000000000,-0.0186139140,0.1509979665,-0.0028320504,0.0608312562,0.1509926915,0.0092495484
20:20:28:01.745,61,0.0001948655,0.2491920888,0.1000634804,0.0000000000,0.0000000000,0.0714607090,0.0348810405,0.0001943313,0.2496142238,0.0314863846,0.0000000000,0.0000000000,0.0715153441,0.0356925316,0.0401466005,0.0100984583,0.0000000000,0.0817598403,0.1037381291,0.0689842626,0.1550682038,0.0369204767,0.0000000000,0.1517653316,0.1316787004,0.0000000000,0.0000000000,0.0535776988,0.0529074706,0.1631123871,0.1525752991,0.1080871001,0.0412251055,0.1563651264,0.0843764991,0.0524544865,0.0521771535,0.1505805403,0.1385967433,0.0265542828,0.0248521585,0.0842140242,0.0826665759,0.1257211566,0.0000000000,0.0000000000,0.0317072161,0.0965165794,0.1049431488,0.1338815540,0.1358539611,0.0000019123,0.0000000000,0.0000000000,0.0000000000,-0.0190107450,0.1525084376,-0.0029218041,0.0604176186,0.1525032222,0.0092800688
20:20:28:02.747,61,0.0001801147,0.2492391020,0.1000128984,0.0000000000,0.0000000000,0.0707456842,0.0343465358,0.0001796209,0.2496608347,0.0315097049,0.0000000000,0.0000000000,0.0707991496,0.0351386108,0.0397198200,0.0097079314,0.0000000000,0.0815351829,0.1036300287,0.0687964261,0.1545767039,0.0362203531,0.0000000000,0.1521497369,0.1325747073,0.0000000000,0.0000000000,0.0532097332,0.0525866337,0.1625937521,0.1522618234,0.1073307022,0.0408750102,0.1544844359,0.0840290561,0.0519138873,0.0516041145,0.1505579054,0.1387047470,0.0266084168,0.0249394048,0.0843241066,0.0827840716,0.1256515533,0.0000000000,0.0000000000,0.0311670639,0.0960370973,0.1044919267,0.1338989139,0.1359286159,0.0000008188,0.0000000000,0.0000000000,0.0000000000,-0.0190247446,0.1525369585,-0.0029245105,0.0603868067,0.1525316983,0.0092770997
20:20:28:03.747,61,0.0001661776,0.2490401119,0.0995436981,0.0000000000,0.0000000000,0.0701293126,0.0342095867,0.0001657220,0.2494559288,0.0319442861,0.0000000000,0.0000000000,0.0701817870,0.0349982493,0.0392149985,0.0094559081,0.0000000000,0.0810112730,0.1031176075,0.0682996511,0.1534177363,0.0358443148,0.0000000000,0.1525014341,0.1332074702,0.0000000000,0.0000000000,0.0528159887,0.0522391871,0.1617745161,0.1517259479,0.1066159606,0.0404682495,0.1535987109,0.0838260874,0.0513934307,0.0510513671,0.1495024562,0.1381599456,0.0266106427,0.0249561258,0.0841631293,0.0826165527,0.1254126430,0.0000000000,0.0000000000,0.0306342784,0.0954062045,0.1038492247,0.1335447729,0.1355556697,0.0000007432,0.0000000000,0.0000000000,0.0000000000,-0.0192875043,0.1524125487,-0.0029624410,0.0601046346,0.1524073184,0.0092261583
20:20:28:04.749,61,0.0001531576,0.2488720268,0.0995556116,0.0000000000,0.0000000000,0.0695573837,0.0341181532,0.0001527376,0.2492877394,0.0319408849,0.0000000000,0.0000000000,0.0696087331,0.0349091031,0.0387042984,0.0091365501,0.0000000000,0.0804530159,0.1025445387,0.0676838234,0.1527030915,0.0356765799,0.0000000000,0.1529655010,0.1336345226,0.0000000000,0.0000000000,0.0524189547,0.0518687367,0.1607392281,0.1511215568,0.1058987230,0.0400307439,0.1530081481,0.0837161466,0.0508904494,0.0505093448,0.1484140307,0.1375383139,0.0266079549,0.0249479804,0.0839724615,0.0824187696,0.1251258850,0.0000000000,0.0000000000,0.0301077589,0.0947956964,0.1031784043,0.1332002431,0.1351050884,0.0000007266,0.0000000000,0.0000000000,0.0000000000,-0.0192857534,0.1523097754,-0.0029601438,0.0601127706,0.1523044854,0.0092210835
20:20:28:05.749,61,0.0001695006,0.2494073361,0.0993690044,0.0000000000,0.0000000000,0.0692364499,0.0334934816,0.0001690947,0.2498215437,0.0321420468,0.0000000000,0.0000000000,0.0692872703,0.0342955217,0.0383496657,0.0089025069,0.0000000000,0.0802512616,0.1024196893,0.0674829334,0.1538008749,0.0357475802,0.0000000000,0.1533608586,0.1339018345,0.0000000000,0.0000000000,0.0521466099,0.0516024008,0.1605155170,0.1509831697,0.1055821702,0.0396854728,0.1530107707,0.0838229507,0.0506159291,0.0502055138,0.1482215971,0.1374695599,0.0266706292,0.0249895863,0.0836923793,0.0821376666,0.1252525151,0.0000000000,0.0000000000,0.0298277549,0.0945471749,0.1029008999,0.1332528591,0.1350420713,0.0000007889,0.0000000000,0.0000000000,0.0000000000,-0.0194062442,0.1526362896,-0.0029851203,0.0599970967,0.1526310295,0.0092234025
20:20:28:06.750,61,0.0003215555,0.2495231032,0.0994101241,0.0000000000,0.0000000000,0.0691495538,0.0322770551,0.0003205774,0.2499379665,0.0321209691,0.0000000000,0.0000000000,0.0692000687,0.0330550447,0.0381539650,0.0086459666,0.0000000000,0.0803757384,0.1026790664,0.0676754639,0.1571439356,0.0358456820,0.0000000000,0.1534462720,0.1338398457,0.0000000000,0.0000000000,0.0519223362,0.0513774715,0.1605308801,0.1510217339,0.1055263355,0.0394459106,0.1531823874,0.0839467868,0.0504625440,0.0500209779,0.1484813392,0.1377627254,0.0267799105,0.0250733960,0.0834458545,0.0818920657,0.1255238056,0.0000000000,0.0000000000,0.0297185238,0.0946451426,0.1029660627,0.1335045397,0.1352040917,0.0000007434,0.0000000000,0.0000000000,0.0000000000,-0.0193933044,0.1527073681,-0.0029845415,0.0600212701,0.1527021527,0.0092314798
20:20:28:07.751,61,0.0005137747,0.2483430654,0.0988318473,0.0000000000,0.0000000000,0.0691687688,0.0312840492,0.0005120075,0.2487491071,0.0327254981,0.0000000000,0.0000000000,0.0692194402,0.0320571400,0.0379481390,0.0085218539,0.0000000000,0.0804609135,0.1028497219,0.0676664636,0.1580066532,0.0362525284,0.0000000000,0.1535854936,0.1335647553,0.0000000000,0.0000000000,0.0517706797,0.0512167737,0.1606312990,0.1510601491,0.1054791138,0.0392991751,0.1530949473,0.0838963240,0.0502529256,0.0497835279,0.1486440450,0.1378530562,0.0268277582,0.0250759330,0.0837346539,0.0821740702,0.1255699247,0.0000000000,0.0000000000,0.0295242276,0.0946499035,0.1029347852,0.1335020214,0.1350574046,0.0000005895,0.0000000000,0.0000000000,0.0000000000,-0.0197604913,0.1519820839,-0.0030263737,0.0596787296,0.1519768238,0.0091345841
20:20:28:08.753,61,0.0005888416,0.2473853379,0.0992610529,0.0000000000,0.0000000000,0.0693262741,0.0306082889,0.0005868875,0.2477949262,0.0323154815,0.0000000000,0.0000000000,0.0693773180,0.0313902684,0.0378034525,0.0084463302,0.0000000000,0.0805730969,0.1031138673,0.0677954257,0.1581161171,0.0365149826,0.0000000000,0.1538117826,0.1336457729,0.0000000000,0.0000000000,0.0516873039,0.0511448942,0.1611208916,0.1514612585,0.1053318232,0.0391621180,0.1528773159,0.0837812424,0.0500032790,0.0495090373,0.1491163075,0.1382225305,0.0269333888,0.0251541231,0.0847208723,0.0831336230,0.1255739629,0.0000000000,0.0000000000,0.0292254109,0.0947269797,0.1030366719,0.1334895939,0.1349971294,0.0000017868,0.0000000000,0.0000000000,0.0000000000,-0.0195146557,0.1513983756,-0.0029770723,0.0599432550,0.1513931155,0.0091392389
20:20:28:09.753,61,0.0008046038,0.2483483702,0.0992898941,0.0000000000,0.0000000000,0.0692963898,0.0297707580,0.0008015499,0.2487597317,0.0323004834,0.0000000000,0.0000000000,0.0693477020,0.0305565577,0.0375769250,0.0084350221,0.0000000000,0.0805242136,0.1032245234,0.0678651929,0.1579591334,0.0369635485,0.0000000000,0.1564872861,0.1343462169,0.0000000000,0.0000000000,0.0516308695,0.0510754734,0.1614155322,0.1515965313,0.1051557884,0.0389658026,0.1526526064,0.0836977735,0.0497556664,0.0492345020,0.1500750780,0.1387040913,0.0271286014,0.0252992921,0.0873482004,0.0857153982,0.1256593317,0.0000000000,0.0000000000,0.0289024897,0.0948193222,0.1031398624,0.1337622255,0.1352005601,0.0000023907,0.0000000000,0.0000000000,0.0000000000,-0.0195038449,0.1519878209,-0.0029871867,0.0599552765,0.1519826204,0.0091772145
20:20:28:10.755,61,0.0008795958,0.2481449693,0.0991009474,0.0000000000,0.0000000000,0.0690401942,0.0291503761,0.0008763286,0.2485537380,0.0325111076,0.0000000000,0.0000000000,0.0690912828,0.0299420152,0.0373591520,0.0083595505,0.0000000000,0.0805706307,0.1033991799,0.0678321123,0.1575854272,0.0371851176,0.0000000000,0.1575530916,0.1348892152,0.0000000000,0.0000000000,0.0515708588,0.0510218330,0.1615355462,0.1516588181,0.1049767956,0.0388157368,0.1523213685,0.0835170597,0.0494581871,0.0489122383,0.1506267935,0.1390849203,0.0272474345,0.0253907871,0.0881813616,0.0865365714,0.1256475300,0.0000000000,0.0000000000,0.0285435468,0.0947650969,0.1030845568,0.1339201927,0.1352922469,0.0000029825,0.0000000000,0.0000000000,0.0000000000,-0.0196313988,0.1518623382,-0.0030041996,0.0598423257,0.1518570930,0.0091522662
20:20:28:11.755,61,0.0010819781,0.2485247552,0.0987462178,0.0000000000,0.0000000000,0.0686781853,0.0283139013,0.0010776527,0.2489298135,0.0328690074,0.0000000000,0.0000000000,0.0687290952,0.0291015357,0.0371212550,0.0082897274,0.0000000000,0.0805274472,0.1034538969,0.0676775947,0.1571774781,0.0373155959,0.0000000000,0.1594834477,0.1368730068,0.0000000000,0.0000000000,0.0515494384,0.0510144718,0.1614764035,0.1515956074,0.1048300192,0.0386675484,0.1520945132,0.0833873749,0.0491925590,0.0486187898,0.1510359496,0.1394153684,0.0273319278,0.0254572798,0.0885213092,0.0868712440,0.1257237494,0.0000000000,0.0000000000,0.0281700715,0.0945816636,0.1029070318,0.1340307295,0.1353404373,0.0000031942,0.0000000000,0.0000000000,0.0000000000,-0.0198468138,0.1520927697,-0.0030418402,0.0596260056,0.1520875096,0.0091332756
20:20:28:12.756,61,0.0011416340,0.2497424781,0.0983273089,0.0000000000,0.0000000000,0.0682466477,0.0277969148,0.0011371589,0.2501443028,0.0332902521,0.0000000000,0.0000000000,0.0682974830,0.0285904966,0.0369386263,0.0083045047,0.0000000000,0.0804182217,0.1033974290,0.0674468502,0.1566087902,0.0377131663,0.0000000000,0.1623400897,0.1379082352,0.0000000000,0.0000000000,0.0516068935,0.0510634929,0.1616084427,0.1516413540,0.1048718095,0.0385398306,0.1520854980,0.0833897218,0.0490320325,0.0484382510,0.1514113992,0.1396537721,0.0274328589,0.0255122203,0.0888675079,0.0872154236,0.1256677955,0.0000000000,0.0000000000,0.0278242230,0.0943830162,0.1026987731,0.1342650503,0.1354418248,0.0000025909,0.0000000000,0.0000000000,0.0000000000,-0.0200988762,0.1528355926,-0.0030957491,0.0593662895,0.1528303623,0.0091386521
20:20:28:13.757,61,0.0013386339,0.2509147227,0.0982119665,0.0000000000,0.0000000000,0.0677627921,0.0270369910,0.0013330452,0.2513168752,0.0334106982,0.0000000000,0.0000000000,0.0678134114,0.0278256759,0.0365780070,0.0083123436,0.0000000000,0.0800067782,0.1030391231,0.0671242625,0.1548718065,0.0378202870,0.0000000000,0.1637375504,0.1406908929,0.0000000000,0.0000000000,0.0515173860,0.0510000363,0.1614109576,0.1514402032,0.1044349819,0.0382637680,0.1518355608,0.0833365172,0.0487433076,0.0481226295,0.1514436156,0.1396653503,0.0275544804,0.0256176647,0.0891959742,0.0875406042,0.1255071163,0.0000000000,0.0000000000,0.0274053067,0.0940201655,0.1023617759,0.1343307346,0.1354788095,0.0000026243,0.0000000000,0.0000000000,0.0000000000,-0.0201693606,0.1535522491,-0.0031214021,0.0592900999,0.1535470337,0.0091704149
20:20:28:14.759,61,0.0018718576,0.2520954013,0.0980249792,0.0000000000,0.0000000000,0.0674765334,0.0251433365,0.0018586515,0.2524969280,0.0336291827,0.0000000000,0.0000000000,0.0675272718,0.0258326642,0.0363229141,0.0083058523,0.0000000000,0.0797665045,0.1029124185,0.0669876188,0.1539539993,0.0378668085,0.0000000000,0.1681939960,0.1466976851,0.0000000000,0.0000000000,0.0515436530,0.0510631502,0.1612872630,0.1513162702,0.1042560861,0.0380718634,0.1517087817,0.0833407044,0.0485247262,0.0478755608,0.1518876553,0.1400733888,0.0277695656,0.0258142240,0.0903022960,0.0886346549,0.1253952682,0.0000000000,0.0000000000,0.0270223022,0.0939646065,0.1023499742,0.1346414238,0.1358036995,0.0000031430,0.0000000000,0.0000000000,0.0000000000,-0.0202989858,0.1542736590,-0.0031564545,0.0591706038,0.1542684734,0.0091956388
20:20:28:15.760,61,0.0024974800,0.2529751658,0.0980116650,0.0000000000,0.0000000000,0.0672943443,0.0229880791,0.0024745024,0.2533777952,0.0336314812,0.0000000000,0.0000000000,0.0673450455,0.0235713962,0.0361344814,0.0082642846,0.0000000000,0.0795318857,0.1027917340,0.0668717325,0.1532609761,0.0378265008,0.0000000000,0.1712476909,0.1509360224,0.0000000000,0.0000000000,0.0515940711,0.0511434041,0.1610453278,0.1510732025,0.1041494831,0.0379250757,0.1515760273,0.0833426118,0.0483757034,0.0477063507,0.1524203271,0.1405669600,0.0279807560,0.0260180812,0.0908904076,0.0892271698,0.1253993958,0.0000000000,0.0000000000,0.0267380774,0.0940266848,0.1024735421,0.1350173801,0.1362214535,0.0000030812,0.0000000000,0.0000000000,0.0000000000,-0.0202986747,0.1548118442,-0.0031675948,0.0591576099,0.1548067033,0.0092262160
20:20:28:16.761,61,0.0034396180,0.2561014891,0.0977177024,0.0000000000,0.0000000000,0.0670068413,0.0201334693,0.0033510933,0.2565052807,0.0338801853,0.0000000000,0.0000000000,0.0670570508,0.0206422769,0.0360251591,0.0081163077,0.0000000000,0.0794353709,0.1028321460,0.0668189004,0.1528570056,0.0375991128,0.0000000000,0.1728202552,0.1533285379,0.0000000000,0.0000000000,0.0516484082,0.0512255430,0.1607861817,0.1508509517,0.1041575745,0.0378309190,0.1514284462,0.0833026022,0.0482584760,0.0475674197,0.1535329968,0.1418032944,0.0281665232,0.0262173861,0.0910570025,0.0894101039,0.1256624758,0.0000000000,0.0000000000,0.0264799614,0.0940722823,0.1025967300,0.1355766356,0.1368517131,0.0000029721,0.0000000000,0.0000000000,0.0000000000,-0.0204426460,0.1567231715,-0.0032300921,0.0589625128,0.1567180902,0.0093112271
20:20:28:17.762,61,0.0050875950,0.2576500177,0.0978224277,0.0000000000,0.0000000000,0.0670577511,0.0161025934,0.0048874738,0.2580574453,0.0337672271,0.0000000000,0.0000000000,0.0671075806,0.0165786203,0.0363189839,0.0079154428,0.0000000000,0.0799476877,0.1051172093,0.0675736815,0.1530602723,0.0373233855,0.0000000000,0.1771100014,0.1588208824,0.0000000000,0.0000000000,0.0520595685,0.0516673140,0.1624451876,0.1524229348,0.1070973128,0.0379987694,0.1517501920,0.0833900869,0.0483895019,0.0476782359,0.1704029441,0.1580619663,0.0284176264,0.0264802892,0.0879903063,0.0864602029,0.1295971721,0.0000000000,0.0000000000,0.0263708699,0.0951389372,0.1043049023,0.1393144280,0.1411974281,0.0000023190,0.0000000000,0.0000000000,0.0000000000,-0.0203714278,0.1576713473,-0.0032386393,0.0590168610,0.1576662064,0.0093771219
20:20:28:18.763,61,0.0063586775,0.2582769096,0.0969016105,0.0000000000,0.0000000000,0.0670619756,0.0129576428,0.0060853227,0.2586738169,0.0346707925,0.0000000000,0.0000000000,0.0671115592,0.0134150609,0.0364619121,0.0078151822,0.0000000000,0.0801849887,0.1058426574,0.0679218248,0.1529029757,0.0371941403,0.0000000000,0.1786029339,0.1606983244,0.0000000000,0.0000000000,0.0523175299,0.0519599766,0.1631052494,0.1530203819,0.1080164015,0.0380719975,0.1519259810,0.0834491029,0.0484521165,0.0477197692,0.1746451557,0.1621740311,0.0286117420,0.0266761929,0.0867327824,0.0852320045,0.1308585107,0.0000000000,0.0000000000,0.0262115989,0.0955260396,0.1048822999,0.1405443102,0.1425914019,0.0000013813,0.0000000000,0.0000000000,0.0000000000,-0.0209152848,0.1580497175,-0.0033332023,0.0584577732,0.1580446213,0.0093110632
20:20:28:19.764,61,0.0083191572,0.2590332925,0.0960187614,0.0000000000,0.0000000000,0.0670604259,0.0092073688,0.0079239793,0.2594202161,0.0355261452,0.0000000000,0.0000000000,0.0671099424,0.0097119780,0.0364837907,0.0077931955,0.0000000000,0.0802458376,0.1061355472,0.0681162179,0.1526849717,0.0371266454,0.0000000000,0.1811967641,0.1632562876,0.0000000000,0.0000000000,0.0525683165,0.0522603355,0.1633585840,0.1532451063,0.1083542407,0.0380857214,0.1520931572,0.0835434496,0.0484842025,0.0477189645,0.1764716953,0.1639832854,0.0288212579,0.0268830284,0.0862957463,0.0848030671,0.1314292401,0.0000000000,0.0000000000,0.0259976182,0.0956899300,0.1051432490,0.1411875039,0.1433207840,0.0000016420,0.0000000000,0.0000000000,0.0000000000,-0.0214297194,0.1585075259,-0.0034252326,0.0579209365,0.1585025042,0.0092528351
20:20:28:20.765,61,0.0132653499,0.2612680495,0.0949660242,0.0000000000,0.0000000000,0.0669699386,0.0021993341,0.0126319034,0.2616447806,0.0365940072,0.0000000000,0.0000000000,0.0670194104,0.0028683692,0.0363576710,0.0077439970,0.0000000000,0.0802176893,0.1062731966,0.0683591813,0.1527094245,0.0369146690,0.0000000000,0.1856658012,0.1690863222,0.0000000000,0.0000000000,0.0527301691,0.0524828285,0.1632625014,0.1531776637,0.1082781404,0.0379822850,0.1522610039,0.0836800188,0.0484357886,0.0476338305,0.1771377027,0.1647348553,0.0291289296,0.0271977633,0.0864952430,0.0850100890,0.1317372471,0.0000000000,0.0000000000,0.0257629436,0.0959444419,0.1055109724,0.1418507248,0.1440813690,0.0000028278,0.0000000000,0.0000000000,0.0000000000,-0.0220690463,0.1598690003,-0.0035582203,0.0572733730,0.1598639637,0.0092294421
20:20:28:21.766,61,0.0222122278,0.2632520199,0.0937502533,0.0000000000,0.0000000000,0.0669190586,0.0000000000,0.0214391015,0.2636158764,0.0378135853,0.0000000000,0.0000000000,0.0669685453,0.0000000000,0.0362379700,0.0076278206,0.0000000000,0.0801916271,0.1063684896,0.0686279833,0.1544419378,0.0367705002,0.0000000000,0.1894002855,0.1719002426,0.0000000000,0.0000000000,0.0529416651,0.0527255386,0.1631097347,0.1530467272,0.1082760990,0.0379092135,0.1526257694,0.0838840678,0.0485080890,0.0476658791,0.1774190217,0.1650904119,0.0294267759,0.0274934098,0.0869655088,0.0854880065,0.1322354823,0.0000000000,0.0000000000,0.0256732255,0.0963019803,0.1059605032,0.1425574273,0.1448375881,0.0000040359,0.0000000000,0.0000000000,0.0000000000,-0.0228000991,0.1610759795,-0.0037043060,0.0565290824,0.1610710472,0.0091796182
20:20:28:22.767,61,0.0261895228,0.2644487023,0.0930764526,0.0000000000,0.0000000000,0.0668442622,0.0000000000,0.0253663659,0.2648052871,0.0385294706,0.0000000000,0.0000000000,0.0668936446,0.0000000000,0.0362737551,0.0074993279,0.0000000000,0.0806016102,0.1073686630,0.0691597089,0.1550330818,0.0366897881,0.0000000000,0.1910450161,0.1733348668,0.0000000000,0.0000000000,0.0532533228,0.0530712344,0.1634861827,0.1533988118,0.1084414497,0.0379495919,0.1527763307,0.0839004442,0.0484607816,0.0475826785,0.1781390905,0.1659421474,0.0297549032,0.0278152656,0.0871125162,0.0856330395,0.1331218034,0.0000000000,0.0000000000,0.0254730266,0.0967209786,0.1064451858,0.1431863904,0.1454931051,0.0000057096,0.0000000000,0.0000000000,0.0000000000,-0.0232289992,0.1618043929,-0.0037913425,0.0561161228,0.1617994457,0.0091545656
20:20:28:23.769,61,0.0325290412,0.2678338587,0.0905997604,0.0000000000,0.0000000000,0.0668779910,0.0000000000,0.0317192487,0.2681625485,0.0410139672,0.0000000000,0.0000000000,0.0669273958,0.0000000000,0.0364265963,0.0073729749,0.0000000000,0.0818000063,0.1103546470,0.0715734214,0.1612260789,0.0364832431,0.0000000000,0.1934655458,0.1762579978,0.0000000000,0.0000000000,0.0536949411,0.0535502173,0.1642240286,0.1539804488,0.1088201404,0.0380866937,0.1531559825,0.0840030611,0.0485937595,0.0476724207,0.1833337843,0.1722333431,0.0301404968,0.0282085389,0.0872845203,0.0858103484,0.1356491297,0.0000000000,0.0000000000,0.0254346989,0.0975158438,0.1080346107,0.1461149007,0.1488708407,0.0000065370,0.0000000000,0.0000000000,0.0000000000,-0.0247185398,0.1638617069,-0.0040866290,0.0546044223,0.1638568044,0.0090235211
20:20:28:24.768,61,0.0348059125,0.2699504793,0.0880608708,0.0000000000,0.0000000000,0.0667802244,0.0000000000,0.0339895114,0.2702483535,0.0435719304,0.0000000000,0.0000000000,0.0668298453,0.0000000000,0.0362753235,0.0073766811,0.0000000000,0.0821732506,0.1112593487,0.0724288151,0.1630090326,0.0362850837,0.0000000000,0.1946731210,0.1780697107,0.0000000000,0.0000000000,0.0538835749,0.0537888184,0.1644823998,0.1541863829,0.1085362583,0.0380077586,0.1532036364,0.0839830264,0.0485008396,0.0475356504,0.1844595373,0.1737438142,0.0304869004,0.0285670348,0.0874718875,0.0859976113,0.1365088820,0.0000000000,0.0000000000,0.0252145920,0.0978347361,0.1086366251,0.1472322941,0.1501107961,0.0000107912,0.0000000000,0.0000000000,0.0000000000,-0.0262546223,0.1651427597,-0.0043750806,0.0530628860,0.1651379168,0.0088388482
20:20:28:25.770,61,0.0359452330,0.2728967071,0.0861654803,0.0000000000,0.0000000000,0.0664758310,0.0000000000,0.0351310559,0.2731723487,0.0455133282,0.0000000000,0.0000000000,0.0665251687,0.0000000000,0.0361846536,0.0074343854,0.0000000000,0.0823968723,0.1117182747,0.0728940666,0.1622451097,0.0360341407,0.0000000000,0.1971449107,0.1833042204,0.0000000000,0.0000000000,0.0541609786,0.0541563705,0.1647764593,0.1544789672,0.1083825156,0.0379667915,0.1532231867,0.0839588791,0.0483285189,0.0473305136,0.1848803312,0.1744218171,0.0308302604,0.0289259609,0.0781479031,0.0766755044,0.1373419464,0.0000000000,0.0000000000,0.0249117296,0.0980197787,0.1090271324,0.1478550881,0.1508128047,0.0000125623,0.0000000000,0.0000000000,0.0000000000,-0.0274162143,0.1669348180,-0.0046191025,0.0519051626,0.1669300497,0.0087417709
20:20:28:26.771,61,0.0368826613,0.2780682743,0.0820050538,0.0000000000,0.0000000000,0.0659797415,0.0000000000,0.0360730514,0.2782923579,0.0497670956,0.0000000000,0.0000000000,0.0660286918,0.0000000000,0.0361775197,0.0074962140,0.0000000000,0.0831876770,0.1125790179,0.0734359995,0.1605732143,0.0357235894,0.0000000000,0.1980100721,0.1850410253,0.0000000000,0.0000000000,0.0544169173,0.0545246080,0.1653256416,0.1550569534,0.1082025766,0.0380080678,0.1528451741,0.0836596638,0.0479899459,0.0469673723,0.1854078323,0.1751505584,0.0311542992,0.0292755961,0.0607351065,0.0592742674,0.1386481524,0.0000000000,0.0000000000,0.0245120712,0.0980868936,0.1092725918,0.1482407600,0.1512489021,0.0000117397,0.0000000000,0.0000000000,0.0000000000,-0.0299626254,0.1700762212,-0.0051448252,0.0493725017,0.1700715423,0.0084751155
20:20:28:27.772,61,0.0379917473,0.2815054953,0.0776374489,0.0000000000,0.0000000000,0.0655415133,0.0000000000,0.0372167900,0.2816722989,0.0541961566,0.0000000000,0.0000000000,0.0655902252,0.0000000000,0.0363673754,0.0075764242,0.0000000000,0.0863356441,0.1157144383,0.0740579218,0.1595505923,0.0354330614,0.0000000000,0.1982162297,0.1857628673,0.0000000000,0.0000000000,0.0547319204,0.0549510531,0.1683251709,0.1578773260,0.1081732064,0.0381954014,0.1523031592,0.0832358226,0.0476755276,0.0466346890,0.1871058196,0.1774066091,0.0314436704,0.0295926407,0.0541894846,0.0527642109,0.1395377666,0.0000000000,0.0000000000,0.0241208151,0.0980982929,0.1094450057,0.1485219002,0.1515522152,0.0000115864,0.0000000000,0.0000000000,0.0000000000,-0.0326175019,0.1721562892,-0.0056703836,0.0467260219,0.1721516848,0.0081212455
20:20:28:28.773,61,0.0395824872,0.2862255275,0.0728358701,0.0000000000,0.0000000000,0.0651484728,0.0000000000,0.0388029255,0.2863279283,0.0590891503,0.0000000000,0.0000000000,0.0651970506,0.0000000000,0.0367334373,0.0076863267,0.0000000000,0.0967969373,0.1267793179,0.0808135048,0.1606365293,0.0351511352,0.0000000000,0.1987257302,0.1864816546,0.0000000000,0.0000000000,0.0552118085,0.0555313900,0.1738683879,0.1628209800,0.1079938710,0.0385221839,0.1512578130,0.0826819390,0.0474236198,0.0463541225,0.2121369988,0.2025278807,0.0318622366,0.0300324652,0.0515165068,0.0501021668,0.1421260238,0.0000000000,0.0000000000,0.0238171406,0.0984298065,0.1099713445,0.1505093426,0.1537449509,0.0000086016,0.0000000000,0.0000000000,0.0000000000,-0.0355445519,0.1750194728,-0.0062838905,0.0438141041,0.1750149578,0.0077447528
20:20:28:29.774,61,0.0403933935,0.2916814983,0.0681871995,0.0000000000,0.0000000000,0.0647805259,0.0000000000,0.0396059602,0.2917193770,0.0638339818,0.0000000000,0.0000000000,0.0648300722,0.0000000000,0.0371626578,0.0080674179,0.0000000000,0.1087126732,0.1374915242,0.0880630836,0.1783913374,0.0353837498,0.0000000000,0.1991263479,0.1867134124,0.0000000000,0.0000000000,0.0556665249,0.0560725555,0.1777865589,0.1653366089,0.1074569151,0.0389523841,0.1488815546,0.0819355473,0.0472230949,0.0461154543,0.2215560675,0.2110055089,0.0323286094,0.0304613225,0.0523670428,0.0508906543,0.1442833543,0.0000000000,0.0000000000,0.0235908516,0.0989370719,0.1112188920,0.1556803286,0.1579831094,0.0000092462,0.0000000000,0.0000000000,0.0000000000,-0.0383761600,0.1783339530,-0.0069154506,0.0409933850,0.1783295423,0.0073866183
20:20:28:30.775,61,0.0408383422,0.2995565236,0.0641916916,0.0000000000,0.0000000000,0.0643513501,0.0000000000,0.0400401168,0.2995364070,0.0679489225,0.0000000000,0.0000000000,0.0644017085,0.0000000000,0.0376706347,0.0085122911,0.0000000000,0.1221174374,0.1506751031,0.0948690698,0.2023273259,0.0358995534,0.0000000000,0.1993891001,0.1866377741,0.0000000000,0.0000000000,0.0560203791,0.0565027893,0.1812588125,0.1675761938,0.1055250168,0.0393646918,0.1477155238,0.0812761113,0.0469987653,0.0458498150,0.2277306318,0.2169879228,0.0328799225,0.0309420954,0.0525719114,0.0510689393,0.1469181776,0.0000000000,0.0000000000,0.0233539734,0.1001122221,0.1137892082,0.1642688662,0.1651097685,0.0000096212,0.0000000000,0.0000000000,0.0000000000,-0.0408143476,0.1831306219,-0.0075568059,0.0385574698,0.1831263453,0.0071390006
20:20:28:31.777,61,0.0409482718,0.3086420596,0.0603194758,0.0000000000,0.0000000000,0.0638306811,0.0000000000,0.0401334316,0.3085629642,0.0718610510,0.0000000000,0.0000000000,0.0638817400,0.0000000000,0.0382395871,0.0090291863,0.0000000000,0.1354889274,0.1646785289,0.1029168442,0.2238968015,0.0373528451,0.0000000000,0.1988584250,0.1841009110,0.0000000000,0.0000000000,0.0562411398,0.0568015650,0.1873267144,0.1717980802,0.1025725231,0.0397993512,0.1465630978,0.0805510357,0.0467269607,0.0455393456,0.2353006601,0.2248244137,0.0334448069,0.0314127952,0.0495091304,0.0479072966,0.1526095271,0.0000000000,0.0000000000,0.0230978597,0.1008530185,0.1150383577,0.1732862294,0.1730680913,0.0000095187,0.0000000000,0.0000000000,0.0000000000,-0.0431194305,0.1886678934,-0.0082304366,0.0361938253,0.1886637509,0.0069090324
20:20:28:32.777,61,0.0414270796,0.3150075674,0.0587434880,0.0000000000,0.0000000000,0.0634195656,0.0000000000,0.0405939817,0.3149015605,0.0735769048,0.0000000000,0.0000000000,0.0634711087,0.0000000000,0.0387766808,0.0096336389,0.0000000000,0.1574481428,0.1755066067,0.1287393868,0.2619273365,0.0380406268,0.0000000000,0.1987596005,0.1832642406,0.0000000000,0.0000000000,0.0563382916,0.0570514873,0.1894109249,0.1734914333,0.0796371996,0.0401319824,0.1379094273,0.0792817324,0.0462642349,0.0450472683,0.2658600211,0.2496979386,0.0360978879,0.0334204249,0.0480049178,0.0463442095,0.1571712792,0.0000000000,0.0000000000,0.0228319615,0.1015439853,0.1166914552,0.1786971241,0.1787759066,0.0000080235,0.0000000000,0.0000000000,0.0000000000,-0.0441160314,0.1925521046,-0.0085981973,0.0352217630,0.1925481111,0.0068654306
20:20:28:33.779,61,0.0551971346,0.3210712075,0.0567765161,0.0000000000,0.0000000000,0.0630636290,0.0000000000,0.0545436926,0.3209328651,0.0755036548,0.0000000000,0.0000000000,0.0631157458,0.0000000000,0.0404557995,0.0101600252,0.0000000000,0.1722775847,0.1348647624,0.1742262393,0.2734187245,0.0357513130,0.0000000000,0.1985838264,0.1832773387,0.0000000000,0.0000000000,0.0561890900,0.0570861027,0.1755189449,0.1631580144,0.0467521735,0.0400930308,0.1095115840,0.0785954595,0.0456462912,0.0444590226,0.3333650231,0.3118559420,0.0830351636,0.0810375586,0.0475063808,0.0458579361,0.1605415344,0.0000000000,0.0000000000,0.0226963665,0.1019668132,0.1177046522,0.1804878861,0.1808089912,0.0000647787,0.0000000000,0.0000000000,0.0000000000,-0.0452384427,0.1962501407,-0.0089905020,0.0340175889,0.1962462366,0.0067614601
20:20:28:34.780,61,0.0621566698,0.3244349062,0.0558048561,0.0000000000,0.0000000000,0.0627661347,0.0000000000,0.0614877865,0.3242801726,0.0764451101,0.0000000000,0.0000000000,0.0628188401,0.0000000000,0.0425830036,0.0103583680,0.0000000000,0.1878359467,0.1214011461,0.1881437898,0.2576785982,0.0337971561,0.0000000000,0.1988100111,0.1861134171,0.0000000000,0.0000000000,0.0560152531,0.0571069643,0.1711127758,0.1595327258,0.0362977721,0.0397483259,0.1009979695,0.0782063678,0.0449503176,0.0437971503,0.3549903035,0.3334921300,0.0972322077,0.0950538293,0.0560958795,0.0549274944,0.1620851457,0.0000000000,0.0000000000,0.0224222615,0.1021230966,0.1183287129,0.1796400547,0.1814100593,0.0000847859,0.0000000000,0.0000000000,0.0000000000,-0.0457838029,0.1983020753,-0.0091964584,0.0334217101,0.1982982308,0.0067143720
20:20:28:35.781,61,0.0675262138,0.3265462518,0.0550992042,0.0000000000,0.0000000000,0.0624266379,0.0000000000,0.0668073222,0.3263798952,0.0770949274,0.0000000000,0.0000000000,0.0624796748,0.0000000000,0.0455129519,0.0102973795,0.0000000000,0.1964558065,0.1122962758,0.1949872822,0.2296705842,0.0327772200,0.0000000000,0.1990698874,0.1872021109,0.0000000000,0.0000000000,0.0558702052,0.0571397394,0.1689982116,0.1577879041,0.0309270509,0.0392714404,0.0962424278,0.0778495595,0.0441406406,0.0430826694,0.3705019653,0.3494738042,0.1049710363,0.1023725942,0.0621192902,0.0611336008,0.1629327089,0.0000000000,0.0000000000,0.0220583901,0.1018913314,0.1183850914,0.1749895662,0.1776247770,0.0000856334,0.0000000000,0.0000000000,0.0000000000,-0.0461610369,0.1995896399,-0.0093339989,0.0329905264,0.1995858252,0.0066719772
20:20:28:36.781,61,0.0702432543,0.3263939917,0.0547930859,0.0000000000,0.0000000000,0.0621022433,0.0000000000,0.0694996491,0.3262228668,0.0774078220,0.0000000000,0.0000000000,0.0621556714,0.0000000000,0.0523814633,0.0100832591,0.0000000000,0.2148125619,0.1059809476,0.1957944334,0.1752709597,0.0322004817,0.0000000000,0.2023467422,0.1933736801,0.0000000000,0.0000000000,0.0560050867,0.0574626327,0.1707825512,0.1579560637,0.0283792708,0.0387901068,0.0931498706,0.0774517432,0.0433134474,0.0423554257,0.4101905525,0.3886735439,0.1102355868,0.1065472066,0.0642859563,0.0633795485,0.1633884758,0.0000000000,0.0000000000,0.0215559341,0.1014947146,0.1181659326,0.1696965545,0.1718436927,0.0000848472,0.0000000000,0.0000000000,0.0000000000,-0.0463492721,0.1994953603,-0.0093674855,0.0328078568,0.1994915754,0.0066318312
20:20:28:37.783,61,0.0698467866,0.3235697448,0.0555329584,0.0000000000,0.0000000000,0.0618877970,0.0000000000,0.0690238476,0.3234110773,0.0767307803,0.0000000000,0.0000000000,0.0619421303,0.0000000000,0.0571536161,0.0168416779,0.0000000000,0.2351561189,0.1028655991,0.1913957298,0.1578691751,0.0322655141,0.0000000000,0.2035774291,0.1955168098,0.0000000000,0.0000000000,0.0563649461,0.0579823256,0.1886932254,0.1640839875,0.0273128077,0.0383288264,0.0898983479,0.0768741816,0.0421796292,0.0412474237,0.4258208275,0.4011414945,0.1128939241,0.1086394861,0.0680583268,0.0670300871,0.1636247337,0.0000000000,0.0000000000,0.0209236890,0.1008901969,0.1176621318,0.1631163508,0.1645487696,0.0000246702,0.0000000000,0.0000000000,0.0000000000,-0.0459597707,0.1977721751,-0.0092064552,0.0332623981,0.1977683753,0.0066640498
20:20:28:38.784,61,0.0658687428,0.3224451542,0.0552219711,0.0000000000,0.0000000000,0.0618452728,0.0000000000,0.0649951920,0.3222819269,0.0770785511,0.0000000000,0.0000000000,0.0619006753,0.0000000000,0.0600699708,0.0189295523,0.0000000000,0.2474567592,0.1008878574,0.1900122017,0.1488462090,0.0323518701,0.0000000000,0.2037706226,0.1963066161,0.0000000000,0.0000000000,0.0567744002,0.0585368723,0.2002112269,0.1760209650,0.0269225128,0.0378100686,0.0870252028,0.0762252212,0.0407135077,0.0397679284,0.4332302511,0.4076957107,0.1144629121,0.1098057330,0.0719296932,0.0707917213,0.1639111340,0.0000000000,0.0000000000,0.0202598814,0.0994796231,0.1163783967,0.1551181823,0.1563139111,0.0000033211,0.0000000000,0.0000000000,0.0000000000,-0.0461744443,0.1970836669,-0.0092163756,0.0330806822,0.1970797777,0.0066039721
20:20:28:39.785,61,0.0606180802,0.3199470639,0.0551144630,0.0000000000,0.0000000000,0.0620132275,0.0000000000,0.0596829355,0.3197834492,0.0771975964,0.0000000000,0.0000000000,0.0620701984,0.0000000000,0.0621297471,0.0203617122,0.0000000000,0.2527120113,0.0989559442,0.1822470129,0.1426717788,0.0326646864,0.0000000000,0.2043378800,0.1971211582,0.0000000000,0.0000000000,0.0572118685,0.0590896122,0.2047638744,0.1798963845,0.0269443039,0.0373150632,0.0842160955,0.0752296299,0.0397171006,0.0387398899,0.4419583976,0.4146086872,0.1153855398,0.1103325561,0.0746714249,0.0734572485,0.1639278978,0.0000000000,0.0000000000,0.0195949990,0.0985010564,0.1152354255,0.1510360688,0.1515795588,0.0000012929,0.0000000000,0.0000000000,0.0000000000,-0.0462597869,0.1955565065,-0.0091599887,0.0330262929,0.1955525577,0.0065406975
20:20:28:40.785,61,0.0418599807,0.3187912405,0.0553086400,0.0000000000,0.0000000000,0.0621677265,0.0000000000,0.0409300625,0.3186307549,0.0770519227,0.0000000000,0.0000000000,0.0622247346,0.0000000000,0.0639634058,0.0202007517,0.0000000000,0.2554757297,0.0973568782,0.1732551605,0.1346023530,0.0328648053,0.0000000000,0.2053923011,0.1976985037,0.0000000000,0.0000000000,0.0576830618,0.0596756525,0.2073426992,0.1832188964,0.0272614546,0.0368004031,0.0827643722,0.0745163485,0.0388511121,0.0378762595,0.4465482533,0.4201254547,0.1159867048,0.1105928868,0.0936186686,0.0922827721,0.1639204621,0.0000000000,0.0000000000,0.0189389959,0.0976661593,0.1136814579,0.1488776654,0.1489127576,0.0000006781,0.0000000000,0.0000000000,0.0000000000,-0.0461789221,0.1948508769,-0.0091101443,0.0331472754,0.1948469281,0.0065403497
20:20:28:41.787,61,0.0346839726,0.3177680671,0.0556079671,0.0000000000,0.0000000000,0.0624177605,0.0000000000,0.0338431969,0.3176120520,0.0768204480,0.0000000000,0.0000000000,0.0624740794,0.0000000000,0.0656742901,0.0148995724,0.0000000000,0.2555962205,0.0960056782,0.1649685055,0.1291739643,0.0328183435,0.0000000000,0.2062029541,0.1983020753,0.0000000000,0.0000000000,0.0580507852,0.0601575486,0.2082368582,0.1846442372,0.0277214814,0.0363597721,0.0815897882,0.0737701356,0.0380641185,0.0371173099,0.4508711696,0.4269542396,0.1162800118,0.1106737852,0.1016947329,0.1004490182,0.1638030112,0.0000000000,0.0000000000,0.0183187462,0.0968978032,0.1123822853,0.1474728137,0.1472269744,0.0000006608,0.0000000000,0.0000000000,0.0000000000,-0.0460458510,0.1942266971,-0.0090540675,0.0333307721,0.1942227483,0.0065549328
20:20:28:42.788,61,0.0315756761,0.3120233417,0.0557687841,0.0000000000,0.0000000000,0.0628764331,0.0000000000,0.0307700112,0.3118719757,0.0767494366,0.0000000000,0.0000000000,0.0629318282,0.0000000000,0.0674192831,0.0116836485,0.0000000000,0.2515130043,0.0942743942,0.1604487002,0.1227375865,0.0325166322,0.0000000000,0.2107508779,0.2065356225,0.0000000000,0.0000000000,0.0584466457,0.0606891774,0.2084140778,0.1854316145,0.0282522142,0.0359642506,0.0806961209,0.0731124729,0.0373641849,0.0364573225,0.4577453434,0.4383511841,0.1165541187,0.1108641177,0.1055619717,0.1043474227,0.1638718843,0.0000000000,0.0000000000,0.0177118238,0.0963971093,0.1116721034,0.1464623511,0.1460852921,0.0000006473,0.0000000000,0.0000000000,0.0000000000,-0.0460347161,0.1907162964,-0.0088842148,0.0334500186,0.1907122284,0.0064565171
20:20:28:43.788,61,0.0310144108,0.3071391284,0.0553861037,0.0000000000,0.0000000000,0.0633436069,0.0000000000,0.0303550698,0.3069846928,0.0771224499,0.0000000000,0.0000000000,0.0633983016,0.0000000000,0.0683973655,0.0097491993,0.0000000000,0.2391376048,0.0932415575,0.1572276354,0.1197921336,0.0320752747,0.0000000000,0.2135889977,0.2133997232,0.0000000000,0.0000000000,0.0588065088,0.0612066276,0.2060000002,0.1854435951,0.0288702436,0.0356927812,0.0800103843,0.0724984929,0.0367491655,0.0358963460,0.4602232277,0.4421699643,0.1165580750,0.1109151766,0.1075392440,0.1063644290,0.1638337523,0.0000000000,0.0000000000,0.0171368774,0.0959460735,0.1111609265,0.1456533968,0.1452507079,0.0000006717,0.0000000000,0.0000000000,0.0000000000,-0.0462848879,0.1877297163,-0.0087892180,0.0332394801,0.1877255440,0.0063130013
20:20:28:44.789,61,0.0322648361,0.3026665747,0.0552426092,0.0000000000,0.0000000000,0.0638017356,0.0000000000,0.0317357704,0.3025125563,0.0772526339,0.0000000000,0.0000000000,0.0638558269,0.0000000000,0.0689362586,0.0083675394,0.0000000000,0.2316755205,0.0921694785,0.1537054777,0.1171747446,0.0315110758,0.0000000000,0.2217756957,0.2275554538,0.0000000000,0.0000000000,0.0590996854,0.0616474636,0.1993851513,0.1828152388,0.0294223465,0.0354538336,0.0791886821,0.0716389641,0.0361516923,0.0353523046,0.4619063735,0.4447110593,0.1164074913,0.1109118015,0.1065790728,0.1056097746,0.1636616737,0.0000000000,0.0000000000,0.0165843423,0.0955488607,0.1108018011,0.1449089199,0.1445444524,0.0000010013,0.0000000000,0.0000000000,0.0000000000,-0.0463868938,0.1849957108,-0.0086772991,0.0331704393,0.1849914342,0.0062059998
20:20:28:45.791,61,0.0506308638,0.3003251255,0.0548178554,0.0000000000,0.0000000000,0.0645161718,0.0000000000,0.0502128042,0.3001662493,0.0776666477,0.0000000000,0.0000000000,0.0645687059,0.0000000000,0.0692390352,0.0071191941,0.0000000000,0.2241962105,0.0914488956,0.1513086110,0.1159033999,0.0295029934,0.0000000000,0.2305202633,0.2417017519,0.0000000000,0.0000000000,0.0593311898,0.0620227121,0.1913560629,0.1779095680,0.0299182888,0.0353136845,0.0784502551,0.0707870945,0.0356097221,0.0348510779,0.4627578259,0.4463155866,0.1160044819,0.1108105183,0.0940731615,0.0934550837,0.1634149253,0.0000000000,0.0000000000,0.0160731953,0.0954416245,0.1108001024,0.1443711817,0.1441287100,0.0000016855,0.0000000000,0.0000000000,0.0000000000,-0.0466479473,0.1835630834,-0.0086569749,0.0329241753,0.1835587919,0.0061111460
20:20:28:46.792,61,0.0570362993,0.2981680334,0.0548543669,0.0000000000,0.0000000000,0.0656759292,0.0000000000,0.0566470139,0.2980104685,0.0776826590,0.0000000000,0.0000000000,0.0657272637,0.0000000000,0.0694468170,0.0059119905,0.0000000000,0.2211077362,0.0908360109,0.1460104734,0.1139122769,0.0263951011,0.0000000000,0.2469244003,0.2653281391,0.0000000000,0.0000000000,0.0596401952,0.0624806322,0.1870012432,0.1747859865,0.0303970687,0.0352255516,0.0774042308,0.0695240423,0.0350758135,0.0343480594,0.4645362794,0.4544394314,0.1154972836,0.1107224971,0.0894638374,0.0889824703,0.1630611718,0.0000000000,0.0000000000,0.0155769745,0.0956155583,0.1111936271,0.1440459639,0.1439723521,0.0000037460,0.0000000000,0.0000000000,0.0000000000,-0.0466689244,0.1822448969,-0.0085972697,0.0329541303,0.1822405756,0.0060717859
20:20:28:47.793,61,0.0610304251,0.2956866324,0.0543808080,0.0000000000,0.0000000000,0.0667684227,0.0000000000,0.0606750734,0.2955229282,0.0782441646,0.0000000000,0.0000000000,0.0668178499,0.0000000000,0.0695441589,0.0047495444,0.0000000000,0.2191554010,0.0903427526,0.1429729611,0.1128217280,0.0220262520,0.0000000000,0.2589784563,0.2820692658,0.0000000000,0.0000000000,0.0599887371,0.0629933923,0.1829062551,0.1713330448,0.0308132153,0.0352084488,0.0763625354,0.0682797506,0.0345968269,0.0338922180,0.4662496150,0.4614357948,0.1148394793,0.1106059104,0.0867817178,0.0863639936,0.1625434011,0.0000000000,0.0000000000,0.0151237268,0.0960035995,0.1123059690,0.1438470632,0.1440261751,0.0000049309,0.0000000000,0.0000000000,0.0000000000,-0.0470193513,0.1807266325,-0.0085880142,0.0326787308,0.1807222813,0.0059697875
20:20:28:48.794,61,0.0676406845,0.2933109105,0.0543948300,0.0000000000,0.0000000000,0.0678225756,0.0000000000,0.0673462749,0.2931481898,0.0783005282,0.0000000000,0.0000000000,0.0678724945,0.0000000000,0.0696030408,0.0038073387,0.0000000000,0.2126388252,0.0896935016,0.1411672980,0.1117033958,0.0194663499,0.0000000000,0.2669651508,0.2945231795,0.0000000000,0.0000000000,0.0603568964,0.0635425299,0.1792032570,0.1670954674,0.0312280860,0.0352317914,0.0755630657,0.0673987344,0.0341904163,0.0335184559,0.4729520380,0.4711852670,0.1143716648,0.1107482612,0.0848873779,0.0845193192,0.1619577855,0.0000000000,0.0000000000,0.0147074116,0.0965664163,0.1145564094,0.1438393742,0.1443244219,0.0000069763,0.0000000000,0.0000000000,0.0000000000,-0.0470656380,0.1792747229,-0.0085258959,0.0326957926,0.1792703122,0.0059238677
20:20:28:49.795,61,0.0708007962,0.2917626202,0.0550657660,0.0000000000,0.0000000000,0.0686339810,0.0000000000,0.0705380738,0.2916098535,0.0776878595,0.0000000000,0.0000000000,0.0686843246,0.0000000000,0.0695022121,0.0031924944,0.0000000000,0.2067115307,0.0892879814,0.1389008015,0.1108996198,0.0180308204,0.0000000000,0.2845206261,0.3145006597,0.0000000000,0.0000000000,0.0607749075,0.0641619787,0.1759803146,0.1628701240,0.0316517353,0.0353212915,0.0749516860,0.0666400120,0.0338233188,0.0331924260,0.4750791490,0.4744546413,0.1137094572,0.1106838584,0.0825374052,0.0822015256,0.1615193933,0.0000000000,0.0000000000,0.0143280579,0.0987398252,0.1193732172,0.1441690624,0.1456215531,0.0000084542,0.0000000000,0.0000000000,0.0000000000,-0.0467053019,0.1783308983,-0.0084151700,0.0331047252,0.1783264130,0.0059656701
20:20:28:50.797,61,0.0723479688,0.2894271314,0.0548971221,0.0000000000,0.0000000000,0.0694000274,0.0000000000,0.0720986649,0.2892728448,0.0779073536,0.0000000000,0.0000000000,0.0694510937,0.0000000000,0.0693436712,0.0028669264,0.0000000000,0.2037815005,0.0889024138,0.1355681866,0.1101266742,0.0168374032,0.0000000000,0.2915528715,0.3258582950,0.0000000000,0.0000000000,0.0611985624,0.0648041815,0.1726967096,0.1581355333,0.0320620574,0.0354477018,0.0743263140,0.0658859238,0.0334703363,0.0328949243,0.4764828086,0.4763716757,0.1128666997,0.1106067225,0.0813186020,0.0809991285,0.1610864550,0.0000000000,0.0000000000,0.0139857819,0.1002850682,0.1229019091,0.1445620954,0.1466891319,0.0000099708,0.0000000000,0.0000000000,0.0000000000,-0.0468492471,0.1769028604,-0.0083720591,0.0330117941,0.1768983901,0.0059002801
20:20:28:51.798,61,0.0724531561,0.2883805335,0.0548330881,0.0000000000,0.0000000000,0.0699913651,0.0000000000,0.0721970946,0.2882257998,0.0779910162,0.0000000000,0.0000000000,0.0700434521,0.0000000000,0.0691250116,0.0028044537,0.0000000000,0.2024053186,0.0887085721,0.1317447871,0.1088237911,0.0160684548,0.0000000000,0.2988661528,0.3333362937,0.0000000000,0.0000000000,0.0617233291,0.0656760707,0.1710598469,0.1557713896,0.0325053670,0.0356176421,0.0737689584,0.0651788637,0.0331341438,0.0326127931,0.4768487215,0.4767688513,0.1108733192,0.1102424338,0.0809603781,0.0806459486,0.1605182439,0.0000000000,0.0000000000,0.0136690522,0.1022803336,0.1260704994,0.1449144185,0.1474655718,0.0000143919,0.0000000000,0.0000000000,0.0000000000,-0.0469049253,0.1762630045,-0.0083510438,0.0329770483,0.1762585044,0.0058723032
20:20:28:52.798,61,0.0686869174,0.2879388928,0.0548012443,0.0000000000,0.0000000000,0.0703163520,0.0000000000,0.0683680475,0.2877835929,0.0780668929,0.0000000000,0.0000000000,0.0703693107,0.0000000000,0.0689138696,0.0028519998,0.0000000000,0.2025459111,0.0885764733,0.1249114349,0.1045133993,0.0153756971,0.0000000000,0.3154623508,0.3523115516,0.0000000000,0.0000000000,0.0626381636,0.0678729787,0.1703091562,0.1546633542,0.0329957530,0.0357651077,0.0731985122,0.0644705966,0.0327772573,0.0323023796,0.4771957397,0.4771285653,0.1086626053,0.1097592562,0.0834916532,0.0831599534,0.1593943983,0.0000000000,0.0000000000,0.0133494204,0.1038531885,0.1286848038,0.1452870518,0.1481989622,0.0000146516,0.0000000000,0.0000000000,0.0000000000,-0.0469528101,0.1759929806,-0.0083464896,0.0329594724,0.1759884506,0.0058599943
20:20:28:53.799,61,0.0653166696,0.2870699763,0.0551139377,0.0000000000,0.0000000000,0.0705250651,0.0000000000,0.0649198890,0.2869189978,0.0778206959,0.0000000000,0.0000000000,0.0705791190,0.0000000000,0.0686615929,0.0029799496,0.0000000000,0.2049217820,0.0884953290,0.1215234622,0.1016876176,0.0148344701,0.0000000000,0.3209142685,0.3583778143,0.0000000000,0.0000000000,0.0635575131,0.0697634220,0.1701086760,0.1542154253,0.0334640481,0.0359104797,0.0725986660,0.0637403056,0.0324293338,0.0319915712,0.4773005545,0.4771525860,0.1058860794,0.1088776365,0.0871347189,0.0867453292,0.1581840515,0.0000000000,0.0000000000,0.0130586103,0.1047441363,0.1299574673,0.1453642845,0.1486067027,0.0000138607,0.0000000000,0.0000000000,0.0000000000,-0.0468091220,0.1754630357,-0.0082953908,0.0331506729,0.1754585057,0.0058758561
20:20:28:54.800,61,0.0608792491,0.2864121199,0.0555123650,0.0000000000,0.0000000000,0.0706737861,0.0000000000,0.0604856648,0.2862668931,0.0774419978,0.0000000000,0.0000000000,0.0707288086,0.0000000000,0.0685816333,0.0029085374,0.0000000000,0.2149370611,0.0885653123,0.1197060347,0.0998988077,0.0141776707,0.0000000000,0.3237141669,0.3613571525,0.0000000000,0.0000000000,0.0646187216,0.0714640021,0.1703216732,0.1543702036,0.0339291804,0.0360547006,0.0720220804,0.0630572289,0.0320841521,0.0316736661,0.4776230156,0.4774946570,0.1040546894,0.1081528589,0.0905142576,0.0901084915,0.1573385894,0.0000000000,0.0000000000,0.0127880257,0.1055677533,0.1309776455,0.1454877257,0.1490454525,0.0000107456,0.0000000000,0.0000000000,0.0000000000,-0.0465846248,0.1750623882,-0.0082363933,0.0333926901,0.1750578135,0.0059049404
20:20:28:55.801,61,0.0589918308,0.2863375247,0.0556316115,0.0000000000,0.0000000000,0.0708591565,0.0000000000,0.0585960038,0.2861940265,0.0773250312,0.0000000000,0.0000000000,0.0709143206,0.0000000000,0.0686787143,0.0025475763,0.0000000000,0.2345377952,0.0885393023,0.1184654236,0.0986145064,0.0125316838,0.0000000000,0.3249033689,0.3627687693,0.0000000000,0.0000000000,0.0654508993,0.0725401044,0.1725230813,0.1572274268,0.0342647284,0.0360375904,0.0714019835,0.0624187738,0.0316651538,0.0312706009,0.4781660438,0.4793188274,0.1029700637,0.1076791063,0.0900555849,0.0896829367,0.1569632441,0.0000000000,0.0000000000,0.0125125088,0.1063045263,0.1318404824,0.1455187052,0.1493711621,0.0000060030,0.0000000000,0.0000000000,0.0000000000,-0.0465146415,0.1750172526,-0.0082218656,0.0334646925,0.1750126481,0.0059161088
20:20:28:56.802,61,0.0585183278,0.2869159281,0.0559587590,0.0000000000,0.0000000000,0.0709584877,0.0000000000,0.0581294447,0.2867766619,0.0769965574,0.0000000000,0.0000000000,0.0710127577,0.0000000000,0.0689496920,0.0016129366,0.0000000000,0.2444526106,0.0884941146,0.1178981587,0.0979789943,0.0108407252,0.0000000000,0.3173975646,0.3545528948,0.0000000000,0.0000000000,0.0661159828,0.0732678771,0.1735643446,0.1594621986,0.0344819464,0.0359457880,0.0708323643,0.0618822202,0.0312666185,0.0308710672,0.4784593880,0.4802949727,0.1021892577,0.1073116064,0.0835794136,0.0833137035,0.1568712145,0.0000000000,0.0000000000,0.0122730387,0.1066383272,0.1321220100,0.1453139037,0.1493936330,0.0000067269,0.0000000000,0.0000000000,0.0000000000,-0.0463141277,0.1753719151,-0.0082033835,0.0336593762,0.1753673553,0.0059628231
20:20:28:57.803,61,0.0627780631,0.2890814245,0.0564004667,0.0000000000,0.0000000000,0.0710108578,0.0000000000,0.0625667721,0.2889474928,0.0765253380,0.0000000000,0.0000000000,0.0710635483,0.0000000000,0.0691715106,0.0000000000,0.0002540308,0.2484983206,0.0884902999,0.1179839447,0.0979910344,0.0093098748,0.0000000000,0.3053981066,0.3464946151,0.0000000000,0.0000000000,0.0665459484,0.0736912265,0.1740964800,0.1605607569,0.0346170738,0.0358202346,0.0704445839,0.0615385063,0.0309290979,0.0305241458,0.4778524339,0.4806485474,0.1017028168,0.1072277054,0.0780192763,0.0778197274,0.1569605321,0.0000000000,0.0000000000,0.0120657962,0.1067715585,0.1321535408,0.1451142579,0.1495118290,0.0000091431,0.0000000000,0.0000000000,0.0000000000,-0.0460198373,0.1766970009,-0.0082141813,0.0339170843,0.1766925007,0.0060548144
20:20:28:58.805,61,0.0680379495,0.2909751236,0.0573906787,0.0000000000,0.0000000000,0.0711413622,0.0000000000,0.0679293722,0.2908542156,0.0755351409,0.0000000000,0.0000000000,0.0711923093,0.0000000000,0.0692502409,0.0000000000,0.0015796607,0.2490615100,0.0887705162,0.1185924187,0.0986477360,0.0076853135,0.0000000000,0.2961214483,0.3408100307,0.0000000000,0.0000000000,0.0668511540,0.0739714056,0.1744098812,0.1613605618,0.0348044708,0.0357206762,0.0703563988,0.0614162050,0.0306365490,0.0302240942,0.4616178870,0.4750596881,0.1012535840,0.1072007120,0.0757352188,0.0755626112,0.1570257843,0.0000000000,0.0000000000,0.0118791945,0.1069139242,0.1322353482,0.1449569464,0.1497649699,0.0000101247,0.0000000000,0.0000000000,0.0000000000,-0.0454149097,0.1778580695,-0.0081606843,0.0345054008,0.1778535992,0.0062011359
20:20:28:59.806,61,0.0719518736,0.2943208516,0.0584005825,0.0000000000,0.0000000000,0.0712248683,0.0000000000,0.0718767792,0.2942131162,0.0744954124,0.0000000000,0.0000000000,0.0712741166,0.0000000000,0.0691544637,0.0000000000,0.0025657660,0.2417001575,0.0891927406,0.1195147708,0.1007478163,0.0062273955,0.0000000000,0.2930313349,0.3389325142,0.0000000000,0.0000000000,0.0670604482,0.0741537735,0.1744150370,0.1617544144,0.0350229517,0.0355929285,0.0706064105,0.0615489483,0.0304052364,0.0299872812,0.4505352974,0.4648954570,0.1010459885,0.1074299663,0.0736578777,0.0734978840,0.1573041081,0.0000000000,0.0000000000,0.0117211556,0.1073699966,0.1327140331,0.1452310085,0.1514887363,0.0000117230,0.0000000000,0.0000000000,0.0000000000,-0.0447731838,0.1799068451,-0.0081401467,0.0350996144,0.1799024194,0.0063821240
20:20:29:00.807,61,0.0737716928,0.2959147096,0.0584926195,0.0000000000,0.0000000000,0.0713064671,0.0000000000,0.0737151057,0.2958079576,0.0743652880,0.0000000000,0.0000000000,0.0713541284,0.0000000000,0.0687882304,0.0000000000,0.0033500053,0.2300621271,0.0907091945,0.1220966205,0.1104132906,0.0045309355,0.0000000000,0.2916227579,0.3381852508,0.0000000000,0.0000000000,0.0670880005,0.0741330534,0.1740447581,0.1617479175,0.0352502204,0.0354493335,0.0720929280,0.0619835034,0.0302670337,0.0298541840,0.4252847433,0.4377992451,0.1008477956,0.1077005267,0.0728467330,0.0726935938,0.1575317979,0.0000000000,0.0000000000,0.0116308583,0.1089805067,0.1354322881,0.1457767338,0.1550826430,0.0000149581,0.0000000000,0.0000000000,0.0000000000,-0.0446870476,0.1808813661,-0.0081694759,0.0351486951,0.1808769852,0.0064264294
20:20:29:01.808,61,0.0750475302,0.2972664833,0.0589051582,0.0000000000,0.0000000000,0.0713295192,0.0000000000,0.0749987215,0.2971651554,0.0739406943,0.0000000000,0.0000000000,0.0713756606,0.0000000000,0.0679151118,0.0000000000,0.0037932135,0.2186638266,0.0958629474,0.1255655438,0.1295328587,0.0024857009,0.0000000000,0.2904830575,0.3375606835,0.0000000000,0.0000000000,0.0669127032,0.0739051551,0.1720551848,0.1611908078,0.0354850143,0.0353168920,0.0754606128,0.0627084821,0.0302144438,0.0298143923,0.4023951590,0.4143431485,0.1004663035,0.1078047976,0.0738732740,0.0737097040,0.1578028351,0.0000000000,0.0000000000,0.0116294362,0.1120486856,0.1402317137,0.1477187127,0.1604579836,0.0000432559,0.0000000000,0.0000000000,0.0000000000,-0.0444251522,0.1817091554,-0.0081596272,0.0353912227,0.1817048192,0.0065010283
20:20:29:02.809,61,0.0758263469,0.2995245159,0.0592249930,0.0000000000,0.0000000000,0.0712645352,0.0000000000,0.0757807568,0.2994275987,0.0735485256,0.0000000000,0.0000000000,0.0713095516,0.0000000000,0.0659776479,0.0000000000,0.0039256532,0.2015577108,0.1053015739,0.1270686686,0.1437455714,0.0009306869,0.0000000000,0.2898932695,0.3372484446,0.0000000000,0.0000000000,0.0666080266,0.0735348016,0.1684901267,0.1590357125,0.0358186141,0.0352309756,0.0810009465,0.0637576953,0.0302722845,0.0298865531,0.3830296099,0.3937434852,0.0986000746,0.1074344441,0.0737572014,0.0735896081,0.1582988054,0.0000000000,0.0000000000,0.0117632831,0.1162863672,0.1462595016,0.1527473330,0.1684360206,0.0000921380,0.0000000000,0.0000000000,0.0000000000,-0.0441782773,0.1830905825,-0.0081773950,0.0355743319,0.1830862761,0.0065854518
20:20:29:03.810,61,0.0764082372,0.3004729152,0.0602153875,0.0000000000,0.0000000000,0.0712389052,0.0000000000,0.0763619617,0.3003906608,0.0724849775,0.0000000000,0.0000000000,0.0712832436,0.0000000000,0.0631906763,0.0000000000,0.0036577694,0.1877289712,0.1117813140,0.1278907061,0.1562729031,0.0000000000,0.0003539412,0.2858229578,0.3342471421,0.0000000000,0.0000000000,0.0661483631,0.0730036870,0.1639455110,0.1547561586,0.0362146012,0.0351742133,0.0849434510,0.0645801648,0.0303860903,0.0300271045,0.3686875105,0.3757722974,0.0945928320,0.1053400263,0.0739462078,0.0737743676,0.1587273777,0.0000000000,0.0000000000,0.0119887106,0.1180366874,0.1486158222,0.1548149586,0.1715230942,0.0001409117,0.0000000000,0.0000000000,0.0000000000,-0.0435347036,0.1836742312,-0.0080846241,0.0361653343,0.1836699694,0.0067166360
20:20:29:04.810,61,0.0769648403,0.2995777428,0.0606821515,0.0000000000,0.0000000000,0.0712995827,0.0000000000,0.0769133121,0.2995027602,0.0719914585,0.0000000000,0.0000000000,0.0713436529,0.0000000000,0.0605655611,0.0000000000,0.0032263810,0.1775979102,0.1196808442,0.1281981617,0.1637067646,0.0000000000,0.0013633100,0.2819780111,0.3281861246,0.0000000000,0.0000000000,0.0656991899,0.0724638030,0.1602653414,0.1511658579,0.0367536023,0.0352699459,0.0871280506,0.0651690513,0.0305666588,0.0302333497,0.3578852117,0.3630127907,0.0877119750,0.0983402878,0.0745496005,0.0743513182,0.1591330320,0.0000000000,0.0000000000,0.0123016806,0.1192611605,0.1500794441,0.1560450196,0.1731851548,0.0001678688,0.0000000000,0.0000000000,0.0000000000,-0.0432426445,0.1831289381,-0.0080060428,0.0364493653,0.1831246465,0.0067488067
20:20:29:05.812,61,0.0771825910,0.2964313924,0.0620214120,0.0000000000,0.0000000000,0.0717731863,0.0000000000,0.0771249756,0.2963772118,0.0705697387,0.0000000000,0.0000000000,0.0718178749,0.0000000000,0.0580187701,0.0000000000,0.0026396408,0.1681617945,0.1285313219,0.1284736991,0.1853866726,0.0000000000,0.0023653950,0.2673841715,0.3122517169,0.0000000000,0.0000000000,0.0651274100,0.0717889443,0.1563799232,0.1477442980,0.0373569280,0.0354583785,0.0894617736,0.0656699538,0.0308511034,0.0305461083,0.3406226635,0.3442246616,0.0807643682,0.0911385417,0.0749891773,0.0747773722,0.1594990045,0.0000000000,0.0000000000,0.0127889849,0.1211880296,0.1524070650,0.1568624824,0.1741897315,0.0001591178,0.0000000000,0.0000000000,0.0000000000,-0.0424036086,0.1812112480,-0.0077667530,0.0372669809,0.1812068671,0.0068262452
20:20:29:06.812,61,0.0768592134,0.2921554744,0.0628450736,0.0000000000,0.0000000000,0.0723406449,0.0000000000,0.0767950565,0.2921142280,0.0697004423,0.0000000000,0.0000000000,0.0723859891,0.0000000000,0.0562911630,0.0000000000,0.0020281568,0.1635427773,0.1335795373,0.1286049336,0.1921741366,0.0000000000,0.0031034485,0.2630120814,0.3071998060,0.0000000000,0.0000000000,0.0645512864,0.0711047351,0.1545926780,0.1461100727,0.0381166525,0.0356382281,0.0922493860,0.0661721006,0.0311527029,0.0308754109,0.3331754208,0.3354888558,0.0767974257,0.0865431651,0.0752244517,0.0749992803,0.1599699110,0.0000000000,0.0000000000,0.0132892421,0.1241432875,0.1553037018,0.1576303095,0.1749822199,0.0001404929,0.0000000000,0.0000000000,0.0000000000,-0.0419011042,0.1786008775,-0.0075618168,0.0377798304,0.1785964817,0.0068182829
20:20:29:07.813,61,0.0766181350,0.2892251909,0.0648781359,0.0000000000,0.0000000000,0.0728869960,0.0000000000,0.0765457153,0.2892134190,0.0676122680,0.0000000000,0.0000000000,0.0729328617,0.0000000000,0.0552329868,0.0000000000,0.0013035105,0.1609955728,0.1367680877,0.1287393272,0.1957780719,0.0000000000,0.0035609258,0.2607137263,0.3043664694,0.0000000000,0.0000000000,0.0640367568,0.0704887211,0.1538053602,0.1453287601,0.0394538380,0.0358371511,0.0955920517,0.0666987151,0.0315054394,0.0312614739,0.3293770850,0.3306744993,0.0742443278,0.0833663270,0.0749955848,0.0747550204,0.1606040150,0.0000000000,0.0000000000,0.0138020115,0.1258412302,0.1567363739,0.1584137082,0.1757529229,0.0001066879,0.0000000000,0.0000000000,0.0000000000,-0.0406587310,0.1768181026,-0.0072629428,0.0390145369,0.1768135875,0.0069692163
20:20:29:08.815,61,0.0767188594,0.2892149985,0.0657406300,0.0000000000,0.0000000000,0.0732781738,0.0000000000,0.0766401663,0.2892156541,0.0666949898,0.0000000000,0.0000000000,0.0733239353,0.0000000000,0.0543925688,0.0000000000,0.0007092096,0.1547535956,0.1380240768,0.1286529005,0.1972569078,0.0000000000,0.0041008629,0.2596269548,0.3030253053,0.0000000000,0.0000000000,0.0635077134,0.0698655173,0.1531910598,0.1447284669,0.0402831808,0.0359134004,0.0983934626,0.0673511401,0.0318873264,0.0316696241,0.3272088766,0.3281454146,0.0728593394,0.0818115547,0.0748663247,0.0746158212,0.1609541476,0.0000000000,0.0000000000,0.0143101690,0.1266448200,0.1573956907,0.1589902639,0.1762915999,0.0000825684,0.0000000000,0.0000000000,0.0000000000,-0.0401071273,0.1768154949,-0.0071643563,0.0395332426,0.1768110394,0.0070617176
20:20:29:09.816,61,0.0768355206,0.2889079452,0.0661524460,0.0000000000,0.0000000000,0.0735693797,0.0000000000,0.0767519176,0.2889147401,0.0662362054,0.0000000000,0.0000000000,0.0736149848,0.0000000000,0.0537573285,0.0000000000,0.0000872279,0.1508512497,0.1386281252,0.1286763102,0.1983767450,0.0000000000,0.0046514291,0.2588743269,0.3021387756,0.0000000000,0.0000000000,0.0629425347,0.0692075789,0.1527173519,0.1442639679,0.0410771444,0.0359504931,0.1022861078,0.0684127584,0.0323647447,0.0321781449,0.3248759508,0.3256157339,0.0718760565,0.0807785988,0.0749411955,0.0746840611,0.1610696018,0.0000000000,0.0000000000,0.0149056660,0.1272148043,0.1579065919,0.1597998589,0.1773064286,0.0000692312,0.0000000000,0.0000000000,0.0000000000,-0.0398325510,0.1766295582,-0.0071076960,0.0397822037,0.1766250283,0.0070985327
20:20:29:10.817,61,0.0773116425,0.2893695533,0.0668072850,0.0000000000,0.0000000000,0.0736816898,0.0000000000,0.0772204474,0.2893856168,0.0655633137,0.0000000000,0.0000000000,0.0737273023,0.0000000000,0.0531711616,0.0006684039,0.0000000000,0.1487927288,0.1388089061,0.1288158298,0.2006175816,0.0000000000,0.0049678101,0.2585560679,0.3015529215,0.0000000000,0.0000000000,0.0624224432,0.0685968474,0.1522707045,0.1437727064,0.0417228565,0.0359619297,0.1048718169,0.0694091246,0.0328966044,0.0327368975,0.3231244385,0.3227956295,0.0711685196,0.0800284743,0.0752469376,0.0749809816,0.1610998809,0.0000000000,0.0000000000,0.0155719426,0.1275210083,0.1581404060,0.1604588479,0.1779967248,0.0000591194,0.0000000000,0.0000000000,0.0000000000,-0.0394258685,0.1769145429,-0.0070467596,0.0401739888,0.1769100577,0.0071802121
20:20:29:11.818,61,0.0778105259,0.2879755199,0.0680477843,0.0000000000,0.0000000000,0.0740565285,0.0000000000,0.0777111575,0.2880091071,0.0642882138,0.0000000000,0.0000000000,0.0741024092,0.0000000000,0.0526037030,0.0012828072,0.0000000000,0.1477052271,0.1390000135,0.1286742687,0.2014264166,0.0000000000,0.0052691875,0.2586239278,0.3012981713,0.0000000000,0.0000000000,0.0619788878,0.0680657551,0.1508805305,0.1424273252,0.0422471203,0.0360910967,0.1058205813,0.0698517412,0.0332669280,0.0331175029,0.3222454190,0.3216660619,0.0704831183,0.0792958066,0.0755207539,0.0752451718,0.1611283273,0.0000000000,0.0000000000,0.0160917155,0.1278011501,0.1583121568,0.1607764065,0.1782216132,0.0000681759,0.0000000000,0.0000000000,0.0000000000,-0.0386649147,0.1760677397,-0.0068770503,0.0409261473,0.1760632098,0.0072788168
20:20:29:12.819,61,0.0782306716,0.2862046957,0.0685448125,0.0000000000,0.0000000000,0.0745064393,0.0000000000,0.0781213343,0.2862448394,0.0638284907,0.0000000000,0.0000000000,0.0745525733,0.0000000000,0.0521427542,0.0018284642,0.0000000000,0.1473754942,0.1393132657,0.1286301613,0.2016721368,0.0000000000,0.0053565563,0.2585419416,0.3007750809,0.0000000000,0.0000000000,0.0616316460,0.0676291212,0.1503865272,0.1418776810,0.0427259579,0.0362544879,0.1062517390,0.0701651052,0.0335634872,0.0334264599,0.3221215308,0.3213327229,0.0699448586,0.0786854997,0.0759018585,0.0756129697,0.1612574160,0.0000000000,0.0000000000,0.0164929591,0.1280407906,0.1583829522,0.1610272229,0.1782994717,0.0000697552,0.0000000000,0.0000000000,0.0000000000,-0.0383957550,0.1749873459,-0.0067864279,0.0412329659,0.1749827415,0.0072874171
20:20:29:13.820,61,0.0789077356,0.2858215570,0.0686711371,0.0000000000,0.0000000000,0.0748831183,0.0000000000,0.0787708163,0.2858633995,0.0637067705,0.0000000000,0.0000000000,0.0749294609,0.0000000000,0.0517344698,0.0022510185,0.0000000000,0.1477181613,0.1398478150,0.1288068593,0.2019951493,0.0000000000,0.0055212723,0.2582917809,0.3001090288,0.0000000000,0.0000000000,0.0613309629,0.0672490820,0.1500608623,0.1415386945,0.0431146435,0.0364505164,0.1063390896,0.0703573525,0.0337807015,0.0336481333,0.3222364783,0.3213893771,0.0695208833,0.0782122537,0.0756332949,0.0753354207,0.1616111100,0.0000000000,0.0000000000,0.0168006308,0.1282946318,0.1585195661,0.1614955664,0.1785924882,0.0000710101,0.0000000000,0.0000000000,0.0000000000,-0.0383241214,0.1747536957,-0.0067645414,0.0413106792,0.1747491211,0.0072911917
20:20:29:14.821,61,0.0794825405,0.2861893773,0.0694303438,0.0000000000,0.0000000000,0.0752227008,0.0000000000,0.0793354362,0.2862418294,0.0629373491,0.0000000000,0.0000000000,0.0752689019,0.0000000000,0.0513893291,0.0025564679,0.0000000000,0.1478016526,0.1401240528,0.1287447363,0.2018494308,0.0000000000,0.0057360614,0.2585248351,0.2999554574,0.0000000000,0.0000000000,0.0610483512,0.0668979660,0.1496217251,0.1411254108,0.0434254743,0.0366267860,0.1062007770,0.0704606846,0.0339638516,0.0338300392,0.3227293193,0.3224619329,0.0692122579,0.0778740570,0.0757940710,0.0754879713,0.1617923975,0.0000000000,0.0000000000,0.0170415789,0.1284458786,0.1585063189,0.1619019359,0.1788184643,0.0000633205,0.0000000000,0.0000000000,0.0000000000,-0.0378597230,0.1749818921,-0.0066915196,0.0417657271,0.1749773175,0.0073812832
20:20:29:15.822,61,0.0799357295,0.2871570289,0.0704779029,0.0000000000,0.0000000000,0.0755298585,0.0000000000,0.0797821209,0.2872241437,0.0618991740,0.0000000000,0.0000000000,0.0755757838,0.0000000000,0.0510734990,0.0028174997,0.0000000000,0.1478238106,0.1401613355,0.1289000213,0.2017880082,0.0000000000,0.0059493212,0.2582963109,0.2992210984,0.0000000000,0.0000000000,0.0607417598,0.0665370375,0.1491622031,0.1407317519,0.0435759611,0.0367457382,0.1060199514,0.0706223547,0.0341225639,0.0339856222,0.3230747581,0.3229861856,0.0690748170,0.0777141824,0.0757002309,0.0753858611,0.1619179845,0.0000000000,0.0000000000,0.0172680672,0.1283951104,0.1582536399,0.1620756686,0.1787888706,0.0000463714,0.0000000000,0.0000000000,0.0000000000,-0.0372312628,0.1755782217,-0.0066033890,0.0423914418,0.1755736470,0.0075178579
20:20:29:16.822,61,0.0802098811,0.2880327404,0.0712153539,0.0000000000,0.0000000000,0.0757620707,0.0000000000,0.0800477192,0.2881101370,0.0611812994,0.0000000000,0.0000000000,0.0758078322,0.0000000000,0.0507336184,0.0031548562,0.0000000000,0.1476528645,0.1400268078,0.1291008294,0.2020510286,0.0000000000,0.0059799347,0.2565177977,0.2920507789,0.0000000000,0.0000000000,0.0604105815,0.0661442280,0.1487912387,0.1404040903,0.0436974578,0.0368054621,0.1059869900,0.0709086657,0.0343215764,0.0341803767,0.3231848478,0.3230567276,0.0690405145,0.0776178241,0.0761585087,0.0758306608,0.1618188620,0.0000000000,0.0000000000,0.0175256915,0.1281096339,0.1577387154,0.1621823609,0.1786816865,0.0000484230,0.0000000000,0.0000000000,0.0000000000,-0.0367959440,0.1761169434,-0.0065466608,0.0428309217,0.1761123836,0.0076195430
20:20:29:17.824,61,0.0802142695,0.2887844145,0.0714500099,0.0000000000,0.0000000000,0.0759004280,0.0000000000,0.0800397992,0.2888650596,0.0609710030,0.0000000000,0.0000000000,0.0759464279,0.0000000000,0.0503482558,0.0035879058,0.0000000000,0.1474268287,0.1398037076,0.1292579174,0.2024663389,0.0000000000,0.0057935561,0.2535533607,0.2843996584,0.0000000000,0.0000000000,0.0600530095,0.0657134056,0.1483567506,0.1399620771,0.0437606163,0.0368299484,0.1059184372,0.0711789355,0.0344972275,0.0343584158,0.3231452107,0.3227796555,0.0690468699,0.0775216594,0.0767667890,0.0764208287,0.1617163569,0.0000000000,0.0000000000,0.0177775025,0.1277293116,0.1570994109,0.1621594131,0.1784380227,0.0000434448,0.0000000000,0.0000000000,0.0000000000,-0.0366664529,0.1765775532,-0.0065410542,0.0429685302,0.1765730679,0.0076644225
20:20:29:18.825,61,0.0801277459,0.2878484726,0.0731428117,0.0000000000,0.0000000000,0.0761784464,0.0000000000,0.0799407065,0.2879521847,0.0593261532,0.0000000000,0.0000000000,0.0762246326,0.0000000000,0.0501137078,0.0038703308,0.0000000000,0.1472273767,0.1396291107,0.1293411851,0.2000600100,0.0000000000,0.0053536114,0.2529038489,0.2820332050,0.0000000000,0.0000000000,0.0598894544,0.0654742047,0.1486291140,0.1401540041,0.0438934863,0.0368959196,0.1058059260,0.0713599399,0.0346329249,0.0344911776,0.3239638209,0.3230434358,0.0690730140,0.0773900971,0.0772419795,0.0768737942,0.1616484672,0.0000000000,0.0000000000,0.0179122500,0.1274311692,0.1564524174,0.1620449126,0.1780517548,0.0000388033,0.0000000000,0.0000000000,0.0000000000,-0.0356808379,0.1760131717,-0.0063445363,0.0439910106,0.1760087013,0.0078210756
20:20:29:19.825,61,0.0799951032,0.2879756689,0.0736332163,0.0000000000,0.0000000000,0.0762957558,0.0000000000,0.0797951743,0.2880861759,0.0588535629,0.0000000000,0.0000000000,0.0763417855,0.0000000000,0.0497438349,0.0041478346,0.0000000000,0.1468343437,0.1392539442,0.1294229031,0.1995541602,0.0000000000,0.0048823319,0.2523199618,0.2803844810,0.0000000000,0.0000000000,0.0596312657,0.0651430637,0.1484839916,0.1399995536,0.0438989364,0.0368546285,0.1057518870,0.0716386661,0.0347442292,0.0345954448,0.3242284954,0.3229097724,0.0692629367,0.0774113014,0.0785420313,0.0780960470,0.1614442170,0.0000000000,0.0000000000,0.0180186294,0.1269585043,0.1550188959,0.1619887352,0.1776943356,0.0000354485,0.0000000000,0.0000000000,0.0000000000,-0.0353960954,0.1760932952,-0.0062968521,0.0442853384,0.1760887802,0.0078770258
20:20:29:20.826,61,0.0796599090,0.2883172929,0.0745462552,0.0000000000,0.0000000000,0.0761070400,0.0000000000,0.0794477686,0.2884405851,0.0579644628,0.0000000000,0.0000000000,0.0761526600,0.0000000000,0.0493555292,0.0044215270,0.0000000000,0.1446138173,0.1366101056,0.1294730008,0.1983693242,0.0000000000,0.0042243842,0.2516675293,0.2779754698,0.0000000000,0.0000000000,0.0593385138,0.0647785440,0.1483059376,0.1397833675,0.0438557900,0.0367312282,0.1056936458,0.0719426349,0.0348310359,0.0346744023,0.3245182931,0.3227486610,0.0696476623,0.0775893256,0.0793260112,0.0788466111,0.1611271501,0.0000000000,0.0000000000,0.0180695970,0.1244108304,0.1487641335,0.1618033499,0.1771559119,0.0000325550,0.0000000000,0.0000000000,0.0000000000,-0.0348600298,0.1763065606,-0.0062091975,0.0448327959,0.1763020158,0.0079841921
20:20:29:21.828,61,0.0792502537,0.2890104651,0.0750874430,0.0000000000,0.0000000000,0.0758473873,0.0000000000,0.0790296346,0.2891415656,0.0574225485,0.0000000000,0.0000000000,0.0758925900,0.0000000000,0.0491117835,0.0047045751,0.0000000000,0.1435284019,0.1331611872,0.1296618134,0.1952621639,0.0000000000,0.0035616655,0.2510951161,0.2767748237,0.0000000000,0.0000000000,0.0590849034,0.0644654781,0.1483847052,0.1397663653,0.0438196473,0.0365776531,0.1057234481,0.0723325759,0.0349425189,0.0347878635,0.3249935806,0.3227568567,0.0701693967,0.0779168755,0.0794336945,0.0789338797,0.1609323621,0.0000000000,0.0000000000,0.0181200448,0.1226488128,0.1457200497,0.1615903825,0.1766329557,0.0000462157,0.0000000000,0.0000000000,0.0000000000,-0.0345314927,0.1767330468,-0.0061658956,0.0451548472,0.1767285019,0.0080613671
20:20:29:22.829,61,0.0775924623,0.2891609967,0.0752493739,0.0000000000,0.0000000000,0.0756313130,0.0000000000,0.0773030743,0.2892943919,0.0572611354,0.0000000000,0.0000000000,0.0756764188,0.0000000000,0.0488228649,0.0050885980,0.0000000000,0.1426116079,0.1297147423,0.1299464256,0.1940040141,0.0000000000,0.0027523052,0.2504782975,0.2756613493,0.0000000000,0.0000000000,0.0588351600,0.0641556010,0.1484606266,0.1396749616,0.0436986834,0.0364013202,0.1057091504,0.0727270618,0.0350730233,0.0349259600,0.3256699741,0.3228051662,0.0707991719,0.0783373415,0.0872599334,0.0865997970,0.1605165899,0.0000000000,0.0000000000,0.0181959979,0.1211844534,0.1437163502,0.1612697393,0.1760115921,0.0000570764,0.0000000000,0.0000000000,0.0000000000,-0.0344338566,0.1768258363,-0.0061517651,0.0452514850,0.1768213063,0.0080829384
20:20:29:23.830,61,0.0768546462,0.2884849906,0.0757598728,0.0000000000,0.0000000000,0.0756319836,0.0000000000,0.0765455812,0.2886252105,0.0567633323,0.0000000000,0.0000000000,0.0756770372,0.0000000000,0.0485711768,0.0053287586,0.0000000000,0.1419488490,0.1282509416,0.1303400099,0.1937054694,0.0000000000,0.0022363644,0.2477279305,0.2730273604,0.0000000000,0.0000000000,0.0585596859,0.0638095811,0.1485655606,0.1396684647,0.0435659252,0.0362633690,0.1056628972,0.0730534866,0.0352096446,0.0350682959,0.3261354268,0.3227846324,0.0712821335,0.0786752626,0.0898972154,0.0892070979,0.1601300091,0.0000000000,0.0000000000,0.0183558837,0.1203754544,0.1426959634,0.1609026343,0.1754222512,0.0000660730,0.0000000000,0.0000000000,0.0000000000,-0.0341369919,0.1764149964,-0.0060842833,0.0455618277,0.1764104664,0.0081190253
20:20:29:24.832,61,0.0767698959,0.2883554101,0.0760467499,0.0000000000,0.0000000000,0.0756250322,0.0000000000,0.0764474571,0.2884995937,0.0564787090,0.0000000000,0.0000000000,0.0756702274,0.0000000000,0.0483109392,0.0055463365,0.0000000000,0.1417132169,0.1277977824,0.1305505037,0.1935193241,0.0000000000,0.0016425624,0.2471666336,0.2723596096,0.0000000000,0.0000000000,0.0584273487,0.0636063367,0.1487574130,0.1397107393,0.0435228832,0.0362577140,0.1054828241,0.0731595606,0.0352977440,0.0351585634,0.3274437785,0.3230854273,0.0715195388,0.0787616447,0.0911340341,0.0904253125,0.1599381864,0.0000000000,0.0000000000,0.0184234083,0.1199730709,0.1422442496,0.1608214229,0.1751612723,0.0000649953,0.0000000000,0.0000000000,0.0000000000,-0.0339662880,0.1763371825,-0.0060511446,0.0457349904,0.1763326377,0.0081461882
20:20:29:25.833,61,0.0775746778,0.2889483869,0.0763579085,0.0000000000,0.0000000000,0.0755282044,0.0000000000,0.0772443488,0.2890974283,0.0561194718,0.0000000000,0.0000000000,0.0755732507,0.0000000000,0.0480891764,0.0057281530,0.0000000000,0.1419813335,0.1277367920,0.1305208951,0.1930399984,0.0000000000,0.0010882909,0.2615104318,0.2858084142,0.0000000000,0.0000000000,0.0584544837,0.0635854527,0.1486366838,0.1394607425,0.0435141064,0.0363614522,0.1050911248,0.0730723888,0.0353035443,0.0351625420,0.3319571316,0.3254354298,0.0717241764,0.0788212717,0.0906185657,0.0899323002,0.1600602120,0.0000000000,0.0000000000,0.0183961112,0.1199202538,0.1422429383,0.1610371321,0.1751928627,0.0000577325,0.0000000000,0.0000000000,0.0000000000,-0.0337480456,0.1767012626,-0.0060249553,0.0459191538,0.1766967326,0.0081962105
20:20:29:26.833,61,0.0797609687,0.2907023430,0.0758640319,0.0000000000,0.0000000000,0.0753010884,0.0000000000,0.0794596151,0.2908457518,0.0565263592,0.0000000000,0.0000000000,0.0753455982,0.0000000000,0.0479395576,0.0057479339,0.0000000000,0.1425054967,0.1276178360,0.1303050965,0.1923433989,0.0000000000,0.0008903265,0.2686109543,0.2965908051,0.0000000000,0.0000000000,0.0585448891,0.0636667460,0.1482594460,0.1390651911,0.0434788503,0.0364706516,0.1046231166,0.0729783177,0.0352760851,0.0351289660,0.3373779655,0.3330254257,0.0720146894,0.0790802762,0.0913106203,0.0906658322,0.1599492431,0.0000000000,0.0000000000,0.0182908233,0.1198386624,0.1422662139,0.1613389105,0.1753445864,0.0000455806,0.0000000000,0.0000000000,0.0000000000,-0.0339862220,0.1777713001,-0.0061049853,0.0456134118,0.1777668297,0.0081920335
20:20:29:27.834,61,0.0843888298,0.2942799330,0.0758451670,0.0000000000,0.0000000000,0.0749925449,0.0000000000,0.0841288343,0.2944249511,0.0564836003,0.0000000000,0.0000000000,0.0750368237,0.0000000000,0.0478570424,0.0058766222,0.0000000000,0.1431538463,0.1274168640,0.1299936175,0.1913427562,0.0000000000,0.0009323307,0.2759500444,0.3139243424,0.0000000000,0.0000000000,0.0586978532,0.0638373941,0.1476668417,0.1380773038,0.0433907583,0.0366066284,0.1040159538,0.0728004947,0.0352456011,0.0351010114,0.3440718055,0.3418987989,0.0723258406,0.0794827789,0.0931278765,0.0925645679,0.1595916301,0.0000000000,0.0000000000,0.0181865748,0.1198379025,0.1425208449,0.1617312580,0.1757375449,0.0000427033,0.0000000000,0.0000000000,0.0000000000,-0.0339470953,0.1799587756,-0.0061746282,0.0455840603,0.1799543649,0.0082897004
20:20:29:28.836,61,0.0858345479,0.2955029607,0.0753264427,0.0000000000,0.0000000000,0.0746830106,0.0000000000,0.0855890065,0.2956409752,0.0570110120,0.0000000000,0.0000000000,0.0747272298,0.0000000000,0.0478948131,0.0059840130,0.0000000000,0.1448231488,0.1263871789,0.1297707260,0.1836550683,0.0000000000,0.0010413383,0.2846169472,0.3249155283,0.0000000000,0.0000000000,0.0588546433,0.0640316382,0.1471115798,0.1373271346,0.0432162099,0.0366951376,0.1029496789,0.0725999400,0.0351797566,0.0350490585,0.3557208478,0.3542372882,0.0729622096,0.0809152424,0.0934875831,0.0929549038,0.1593678892,0.0000000000,0.0000000000,0.0180682000,0.1200365350,0.1430377215,0.1620699763,0.1761043221,0.0000442334,0.0000000000,0.0000000000,0.0000000000,-0.0342594348,0.1807040274,-0.0062577887,0.0452661440,0.1806996465,0.0082667693
20:20:29:29.837,61,0.0863839015,0.2962410748,0.0745328963,0.0000000000,0.0000000000,0.0744201094,0.0000000000,0.0861461386,0.2963680923,0.0577979907,0.0000000000,0.0000000000,0.0744644850,0.0000000000,0.0479477160,0.0060329707,0.0000000000,0.1465764046,0.1247462556,0.1296577305,0.1794967949,0.0000000000,0.0013517602,0.2879133821,0.3296495080,0.0000000000,0.0000000000,0.0589494817,0.0641759261,0.1465329975,0.1366152167,0.0429584794,0.0367246196,0.1015606895,0.0723782852,0.0350818038,0.0349642858,0.3617400527,0.3617374599,0.0742877945,0.0836529136,0.0945627019,0.0940769315,0.1589783132,0.0000000000,0.0000000000,0.0179044288,0.1202600151,0.1436492503,0.1623737961,0.1765088439,0.0000441838,0.0000000000,0.0000000000,0.0000000000,-0.0347295254,0.1811514050,-0.0063596717,0.0447855927,0.1811470538,0.0081997709
20:20:29:30.837,61,0.0864704773,0.2959063649,0.0728996322,0.0000000000,0.0000000000,0.0742852092,0.0000000000,0.0862367079,0.2960098982,0.0594222397,0.0000000000,0.0000000000,0.0743300393,0.0000000000,0.0482633561,0.0060342667,0.0000000000,0.1529332399,0.1226313710,0.1294714212,0.1607025564,0.0000000000,0.0016641279,0.2996882796,0.3455089033,0.0000000000,0.0000000000,0.0592591427,0.0645782650,0.1465308070,0.1364369094,0.0427765697,0.0368094482,0.1000229418,0.0721217021,0.0350006148,0.0348995514,0.3773840666,0.3799650073,0.0763442367,0.0867811516,0.0973099992,0.0968801230,0.1583955884,0.0000000000,0.0000000000,0.0176732335,0.1207677573,0.1462724507,0.1627750099,0.1770225018,0.0000592117,0.0000000000,0.0000000000,0.0000000000,-0.0357069224,0.1809388101,-0.0065307277,0.0438058488,0.1809344143,0.0080108922
20:20:29:31.838,61,0.0863650218,0.2972151637,0.0704818368,0.0000000000,0.0000000000,0.0740990415,0.0000000000,0.0861342251,0.2972845733,0.0618087985,0.0000000000,0.0000000000,0.0741442665,0.0000000000,0.0485867150,0.0060298666,0.0000000000,0.1552076340,0.1213139221,0.1294759363,0.1556998491,0.0000000000,0.0020751827,0.3028257489,0.3498394787,0.0000000000,0.0000000000,0.0594586916,0.0648513213,0.1464103609,0.1362019032,0.0425513908,0.0368602909,0.0990782902,0.0719492584,0.0349377915,0.0348533876,0.3822558224,0.3855797350,0.0776821673,0.0887918174,0.0985174403,0.0981117487,0.1578346789,0.0000000000,0.0000000000,0.0174879134,0.1210559532,0.1473437250,0.1631230861,0.1774747670,0.0000622700,0.0000000000,0.0000000000,0.0000000000,-0.0371356867,0.1817274839,-0.0068221856,0.0423468091,0.1817231476,0.0077787563
20:20:29:32.840,61,0.0858723745,0.2991770506,0.0676808953,0.0000000000,0.0000000000,0.0737888440,0.0000000000,0.0856453925,0.2992064655,0.0645807385,0.0000000000,0.0000000000,0.0738339201,0.0000000000,0.0488599502,0.0059107766,0.0000000000,0.1565760523,0.1183815226,0.1295634955,0.1533206850,0.0000000000,0.0025120331,0.3046801090,0.3521308005,0.0000000000,0.0000000000,0.0596058741,0.0650701821,0.1461588889,0.1358984262,0.0422462411,0.0368336886,0.0982378423,0.0718033761,0.0348733217,0.0348017886,0.3852804899,0.3889425993,0.0805006102,0.0921041965,0.1030960083,0.1027374119,0.1572923809,0.0000000000,0.0000000000,0.0172861759,0.1212899163,0.1480726004,0.1635762304,0.1779849827,0.0000868148,0.0000000000,0.0000000000,0.0000000000,-0.0387926847,0.1829140186,-0.0071740118,0.0406550020,0.1829097122,0.0075180358
20:20:29:33.841,61,0.0845013782,0.3007138669,0.0664679408,0.0000000000,0.0000000000,0.0734226927,0.0000000000,0.0842984617,0.3007258773,0.0657755062,0.0000000000,0.0000000000,0.0734675676,0.0000000000,0.0490787253,0.0058808927,0.0000000000,0.1573248655,0.1158780903,0.1297009736,0.1524707377,0.0000000000,0.0029155929,0.3052493334,0.3528564274,0.0000000000,0.0000000000,0.0596736521,0.0652058646,0.1459974796,0.1356660724,0.0419418067,0.0367083102,0.0976601914,0.0718256533,0.0348001197,0.0347527787,0.3868094385,0.3905772269,0.0830157623,0.0949897766,0.1066371873,0.1063112244,0.1568672210,0.0000000000,0.0000000000,0.0170864295,0.1212762967,0.1484029740,0.1639278829,0.1783795953,0.0001133567,0.0000000000,0.0000000000,0.0000000000,-0.0395035408,0.1838480830,-0.0073435563,0.0399194583,0.1838438064,0.0074206521
20:20:29:34.842,61,0.0839416459,0.3023867309,0.0651702583,0.0000000000,0.0000000000,0.0730830282,0.0000000000,0.0837455913,0.3023798764,0.0670594573,0.0000000000,0.0000000000,0.0731281415,0.0000000000,0.0494684204,0.0058923448,0.0000000000,0.1579768062,0.1117130592,0.1300446391,0.1518982798,0.0000000000,0.0029784821,0.3059325814,0.3533611000,0.0000000000,0.0000000000,0.0598317049,0.0654388070,0.1470730752,0.1360259354,0.0415977575,0.0365274213,0.0971505865,0.0718977675,0.0347446874,0.0347197950,0.3968078196,0.3977519572,0.0875122771,0.0988146886,0.1078150421,0.1075012982,0.1565814465,0.0000000000,0.0000000000,0.0168449618,0.1212222949,0.1485861540,0.1644149721,0.1788464040,0.0001133496,0.0000000000,0.0000000000,0.0000000000,-0.0402670689,0.1848649532,-0.0075277681,0.0391326547,0.1848607063,0.0073156394
20:20:29:35.842,61,0.0839633867,0.3043961823,0.0639728606,0.0000000000,0.0000000000,0.0727300197,0.0000000000,0.0837676749,0.3043714762,0.0682754889,0.0000000000,0.0000000000,0.0727754086,0.0000000000,0.0498614907,0.0060456507,0.0000000000,0.1584654301,0.1093703583,0.1302124113,0.1517020017,0.0000000000,0.0029161149,0.3066094816,0.3537304699,0.0000000000,0.0000000000,0.0599808507,0.0656588525,0.1474643350,0.1361108273,0.0412842818,0.0363728069,0.0966634005,0.0719503760,0.0346959047,0.0346925743,0.4002188146,0.4003238380,0.0895577595,0.1005534157,0.1079022139,0.1075860634,0.1563837975,0.0000000000,0.0000000000,0.0166346543,0.1211695299,0.1487008184,0.1648027748,0.1791621000,0.0001238495,0.0000000000,0.0000000000,0.0000000000,-0.0409878902,0.1860881001,-0.0077143237,0.0384048223,0.1860838681,0.0072282632
20:20:29:36.844,61,0.0837628841,0.3056713939,0.0620390065,0.0000000000,0.0000000000,0.0723409355,0.0000000000,0.0835643634,0.3056180179,0.0702069998,0.0000000000,0.0000000000,0.0723868981,0.0000000000,0.0500542372,0.0062477579,0.0000000000,0.1590065807,0.1084026694,0.1301939040,0.1517758220,0.0000000000,0.0028211167,0.3090777397,0.3543293476,0.0000000000,0.0000000000,0.0601529740,0.0659004971,0.1476854384,0.1361223757,0.0410088375,0.0362629853,0.0961835906,0.0719042644,0.0346045233,0.0346148647,0.4018490911,0.4016167223,0.0906689838,0.1015149280,0.1080156565,0.1076973453,0.1563832015,0.0000000000,0.0000000000,0.0164026562,0.1214459538,0.1492120326,0.1661476642,0.1802485138,0.0001534217,0.0000000000,0.0000000000,0.0000000000,-0.0421413593,0.1868592799,-0.0079649249,0.0372384191,0.1868551373,0.0070385751
20:20:29:37.844,61,0.0834834054,0.3047154844,0.0616521686,0.0000000000,0.0000000000,0.0720803216,0.0000000000,0.0832777992,0.3046566248,0.0705915019,0.0000000000,0.0000000000,0.0721272230,0.0000000000,0.0503070205,0.0064732176,0.0000000000,0.1602981389,0.1077715978,0.1300143898,0.1511979103,0.0000000000,0.0025176173,0.3236988485,0.3621053100,0.0000000000,0.0000000000,0.0604686849,0.0662894472,0.1480368376,0.1362637877,0.0408009216,0.0362135731,0.0956617817,0.0717918575,0.0345299914,0.0345514230,0.4029237926,0.4024619758,0.0914300457,0.1021094546,0.1084272638,0.1081013680,0.1561581045,0.0000000000,0.0000000000,0.0161653981,0.1222595572,0.1508291811,0.1668848991,0.1808980554,0.0001615214,0.0000000000,0.0000000000,0.0000000000,-0.0423768386,0.1862733662,-0.0079836985,0.0370103084,0.1862691641,0.0069730263
20:20:29:38.846,61,0.0831692666,0.3049209118,0.0600126833,0.0000000000,0.0000000000,0.0719103888,0.0000000000,0.0829582214,0.3048380017,0.0722186193,0.0000000000,0.0000000000,0.0719585568,0.0000000000,0.0505548231,0.0068548629,0.0000000000,0.1609753072,0.1072746441,0.1295153648,0.1485637277,0.0000000000,0.0020929514,0.3478410840,0.3900583982,0.0000000000,0.0000000000,0.0607996173,0.0667032450,0.1483418047,0.1362789571,0.0406155102,0.0361474380,0.0951493010,0.0716625229,0.0344481394,0.0344916098,0.4058350325,0.4045214653,0.0920692086,0.1026145741,0.1089178920,0.1085860357,0.1558722854,0.0000000000,0.0000000000,0.0159151964,0.1247673184,0.1552573740,0.1682018042,0.1824081093,0.0002345963,0.0000000000,0.0000000000,0.0000000000,-0.0433526970,0.1863921583,-0.0081727570,0.0360252783,0.1863879561,0.0067919563
20:20:29:39.847,61,0.0829995573,0.3059338331,0.0585751496,0.0000000000,0.0000000000,0.0716388598,0.0000000000,0.0827824995,0.3058293164,0.0736666545,0.0000000000,0.0000000000,0.0716883838,0.0000000000,0.0507847667,0.0073126433,0.0000000000,0.1617733389,0.1067075580,0.1255100220,0.1370403916,0.0000000000,0.0015064327,0.3930987716,0.4290630221,0.0000000000,0.0000000000,0.0612484962,0.0672589168,0.1485239416,0.1361437440,0.0404571965,0.0360455811,0.0945145488,0.0714543238,0.0342739709,0.0343367197,0.4125217795,0.4108811617,0.0927577168,0.1031507552,0.1095719934,0.1092344820,0.1554877460,0.0000000000,0.0000000000,0.0155848023,0.1287371069,0.1604399234,0.1692081690,0.1833985001,0.0002717337,0.0000000000,0.0000000000,0.0000000000,-0.0442168675,0.1870054603,-0.0083636325,0.0351582356,0.1870013177,0.0066508921
20:20:29:40.847,61,0.0827956721,0.3065781593,0.0583000071,0.0000000000,0.0000000000,0.0714395270,0.0000000000,0.0825700387,0.3064690232,0.0739803538,0.0000000000,0.0000000000,0.0714907795,0.0000000000,0.0512570031,0.0078960210,0.0000000000,0.1666064560,0.1052921787,0.1212096065,0.1247056648,0.0000000000,0.0007150986,0.4113251567,0.4481453001,0.0000000000,0.0000000000,0.0618583374,0.0683241636,0.1487837881,0.1359718889,0.0403529219,0.0359697118,0.0934756100,0.0712035745,0.0340943746,0.0341876000,0.4406507611,0.4354409873,0.0954924226,0.1046613306,0.1102304682,0.1098860651,0.1549311876,0.0000000000,0.0000000000,0.0152193699,0.1345167607,0.1673925668,0.1719098985,0.1859735996,0.0002806612,0.0000000000,0.0000000000,0.0000000000,-0.0444018692,0.1873981804,-0.0084166564,0.0349904820,0.1873940378,0.0066334028
20:20:29:41.849,61,0.0827999860,0.3061380386,0.0580137074,0.0000000000,0.0000000000,0.0714331642,0.0000000000,0.0825629011,0.3060247600,0.0742794424,0.0000000000,0.0000000000,0.0714871064,0.0000000000,0.0516737737,0.0091575403,0.0000000000,0.1680811793,0.1035324410,0.1168882102,0.1159974933,0.0001069331,0.0000000000,0.4258435667,0.4672570825,0.0000000000,0.0000000000,0.0624474585,0.0691256151,0.1490351260,0.1356874853,0.0402957089,0.0358820297,0.0922218263,0.0708759874,0.0338926427,0.0340171717,0.4499810338,0.4450525939,0.0981375650,0.1067564860,0.1109855101,0.1106236428,0.1544442177,0.0000000000,0.0000000000,0.0148272207,0.1406050771,0.1756688058,0.1763532758,0.1916881204,0.0003123132,0.0000000000,0.0000000000,0.0000000000,-0.0445836596,0.1871280521,-0.0084386216,0.0348204337,0.1871238649,0.0065914365
20:20:29:42.850,61,0.0833299309,0.3064485192,0.0580773056,0.0000000000,0.0000000000,0.0714771152,0.0000000000,0.0830383524,0.3063360155,0.0742178485,0.0000000000,0.0000000000,0.0715344101,0.0000000000,0.0522324666,0.0139849959,0.0000000000,0.1752309650,0.0954392478,0.1149987429,0.1094549522,0.0008818288,0.0000000000,0.4413076639,0.4836675227,0.0000000000,0.0000000000,0.0631109551,0.0702218637,0.1492431611,0.1353177726,0.0401368476,0.0357043631,0.0900574178,0.0705841705,0.0336877555,0.0338220373,0.4818798602,0.4806332588,0.1130776256,0.1217989624,0.1115792990,0.1112061217,0.1539795101,0.0000000000,0.0000000000,0.0144031271,0.1457467973,0.1825536937,0.1794805080,0.1954475343,0.0002382086,0.0000000000,0.0000000000,0.0000000000,-0.0445450917,0.1873180419,-0.0084400894,0.0348573439,0.1873138547,0.0066052810
20:20:29:43.851,61,0.0849353895,0.3064101040,0.0584689751,0.0000000000,0.0000000000,0.0715609714,0.0000000000,0.0845684260,0.3063030243,0.0738731697,0.0000000000,0.0000000000,0.0716209635,0.0000000000,0.0531453788,0.0172659475,0.0000000000,0.1898488700,0.0900559351,0.1100642756,0.0998708904,0.0016824149,0.0000000000,0.4698550105,0.5089440346,0.0000000000,0.0000000000,0.0641648099,0.0719907060,0.1495376676,0.1349923909,0.0399791487,0.0354852118,0.0866104364,0.0701602176,0.0334157534,0.0335455351,0.4965738356,0.4943183959,0.1179979369,0.1263603568,0.1133845076,0.1129688695,0.1533673853,0.0000000000,0.0000000000,0.0139582194,0.1491955817,0.1863409281,0.1809753329,0.1971606463,0.0001847173,0.0000000000,0.0000000000,0.0000000000,-0.0443383865,0.1872961521,-0.0083999466,0.0350925736,0.1872919947,0.0066490397
20:20:29:44.852,61,0.0919039175,0.3072825074,0.0585782230,0.0000000000,0.0000000000,0.0717281401,0.0000000000,0.0915996507,0.3071764708,0.0737930685,0.0000000000,0.0000000000,0.0717894360,0.0000000000,0.0572719611,0.0180568416,0.0000000000,0.2023690641,0.0861046985,0.1008073539,0.0902609229,0.0025055013,0.0000000000,0.4915860891,0.5240370035,0.0000000000,0.0000000000,0.0655200481,0.0738391504,0.1499574482,0.1349811554,0.0397819169,0.0352548249,0.0822795033,0.0695432946,0.0330689251,0.0331897438,0.5147600770,0.5129131079,0.1206219718,0.1286991984,0.1141203120,0.1136961207,0.1527573019,0.0000000000,0.0000000000,0.0135104898,0.1515207440,0.1882963479,0.1820048094,0.1980061233,0.0001134474,0.0000000000,0.0000000000,0.0000000000,-0.0442858376,0.1878297925,-0.0084144725,0.0351545922,0.1878256500,0.0066802166
20:20:29:45.854,61,0.1059335768,0.3088973165,0.0577563196,0.0000000000,0.0000000000,0.0720478743,0.0000000000,0.1057325378,0.3087786138,0.0745954737,0.0000000000,0.0000000000,0.0721101463,0.0000000000,0.0632643774,0.0179339014,0.0000000000,0.2130301595,0.0830641836,0.0972151011,0.0857427269,0.0032595480,0.0000000000,0.4996640384,0.5302890539,0.0000000000,0.0000000000,0.0669567585,0.0755669922,0.1509401947,0.1353125721,0.0395730548,0.0350048393,0.0801134408,0.0690027848,0.0327326730,0.0328425914,0.5239611268,0.5223484635,0.1222834811,0.1301075071,0.1140479594,0.1136261150,0.1524396837,0.0000000000,0.0000000000,0.0130932862,0.1529557407,0.1894901097,0.1826251894,0.1983162612,0.0000364623,0.0000000000,0.0000000000,0.0000000000,-0.0447590277,0.1888134927,-0.0085499268,0.0346548334,0.1888093948,0.0066206129
20:20:29:46.854,61,0.1102459878,0.3087368309,0.0569824204,0.0000000000,0.0000000000,0.0723817572,0.0000000000,0.1100737676,0.3086064756,0.0753868520,0.0000000000,0.0000000000,0.0724447519,0.0000000000,0.0683589131,0.0178294536,0.0000000000,0.2260774374,0.0813826025,0.0927274004,0.0806358233,0.0040106229,0.0000000000,0.5070204735,0.5380449891,0.0000000000,0.0000000000,0.0688726231,0.0778750628,0.1546788961,0.1365470141,0.0394358747,0.0347487666,0.0777789950,0.0683373511,0.0323672891,0.0324580073,0.5356451869,0.5342307091,0.1231540814,0.1306839138,0.1137958765,0.1133778766,0.1522077918,0.0000000000,0.0000000000,0.0126944184,0.1539572179,0.1901654005,0.1828559190,0.1981640309,0.0000149888,0.0000000000,0.0000000000,0.0000000000,-0.0452347770,0.1887123585,-0.0086359987,0.0341911241,0.1887082458,0.0065284781
20:20:29:47.855,61,0.1125209704,0.3089815974,0.0570761524,0.0000000000,0.0000000000,0.0728602186,0.0000000000,0.1123565957,0.3088524044,0.0753132850,0.0000000000,0.0000000000,0.0729245618,0.0000000000,0.0707901791,0.0180579368,0.0000000000,0.2364605367,0.0802918151,0.0886916742,0.0769632533,0.0048647691,0.0000000000,0.5122439265,0.5433866978,0.0000000000,0.0000000000,0.0711542070,0.0803841799,0.1606717706,0.1391501725,0.0393289104,0.0345022827,0.0755215958,0.0672259852,0.0319733061,0.0320261233,0.5410347581,0.5392562747,0.1233797520,0.1305625737,0.1118276417,0.1114202067,0.1520267129,0.0000000000,0.0000000000,0.0123096583,0.1545937061,0.1904876530,0.1828939170,0.1977866739,0.0000067270,0.0000000000,0.0000000000,0.0000000000,-0.0451893285,0.1888623089,-0.0086343503,0.0342463888,0.1888581812,0.0065443465
20:20:29:48.855,61,0.1100850552,0.3098109961,0.0585497655,0.0000000000,0.0000000000,0.0730954036,0.0000000000,0.1097239032,0.3097029030,0.0738996044,0.0000000000,0.0000000000,0.0731602535,0.0000000000,0.0718724802,0.0180853959,0.0000000000,0.2403690964,0.0795706734,0.0862502903,0.0750652030,0.0064296238,0.0000000000,0.5212782025,0.5478892326,0.0000000000,0.0000000000,0.0723659098,0.0816738904,0.1628005803,0.1403076351,0.0392825827,0.0341742486,0.0744083077,0.0665572062,0.0315797217,0.0315940119,0.5392779112,0.5351446271,0.1236454174,0.1303750873,0.1116510555,0.1112331450,0.1515046507,0.0000000000,0.0000000000,0.0119389379,0.1553502083,0.1907858849,0.1831030995,0.1975100189,0.0000111924,0.0000000000,0.0000000000,0.0000000000,-0.0443367064,0.1893750876,-0.0084951119,0.0351271555,0.1893710047,0.0067312540
20:20:29:49.857,61,0.1072313115,0.3100979924,0.0599217452,0.0000000000,0.0000000000,0.0733736008,0.0000000000,0.1068276539,0.3100098073,0.0725945756,0.0000000000,0.0000000000,0.0734386072,0.0000000000,0.0723628774,0.0176453125,0.0000000000,0.2419683635,0.0790766254,0.0847768411,0.0737660751,0.0071604485,0.0000000000,0.5329310894,0.5620528460,0.0000000000,0.0000000000,0.0732783377,0.0826531425,0.1639951617,0.1411923021,0.0392861553,0.0338151380,0.0737307891,0.0660789609,0.0311909374,0.0311772488,0.5347951055,0.5331932902,0.1240567043,0.1305051297,0.1115122437,0.1110878959,0.1510086954,0.0000000000,0.0000000000,0.0115886414,0.1610194594,0.1946631223,0.1836448461,0.1976808757,0.0000203876,0.0000000000,0.0000000000,0.0000000000,-0.0435522012,0.1895561516,-0.0083530722,0.0359490514,0.1895520687,0.0068954239
20:20:29:50.858,61,0.1062909514,0.3095387518,0.0606317967,0.0000000000,0.0000000000,0.0736569166,0.0000000000,0.1058669463,0.3094613850,0.0718913227,0.0000000000,0.0000000000,0.0737221166,0.0000000000,0.0724005178,0.0170813128,0.0000000000,0.2381621450,0.0788638964,0.0839583501,0.0730731487,0.0078031048,0.0000000000,0.5366536975,0.5659611821,0.0000000000,0.0000000000,0.0739608780,0.0833708197,0.1643094718,0.1415967196,0.0393441431,0.0335519686,0.0734264404,0.0657549649,0.0308398753,0.0308016203,0.5186170340,0.5188157558,0.1241511703,0.1303047985,0.1078893989,0.1074587628,0.1508683860,0.0000000000,0.0000000000,0.0112694036,0.1630666405,0.1961316466,0.1840209365,0.1976719201,0.0000244042,0.0000000000,0.0000000000,0.0000000000,-0.0431330726,0.1892173290,-0.0082575949,0.0363774151,0.1892131716,0.0069647729
20:20:29:51.860,61,0.1057249159,0.3090752065,0.0608406477,0.0000000000,0.0000000000,0.0738484859,0.0000000000,0.1052993536,0.3090007305,0.0717211664,0.0000000000,0.0000000000,0.0739131123,0.0000000000,0.0722591802,0.0150324833,0.0000000000,0.2278974354,0.0788856298,0.0835947022,0.0728357583,0.0080373194,0.0000000000,0.5342602730,0.5627115369,0.0000000000,0.0000000000,0.0744893700,0.0839100555,0.1632612348,0.1416511834,0.0395300947,0.0333847888,0.0734950230,0.0656685457,0.0305702705,0.0305121075,0.5082330108,0.5108318925,0.1241264865,0.1301343590,0.1070459932,0.1066199839,0.1507254690,0.0000000000,0.0000000000,0.0109873340,0.1644749939,0.1971988529,0.1844048798,0.1977406889,0.0000291232,0.0000000000,0.0000000000,0.0000000000,-0.0430332981,0.1889348626,-0.0082259085,0.0365046971,0.1889306903,0.0069784438
20:20:29:52.861,61,0.1056338176,0.3080368340,0.0607958548,0.0000000000,0.0000000000,0.0741186142,0.0000000000,0.1052147672,0.3079617023,0.0718001649,0.0000000000,0.0000000000,0.0741826519,0.0000000000,0.0721083730,0.0133749684,0.0000000000,0.2213373333,0.0788945928,0.0832211077,0.0725706518,0.0081402715,0.0000000000,0.5339078903,0.5621865988,0.0000000000,0.0000000000,0.0748943090,0.0843123943,0.1614326537,0.1414496601,0.0397269316,0.0332579166,0.0735706985,0.0655635446,0.0303052794,0.0302248895,0.5041763783,0.5075820088,0.1240078509,0.1299245209,0.1069241092,0.1065050662,0.1504203826,0.0000000000,0.0000000000,0.0107131656,0.1655616909,0.1980584264,0.1846996397,0.1977667063,0.0000254172,0.0000000000,0.0000000000,0.0000000000,-0.0430859178,0.1882999688,-0.0082076201,0.0364822410,0.1882957965,0.0069501530
20:20:29:53.861,61,0.1052795649,0.3067181110,0.0607960522,0.0000000000,0.0000000000,0.0744098201,0.0000000000,0.1048719361,0.3066431880,0.0718213394,0.0000000000,0.0000000000,0.0744732767,0.0000000000,0.0718701556,0.0123986341,0.0000000000,0.2136922628,0.0790887699,0.0828668997,0.0723624900,0.0081514176,0.0000000000,0.5337088108,0.5620230436,0.0000000000,0.0000000000,0.0752752647,0.0846897736,0.1592558473,0.1409806162,0.0399945453,0.0332517587,0.0736639202,0.0654195547,0.0300813504,0.0299924146,0.5019324422,0.5057112575,0.1236186773,0.1295152754,0.1077516824,0.1073636264,0.1499933749,0.0000000000,0.0000000000,0.0104649505,0.1672341675,0.1996258050,0.1851369888,0.1980193853,0.0000225810,0.0000000000,0.0000000000,0.0000000000,-0.0431052186,0.1874939203,-0.0081753070,0.0364879444,0.1874897182,0.0069207717
20:20:29:54.862,61,0.1055310294,0.3066635728,0.0606692731,0.0000000000,0.0000000000,0.0747260004,0.0000000000,0.1051381156,0.3065867126,0.0719587356,0.0000000000,0.0000000000,0.0747895688,0.0000000000,0.0715055838,0.0119624287,0.0000000000,0.2061783373,0.0793908313,0.0825535581,0.0722724721,0.0081239222,0.0000000000,0.5336086750,0.5623595715,0.0000000000,0.0000000000,0.0755978450,0.0850207508,0.1549394131,0.1373094916,0.0402207188,0.0333827324,0.0736323074,0.0651126131,0.0298963729,0.0298185349,0.5006002188,0.5045038462,0.1215641499,0.1281420887,0.1080905423,0.1077187285,0.1495667845,0.0000000000,0.0000000000,0.0102549270,0.1681835204,0.2010939270,0.1855968386,0.1984244138,0.0000302679,0.0000000000,0.0000000000,0.0000000000,-0.0431879647,0.1874600649,-0.0081894752,0.0364120826,0.1874558628,0.0069051124
20:20:29:55.864,61,0.1058965623,0.3065783679,0.0616394877,0.0000000000,0.0000000000,0.0748586357,0.0000000000,0.1055195481,0.3065156937,0.0710166022,0.0000000000,0.0000000000,0.0749223903,0.0000000000,0.0709735155,0.0117983799,0.0000000000,0.1935608536,0.0795911625,0.0822630078,0.0722880885,0.0081487810,0.0000000000,0.5346081257,0.5661273003,0.0000000000,0.0000000000,0.0757179484,0.0851404965,0.1461536735,0.1293024272,0.0403870456,0.0335027725,0.0736079663,0.0647959709,0.0297466591,0.0296824649,0.4995774329,0.5033361912,0.1206028089,0.1273520738,0.1082723588,0.1079127565,0.1489846110,0.0000000000,0.0000000000,0.0100777550,0.1693384647,0.2035027146,0.1862450093,0.1990287751,0.0000557927,0.0000000000,0.0000000000,0.0000000000,-0.0426228791,0.1874120235,-0.0080802720,0.0369947366,0.1874078363,0.0070137125
20:20:29:56.865,61,0.1067295820,0.3069990575,0.0624515973,0.0000000000,0.0000000000,0.0750106797,0.0000000000,0.1064049602,0.3069482744,0.0702022389,0.0000000000,0.0000000000,0.0750749186,0.0000000000,0.0698052645,0.0117758811,0.0000000000,0.1877720952,0.0797374994,0.0819891989,0.0724594817,0.0080077937,0.0000000000,0.5367092490,0.5718972087,0.0000000000,0.0000000000,0.0757094547,0.0851375163,0.1409049183,0.1246794313,0.0404901020,0.0335409306,0.0736463368,0.0645606667,0.0296083931,0.0295592193,0.4957297742,0.5001089573,0.1199558973,0.1268996298,0.1107119471,0.1103970334,0.1481480300,0.0000000000,0.0000000000,0.0099110790,0.1705449373,0.2064535618,0.1868798584,0.1997838169,0.0000908459,0.0000000000,0.0000000000,0.0000000000,-0.0421320125,0.1876725703,-0.0079986444,0.0374803096,0.1876684427,0.0071158418
20:20:29:57.866,61,0.1069685891,0.3062432408,0.0628253669,0.0000000000,0.0000000000,0.0754226595,0.0000000000,0.1066595018,0.3061983883,0.0698126853,0.0000000000,0.0000000000,0.0754887760,0.0000000000,0.0691312551,0.0117526231,0.0000000000,0.1852448285,0.0796118975,0.0818577930,0.0725351125,0.0079841875,0.0000000000,0.5524187684,0.5837776661,0.0000000000,0.0000000000,0.0757301301,0.0851961374,0.1384481788,0.1225006729,0.0405644141,0.0335340500,0.0736234635,0.0643880442,0.0295207351,0.0294841826,0.4950294495,0.4994834363,0.1205808148,0.1275721043,0.1140110940,0.1136815920,0.1473406106,0.0000000000,0.0000000000,0.0097788470,0.1781778187,0.2159318328,0.1891386211,0.2022611350,0.0001468263,0.0000000000,0.0000000000,0.0000000000,-0.0419018678,0.1872122586,-0.0079350043,0.0377079323,0.1872080117,0.0071410537
20:20:29:58.866,61,0.1070550755,0.3048730195,0.0637298450,0.0000000000,0.0000000000,0.0760224536,0.0000000000,0.1067501530,0.3048417866,0.0689092204,0.0000000000,0.0000000000,0.0760911405,0.0000000000,0.0687457994,0.0116817299,0.0000000000,0.1841917187,0.0792595446,0.0817262158,0.0724911243,0.0077704201,0.0000000000,0.5617255569,0.5952171087,0.0000000000,0.0000000000,0.0757313818,0.0852784589,0.1369660795,0.1212130338,0.0406112857,0.0334716886,0.0735443011,0.0642668605,0.0294734873,0.0294430871,0.4961326420,0.5019271970,0.1237388104,0.1322092116,0.1201712936,0.1197955385,0.1457877457,0.0000000000,0.0000000000,0.0096780425,0.1825876087,0.2211495340,0.1902416945,0.2040292472,0.0001625954,0.0000000000,0.0000000000,0.0000000000,-0.0413660966,0.1863785833,-0.0077979011,0.0382568389,0.1863743365,0.0072119269
20:20:29:59.868,61,0.1069905236,0.3038352728,0.0643683448,0.0000000000,0.0000000000,0.0766300634,0.0000000000,0.1066853628,0.3038136363,0.0682515576,0.0000000000,0.0000000000,0.0767008811,0.0000000000,0.0684647635,0.0115496963,0.0000000000,0.1835359782,0.0787270218,0.0816251636,0.0724105164,0.0075211972,0.0000000000,0.5684523582,0.6019634008,0.0000000000,0.0000000000,0.0756858289,0.0853173584,0.1358591765,0.1202796549,0.0406382419,0.0333765224,0.0734850690,0.0642044246,0.0294561144,0.0294242837,0.4969209135,0.5034345984,0.1269170195,0.1359789222,0.1246419847,0.1242116392,0.1436172277,0.0000000000,0.0000000000,0.0095925853,0.1859871447,0.2247189581,0.1911248863,0.2052192539,0.0001458273,0.0000000000,0.0000000000,0.0000000000,-0.0409761481,0.1857469380,-0.0076976456,0.0386447348,0.1857427359,0.0072597465
20:20:30:00.869,61,0.1058647707,0.3025985658,0.0644109622,0.0000000000,0.0000000000,0.0771734491,0.0000000000,0.1055981815,0.3025777340,0.0682022497,0.0000000000,0.0000000000,0.0772463083,0.0000000000,0.0683764294,0.0112573607,0.0000000000,0.1832264662,0.0781574696,0.0813340992,0.0720615163,0.0071129999,0.0000000000,0.5974260569,0.6299418807,0.0000000000,0.0000000000,0.0757459551,0.0854849145,0.1352727413,0.1198477894,0.0406755544,0.0332347378,0.0733640045,0.0641062185,0.0294421166,0.0294122081,0.5039095879,0.5133472085,0.1307333857,0.1407672763,0.1280428022,0.1276246011,0.1416582465,0.0000000000,0.0000000000,0.0095246509,0.1913905144,0.2319687158,0.1933312118,0.2088430077,0.0001288006,0.0000000000,0.0000000000,0.0000000000,-0.0409523360,0.1849911213,-0.0076611461,0.0386757925,0.1849868745,0.0072353268
20:20:30:01.869,61,0.1031756476,0.3034336269,0.0636504143,0.0000000000,0.0000000000,0.0774992853,0.0000000000,0.1029697806,0.3034013510,0.0689896345,0.0000000000,0.0000000000,0.0775727704,0.0000000000,0.0685720146,0.0109483432,0.0000000000,0.1829710752,0.0775085539,0.0808575898,0.0716116130,0.0066809743,0.0000000000,0.6053356528,0.6377135515,0.0000000000,0.0000000000,0.0758466050,0.0856892169,0.1351152062,0.1197666973,0.0407000855,0.0331059992,0.0731952190,0.0639804602,0.0294436458,0.0294242278,0.5194354653,0.5284999013,0.1324932426,0.1428620070,0.1293629110,0.1289498061,0.1406513304,0.0000000000,0.0000000000,0.0094559435,0.1931871921,0.2342265397,0.1944549829,0.2103187889,0.0001375854,0.0000000000,0.0000000000,0.0000000000,-0.0414212197,0.1854983121,-0.0077705467,0.0382154845,0.1854940951,0.0071693151
20:20:30:02.870,61,0.1021876633,0.3043197989,0.0635477155,0.0000000000,0.0000000000,0.0777029470,0.0000000000,0.1020023376,0.3042861223,0.0690598115,0.0000000000,0.0000000000,0.0777767301,0.0000000000,0.0690196082,0.0106289890,0.0000000000,0.1829645932,0.0770256072,0.0804828927,0.0712189451,0.0062555033,0.0000000000,0.6073314548,0.6408199072,0.0000000000,0.0000000000,0.0760641322,0.0859875381,0.1360010058,0.1204807237,0.0407786705,0.0330253243,0.0731166601,0.0638875589,0.0295011923,0.0294912811,0.5249658227,0.5345821977,0.1335005015,0.1440257877,0.1292345971,0.1288652420,0.1402128041,0.0000000000,0.0000000000,0.0094108386,0.1938755810,0.2350782156,0.1961784959,0.2114619464,0.0001448410,0.0000000000,0.0000000000,0.0000000000,-0.0414591320,0.1860395521,-0.0078008794,0.0381499343,0.1860353351,0.0071783969
20:20:30:03.871,61,0.1040911973,0.3066101074,0.0634964556,0.0000000000,0.0000000000,0.0777523965,0.0000000000,0.1039314643,0.3065755963,0.0690754950,0.0000000000,0.0000000000,0.0778258517,0.0000000000,0.0694399998,0.0103083597,0.0000000000,0.1828946173,0.0766600445,0.0802204460,0.0709284395,0.0058835205,0.0000000000,0.6046882272,0.6397002339,0.0000000000,0.0000000000,0.0762822628,0.0862504691,0.1364973038,0.1209044009,0.0408580042,0.0330257900,0.0730014294,0.0637145266,0.0295796134,0.0295790862,0.5278789401,0.5376664996,0.1339145750,0.1444930583,0.1289467663,0.1285984367,0.1400264800,0.0000000000,0.0000000000,0.0093741557,0.1939711720,0.2351701409,0.1981644481,0.2126405537,0.0001740860,0.0000000000,0.0000000000,0.0000000000,-0.0414576009,0.1874393672,-0.0078606745,0.0381090865,0.1874351948,0.0072259507
20:20:30:04.873,61,0.1052344590,0.3078524768,0.0633168817,0.0000000000,0.0000000000,0.0779252127,0.0000000000,0.1050780118,0.3078152835,0.0692297220,0.0000000000,0.0000000000,0.0779980198,0.0000000000,0.0701341853,0.0099567333,0.0000000000,0.1828903109,0.0762266740,0.0797499716,0.0704854876,0.0055261604,0.0000000000,0.6038516164,0.6393886805,0.0000000000,0.0000000000,0.0765195787,0.0865305737,0.1370515674,0.1213759929,0.0409211703,0.0330429114,0.0727601871,0.0634709448,0.0296457615,0.0296512470,0.5356317759,0.5459917784,0.1342196167,0.1448107958,0.1277989745,0.1274905652,0.1400229335,0.0000000000,0.0000000000,0.0093326233,0.1938597560,0.2349540591,0.1996944994,0.2135657519,0.0002085605,0.0000000000,0.0000000000,0.0000000000,-0.0415441841,0.1881979704,-0.0079097245,0.0379958376,0.1881938428,0.0072343466
20:20:30:05.873,61,0.1054809168,0.3093427122,0.0630691797,0.0000000000,0.0000000000,0.0781296715,0.0000000000,0.1053258702,0.3093015850,0.0694741085,0.0000000000,0.0000000000,0.0782020465,0.0000000000,0.0708903670,0.0096500097,0.0000000000,0.1828160137,0.0758467391,0.0791684687,0.0700514913,0.0051759472,0.0000000000,0.6040107012,0.6396943927,0.0000000000,0.0000000000,0.0768023953,0.0868730694,0.1376236826,0.1218817383,0.0410213545,0.0330409966,0.0725366324,0.0632506087,0.0297517609,0.0297651924,0.5411943793,0.5513616800,0.1346861571,0.1452585012,0.1285514683,0.1282587796,0.1397503912,0.0000000000,0.0000000000,0.0093085496,0.1940442473,0.2350006700,0.2021019459,0.2156674862,0.0002338582,0.0000000000,0.0000000000,0.0000000000,-0.0416836180,0.1891078502,-0.0079755494,0.0378406160,0.1891037226,0.0072404826
20:20:30:06.874,61,0.1050505564,0.3091461658,0.0636775121,0.0000000000,0.0000000000,0.0783362538,0.0000000000,0.1049040556,0.3091139793,0.0688905269,0.0000000000,0.0000000000,0.0784082264,0.0000000000,0.0716395676,0.0092943236,0.0000000000,0.1827109009,0.0754520744,0.0779464692,0.0694778413,0.0047098235,0.0000000000,0.6155398488,0.6497961879,0.0000000000,0.0000000000,0.0771350637,0.0872966573,0.1380837262,0.1222913340,0.0411129594,0.0329849981,0.0722824857,0.0630246699,0.0298298337,0.0298538785,0.5450524092,0.5559275150,0.1352481842,0.1458840966,0.1293581277,0.1290791184,0.1392696053,0.0000000000,0.0000000000,0.0092777181,0.1946168542,0.2355287224,0.2036027014,0.2179940939,0.0002866643,0.0000000000,0.0000000000,0.0000000000,-0.0413343795,0.1889903694,-0.0079037389,0.0382064879,0.1889862418,0.0073058004
20:20:30:07.875,61,0.1047170758,0.3116972148,0.0640331805,0.0000000000,0.0000000000,0.0784598663,0.0000000000,0.1045756117,0.3116699457,0.0685400143,0.0000000000,0.0000000000,0.0785311684,0.0000000000,0.0724536777,0.0089260815,0.0000000000,0.1824776828,0.0751475692,0.0771597177,0.0690057054,0.0042298352,0.0000000000,0.6231878996,0.6571626067,0.0000000000,0.0000000000,0.0774961486,0.0877315328,0.1385489851,0.1227029040,0.0411921404,0.0329391919,0.0720766038,0.0628086478,0.0299259741,0.0299639441,0.5470741987,0.5585182905,0.1357923001,0.1464914382,0.1293088645,0.1290392578,0.1390104145,0.0000000000,0.0000000000,0.0092707798,0.1958091408,0.2369444817,0.2067332566,0.2213840485,0.0003325729,0.0000000000,0.0000000000,0.0000000000,-0.0411117487,0.1905513555,-0.0079277139,0.0384083875,0.1905472875,0.0074065384
20:20:30:08.877,61,0.1047616452,0.3122900426,0.0636893809,0.0000000000,0.0000000000,0.0785970017,0.0000000000,0.1046248525,0.3122575581,0.0688781291,0.0000000000,0.0000000000,0.0786675885,0.0000000000,0.0734257177,0.0084554330,0.0000000000,0.1821645647,0.0750062466,0.0764136687,0.0685152039,0.0038460472,0.0000000000,0.6324288845,0.6649057269,0.0000000000,0.0000000000,0.0779772997,0.0882622823,0.1391130090,0.1231985092,0.0412880629,0.0329348035,0.0718465522,0.0625237003,0.0300444141,0.0300937761,0.5496999621,0.5613698363,0.1360998601,0.1468118876,0.1295379102,0.1292755902,0.1387219727,0.0000000000,0.0000000000,0.0092699276,0.1973789781,0.2381834686,0.2092175186,0.2238569707,0.0003111758,0.0000000000,0.0000000000,0.0000000000,-0.0413116887,0.1909121573,-0.0079817018,0.0381994955,0.1909081489,0.0073805708
20:20:30:09.879,61,0.1046456024,0.3133009076,0.0638865381,0.0000000000,0.0000000000,0.0786925331,0.0000000000,0.1045124978,0.3132716119,0.0686376914,0.0000000000,0.0000000000,0.0787621811,0.0000000000,0.0742121115,0.0079652388,0.0000000000,0.1822448075,0.0748378858,0.0756580308,0.0679696873,0.0034497562,0.0000000000,0.6351674199,0.6672382355,0.0000000000,0.0000000000,0.0783619285,0.0886838958,0.1395382881,0.1236064434,0.0413627177,0.0329436921,0.0715378672,0.0622044243,0.0301044527,0.0301610511,0.5513501167,0.5631192327,0.1362476796,0.1469612867,0.1293422282,0.1290857494,0.1386062950,0.0000000000,0.0000000000,0.0092509091,0.1980109811,0.2386018038,0.2104728967,0.2251020372,0.0002389300,0.0000000000,0.0000000000,0.0000000000,-0.0411625579,0.1915310025,-0.0079793222,0.0383131728,0.1915269643,0.0074271131
20:20:30:10.879,61,0.1043235362,0.3143091500,0.0642576069,0.0000000000,0.0000000000,0.0788962916,0.0000000000,0.1041919962,0.3142855763,0.0682381094,0.0000000000,0.0000000000,0.0789652839,0.0000000000,0.0758113638,0.0076056966,0.0000000000,0.1824031472,0.0747296661,0.0744755939,0.0674099922,0.0032038090,0.0000000000,0.6368533373,0.6686592102,0.0000000000,0.0000000000,0.0787866488,0.0891559944,0.1403545290,0.1242157668,0.0414371677,0.0329674073,0.0712182373,0.0618671589,0.0301749613,0.0302344635,0.5546265244,0.5655379891,0.1363338530,0.1469821632,0.1289970130,0.1287425011,0.1383611858,0.0000000000,0.0000000000,0.0092360983,0.1985978931,0.2389988452,0.2114455402,0.2260219902,0.0001720167,0.0000000000,0.0000000000,0.0000000000,-0.0409180075,0.1921489835,-0.0079581784,0.0385310836,0.1921449304,0.0074940361
20:20:30:11.880,61,0.1038062945,0.3145753741,0.0657114238,0.0000000000,0.0000000000,0.0791729167,0.0000000000,0.1036763042,0.3145739734,0.0667623729,0.0000000000,0.0000000000,0.0792414248,0.0000000000,0.0768885463,0.0072413902,0.0000000000,0.1824566424,0.0746968091,0.0736159235,0.0668990314,0.0029337902,0.0000000000,0.6409348845,0.6719571352,0.0000000000,0.0000000000,0.0792566538,0.0896879360,0.1410660595,0.1248343065,0.0415027514,0.0329856724,0.0709127560,0.0615284629,0.0302500501,0.0303109735,0.5565288067,0.5673445463,0.1364558637,0.1470465660,0.1285423189,0.1282876730,0.1381361783,0.0000000000,0.0000000000,0.0092436261,0.2006487995,0.2405666858,0.2123007774,0.2268236279,0.0001018037,0.0000000000,0.0000000000,0.0000000000,-0.0400317386,0.1923183501,-0.0077929413,0.0394015871,0.1923142970,0.0076701725
20:20:30:12.882,61,0.1029748470,0.3149704039,0.0665449202,0.0000000000,0.0000000000,0.0794175193,0.0000000000,0.1028503627,0.3149816394,0.0659291223,0.0000000000,0.0000000000,0.0794861317,0.0000000000,0.0776019841,0.0069650011,0.0000000000,0.1822473258,0.0746883452,0.0727992132,0.0664293841,0.0027455671,0.0000000000,0.6448425055,0.6748712659,0.0000000000,0.0000000000,0.0797006115,0.0902013630,0.1415181905,0.1252524853,0.0416266993,0.0329812095,0.0707169399,0.0612844825,0.0303223263,0.0303898063,0.5574142337,0.5680644512,0.1367018074,0.1472363174,0.1285339594,0.1282786429,0.1377804279,0.0000000000,0.0000000000,0.0092508271,0.2027494907,0.2427092791,0.2133809924,0.2281256020,0.0000949127,0.0000000000,0.0000000000,0.0000000000,-0.0395302065,0.1925636828,-0.0077054258,0.0398994833,0.1925596595,0.0077771996
20:20:30:13.882,61,0.1024352461,0.3149790466,0.0666653588,0.0000000000,0.0000000000,0.0795137212,0.0000000000,0.1023134738,0.3149921000,0.0658108145,0.0000000000,0.0000000000,0.0795832500,0.0000000000,0.0777091905,0.0067799110,0.0000000000,0.1792260855,0.0747057647,0.0720186830,0.0660638213,0.0025447910,0.0000000000,0.6469234228,0.6767919064,0.0000000000,0.0000000000,0.0799917579,0.0905792639,0.1413256079,0.1251410246,0.0417909361,0.0329135619,0.0706859529,0.0611632131,0.0303325690,0.0304098986,0.5533414483,0.5636048317,0.1368724406,0.1474097073,0.1289878190,0.1287338436,0.1372765899,0.0000000000,0.0000000000,0.0092325751,0.2037889063,0.2438218147,0.2140750587,0.2290299088,0.0000955294,0.0000000000,0.0000000000,0.0000000000,-0.0394592248,0.1925695240,-0.0076918365,0.0399716534,0.1925655007,0.0077915019
20:20:30:14.884,61,0.1018708944,0.3151545525,0.0677013546,0.0000000000,0.0000000000,0.0797752887,0.0000000000,0.1017502695,0.3151832521,0.0647861958,0.0000000000,0.0000000000,0.0798459575,0.0000000000,0.0777420104,0.0066955350,0.0000000000,0.1765432209,0.0746912360,0.0712751746,0.0657227412,0.0023278317,0.0000000000,0.6529251337,0.6835182905,0.0000000000,0.0000000000,0.0802521333,0.0909383073,0.1410526782,0.1249238327,0.0419440083,0.0328026526,0.0706912577,0.0610841177,0.0303326063,0.0304261930,0.5520753264,0.5621963739,0.1372606307,0.1478494406,0.1295440644,0.1292902678,0.1368698329,0.0000000000,0.0000000000,0.0092214681,0.2080132961,0.2504409552,0.2148347199,0.2308397740,0.0000962043,0.0000000000,0.0000000000,0.0000000000,-0.0388440043,0.1926816553,-0.0075764982,0.0405919589,0.1926776767,0.0079170698
20:20:30:15.885,61,0.1014242023,0.3151006401,0.0683167726,0.0000000000,0.0000000000,0.0799664930,0.0000000000,0.1013040617,0.3151386678,0.0641761199,0.0000000000,0.0000000000,0.0800383389,0.0000000000,0.0776676163,0.0066594090,0.0000000000,0.1746105403,0.0745790005,0.0706687570,0.0654521734,0.0021942698,0.0000000000,0.6550488472,0.6857813597,0.0000000000,0.0000000000,0.0804597065,0.0912326053,0.1406766325,0.1246029958,0.0421024896,0.0326851644,0.0707631558,0.0610848367,0.0303549618,0.0304661728,0.5511699319,0.5611563921,0.1377828419,0.1484044194,0.1320633441,0.1318050325,0.1363679320,0.0000000000,0.0000000000,0.0092093861,0.2095315456,0.2525513768,0.2154826820,0.2318488210,0.0000891650,0.0000000000,0.0000000000,0.0000000000,-0.0384784304,0.1926516742,-0.0075040329,0.0409611911,0.1926476508,0.0079877656
20:20:30:16.885,61,0.1014872417,0.3154690564,0.0684390664,0.0000000000,0.0000000000,0.0801422670,0.0000000000,0.1013690606,0.3155091107,0.0640331954,0.0000000000,0.0000000000,0.0802151859,0.0000000000,0.0777279809,0.0066197659,0.0000000000,0.1734615266,0.0745804608,0.0701064318,0.0651422516,0.0020824729,0.0000000000,0.6566460729,0.6879118085,0.0000000000,0.0000000000,0.0807592347,0.0916109085,0.1406620741,0.1245447695,0.0422835685,0.0326007046,0.0708272830,0.0610486306,0.0303887613,0.0305176340,0.5510039330,0.5609105825,0.1381687224,0.1488429159,0.1328607053,0.1326043457,0.1361228377,0.0000000000,0.0000000000,0.0091959769,0.2106525451,0.2540189624,0.2167932540,0.2339361012,0.0000984397,0.0000000000,0.0000000000,0.0000000000,-0.0383910425,0.1928774416,-0.0074959956,0.0410327204,0.1928734779,0.0080113215
20:20:30:17.887,61,0.1016317680,0.3154336810,0.0686910227,0.0000000000,0.0000000000,0.0802412778,0.0000000000,0.1015170589,0.3154776394,0.0637709647,0.0000000000,0.0000000000,0.0803151578,0.0000000000,0.0779592767,0.0065223998,0.0000000000,0.1724900454,0.0743660107,0.0696872100,0.0648547933,0.0019012762,0.0000000000,0.6595048904,0.6916198730,0.0000000000,0.0000000000,0.0810015500,0.0919350162,0.1405842155,0.1244370565,0.0424202383,0.0324740298,0.0709246248,0.0610902496,0.0304721724,0.0306246709,0.5526095629,0.5627900958,0.1405579597,0.1523294002,0.1332553923,0.1330040544,0.1358913034,0.0000000000,0.0000000000,0.0092043048,0.2116042525,0.2553948462,0.2184754908,0.2364287525,0.0000847029,0.0000000000,0.0000000000,0.0000000000,-0.0382339694,0.1928570569,-0.0074645327,0.0411839522,0.1928530633,0.0080399578
20:20:30:18.888,61,0.1018327996,0.3146773577,0.0692665949,0.0000000000,0.0000000000,0.0804067031,0.0000000000,0.1017218307,0.3147300780,0.0631871596,0.0000000000,0.0000000000,0.0804817304,0.0000000000,0.0780183673,0.0065579591,0.0000000000,0.1689039916,0.0742052272,0.0693235248,0.0645805076,0.0017418426,0.0000000000,0.6605831981,0.6931424737,0.0000000000,0.0000000000,0.0811776146,0.0921999365,0.1403234303,0.1240878403,0.0425653867,0.0324071981,0.0710001215,0.0610807016,0.0305377319,0.0307198279,0.5530463457,0.5632299185,0.1413191259,0.1534548700,0.1335778683,0.1333317608,0.1356278211,0.0000000000,0.0000000000,0.0092102159,0.2121427506,0.2561895847,0.2192337364,0.2376076281,0.0000872423,0.0000000000,0.0000000000,0.0000000000,-0.0378873311,0.1923974752,-0.0073788222,0.0415327735,0.1923934668,0.0080882059
20:20:30:19.888,61,0.1019024551,0.3146002889,0.0696709156,0.0000000000,0.0000000000,0.0805386379,0.0000000000,0.1017951816,0.3146591783,0.0627751499,0.0000000000,0.0000000000,0.0806148872,0.0000000000,0.0782162771,0.0066214632,0.0000000000,0.1676146239,0.0740928203,0.0688502192,0.0642465726,0.0016168079,0.0000000000,0.6629136801,0.6962488294,0.0000000000,0.0000000000,0.0814692974,0.0925879329,0.1403713524,0.1240039617,0.0426864289,0.0323262960,0.0710299462,0.0610471480,0.0306020044,0.0308141429,0.5543926358,0.5642725229,0.1418581009,0.1542008668,0.1333411783,0.1331001520,0.1354476213,0.0000000000,0.0000000000,0.0092076836,0.2127011120,0.2569513619,0.2200341076,0.2390605211,0.0001259505,0.0000000000,0.0000000000,0.0000000000,-0.0376406014,0.1923522949,-0.0073290314,0.0417755805,0.1923483312,0.0081335045
20:20:30:20.889,61,0.1019238159,0.3143059015,0.0699948743,0.0000000000,0.0000000000,0.0806354210,0.0000000000,0.1018203422,0.3143696785,0.0624465607,0.0000000000,0.0000000000,0.0807124972,0.0000000000,0.0784820989,0.0066337283,0.0000000000,0.1669293344,0.0740850493,0.0683007613,0.0638667792,0.0015126453,0.0000000000,0.6645299196,0.6981130242,0.0000000000,0.0000000000,0.0818238854,0.0930432454,0.1405474991,0.1240383908,0.0428077579,0.0322912298,0.0709950253,0.0609306470,0.0306389220,0.0308767781,0.5561093092,0.5658055544,0.1419817358,0.1544210017,0.1299974471,0.1297801286,0.1354734749,0.0000000000,0.0000000000,0.0091963876,0.2132033855,0.2575935423,0.2206259519,0.2399101704,0.0001246753,0.0000000000,0.0000000000,0.0000000000,-0.0374448746,0.1921739131,-0.0072840084,0.0419712961,0.1921698898,0.0081638163
20:20:30:21.891,61,0.1020570844,0.3144060075,0.0699762329,0.0000000000,0.0000000000,0.0807274207,0.0000000000,0.1019571796,0.3144695759,0.0624635629,0.0000000000,0.0000000000,0.0808049664,0.0000000000,0.0786129162,0.0065651820,0.0000000000,0.1665863395,0.0743143857,0.0676828846,0.0635074154,0.0013723066,0.0000000000,0.6667097807,0.6999130845,0.0000000000,0.0000000000,0.0822446793,0.0935517401,0.1406199187,0.1240332201,0.0429506302,0.0323029272,0.0708985105,0.0607279129,0.0306438785,0.0308961030,0.5567966104,0.5664487481,0.1416927129,0.1541648507,0.1290096492,0.1287989467,0.1354276389,0.0000000000,0.0000000000,0.0091761062,0.2139287144,0.2585881054,0.2212294489,0.2406855226,0.0001296492,0.0000000000,0.0000000000,0.0000000000,-0.0374546275,0.1922350675,-0.0072882809,0.0419596173,0.1922310144,0.0081642056
20:20:30:22.892,61,0.1020791605,0.3144018054,0.0701035783,0.0000000000,0.0000000000,0.0809990391,0.0000000000,0.1019802392,0.3144672513,0.0623370633,0.0000000000,0.0000000000,0.0810776278,0.0000000000,0.0789750293,0.0066037467,0.0000000000,0.1664377600,0.0744379312,0.0669919625,0.0630762354,0.0011885181,0.0000000000,0.6677836180,0.7010313272,0.0000000000,0.0000000000,0.0826350898,0.0940451398,0.1409341246,0.1241903380,0.0430954620,0.0323068947,0.0707616508,0.0605401620,0.0306563191,0.0309282206,0.5618252158,0.5721220374,0.1415472031,0.1541062891,0.1282510459,0.1280422509,0.1354094446,0.0000000000,0.0000000000,0.0091522299,0.2146334648,0.2599612772,0.2219278812,0.2420020700,0.0001181382,0.0000000000,0.0000000000,0.0000000000,-0.0373787805,0.1922330856,-0.0072734533,0.0420360044,0.1922290772,0.0081789745
20:20:30:23.893,61,0.1020440608,0.3141334951,0.0703669637,0.0000000000,0.0000000000,0.0811777040,0.0000000000,0.1019450873,0.3142030239,0.0620610453,0.0000000000,0.0000000000,0.0812575594,0.0000000000,0.0789981112,0.0066694012,0.0000000000,0.1661418080,0.0745055154,0.0663544536,0.0627293736,0.0010403180,0.0000000000,0.6684524417,0.7016986012,0.0000000000,0.0000000000,0.0828963369,0.0944018438,0.1408836693,0.1240876094,0.0432306230,0.0322761573,0.0706858113,0.0604178458,0.0306414627,0.0309263282,0.5629121065,0.5733250976,0.1413971633,0.1540187895,0.1284068823,0.1281958073,0.1351064742,0.0000000000,0.0000000000,0.0091194622,0.2152177840,0.2607794404,0.2223105133,0.2426794171,0.0000730644,0.0000000000,0.0000000000,0.0000000000,-0.0372144543,0.1920703799,-0.0072352104,0.0421952717,0.1920663267,0.0082028210
20:20:30:24.894,61,0.1018767878,0.3137761056,0.0702587441,0.0000000000,0.0000000000,0.0812421292,0.0000000000,0.1017761379,0.3138439953,0.0621599741,0.0000000000,0.0000000000,0.0813235641,0.0000000000,0.0787787437,0.0067121331,0.0000000000,0.1629776210,0.0747192875,0.0656917021,0.0624762140,0.0009203083,0.0000000000,0.6719238758,0.7039693594,0.0000000000,0.0000000000,0.0831581652,0.0947680697,0.1407083124,0.1239312664,0.0434379391,0.0322388820,0.0707149804,0.0603114590,0.0306290798,0.0309161153,0.5624397397,0.5728610754,0.1410680264,0.1537177116,0.1286958605,0.1284764558,0.1347280741,0.0000000000,0.0000000000,0.0090958765,0.2165451050,0.2628197074,0.2227296531,0.2432965338,0.0000399436,0.0000000000,0.0000000000,0.0000000000,-0.0372753590,0.1918513030,-0.0072385739,0.0421321653,0.1918473244,0.0081809871
20:20:30:25.894,61,0.1014562175,0.3125712276,0.0706203580,0.0000000000,0.0000000000,0.0812915191,0.0000000000,0.1013541818,0.3126445413,0.0617724806,0.0000000000,0.0000000000,0.0813739300,0.0000000000,0.0784789771,0.0066353758,0.0000000000,0.1617598981,0.0747952983,0.0651325360,0.0622137524,0.0008287882,0.0000000000,0.6737621427,0.7050954103,0.0000000000,0.0000000000,0.0833223909,0.0950060114,0.1404166669,0.1237038001,0.0435546525,0.0321583636,0.0707004517,0.0602019913,0.0305932444,0.0308762658,0.5620753169,0.5725021958,0.1409257650,0.1535585374,0.1286788881,0.1284500211,0.1344428062,0.0000000000,0.0000000000,0.0090648951,0.2178972065,0.2639959157,0.2230665982,0.2437347472,0.0000279577,0.0000000000,0.0000000000,0.0000000000,-0.0370482542,0.1911164522,-0.0071662543,0.0423550494,0.1911124289,0.0081919534
20:20:30:26.896,61,0.1009299457,0.3121649027,0.0708880723,0.0000000000,0.0000000000,0.0812584907,0.0000000000,0.1008268520,0.3122421801,0.0615091920,0.0000000000,0.0000000000,0.0813408121,0.0000000000,0.0782281831,0.0065583116,0.0000000000,0.1609367728,0.0751438960,0.0645826980,0.0620129444,0.0007823156,0.0000000000,0.6742348671,0.7052538395,0.0000000000,0.0000000000,0.0835131556,0.0952417925,0.1402949840,0.1236251295,0.0437408835,0.0321945772,0.0706897303,0.0600403100,0.0305502824,0.0308243111,0.5595017076,0.5694413781,0.1393615007,0.1512213051,0.1286029369,0.1283649653,0.1341575235,0.0000000000,0.0000000000,0.0090357279,0.2183839828,0.2643223107,0.2231514007,0.2437789887,0.0000324594,0.0000000000,0.0000000000,0.0000000000,-0.0368920937,0.1908693463,-0.0071266098,0.0425176546,0.1908653378,0.0082124881
20:20:30:27.897,61,0.1005509123,0.3127287924,0.0715566054,0.0000000000,0.0000000000,0.0812098682,0.0000000000,0.1004484296,0.3128164113,0.0608266890,0.0000000000,0.0000000000,0.0812915415,0.0000000000,0.0785106122,0.0064039854,0.0000000000,0.1608891934,0.0754633769,0.0640583113,0.0617356822,0.0008092429,0.0000000000,0.6746872067,0.7054991722,0.0000000000,0.0000000000,0.0839217007,0.0956675783,0.1408508122,0.1239992380,0.0439216755,0.0322929025,0.0705972761,0.0598319992,0.0305876005,0.0308635831,0.5618916154,0.5709362030,0.1386016458,0.1501924843,0.1271355450,0.1268957853,0.1341037601,0.0000000000,0.0000000000,0.0090304976,0.2187136710,0.2644240558,0.2236265242,0.2440979183,0.0000488218,0.0000000000,0.0000000000,0.0000000000,-0.0364802815,0.1912174821,-0.0070602656,0.0429157652,0.1912134141,0.0083048241
20:20:30:28.897,61,0.1008114889,0.3140007555,0.0717380196,0.0000000000,0.0000000000,0.0812068582,0.0000000000,0.1007108614,0.3140914440,0.0606327727,0.0000000000,0.0000000000,0.0812874436,0.0000000000,0.0787900165,0.0062466036,0.0000000000,0.1609922647,0.0757255703,0.0637268201,0.0615496375,0.0009849484,0.0000000000,0.6749295592,0.7055319548,0.0000000000,0.0000000000,0.0842758268,0.0960012525,0.1412058175,0.1242373809,0.0440739021,0.0323986560,0.0705398023,0.0596668720,0.0306449495,0.0309250448,0.5625469089,0.5711814165,0.1381764859,0.1495137811,0.1268156171,0.1265754551,0.1340537965,0.0000000000,0.0000000000,0.0090403603,0.2190627307,0.2644583583,0.2242173553,0.2444670200,0.0000524474,0.0000000000,0.0000000000,0.0000000000,-0.0363584869,0.1919960231,-0.0070660701,0.0430180840,0.1919919997,0.0083593540
20:20:30:29.898,61,0.1009567454,0.3135901690,0.0715149865,0.0000000000,0.0000000000,0.0813942254,0.0000000000,0.1008599326,0.3136774898,0.0608381853,0.0000000000,0.0000000000,0.0814736784,0.0000000000,0.0790963173,0.0059943642,0.0000000000,0.1612289101,0.0759486258,0.0636161342,0.0614637136,0.0010686042,0.0000000000,0.6754611135,0.7058865428,0.0000000000,0.0000000000,0.0845969692,0.0962895527,0.1416059881,0.1245592386,0.0441738889,0.0324500017,0.0705655888,0.0595921949,0.0307003204,0.0309853312,0.5626797080,0.5711200833,0.1380807757,0.1492358446,0.1263591796,0.1261206269,0.1343045831,0.0000000000,0.0000000000,0.0090770889,0.2207682133,0.2649470568,0.2247145027,0.2447033823,0.0000606496,0.0000000000,0.0000000000,0.0000000000,-0.0364834554,0.1917438656,-0.0070808008,0.0428864360,0.1917398423,0.0083225686
20:20:30:30.900,61,0.1008870676,0.3137525618,0.0716035292,0.0000000000,0.0000000000,0.0814573243,0.0000000000,0.1007938832,0.3138413131,0.0607477725,0.0000000000,0.0000000000,0.0815354139,0.0000000000,0.0792127848,0.0056847460,0.0000000000,0.1612062156,0.0762117580,0.0635086969,0.0614115894,0.0011108004,0.0000000000,0.6757019162,0.7059696317,0.0000000000,0.0000000000,0.0848471001,0.0964884758,0.1418868005,0.1248248219,0.0442966670,0.0324719213,0.0706571043,0.0595507510,0.0307226013,0.0310094636,0.5623282194,0.5707267523,0.1378794909,0.1488906890,0.1258800030,0.1256438345,0.1344988644,0.0000000000,0.0000000000,0.0090942653,0.2213589698,0.2650262713,0.2250727415,0.2447833717,0.0000547584,0.0000000000,0.0000000000,0.0000000000,-0.0364285298,0.1918436140,-0.0070739151,0.0429387055,0.1918395758,0.0083371485
20:20:30:31.900,61,0.1005959362,0.3138239682,0.0720828325,0.0000000000,0.0000000000,0.0814964995,0.0000000000,0.1005070657,0.3139199317,0.0602739640,0.0000000000,0.0000000000,0.0815734118,0.0000000000,0.0791193470,0.0054684230,0.0000000000,0.1609606594,0.0768476054,0.0632954836,0.0614403486,0.0010819391,0.0000000000,0.6790494919,0.7085314989,0.0000000000,0.0000000000,0.0851595476,0.0967919752,0.1420366317,0.1249925941,0.0445110165,0.0324764065,0.0709194914,0.0595864132,0.0307187624,0.0310095083,0.5524264574,0.5612878203,0.1375322342,0.1484664977,0.1255241036,0.1252905428,0.1346207708,0.0000000000,0.0000000000,0.0091150366,0.2240581065,0.2676496506,0.2256015241,0.2451507151,0.0000415427,0.0000000000,0.0000000000,0.0000000000,-0.0361440741,0.1918896735,-0.0070204311,0.0432257578,0.1918856353,0.0083949119
20:20:30:32.902,61,0.1009349674,0.3139905035,0.0725399256,0.0000000000,0.0000000000,0.0815581083,0.0000000000,0.1008493528,0.3140933812,0.0598228276,0.0000000000,0.0000000000,0.0816344768,0.0000000000,0.0788658559,0.0053846939,0.0000000000,0.1601588428,0.0782824829,0.0629578531,0.0614746250,0.0010007781,0.0000000000,0.6801041365,0.7094886899,0.0000000000,0.0000000000,0.0854349732,0.0970640257,0.1419916302,0.1249446347,0.0447644778,0.0325391553,0.0711556226,0.0595336556,0.0306809787,0.0309726018,0.5463830829,0.5558210015,0.1348071992,0.1461056322,0.1252850741,0.1250542402,0.1346633285,0.0000000000,0.0000000000,0.0091171451,0.2251861691,0.2688201666,0.2260232270,0.2455770671,0.0000463530,0.0000000000,0.0000000000,0.0000000000,-0.0358727984,0.1919937730,-0.0069716391,0.0434989929,0.1919897795,0.0084526399
20:20:30:33.903,61,0.1060697362,0.3155045211,0.0733990818,0.0000000000,0.0000000000,0.0816336572,0.0000000000,0.1060114279,0.3156205714,0.0590004250,0.0000000000,0.0000000000,0.0817095488,0.0000000000,0.0783222392,0.0053553507,0.0000000000,0.1555658579,0.0788221955,0.0627591163,0.0615433492,0.0008584448,0.0000000000,0.6803810000,0.7098686695,0.0000000000,0.0000000000,0.0854666233,0.0970866010,0.1399816722,0.1235126555,0.0449719541,0.0325367413,0.0714672059,0.0596049502,0.0306345429,0.0309263468,0.5369166732,0.5469722748,0.1338390857,0.1453131437,0.1254844815,0.1252571344,0.1345503181,0.0000000000,0.0000000000,0.0091145961,0.2259841114,0.2697955072,0.2263453156,0.2460303158,0.0000523599,0.0000000000,0.0000000000,0.0000000000,-0.0353732333,0.1929238588,-0.0069087357,0.0440062508,0.1929198503,0.0085936096
20:20:30:34.904,61,0.1077004895,0.3145674467,0.0740606710,0.0000000000,0.0000000000,0.0818931311,0.0000000000,0.1076500937,0.3146930337,0.0583775863,0.0000000000,0.0000000000,0.0819685534,0.0000000000,0.0770367533,0.0053108488,0.0000000000,0.1487639397,0.0791067481,0.0627496615,0.0617239587,0.0006660312,0.0000000000,0.6807501912,0.7103975415,0.0000000000,0.0000000000,0.0853528753,0.0969620496,0.1374235153,0.1215846762,0.0451706015,0.0324386843,0.0719795004,0.0598541610,0.0305940937,0.0308858082,0.5217656493,0.5327553153,0.1334041655,0.1450640261,0.1286014467,0.1283745617,0.1342489570,0.0000000000,0.0000000000,0.0091331191,0.2292447835,0.2764092088,0.2263311744,0.2461920828,0.0000708824,0.0000000000,0.0000000000,0.0000000000,-0.0350036845,0.1923543662,-0.0068159038,0.0444078483,0.1923503131,0.0086457357
