Timecode,BlendshapeCount,EyeBlinkLeft,EyeLookDownLeft,EyeLookInLeft,EyeLookOutLeft,EyeLookUpLeft,EyeSquintLeft,EyeWideLeft,EyeBlinkRight,EyeLookDownRight,EyeLookInRight,EyeLookOutRight,EyeLookUpRight,EyeSquintRight,EyeWideRight,JawForward,JawRight,JawLeft,JawOpen,MouthClose,MouthFunnel,MouthPucker,MouthRight,MouthLeft,MouthSmileLeft,MouthSmileRight,MouthFrownLeft,MouthFrownRight,MouthDimpleLeft,MouthDimpleRight,MouthStretchLeft,MouthStretchRight,MouthRollLower,MouthRollUpper,MouthShrugLower,MouthShrugUpper,MouthPressLeft,MouthPressRight,MouthLowerDownLeft,MouthLowerDownRight,MouthUpperUpLeft,MouthUpperUpRight,BrowDownLeft,BrowDownRight,BrowInnerUp,BrowOuterUpLeft,BrowOuterUpRight,CheekPuff,CheekSquintLeft,CheekSquintRight,NoseSneerLeft,NoseSneerRight,TongueOut,HeadYaw,HeadPitch,HeadRoll,LeftEyeYaw,LeftEyePitch,LeftEyeRoll,RightEyeYaw,RightEyePitch,RightEyeRoll
20:19:44:18.024,61,0.0897289366,0.2964982986,0.0925364941,0.0000000000,0.0000000000,0.0790295675,0.0000000000,0.0894854739,0.2968754172,0.0363816619,0.0000000000,0.0000000000,0.0790526718,0.0000000000,0.0977844819,0.0000000000,0.0086348597,0.1516754031,0.0690641180,0.0517099015,0.0521403588,0.0186759513,0.0000000000,0.7571684718,0.7635006309,0.0000000000,0.0000000000,0.0937212408,0.1012964547,0.1499749571,0.1347245127,0.0393333249,0.0287651755,0.0700501129,0.0567462556,0.0385404192,0.0376165546,0.5817649961,0.5796756744,0.1747297049,0.1709830761,0.1588101983,0.1580635160,0.1061681584,0.0000000000,0.0000000000,0.0097492393,0.2519759834,0.2707852721,0.2442772239,0.2474800348,0.0001987150,0.0000000000,0.0000000000,0.0000000000,-0.0218597762,0.1813946813,-0.0040089777,0.0556017198,0.1814039648,0.0101928804
20:19:44:19.025,61,0.0895604715,0.2965612411,0.0926119238,0.0000000000,0.0000000000,0.0790347382,0.0000000000,0.0893179327,0.2969394326,0.0363284275,0.0000000000,0.0000000000,0.0790576339,0.0000000000,0.0975546688,0.0000000000,0.0088926638,0.1514681280,0.0685532391,0.0518895574,0.0521388277,0.0186123960,0.0000000000,0.7573212981,0.7635449767,0.0000000000,0.0000000000,0.0934936479,0.1010638699,0.1488475949,0.1342262626,0.0392604880,0.0286039356,0.0702364817,0.0570177995,0.0385665596,0.0376306623,0.5759602189,0.5740228891,0.1782587022,0.1739638746,0.1583703160,0.1576236188,0.1059135124,0.0000000000,0.0000000000,0.0097648874,0.2523883581,0.2711423934,0.2435794026,0.2469645441,0.0001559039,0.0000000000,0.0000000000,0.0000000000,-0.0218276381,0.1814336926,-0.0040039639,0.0556466505,0.1814429462,0.0102033485
20:19:44:20.026,61,0.0895972103,0.2969673276,0.0924311280,0.0000000000,0.0000000000,0.0790384784,0.0000000000,0.0893547013,0.2973433435,0.0365413912,0.0000000000,0.0000000000,0.0790613145,0.0000000000,0.0972419083,0.0000000000,0.0089635113,0.1513350308,0.0682616532,0.0520178378,0.0521989241,0.0185314734,0.0000000000,0.7576916814,0.7639119625,0.0000000000,0.0000000000,0.0933362842,0.1009237543,0.1481224597,0.1337529421,0.0392279625,0.0284450352,0.0704517215,0.0572799481,0.0385683514,0.0376323462,0.5731019378,0.5713140965,0.1797686368,0.1754720211,0.1586076319,0.1578608006,0.1057654917,0.0000000000,0.0000000000,0.0097723138,0.2533715963,0.2727144957,0.2435565591,0.2470179796,0.0000660806,0.0000000000,0.0000000000,0.0000000000,-0.0219545979,0.1816810071,-0.0040328614,0.0555355027,0.1816902757,0.0101971794
20:19:44:21.026,61,0.0917106047,0.3010297716,0.0924201757,0.0000000000,0.0000000000,0.0789132640,0.0000000000,0.0914910138,0.3014104664,0.0365952253,0.0000000000,0.0000000000,0.0789357349,0.0000000000,0.0970438421,0.0000000000,0.0091253296,0.1507999003,0.0682054833,0.0519258343,0.0522547327,0.0183732994,0.0000000000,0.7635730505,0.7702288628,0.0000000000,0.0000000000,0.0934568942,0.1010307372,0.1474408358,0.1331765950,0.0392980352,0.0283397734,0.0706614181,0.0574565977,0.0386436917,0.0377125368,0.5739371181,0.5719633698,0.1805591881,0.1763102561,0.1611078531,0.1603678614,0.1055385992,0.0000000000,0.0000000000,0.0097996369,0.2561039031,0.2760619521,0.2479800135,0.2508495748,0.0000848137,0.0000000000,0.0000000000,0.0000000000,-0.0219768416,0.1841661930,-0.0040934258,0.0555034354,0.1841754764,0.0103338696
20:19:44:22.027,61,0.0926742032,0.3032096624,0.0923616961,0.0000000000,0.0000000000,0.0788838565,0.0000000000,0.0924605206,0.3035920560,0.0366971716,0.0000000000,0.0000000000,0.0789061859,0.0000000000,0.0970568582,0.0000000000,0.0090536606,0.1505174339,0.0682862476,0.0517531000,0.0523052923,0.0183606353,0.0000000000,0.7719064951,0.7793833017,0.0000000000,0.0000000000,0.0938165560,0.1014108285,0.1473249048,0.1329395473,0.0393736325,0.0282213837,0.0708756223,0.0576045364,0.0387579128,0.0378478058,0.5830478668,0.5789699554,0.1813181341,0.1770764887,0.1627870500,0.1620256007,0.1053792536,0.0000000000,0.0000000000,0.0098397247,0.2586632371,0.2795208395,0.2522096932,0.2544208765,0.0001670317,0.0000000000,0.0000000000,0.0000000000,-0.0220325775,0.1854994297,-0.0041342042,0.0554545149,0.1855087280,0.0104012424
20:19:44:23.028,61,0.0947494954,0.3071171045,0.0922590494,0.0000000000,0.0000000000,0.0787242875,0.0000000000,0.0945565030,0.3075022399,0.0369126275,0.0000000000,0.0000000000,0.0787462518,0.0000000000,0.0972587541,0.0000000000,0.0089647966,0.1506064385,0.0684601441,0.0516508073,0.0523920842,0.0183231439,0.0000000000,0.7748517394,0.7826126218,0.0000000000,0.0000000000,0.0942533016,0.1018844619,0.1472029835,0.1326682568,0.0394770131,0.0281449836,0.0711208060,0.0577601232,0.0388425626,0.0379611142,0.5857946873,0.5811939240,0.1819475740,0.1777352244,0.1630775779,0.1623135209,0.1055957153,0.0000000000,0.0000000000,0.0098922178,0.2599809766,0.2811568677,0.2553057671,0.2570473552,0.0002793358,0.0000000000,0.0000000000,0.0000000000,-0.0221519340,0.1878890991,-0.0042114165,0.0553679317,0.1878985316,0.0105219772
20:19:44:24.029,61,0.0972121805,0.3107716739,0.0914098620,0.0000000000,0.0000000000,0.0784618482,0.0000000000,0.0970287621,0.3111487925,0.0377723649,0.0000000000,0.0000000000,0.0784838200,0.0000000000,0.0976107344,0.0000000000,0.0086777005,0.1509985030,0.0687404424,0.0513806827,0.0523335449,0.0184145160,0.0000000000,0.7764570713,0.7844470739,0.0000000000,0.0000000000,0.0948596075,0.1025231108,0.1473532617,0.1325049251,0.0395424850,0.0281743221,0.0711079463,0.0576796420,0.0389118232,0.0380680934,0.5942538381,0.5882608294,0.1818757206,0.1777411252,0.1629512906,0.1621901691,0.1058301255,0.0000000000,0.0000000000,0.0099220909,0.2604361475,0.2819100618,0.2568914294,0.2585222721,0.0004118009,0.0000000000,0.0000000000,0.0000000000,-0.0226582196,0.1901193857,-0.0043600290,0.0548349246,0.1901288927,0.0105474945
20:19:44:25.031,61,0.0980895162,0.3114832044,0.0905621946,0.0000000000,0.0000000000,0.0782653019,0.0000000000,0.0979100317,0.3118487597,0.0386136323,0.0000000000,0.0000000000,0.0782875270,0.0000000000,0.0982005894,0.0000000000,0.0083731106,0.1562400311,0.0691429600,0.0510936417,0.0522163510,0.0184176322,0.0000000000,0.7767652869,0.7849184275,0.0000000000,0.0000000000,0.0954152942,0.1031241640,0.1488477588,0.1328731775,0.0395789668,0.0282760374,0.0709409788,0.0574843250,0.0389506780,0.0381350368,0.5995214581,0.5940235853,0.1813760996,0.1773730665,0.1629727483,0.1622169018,0.1060630605,0.0000000000,0.0000000000,0.0099304849,0.2604609728,0.2821546793,0.2579511404,0.2595347166,0.0004674493,0.0000000000,0.0000000000,0.0000000000,-0.0231609512,0.1905493140,-0.0044670762,0.0543218926,0.1905588210,0.0104731238
20:19:44:26.032,61,0.0980876759,0.3088088632,0.0906393901,0.0000000000,0.0000000000,0.0783138052,0.0000000000,0.0979068428,0.3091725707,0.0385084823,0.0000000000,0.0000000000,0.0783361346,0.0000000000,0.0986125991,0.0000000000,0.0082288068,0.1577045172,0.0691343322,0.0509418286,0.0521288030,0.0182519984,0.0000000000,0.7736644745,0.7824732661,0.0000000000,0.0000000000,0.0955377817,0.1032905132,0.1493559182,0.1330707669,0.0395349823,0.0282822791,0.0708091706,0.0574034490,0.0389715284,0.0381702520,0.6019166708,0.5966627002,0.1814186126,0.1775585115,0.1630847603,0.1623307019,0.1061507687,0.0000000000,0.0000000000,0.0099377576,0.2603043318,0.2820897400,0.2580724657,0.2597131729,0.0003956769,0.0000000000,0.0000000000,0.0000000000,-0.0231051371,0.1889138371,-0.0044171354,0.0543852411,0.1889233142,0.0103931511
20:19:44:27.033,61,0.0969897360,0.3038121760,0.0913871080,0.0000000000,0.0000000000,0.0787926391,0.0000000000,0.0967703462,0.3041811287,0.0377121270,0.0000000000,0.0000000000,0.0788156465,0.0000000000,0.0988187641,0.0000000000,0.0081413547,0.1583006382,0.0688691437,0.0510238856,0.0520280674,0.0182017814,0.0000000000,0.7700846791,0.7783322930,0.0000000000,0.0000000000,0.0954405144,0.1032358035,0.1494207084,0.1330548674,0.0394746661,0.0282633230,0.0707739890,0.0574664176,0.0389956646,0.0382004306,0.6025202274,0.5973311663,0.1816856563,0.1778793186,0.1628308892,0.1620745957,0.1061724201,0.0000000000,0.0000000000,0.0099544227,0.2604774535,0.2822629809,0.2546430230,0.2578992546,0.0003024756,0.0000000000,0.0000000000,0.0000000000,-0.0226404071,0.1858619004,-0.0042567337,0.0548656099,0.1858712733,0.0103114843
20:19:44:28.034,61,0.0967701003,0.3039188385,0.0921681821,0.0000000000,0.0000000000,0.0790003091,0.0000000000,0.0965365320,0.3042990565,0.0369409546,0.0000000000,0.0000000000,0.0790237412,0.0000000000,0.0986337364,0.0000000000,0.0081354501,0.1587737799,0.0686421543,0.0512172580,0.0519530624,0.0181517638,0.0000000000,0.7575141191,0.7651119232,0.0000000000,0.0000000000,0.0952419713,0.1030755267,0.1490636319,0.1327984333,0.0394588150,0.0282747708,0.0708148330,0.0575879253,0.0389240868,0.0381162427,0.5876937509,0.5836854577,0.1815172136,0.1777776778,0.1568322331,0.1560352743,0.1064129248,0.0000000000,0.0000000000,0.0099358950,0.2602396309,0.2820381522,0.2505055666,0.2547698617,0.0001712244,0.0000000000,0.0000000000,0.0000000000,-0.0221771393,0.1859319806,-0.0041712560,0.0553338453,0.1859413832,0.0104034040
20:19:44:29.035,61,0.0964909494,0.3025220037,0.0920795947,0.0000000000,0.0000000000,0.0790341571,0.0000000000,0.0962501317,0.3028991520,0.0370636843,0.0000000000,0.0000000000,0.0790578872,0.0000000000,0.0982242823,0.0000000000,0.0081764935,0.1587143242,0.0682272911,0.0513409935,0.0518779233,0.0180598274,0.0000000000,0.7540357709,0.7615033388,0.0000000000,0.0000000000,0.0949587226,0.1028323174,0.1476313770,0.1322513521,0.0394082032,0.0281659961,0.0709638894,0.0578284040,0.0388322733,0.0380173437,0.5835692883,0.5799025297,0.1818393171,0.1782055795,0.1542943120,0.1535005718,0.1064530686,0.0000000000,0.0000000000,0.0099046221,0.2600390315,0.2819194496,0.2470695674,0.2519957721,0.0000807685,0.0000000000,0.0000000000,0.0000000000,-0.0222543869,0.1850769222,-0.0041660867,0.0552894995,0.1850862652,0.0103461631
20:19:44:30.036,61,0.0965668932,0.3036836982,0.0924158692,0.0000000000,0.0000000000,0.0791053921,0.0000000000,0.0963258147,0.3040667176,0.0367914923,0.0000000000,0.0000000000,0.0791291073,0.0000000000,0.0979486257,0.0000000000,0.0083711129,0.1580961198,0.0680726990,0.0512827449,0.0518269241,0.0177340787,0.0000000000,0.7618954182,0.7716347575,0.0000000000,0.0000000000,0.0948955640,0.1027905643,0.1468431503,0.1317471862,0.0394051410,0.0280392431,0.0710789710,0.0579867885,0.0387982093,0.0379821323,0.5817419291,0.5784734488,0.1821692437,0.1787714660,0.1565356404,0.1557898670,0.1062183976,0.0000000000,0.0000000000,0.0098919254,0.2612622976,0.2839037180,0.2461705357,0.2513830960,0.0001036929,0.0000000000,0.0000000000,0.0000000000,-0.0220879987,0.1857896894,-0.0041512391,0.0554840304,0.1857990772,0.0104234405
20:19:44:31.037,61,0.0968749300,0.3050580919,0.0918177888,0.0000000000,0.0000000000,0.0791290998,0.0000000000,0.0966387689,0.3054342568,0.0373895504,0.0000000000,0.0000000000,0.0791525766,0.0000000000,0.0981068537,0.0000000000,0.0084387558,0.1581016332,0.0681341216,0.0511402376,0.0517563820,0.0174176674,0.0000000000,0.7666515708,0.7770484686,0.0000000000,0.0000000000,0.0951048210,0.1030322015,0.1464786530,0.1314448714,0.0394085720,0.0279943291,0.0710593164,0.0579922646,0.0388138257,0.0380155966,0.5854268074,0.5837265253,0.1824656278,0.1792819947,0.1584313065,0.1577226818,0.1061446667,0.0000000000,0.0000000000,0.0099004656,0.2624137104,0.2855928838,0.2533366680,0.2579614222,0.0001701521,0.0000000000,0.0000000000,0.0000000000,-0.0224435106,0.1866267174,-0.0042374935,0.0551162548,0.1866361499,0.0104021691
20:19:44:32.038,61,0.0986071602,0.3096184134,0.0902731270,0.0000000000,0.0000000000,0.0788686052,0.0000000000,0.0984162688,0.3099774420,0.0389265828,0.0000000000,0.0000000000,0.0788920447,0.0000000000,0.0985969603,0.0000000000,0.0082096616,0.1585627794,0.0683041289,0.0508705378,0.0516767912,0.0174638387,0.0000000000,0.7699255943,0.7802469134,0.0000000000,0.0000000000,0.0955247283,0.1034948304,0.1466291547,0.1314209998,0.0394459404,0.0279687624,0.0711170211,0.0580152273,0.0388512425,0.0380896814,0.5933586955,0.5878301859,0.1827386469,0.1796080917,0.1585714370,0.1578807831,0.1063681170,0.0000000000,0.0000000000,0.0099049062,0.2626324594,0.2860175371,0.2567918003,0.2606217861,0.0002802579,0.0000000000,0.0000000000,0.0000000000,-0.0233537965,0.1894067377,-0.0044765957,0.0541603565,0.1894162595,0.0103778811
20:19:44:33.039,61,0.1001768634,0.3144101799,0.0902455226,0.0000000000,0.0000000000,0.0786623433,0.0000000000,0.1000123993,0.3147744536,0.0389057100,0.0000000000,0.0000000000,0.0786857679,0.0000000000,0.1003801897,0.0000000000,0.0079060597,0.1590456814,0.0684516430,0.0504687019,0.0515654795,0.0174524728,0.0000000000,0.7760208845,0.7868687510,0.0000000000,0.0000000000,0.0961325169,0.1042750999,0.1474512815,0.1316673011,0.0394684225,0.0279378667,0.0710918829,0.0579673462,0.0389563292,0.0382391401,0.6106918454,0.6050613523,0.1831781715,0.1801530719,0.1587069780,0.1580286473,0.1066201627,0.0000000000,0.0000000000,0.0099313557,0.2628558278,0.2864499092,0.2626127005,0.2663572431,0.0003642015,0.0000000000,0.0000000000,0.0000000000,-0.0233280640,0.1923377663,-0.0045425845,0.0541131943,0.1923473477,0.0105332891
20:19:44:34.040,61,0.1005161852,0.3131635189,0.0908940360,0.0000000000,0.0000000000,0.0787367448,0.0000000000,0.1003628150,0.3135359287,0.0382591896,0.0000000000,0.0000000000,0.0787603334,0.0000000000,0.1013274640,0.0000000000,0.0077964114,0.1591480970,0.0685658082,0.0500985198,0.0514650717,0.0172030088,0.0000000000,0.7856975794,0.7960845828,0.0000000000,0.0000000000,0.0967199579,0.1049459130,0.1479318291,0.1318968385,0.0394811295,0.0278606787,0.0710759386,0.0579449944,0.0391021408,0.0384151116,0.6158037782,0.6102049947,0.1842061877,0.1822117716,0.1629719734,0.1623072028,0.1065236405,0.0000000000,0.0000000000,0.0099867526,0.2713347971,0.2971397936,0.2653845847,0.2691618502,0.0003740900,0.0000000000,0.0000000000,0.0000000000,-0.0229437817,0.1915792525,-0.0044497107,0.0545101129,0.1915888041,0.0105675841
20:19:44:35.042,61,0.1004532501,0.3104094863,0.0911230743,0.0000000000,0.0000000000,0.0790833756,0.0000000000,0.1002993956,0.3107821047,0.0380298086,0.0000000000,0.0000000000,0.0791070312,0.0000000000,0.1015901342,0.0000000000,0.0078158164,0.1589122117,0.0684640557,0.0499190986,0.0514029562,0.0170402993,0.0000000000,0.7883340716,0.7985373139,0.0000000000,0.0000000000,0.0968594849,0.1051096544,0.1477461159,0.1316679716,0.0394355617,0.0277586374,0.0710392371,0.0579678826,0.0391463563,0.0384682380,0.6141046286,0.6108936667,0.1852224618,0.1833044738,0.1645168513,0.1638510674,0.1063712910,0.0000000000,0.0000000000,0.0100212414,0.2738768458,0.3000947535,0.2663030326,0.2700302303,0.0003140800,0.0000000000,0.0000000000,0.0000000000,-0.0228136312,0.1898960173,-0.0043846453,0.0546652041,0.1899055094,0.0105022285
20:19:44:36.043,61,0.0984291434,0.3080911636,0.0908177346,0.0000000000,0.0000000000,0.0793920904,0.0000000000,0.0982445255,0.3084565997,0.0383390002,0.0000000000,0.0000000000,0.0794159025,0.0000000000,0.1017648280,0.0000000000,0.0079543944,0.1587236673,0.0681485087,0.0499492325,0.0513534993,0.0168241616,0.0000000000,0.7837041020,0.7927111387,0.0000000000,0.0000000000,0.0967266262,0.1049963981,0.1474927217,0.1314999610,0.0393062606,0.0276728142,0.0709668174,0.0580011159,0.0391635522,0.0384808742,0.6133868098,0.6112841964,0.1859816462,0.1841552407,0.1632776111,0.1626043618,0.1063299775,0.0000000000,0.0000000000,0.0100591574,0.2748952508,0.3012276292,0.2625386417,0.2663329542,0.0002046584,0.0000000000,0.0000000000,0.0000000000,-0.0230053663,0.1884759068,-0.0043876255,0.0544968098,0.1884853840,0.0103897285
20:19:44:37.043,61,0.0976066738,0.3041062951,0.0913842097,0.0000000000,0.0000000000,0.0798694119,0.0000000000,0.0974109620,0.3044754267,0.0377438664,0.0000000000,0.0000000000,0.0798935294,0.0000000000,0.1019205302,0.0000000000,0.0080952812,0.1586519480,0.0680492371,0.0499560684,0.0512699857,0.0168160181,0.0000000000,0.7827107906,0.7912775874,0.0000000000,0.0000000000,0.0967402756,0.1050046980,0.1474085003,0.1314769685,0.0392262414,0.0276577752,0.0708248615,0.0579271801,0.0391750969,0.0384830758,0.6125798225,0.6103394628,0.1862068623,0.1843196750,0.1629644632,0.1622833163,0.1062629968,0.0000000000,0.0000000000,0.0100891916,0.2756429911,0.3018049896,0.2611901760,0.2647043467,0.0001322621,0.0000000000,0.0000000000,0.0000000000,-0.0226586945,0.1860418022,-0.0042643910,0.0548620112,0.1860511899,0.0103210239
20:19:44:38.045,61,0.0972655863,0.3041809499,0.0919125751,0.0000000000,0.0000000000,0.0802180469,0.0000000000,0.0970620140,0.3045578897,0.0371785387,0.0000000000,0.0000000000,0.0802421942,0.0000000000,0.1023128778,0.0000000000,0.0082111098,0.1586804390,0.0679114908,0.0499042086,0.0512070321,0.0167696010,0.0000000000,0.7821577191,0.7904827595,0.0000000000,0.0000000000,0.0968077406,0.1050811112,0.1475963593,0.1316973120,0.0391238146,0.0276428983,0.0706702173,0.0578319766,0.0392374396,0.0385329165,0.6126118898,0.6104348898,0.1864833534,0.1845161617,0.1616753787,0.1609560996,0.1062999815,0.0000000000,0.0000000000,0.0101280147,0.2758336961,0.3017102480,0.2603975832,0.2638290524,0.0001067368,0.0000000000,0.0000000000,0.0000000000,-0.0223191045,0.1860907078,-0.0042016213,0.0551787205,0.1861001104,0.0103833349
20:19:44:39.046,61,0.0970656648,0.3043804765,0.0926817581,0.0000000000,0.0000000000,0.0804691687,0.0000000000,0.0968582332,0.3047688603,0.0363718346,0.0000000000,0.0000000000,0.0804931894,0.0000000000,0.1027661711,0.0000000000,0.0083963908,0.1587189585,0.0677206069,0.0498026796,0.0511551760,0.0166164599,0.0000000000,0.7820727229,0.7902773619,0.0000000000,0.0000000000,0.0968967229,0.1051807776,0.1479053050,0.1320558190,0.0389873311,0.0275744479,0.0705275461,0.0577558987,0.0393231660,0.0386013128,0.6130619645,0.6112517715,0.1869935840,0.1849898845,0.1609793007,0.1602489948,0.1063043997,0.0000000000,0.0000000000,0.0101645105,0.2758381963,0.3013824224,0.2600250542,0.2634361088,0.0001215627,0.0000000000,0.0000000000,0.0000000000,-0.0218342934,0.1862176061,-0.0041132392,0.0556392036,0.1862270087,0.0104771974
20:19:44:40.047,61,0.0972531140,0.3037325144,0.0927437916,0.0000000000,0.0000000000,0.0806862339,0.0000000000,0.0970420092,0.3041211367,0.0362679735,0.0000000000,0.0000000000,0.0807101652,0.0000000000,0.1030475423,0.0000000000,0.0085402085,0.1587791741,0.0675439835,0.0497913398,0.0511236079,0.0165355038,0.0000000000,0.7817199826,0.7898568511,0.0000000000,0.0000000000,0.0969049111,0.1051842719,0.1480226666,0.1322192252,0.0388482437,0.0275485851,0.0703307837,0.0576385297,0.0393830836,0.0386439040,0.6132809520,0.6115363836,0.1872642338,0.1852048039,0.1606088132,0.1598721743,0.1062885821,0.0000000000,0.0000000000,0.0101929232,0.2755334973,0.3001987040,0.2595198750,0.2629406750,0.0001451294,0.0000000000,0.0000000000,0.0000000000,-0.0217735693,0.1858215928,-0.0040928740,0.0556805879,0.1858309954,0.0104621649
20:19:44:41.048,61,0.0972988307,0.3019038439,0.0931366012,0.0000000000,0.0000000000,0.0809928626,0.0000000000,0.0970842540,0.3022983968,0.0358639210,0.0000000000,0.0000000000,0.0810167268,0.0000000000,0.1032522917,0.0000000000,0.0087097399,0.1588182896,0.0673882663,0.0498034768,0.0510854274,0.0164342970,0.0000000000,0.7814391851,0.7895166874,0.0000000000,0.0000000000,0.0968359634,0.1050938219,0.1480381191,0.1322948486,0.0387446359,0.0274903271,0.0702241808,0.0575956516,0.0393694602,0.0386185125,0.6130763888,0.6113327742,0.1875734180,0.1854642779,0.1606068313,0.1598637849,0.1062867120,0.0000000000,0.0000000000,0.0101999538,0.2753599584,0.2995908856,0.2589280009,0.2623423338,0.0001552078,0.0000000000,0.0000000000,0.0000000000,-0.0215354897,0.1847068965,-0.0040232823,0.0559281036,0.1847147048,0.0104440358
20:19:44:42.049,61,0.0973734185,0.3003089726,0.0924652144,0.0000000000,0.0000000000,0.0813289657,0.0000000000,0.0971593335,0.3006923199,0.0364649966,0.0000000000,0.0000000000,0.0813528225,0.0000000000,0.1035675630,0.0000000000,0.0089003677,0.1587095708,0.0673364475,0.0496629886,0.0510025509,0.0161678623,0.0000000000,0.7815446854,0.7896720767,0.0000000000,0.0000000000,0.0968489870,0.1050980017,0.1481236219,0.1324093342,0.0386612415,0.0274493024,0.0700544268,0.0574667156,0.0393446200,0.0385871679,0.6132192612,0.6115710735,0.1875294000,0.1855236739,0.1609010100,0.1601580381,0.1062132046,0.0000000000,0.0000000000,0.0102047725,0.2751381993,0.2991329432,0.2583739460,0.2618561983,0.0001670447,0.0000000000,0.0000000000,0.0000000000,-0.0219004210,0.1837270409,-0.0040692459,0.0555350371,0.1837348193,0.0103144422
20:19:44:43.049,61,0.0971277133,0.3009718657,0.0916796848,0.0000000000,0.0000000000,0.0815809295,0.0000000000,0.0969159082,0.3013449013,0.0372587927,0.0000000000,0.0000000000,0.0816048756,0.0000000000,0.1038308665,0.0000000000,0.0089067174,0.1585113108,0.0674390644,0.0494256765,0.0509127863,0.0159700084,0.0000000000,0.7820386887,0.7906886935,0.0000000000,0.0000000000,0.0969532654,0.1051921025,0.1483068317,0.1325084120,0.0386467427,0.0273976848,0.0699950978,0.0573995709,0.0392987616,0.0385548547,0.6132736206,0.6116357446,0.1875330210,0.1856264323,0.1612828523,0.1605441570,0.1061170995,0.0000000000,0.0000000000,0.0101955980,0.2753124237,0.2992577255,0.2582890093,0.2618023157,0.0001619474,0.0000000000,0.0000000000,0.0000000000,-0.0223755017,0.1841277331,-0.0041667791,0.0550591089,0.1841354817,0.0102489553
20:19:44:44.050,61,0.0971188322,0.3010978997,0.0917898640,0.0000000000,0.0000000000,0.0817879587,0.0000000000,0.0969074443,0.3014726639,0.0371206515,0.0000000000,0.0000000000,0.0818120986,0.0000000000,0.1041201651,0.0000000000,0.0089453207,0.1585771292,0.0673777014,0.0492319576,0.0508368202,0.0158389714,0.0000000000,0.7824822664,0.7912474871,0.0000000000,0.0000000000,0.0969835073,0.1052059308,0.1484197825,0.1325822175,0.0385834388,0.0273042470,0.0699189603,0.0573623218,0.0392698459,0.0385367051,0.6135723591,0.6118959785,0.1879027784,0.1860222071,0.1624838859,0.1617616117,0.1059611440,0.0000000000,0.0000000000,0.0101867775,0.2753475010,0.2991798818,0.2582967579,0.2618065178,0.0001626121,0.0000000000,0.0000000000,0.0000000000,-0.0222922228,0.1842055023,-0.0041530654,0.0551244915,0.1842132658,0.0102655459
20:19:44:45.051,61,0.0969461650,0.3003810346,0.0926740468,0.0000000000,0.0000000000,0.0819209963,0.0000000000,0.0967312977,0.3007675409,0.0362318419,0.0000000000,0.0000000000,0.0819454566,0.0000000000,0.1041240320,0.0000000000,0.0089141391,0.1585980654,0.0672075897,0.0492735505,0.0508373193,0.0156455971,0.0000000000,0.7808678746,0.7900791764,0.0000000000,0.0000000000,0.0967745781,0.1049986929,0.1481337696,0.1323356181,0.0385518186,0.0272420999,0.0699185133,0.0574225001,0.0392120294,0.0384867489,0.6117157340,0.6101742983,0.1882042289,0.1864091456,0.1629978865,0.1622786820,0.1058047265,0.0000000000,0.0000000000,0.0101852883,0.2748492658,0.2986072302,0.2577835023,0.2613677382,0.0001520760,0.0000000000,0.0000000000,0.0000000000,-0.0217602085,0.1837724596,-0.0040442199,0.0556599982,0.1837801933,0.0103402371
20:19:44:46.052,61,0.0965624377,0.2996324301,0.0934265107,0.0000000000,0.0000000000,0.0822179094,0.0000000000,0.0963436514,0.3000285625,0.0354847088,0.0000000000,0.0000000000,0.0822426975,0.0000000000,0.1039255783,0.0000000000,0.0088981064,0.1584790796,0.0669248849,0.0494051054,0.0508147106,0.0155526679,0.0000000000,0.7801250815,0.7894455791,0.0000000000,0.0000000000,0.0964978412,0.1047351584,0.1476137340,0.1318916976,0.0384991467,0.0271629095,0.0699501038,0.0575334728,0.0391398147,0.0384181254,0.6077636480,0.6054030657,0.1886565536,0.1868841946,0.1630980372,0.1623753458,0.1056243405,0.0000000000,0.0000000000,0.0101815024,0.2747542262,0.2984800935,0.2568328381,0.2607700825,0.0001145871,0.0000000000,0.0000000000,0.0000000000,-0.0213132761,0.1833191514,-0.0039511765,0.0561166741,0.1833269000,0.0103986850
20:19:44:47.054,61,0.0961156413,0.2996132374,0.0937067792,0.0000000000,0.0000000000,0.0823265836,0.0000000000,0.0958920568,0.3000132740,0.0352173373,0.0000000000,0.0000000000,0.0823516101,0.0000000000,0.1034376845,0.0000000000,0.0089021418,0.1582684368,0.0666140020,0.0495149307,0.0507832170,0.0156061091,0.0000000000,0.7795627713,0.7888237834,0.0000000000,0.0000000000,0.0961291716,0.1043595076,0.1461600661,0.1311002672,0.0384313241,0.0270432010,0.0700316727,0.0576912314,0.0390130058,0.0382910632,0.6016260386,0.5978693962,0.1891556680,0.1873158216,0.1628679186,0.1621411592,0.1054458767,0.0000000000,0.0000000000,0.0101510482,0.2745925486,0.2982532382,0.2558475137,0.2598729432,0.0000862867,0.0000000000,0.0000000000,0.0000000000,-0.0211527236,0.1833091527,-0.0039211982,0.0562851392,0.1833169311,0.0104292855
20:19:44:48.054,61,0.0960321724,0.3000648320,0.0935956016,0.0000000000,0.0000000000,0.0823332667,0.0000000000,0.0958036333,0.3004637659,0.0353570618,0.0000000000,0.0000000000,0.0823583752,0.0000000000,0.1030820012,0.0000000000,0.0089308824,0.1581462920,0.0663656071,0.0495813973,0.0507649779,0.0155651476,0.0000000000,0.7789968252,0.7882216573,0.0000000000,0.0000000000,0.0957882479,0.1040111780,0.1454442143,0.1305930465,0.0383905955,0.0269284006,0.0701118633,0.0578356758,0.0388987474,0.0381748974,0.5995994210,0.5955336690,0.1896821707,0.1878362745,0.1631218642,0.1623904407,0.1052209958,0.0000000000,0.0000000000,0.0101136528,0.2742177248,0.2978207767,0.2552886009,0.2593612969,0.0000796989,0.0000000000,0.0000000000,0.0000000000,-0.0212355684,0.1835847348,-0.0039426056,0.0562154874,0.1835925281,0.0104324091
20:19:44:49.055,61,0.0957880318,0.2998814583,0.0932165906,0.0000000000,0.0000000000,0.0823943764,0.0000000000,0.0955543071,0.3002747595,0.0357504040,0.0000000000,0.0000000000,0.0824198499,0.0000000000,0.1027362421,0.0000000000,0.0089174276,0.1579539031,0.0661233664,0.0496771783,0.0507644229,0.0155107547,0.0000000000,0.7785148025,0.7877134085,0.0000000000,0.0000000000,0.0954712555,0.1037042364,0.1447988451,0.1300849915,0.0383395776,0.0268372986,0.0701788738,0.0579575226,0.0388000496,0.0380734466,0.5983564258,0.5942449570,0.1900795549,0.1882447600,0.1629596055,0.1622235477,0.1050676554,0.0000000000,0.0000000000,0.0100935549,0.2739486694,0.2975655496,0.2547870576,0.2589003742,0.0000740122,0.0000000000,0.0000000000,0.0000000000,-0.0214722641,0.1834701896,-0.0039840001,0.0559890084,0.1834779084,0.0103837950
20:19:44:50.056,61,0.0956454948,0.2990762591,0.0924025849,0.0000000000,0.0000000000,0.0826489031,0.0000000000,0.0954056382,0.2994570136,0.0365717523,0.0000000000,0.0000000000,0.0826754719,0.0000000000,0.1025533155,0.0000000000,0.0087523405,0.1579383165,0.0658918545,0.0497353747,0.0506945141,0.0154620875,0.0000000000,0.7781013846,0.7873687744,0.0000000000,0.0000000000,0.0952083245,0.1034841761,0.1444273591,0.1297148615,0.0382618718,0.0267885476,0.0701012239,0.0579608455,0.0386993289,0.0379768424,0.5981870294,0.5944597721,0.1903067976,0.1885424852,0.1622099280,0.1614741832,0.1050095260,0.0000000000,0.0000000000,0.0100816926,0.2736766040,0.2974908352,0.2542395592,0.2584565580,0.0000749498,0.0000000000,0.0000000000,0.0000000000,-0.0219676122,0.1829725206,-0.0040645851,0.0555051677,0.1829803139,0.0102656074
20:19:44:51.058,61,0.0955126509,0.2987447977,0.0925337598,0.0000000000,0.0000000000,0.0829317197,0.0000000000,0.0952691212,0.2991269827,0.0364359841,0.0000000000,0.0000000000,0.0829595253,0.0000000000,0.1025833562,0.0000000000,0.0086467452,0.1591273993,0.0657457262,0.0498439074,0.0505758934,0.0155158676,0.0000000000,0.7779072523,0.7871256471,0.0000000000,0.0000000000,0.0950808451,0.1033886820,0.1444016546,0.1296741068,0.0381466001,0.0267820749,0.0698632598,0.0578299500,0.0386111513,0.0378871039,0.6006162167,0.5969395638,0.1904430985,0.1886048615,0.1613290459,0.1605927348,0.1050740406,0.0000000000,0.0000000000,0.0100791678,0.2738387883,0.2977442443,0.2539008260,0.2581583261,0.0000688643,0.0000000000,0.0000000000,0.0000000000,-0.0218868740,0.1827705503,-0.0040450776,0.0555860437,0.1827783138,0.0102689452
20:19:44:52.058,61,0.0953826457,0.2978260815,0.0925883204,0.0000000000,0.0000000000,0.0833792612,0.0000000000,0.0951381251,0.2982078493,0.0363925211,0.0000000000,0.0000000000,0.0834078267,0.0000000000,0.1028326899,0.0000000000,0.0086870017,0.1601508707,0.0656171516,0.0499100722,0.0504516400,0.0155425416,0.0000000000,0.7779175043,0.7870250940,0.0000000000,0.0000000000,0.0950136632,0.1033348441,0.1446249634,0.1298952997,0.0380192176,0.0267689861,0.0696003139,0.0576850288,0.0385519080,0.0378214680,0.6040988564,0.6007329226,0.1906435490,0.1886946857,0.1609586775,0.1602235883,0.1051446870,0.0000000000,0.0000000000,0.0100877164,0.2741742432,0.2980535626,0.2535659373,0.2577936649,0.0000609337,0.0000000000,0.0000000000,0.0000000000,-0.0218630340,0.1822088510,-0.0040279743,0.0556245707,0.1822166145,0.0102437641
20:19:44:53.060,61,0.0953388512,0.2982059419,0.0930953696,0.0000000000,0.0000000000,0.0835720226,0.0000000000,0.0950943679,0.2985952199,0.0359029360,0.0000000000,0.0000000000,0.0836005434,0.0000000000,0.1036971584,0.0000000000,0.0089274617,0.1624459326,0.0654122978,0.0499279574,0.0503235199,0.0155303534,0.0000000000,0.7779932022,0.7868810296,0.0000000000,0.0000000000,0.0949659497,0.1032674760,0.1448762864,0.1302048713,0.0377991237,0.0267814137,0.0691617206,0.0573982224,0.0385505855,0.0377973542,0.6152126789,0.6127763391,0.1907950640,0.1886798590,0.1604186147,0.1596847922,0.1051767543,0.0000000000,0.0000000000,0.0101155126,0.2742407620,0.2979308367,0.2533353269,0.2574225664,0.0000541520,0.0000000000,0.0000000000,0.0000000000,-0.0215679705,0.1824443787,-0.0039788745,0.0559267923,0.1824521124,0.0103129717
20:19:44:54.060,61,0.0952197388,0.2977013290,0.0929951593,0.0000000000,0.0000000000,0.0839722380,0.0000000000,0.0949784219,0.2980885208,0.0360079147,0.0000000000,0.0000000000,0.0840005800,0.0000000000,0.1067822948,0.0000000000,0.0090939095,0.1659877747,0.0652708113,0.0498225018,0.0501457117,0.0154161025,0.0000000000,0.7783633471,0.7871320844,0.0000000000,0.0000000000,0.0950932279,0.1034062952,0.1467660069,0.1318567097,0.0375624448,0.0267974138,0.0686798096,0.0570676848,0.0385803394,0.0378186107,0.6246626377,0.6223475337,0.1908379644,0.1886372715,0.1599049419,0.1591755897,0.1052561179,0.0000000000,0.0000000000,0.0101516889,0.2744510770,0.2980388701,0.2531364262,0.2571314573,0.0000403972,0.0000000000,0.0000000000,0.0000000000,-0.0216322690,0.1821350306,-0.0039838152,0.0558697693,0.1821427792,0.0102846092
20:19:44:55.061,61,0.0951071829,0.2979494333,0.0925120860,0.0000000000,0.0000000000,0.0841157362,0.0000000000,0.0948701054,0.2983301580,0.0365027338,0.0000000000,0.0000000000,0.0841439739,0.0000000000,0.1081104353,0.0000000000,0.0092639569,0.1765529960,0.0649826974,0.0496357717,0.0499113686,0.0153215080,0.0000000000,0.7784927487,0.7871370912,0.0000000000,0.0000000000,0.0950986743,0.1034154221,0.1487853080,0.1340319961,0.0372234322,0.0267113298,0.0681536421,0.0567377508,0.0385481194,0.0377682261,0.6285834908,0.6262075901,0.1909400076,0.1886348277,0.1579707712,0.1572682410,0.1053507552,0.0000000000,0.0000000000,0.0101517178,0.2732652724,0.2962043583,0.2524276078,0.2560637295,0.0000275192,0.0000000000,0.0000000000,0.0000000000,-0.0219289418,0.1822838336,-0.0040418156,0.0555780046,0.1822916269,0.0102395071
20:19:44:56.062,61,0.0950075611,0.2987504601,0.0917318165,0.0000000000,0.0000000000,0.0839814469,0.0000000000,0.0947751105,0.2991211712,0.0372872911,0.0000000000,0.0000000000,0.0840094909,0.0000000000,0.1090423837,0.0000000000,0.0093531506,0.1852034181,0.0646702871,0.0493993908,0.0496456176,0.0152033884,0.0000000000,0.7780883908,0.7866465449,0.0000000000,0.0000000000,0.0950274989,0.1033604890,0.1513095647,0.1366649419,0.0369042531,0.0265768543,0.0676934719,0.0564730503,0.0384631418,0.0376653597,0.6304590702,0.6280749440,0.1909080595,0.1885196567,0.1563612968,0.1556860209,0.1054469943,0.0000000000,0.0000000000,0.0101249069,0.2643999159,0.2864461541,0.2496578097,0.2527470887,0.0000077053,0.0000000000,0.0000000000,0.0000000000,-0.0223982632,0.1827691197,-0.0041395403,0.0551042855,0.1827768385,0.0101799583
20:19:44:57.064,61,0.0947418511,0.3008906841,0.0905350298,0.0000000000,0.0000000000,0.0835912004,0.0000000000,0.0945136622,0.3012468517,0.0385113209,0.0000000000,0.0000000000,0.0836187601,0.0000000000,0.1106195301,0.0000000000,0.0093790973,0.1977169365,0.0643979609,0.0489699915,0.0493132919,0.0150927808,0.0000000000,0.7777802944,0.7862264514,0.0000000000,0.0000000000,0.0950029641,0.1033416614,0.1578079909,0.1427794397,0.0365801454,0.0263919067,0.0671781078,0.0561437160,0.0383558571,0.0375342444,0.6318719983,0.6294555068,0.1907344609,0.1881930977,0.1553984582,0.1547328979,0.1055684462,0.0000000000,0.0000000000,0.0100963339,0.2540419698,0.2746486962,0.2478992343,0.2496853471,0.0000032058,0.0000000000,0.0000000000,0.0000000000,-0.0231279526,0.1840710491,-0.0043055173,0.0543722026,0.1840788126,0.0101180412
20:19:44:58.064,61,0.0944890529,0.3042144179,0.0888104364,0.0000000000,0.0000000000,0.0830968842,0.0000000000,0.0942672566,0.3045496345,0.0402436964,0.0000000000,0.0000000000,0.0831235498,0.0000000000,0.1119007990,0.0000000000,0.0094516668,0.2129225135,0.0641118512,0.0485133752,0.0489367023,0.0149085699,0.0000000000,0.7735687494,0.7809075713,0.0000000000,0.0000000000,0.0949266702,0.1032376438,0.1652468294,0.1500736326,0.0362429880,0.0261833631,0.0666174814,0.0557996370,0.0382031947,0.0373520814,0.6329138279,0.6304696202,0.1903787255,0.1876863837,0.1546486616,0.1539898217,0.1058804542,0.0000000000,0.0000000000,0.0100427838,0.2442197800,0.2638786435,0.2467512339,0.2475027144,0.0000028654,0.0000000000,0.0000000000,0.0000000000,-0.0241592005,0.1860937327,-0.0045480295,0.0533162504,0.1861015409,0.0100333039
20:19:44:59.065,61,0.0943777561,0.3062116206,0.0881909281,0.0000000000,0.0000000000,0.0825098231,0.0000000000,0.0941626355,0.3065401614,0.0408420637,0.0000000000,0.0000000000,0.0825357586,0.0000000000,0.1136363521,0.0000000000,0.0095770694,0.2183786631,0.0638050810,0.0479586795,0.0485385321,0.0146769658,0.0000000000,0.7726454735,0.7796797156,0.0000000000,0.0000000000,0.0949686989,0.1032629311,0.1701417863,0.1551707387,0.0359069519,0.0259291548,0.0660655648,0.0554564930,0.0381134115,0.0372301340,0.6369284391,0.6349357963,0.1902296543,0.1874149144,0.1544790417,0.1538256109,0.1059890836,0.0000000000,0.0000000000,0.0099958656,0.2403486520,0.2596550882,0.2459992170,0.2463554293,0.0000035191,0.0000000000,0.0000000000,0.0000000000,-0.0245127771,0.1873116642,-0.0046454943,0.0529321469,0.1873195320,0.0100278268
20:19:45:00.066,61,0.0943317115,0.3057889938,0.0883842781,0.0000000000,0.0000000000,0.0820057988,0.0000000000,0.0941208005,0.3061197698,0.0406733006,0.0000000000,0.0000000000,0.0820312202,0.0000000000,0.1143648401,0.0000000000,0.0096356561,0.2223423868,0.0634535998,0.0476081856,0.0481670760,0.0145698776,0.0000000000,0.7710986137,0.7778531909,0.0000000000,0.0000000000,0.0948185623,0.1031074747,0.1720939577,0.1571966112,0.0355455577,0.0256975330,0.0654965714,0.0551242456,0.0379509293,0.0370325334,0.6378416419,0.6358870864,0.1899384558,0.1869660169,0.1526136249,0.1519545168,0.1061388925,0.0000000000,0.0000000000,0.0099368040,0.2380598038,0.2572233081,0.2418594211,0.2424189895,0.0000040155,0.0000000000,0.0000000000,0.0000000000,-0.0244126730,0.1870543361,-0.0046200212,0.0530507900,0.1870621741,0.0100361435
20:19:45:01.068,61,0.0940156206,0.3067618310,0.0882578939,0.0000000000,0.0000000000,0.0813545957,0.0000000000,0.0938091576,0.3070916235,0.0408261381,0.0000000000,0.0000000000,0.0813796669,0.0000000000,0.1147246137,0.0000000000,0.0096996212,0.2250268310,0.0631507561,0.0473809056,0.0478347018,0.0144610088,0.0000000000,0.7670689821,0.7738468647,0.0000000000,0.0000000000,0.0946029127,0.1028870791,0.1730806679,0.1582727730,0.0351987369,0.0255014952,0.0649460852,0.0547920279,0.0377354808,0.0367813036,0.6374210715,0.6353436112,0.1893010288,0.1858655065,0.1440603882,0.1434168667,0.1065018624,0.0000000000,0.0000000000,0.0098759048,0.2363804281,0.2556070983,0.2371928692,0.2383681536,0.0000043169,0.0000000000,0.0000000000,0.0000000000,-0.0245016534,0.1876486093,-0.0046519376,0.0529689640,0.1876564771,0.0100532724
20:19:45:02.069,61,0.0936228707,0.3076308072,0.0879346877,0.0000000000,0.0000000000,0.0807390437,0.0000000000,0.0934217945,0.3079567552,0.0411684327,0.0000000000,0.0000000000,0.0807638839,0.0000000000,0.1149679795,0.0000000000,0.0097912280,0.2323620021,0.0629494265,0.0471894257,0.0475255363,0.0143601848,0.0000000000,0.7656188011,0.7723510861,0.0000000000,0.0000000000,0.0944860056,0.1027668417,0.1738274097,0.1590960920,0.0348682553,0.0253024865,0.0644158050,0.0544629544,0.0375009142,0.0365128256,0.6366420984,0.6345551610,0.1885325760,0.1846358478,0.1377476305,0.1371345818,0.1069580168,0.0000000000,0.0000000000,0.0098185753,0.2354706228,0.2547695637,0.2352556437,0.2365929037,0.0000048919,0.0000000000,0.0000000000,0.0000000000,-0.0247045960,0.1881782115,-0.0047040163,0.0527696684,0.1881860793,0.0100444267
20:19:45:03.070,61,0.0932831690,0.3075837791,0.0874042287,0.0000000000,0.0000000000,0.0801911354,0.0000000000,0.0930844918,0.3079020381,0.0416943729,0.0000000000,0.0000000000,0.0802158713,0.0000000000,0.1148957163,0.0000000000,0.0097296955,0.2348532677,0.0629170462,0.0471440069,0.0472858846,0.0144381402,0.0000000000,0.7629777193,0.7694243193,0.0000000000,0.0000000000,0.0943265483,0.1025996432,0.1740066707,0.1593028903,0.0346275382,0.0251778793,0.0640154704,0.0542175435,0.0372625217,0.0362459235,0.6246365309,0.6197596788,0.1867006272,0.1818729639,0.1350727826,0.1344633549,0.1073789820,0.0000000000,0.0000000000,0.0097594028,0.2349208742,0.2542846799,0.2338892519,0.2352986485,0.0000062938,0.0000000000,0.0000000000,0.0000000000,-0.0250203609,0.1881462634,-0.0047632991,0.0524516441,0.1881541163,0.0099822152
20:19:45:04.071,61,0.0927115977,0.3085824251,0.0865623131,0.0000000000,0.0000000000,0.0797501504,0.0000000000,0.0925147608,0.3088894486,0.0425433628,0.0000000000,0.0000000000,0.0797746107,0.0000000000,0.1147902012,0.0000000000,0.0096771102,0.2399554551,0.0629938245,0.0471198261,0.0471070036,0.0144347530,0.0000000000,0.7609303594,0.7672889233,0.0000000000,0.0000000000,0.0941854715,0.1024515629,0.1742646098,0.1595884264,0.0343949050,0.0250397529,0.0636521950,0.0539956763,0.0370134860,0.0359688811,0.6183569431,0.6139358282,0.1849523932,0.1797375530,0.1339409798,0.1333286613,0.1077699736,0.0000000000,0.0000000000,0.0097028809,0.2344556153,0.2538604140,0.2329602391,0.2343546152,0.0000064569,0.0000000000,0.0000000000,0.0000000000,-0.0255268943,0.1887520701,-0.0048757340,0.0519403815,0.1887599081,0.0099176019
20:19:45:05.072,61,0.0924502015,0.3099755943,0.0852980390,0.0000000000,0.0000000000,0.0792613849,0.0000000000,0.0922547802,0.3102655411,0.0437870920,0.0000000000,0.0000000000,0.0792855024,0.0000000000,0.1147752702,0.0000000000,0.0097409170,0.2456319630,0.0631122142,0.0471303686,0.0469868779,0.0144285019,0.0000000000,0.7594751120,0.7654762268,0.0000000000,0.0000000000,0.0940873325,0.1023138016,0.1746814400,0.1600625366,0.0341580957,0.0249011833,0.0633249059,0.0537913404,0.0367766209,0.0356965773,0.6154791117,0.6111194491,0.1836006939,0.1781287640,0.1331760138,0.1325584650,0.1081537604,0.0000000000,0.0000000000,0.0096515063,0.2338868380,0.2533146441,0.2324417830,0.2337208688,0.0000072267,0.0000000000,0.0000000000,0.0000000000,-0.0262689237,0.1895966679,-0.0050404258,0.0511734597,0.1896045655,0.0098160887
20:19:45:06.073,61,0.0923738927,0.3111354709,0.0847047791,0.0000000000,0.0000000000,0.0788532272,0.0000000000,0.0921802670,0.3114178777,0.0443665721,0.0000000000,0.0000000000,0.0788770318,0.0000000000,0.1148247495,0.0000000000,0.0098886127,0.2490097433,0.0632155687,0.0470961556,0.0468625762,0.0143212862,0.0000000000,0.7587048411,0.7646186948,0.0000000000,0.0000000000,0.0940551981,0.1022484750,0.1752253324,0.1606877595,0.0339223891,0.0247457363,0.0630165264,0.0536092110,0.0365601070,0.0354444087,0.6141304374,0.6099490523,0.1828108132,0.1772737801,0.1328306049,0.1322101206,0.1085539386,0.0000000000,0.0000000000,0.0095971599,0.2335786372,0.2530734539,0.2323682457,0.2335302532,0.0000068790,0.0000000000,0.0000000000,0.0000000000,-0.0266129579,0.1903025657,-0.0051259007,0.0508106351,0.1903104633,0.0097837290
20:19:45:07.075,61,0.0919446796,0.3113262057,0.0845535919,0.0000000000,0.0000000000,0.0785873234,0.0000000000,0.0917541385,0.3116067350,0.0444829240,0.0000000000,0.0000000000,0.0786110908,0.0000000000,0.1149112508,0.0000000000,0.0099051110,0.2524000406,0.0633568838,0.0470732786,0.0467912853,0.0141610177,0.0000000000,0.7581549287,0.7641100883,0.0000000000,0.0000000000,0.0940772966,0.1022680402,0.1761772782,0.1616697162,0.0337167270,0.0245918147,0.0627867728,0.0534868501,0.0363503695,0.0352099128,0.6131290197,0.6091359854,0.1821355075,0.1766425222,0.1324926019,0.1318728328,0.1089766398,0.0000000000,0.0000000000,0.0095609697,0.2334696651,0.2531283498,0.2322803289,0.2333920449,0.0000062990,0.0000000000,0.0000000000,0.0000000000,-0.0266821627,0.1904183775,-0.0051424298,0.0507188141,0.1904262453,0.0097721526
20:19:45:08.076,61,0.0916993096,0.3124484718,0.0838477612,0.0000000000,0.0000000000,0.0781762227,0.0000000000,0.0915116966,0.3127195239,0.0452028252,0.0000000000,0.0000000000,0.0781998634,0.0000000000,0.1148390397,0.0000000000,0.0098948674,0.2542251348,0.0634125322,0.0470177196,0.0467204899,0.0140996603,0.0000000000,0.7578155398,0.7637610435,0.0000000000,0.0000000000,0.0940665528,0.1022315994,0.1766731590,0.1621911526,0.0335229635,0.0244128965,0.0625733733,0.0533872321,0.0361638330,0.0350020304,0.6124551892,0.6086087227,0.1817634851,0.1762604564,0.1324731112,0.1318553388,0.1092572287,0.0000000000,0.0000000000,0.0095274076,0.2331106216,0.2529122829,0.2322927117,0.2332835644,0.0000056447,0.0000000000,0.0000000000,0.0000000000,-0.0271104127,0.1911005676,-0.0052441270,0.0502887815,0.1911085248,0.0097249430
20:19:45:09.077,61,0.0912600085,0.3126695454,0.0832500681,0.0000000000,0.0000000000,0.0778923780,0.0000000000,0.0910750255,0.3129317462,0.0458461270,0.0000000000,0.0000000000,0.0779157057,0.0000000000,0.1147546247,0.0000000000,0.0099097872,0.2554471493,0.0633948892,0.0469613932,0.0466785133,0.0140327793,0.0000000000,0.7572666407,0.7631873488,0.0000000000,0.0000000000,0.0939543098,0.1020926535,0.1771840900,0.1627558768,0.0333586298,0.0241912361,0.0624869429,0.0534214079,0.0359644853,0.0347880721,0.6118851900,0.6081566811,0.1818460971,0.1763228923,0.1327258497,0.1321071088,0.1095488816,0.0000000000,0.0000000000,0.0094885258,0.2326905429,0.2525819540,0.2323120385,0.2331570089,0.0000050011,0.0000000000,0.0000000000,0.0000000000,-0.0274955444,0.1912323385,-0.0053223623,0.0499290191,0.1912402511,0.0096622547
20:19:45:10.078,61,0.0907046795,0.3132621646,0.0822156966,0.0000000000,0.0000000000,0.0776471943,0.0000000000,0.0905226618,0.3135093451,0.0469269119,0.0000000000,0.0000000000,0.0776701123,0.0000000000,0.1147811264,0.0000000000,0.0100141047,0.2594733536,0.0633552670,0.0469272733,0.0466294996,0.0140155908,0.0000000000,0.7561442852,0.7613165379,0.0000000000,0.0000000000,0.0938791633,0.1019687206,0.1778852195,0.1638770700,0.0331873223,0.0239847675,0.0623652115,0.0534194335,0.0357673317,0.0345732793,0.6114943624,0.6078227162,0.1817606390,0.1761663705,0.1327245682,0.1321064681,0.1098790318,0.0000000000,0.0000000000,0.0094524818,0.2320944965,0.2519849837,0.2321586907,0.2328302711,0.0000040190,0.0000000000,0.0000000000,0.0000000000,-0.0281417966,0.1915887594,-0.0054578297,0.0493052118,0.1915967166,0.0095598660
20:19:45:11.078,61,0.0903132111,0.3128492534,0.0818416029,0.0000000000,0.0000000000,0.0775244385,0.0000000000,0.0901351646,0.3130905032,0.0473185703,0.0000000000,0.0000000000,0.0775473714,0.0000000000,0.1148204654,0.0000000000,0.0100699672,0.2634719312,0.0632495061,0.0469568521,0.0465661995,0.0139731597,0.0000000000,0.7549262643,0.7602672577,0.0000000000,0.0000000000,0.0937365890,0.1017950103,0.1783670634,0.1645069569,0.0329758413,0.0237953756,0.0621833280,0.0533786453,0.0355614163,0.0343571454,0.6110788584,0.6074260473,0.1816013008,0.1760122627,0.1323041767,0.1316916198,0.1102303043,0.0000000000,0.0000000000,0.0094187194,0.2315034568,0.2514770925,0.2317674905,0.2323852032,0.0000027779,0.0000000000,0.0000000000,0.0000000000,-0.0283780806,0.1913341284,-0.0054961448,0.0490832701,0.1913420260,0.0095039075
20:19:45:12.080,61,0.0898485184,0.3126569688,0.0818471909,0.0000000000,0.0000000000,0.0772853345,0.0000000000,0.0896752402,0.3128981590,0.0473132543,0.0000000000,0.0000000000,0.0773082152,0.0000000000,0.1150391251,0.0000000000,0.0103443135,0.2658396959,0.0631185621,0.0469666198,0.0464856699,0.0137214111,0.0000000000,0.7542366982,0.7596431375,0.0000000000,0.0000000000,0.0936423317,0.1016871780,0.1788623780,0.1652136743,0.0327453390,0.0236301664,0.0619147681,0.0532441549,0.0353667960,0.0341425166,0.6110915542,0.6076844931,0.1811886728,0.1757219434,0.1258946359,0.1253682077,0.1108240187,0.0000000000,0.0000000000,0.0094015142,0.2304318249,0.2507548332,0.2308834493,0.2315944135,0.0000032888,0.0000000000,0.0000000000,0.0000000000,-0.0283755325,0.1912165284,-0.0054921913,0.0490877405,0.1912244707,0.0094987890
20:19:45:13.081,61,0.0895386636,0.3120376170,0.0814526752,0.0000000000,0.0000000000,0.0770950690,0.0000000000,0.0893714949,0.3122725487,0.0477076471,0.0000000000,0.0000000000,0.0771178231,0.0000000000,0.1153139621,0.0000000000,0.0107376622,0.2672862709,0.0629661828,0.0469449349,0.0463746227,0.0133613087,0.0000000000,0.7536956072,0.7592167258,0.0000000000,0.0000000000,0.0935852453,0.1016064063,0.1793471575,0.1659097075,0.0325079262,0.0234949663,0.0615868680,0.0530487299,0.0351810232,0.0339359194,0.6112953424,0.6081855297,0.1802974194,0.1752600968,0.1219418421,0.1214758009,0.1112968698,0.0000000000,0.0000000000,0.0093769915,0.2290245444,0.2497965544,0.2285639346,0.2298193723,0.0000041645,0.0000000000,0.0000000000,0.0000000000,-0.0286141764,0.1908355206,-0.0055270600,0.0488547049,0.1908434480,0.0094344327
20:19:45:14.082,61,0.0890029147,0.3090297282,0.0813974142,0.0000000000,0.0000000000,0.0769685656,0.0000000000,0.0888410956,0.3092616796,0.0477598459,0.0000000000,0.0000000000,0.0769911334,0.0000000000,0.1156215444,0.0000000000,0.0110165169,0.2684499025,0.0627799183,0.0468693338,0.0462107025,0.0130792875,0.0000000000,0.7531616092,0.7587693930,0.0000000000,0.0000000000,0.0935174823,0.1015396640,0.1797809899,0.1665322930,0.0323070101,0.0233652610,0.0612594672,0.0528507493,0.0349979848,0.0337387323,0.6115553975,0.6086125970,0.1792020053,0.1746411175,0.1200131327,0.1195672676,0.1116821095,0.0000000000,0.0000000000,0.0093460390,0.2268931270,0.2473787218,0.2239348739,0.2253713906,0.0000049360,0.0000000000,0.0000000000,0.0000000000,-0.0286556184,0.1889957637,-0.0054804026,0.0488387980,0.1890035868,0.0093382327
20:19:45:15.083,61,0.0885238200,0.3086236417,0.0816036686,0.0000000000,0.0000000000,0.0767220557,0.0000000000,0.0883657932,0.3088582158,0.0475657061,0.0000000000,0.0000000000,0.0767445266,0.0000000000,0.1159388423,0.0000000000,0.0110885119,0.2733341753,0.0625649989,0.0466703326,0.0460152663,0.0128319906,0.0000000000,0.7528555393,0.7586014271,0.0000000000,0.0000000000,0.0934451669,0.1014823020,0.1814224422,0.1682432443,0.0320960023,0.0231789500,0.0609273538,0.0526471287,0.0347978547,0.0335306823,0.6135147214,0.6108448505,0.1785579920,0.1742192656,0.1189628020,0.1185251996,0.1120029688,0.0000000000,0.0000000000,0.0093046324,0.2221040428,0.2428737283,0.2221186757,0.2236543298,0.0000104487,0.0000000000,0.0000000000,0.0000000000,-0.0285404772,0.1887485236,-0.0054510762,0.0489648841,0.1887564510,0.0093497811
20:19:45:16.083,61,0.0885377899,0.3090684116,0.0811073035,0.0000000000,0.0000000000,0.0762463585,0.0000000000,0.0883844867,0.3092961013,0.0480571315,0.0000000000,0.0000000000,0.0762683824,0.0000000000,0.1164665073,0.0000000000,0.0113223642,0.2801659703,0.0621598661,0.0464590825,0.0458422638,0.0125895878,0.0000000000,0.7527530789,0.7585873604,0.0000000000,0.0000000000,0.0933754146,0.1013787910,0.1868993938,0.1737298518,0.0317874067,0.0229391567,0.0605115779,0.0523910113,0.0346470661,0.0333665870,0.6329963803,0.6305775046,0.1784842461,0.1742677391,0.1184280962,0.1179945618,0.1123656183,0.0000000000,0.0000000000,0.0092656501,0.2163531333,0.2360073775,0.2212694734,0.2228240967,0.0000125378,0.0000000000,0.0000000000,0.0000000000,-0.0288338661,0.1890177578,-0.0055151409,0.0486645214,0.1890256554,0.0093060490
20:19:45:17.084,61,0.0886076391,0.3108355105,0.0803076178,0.0000000000,0.0000000000,0.0757123232,0.0000000000,0.0884596482,0.3110529482,0.0488233715,0.0000000000,0.0000000000,0.0757337362,0.0000000000,0.1196620241,0.0000000000,0.0113789449,0.2867854834,0.0617050901,0.0461085252,0.0456600450,0.0124434158,0.0000000000,0.7531174421,0.7590172887,0.0000000000,0.0000000000,0.0934592336,0.1014212668,0.2092271000,0.1912821829,0.0314701051,0.0226599108,0.0601360761,0.0521613620,0.0345786065,0.0333006419,0.6540638208,0.6469223499,0.1788423359,0.1746480316,0.1191273853,0.1186886504,0.1126244590,0.0000000000,0.0000000000,0.0092233578,0.2129734010,0.2320652008,0.2212182134,0.2227201164,0.0000152223,0.0000000000,0.0000000000,0.0000000000,-0.0292875711,0.1900939643,-0.0056345696,0.0481747463,0.1901018620,0.0092661977
20:19:45:18.086,61,0.0884041786,0.3129273057,0.0793877691,0.0000000000,0.0000000000,0.0751388371,0.0000000000,0.0882619992,0.3131327331,0.0497286841,0.0000000000,0.0000000000,0.0751599073,0.0000000000,0.1243910939,0.0000000000,0.0111858565,0.2894136906,0.0611229725,0.0456667542,0.0454611368,0.0123468414,0.0000000000,0.7547660470,0.7612082958,0.0000000000,0.0000000000,0.0936191231,0.1015401110,0.2225497961,0.2022916377,0.0311294626,0.0223452039,0.0597940348,0.0519738235,0.0346230045,0.0333648436,0.6736460924,0.6657790542,0.1826714724,0.1782605946,0.1234360263,0.1229972318,0.1126595661,0.0000000000,0.0000000000,0.0091890879,0.2106723934,0.2300169766,0.2242371589,0.2254124582,0.0000147494,0.0000000000,0.0000000000,0.0000000000,-0.0298233107,0.1913680583,-0.0057770140,0.0476112254,0.1913759559,0.0092207892
20:19:45:19.087,61,0.0883312821,0.3142266273,0.0781737491,0.0000000000,0.0000000000,0.0746698007,0.0000000000,0.0881941989,0.3144149780,0.0509328581,0.0000000000,0.0000000000,0.0746906474,0.0000000000,0.1266209632,0.0000000000,0.0108607598,0.2907737494,0.0605126023,0.0452186018,0.0452756695,0.0122088790,0.0000000000,0.7551587820,0.7618544102,0.0000000000,0.0000000000,0.0936901644,0.1015992910,0.2277304381,0.2066225410,0.0308417659,0.0220585223,0.0594630726,0.0517929345,0.0346322656,0.0333996899,0.6806870699,0.6724206805,0.1841253489,0.1796983629,0.1253240108,0.1248949543,0.1128278300,0.0000000000,0.0000000000,0.0091565810,0.2079320103,0.2283258885,0.2254844755,0.2265358716,0.0000106980,0.0000000000,0.0000000000,0.0000000000,-0.0305408332,0.1921559274,-0.0059409221,0.0468759388,0.1921638399,0.0091168098
20:19:45:20.088,61,0.0878551826,0.3133116961,0.0784307569,0.0000000000,0.0000000000,0.0744205788,0.0000000000,0.0877202228,0.3135034740,0.0506480820,0.0000000000,0.0000000000,0.0744415671,0.0000000000,0.1277776808,0.0000000000,0.0103396093,0.2914620340,0.0599354841,0.0448202565,0.0450935848,0.0121533172,0.0000000000,0.7524902821,0.7604793906,0.0000000000,0.0000000000,0.0936196893,0.1015414745,0.2299585342,0.2084601820,0.0305612199,0.0218280908,0.0590531752,0.0515439250,0.0345831700,0.0333790295,0.6839296818,0.6755062938,0.1847351640,0.1803238094,0.1276070029,0.1271716356,0.1127888933,0.0000000000,0.0000000000,0.0091300001,0.2020133287,0.2237365395,0.2261703163,0.2271777242,0.0000083905,0.0000000000,0.0000000000,0.0000000000,-0.0303733591,0.1915978342,-0.0058907680,0.0470351577,0.1916057467,0.0091205211
20:19:45:21.089,61,0.0854439065,0.3123905063,0.0789264664,0.0000000000,0.0000000000,0.0744950026,0.0000000000,0.0853228122,0.3125889599,0.0501611643,0.0000000000,0.0000000000,0.0745163113,0.0000000000,0.1282588691,0.0000000000,0.0099096643,0.2921355963,0.0595161095,0.0446238741,0.0449624322,0.0121972430,0.0000000000,0.7468114495,0.7555457950,0.0000000000,0.0000000000,0.0934174433,0.1013340577,0.2289667130,0.2084375918,0.0302864388,0.0216221381,0.0587056391,0.0513550751,0.0344507806,0.0332708247,0.6709308624,0.6637279987,0.1849345416,0.1805196255,0.1285017580,0.1280620694,0.1128219813,0.0000000000,0.0000000000,0.0091013294,0.2000452280,0.2221765369,0.2261921614,0.2272175550,0.0000043158,0.0000000000,0.0000000000,0.0000000000,-0.0300846100,0.1910372674,-0.0058172913,0.0473375805,0.1910451651,0.0091515975
20:19:45:22.090,61,0.0832230672,0.3118751049,0.0793459043,0.0000000000,0.0000000000,0.0745403320,0.0000000000,0.0831009373,0.3120792210,0.0497731045,0.0000000000,0.0000000000,0.0745620579,0.0000000000,0.1282096803,0.0000000000,0.0095748752,0.2936662436,0.0593365654,0.0447069965,0.0449721739,0.0122992741,0.0000000000,0.7297081947,0.7384123802,0.0000000000,0.0000000000,0.0931352004,0.1010323316,0.2261600643,0.2070773393,0.0300935674,0.0214569438,0.0585576445,0.0513371415,0.0342528410,0.0330878980,0.6436021328,0.6367701888,0.1847357899,0.1803209484,0.1285561174,0.1281111240,0.1130786538,0.0000000000,0.0000000000,0.0090791248,0.1987994313,0.2210896909,0.2257522345,0.2268871963,0.0000041262,0.0000000000,0.0000000000,0.0000000000,-0.0298536699,0.1907244176,-0.0057629622,0.0475920253,0.1907322556,0.0091853086
20:19:45:23.091,61,0.0820117444,0.3125322461,0.0804884434,0.0000000000,0.0000000000,0.0744003654,0.0000000000,0.0818916485,0.3127534688,0.0486456193,0.0000000000,0.0000000000,0.0744221732,0.0000000000,0.1269880682,0.0000000000,0.0093281101,0.2938490510,0.0594831705,0.0449361280,0.0450936183,0.0121423760,0.0000000000,0.7068054676,0.7204567194,0.0000000000,0.0000000000,0.0927657411,0.1006432399,0.2166196108,0.1997202784,0.0300396774,0.0214221738,0.0585337952,0.0513649955,0.0340073369,0.0328553505,0.6212244630,0.6184318066,0.1769093573,0.1756333858,0.1285290420,0.1280822158,0.1133688837,0.0000000000,0.0000000000,0.0090378830,0.1977667063,0.2201514691,0.2244621068,0.2264074385,0.0000027632,0.0000000000,0.0000000000,0.0000000000,-0.0291750953,0.1911326051,-0.0056443620,0.0482735671,0.1911405027,0.0093371710
20:19:45:24.091,61,0.0811667442,0.3132775724,0.0803088024,0.0000000000,0.0000000000,0.0740534514,0.0000000000,0.0810457394,0.3134966791,0.0488309637,0.0000000000,0.0000000000,0.0740754753,0.0000000000,0.1226015091,0.0000000000,0.0089746360,0.2860432565,0.0607682765,0.0454906337,0.0453595333,0.0120218182,0.0000000000,0.6562938094,0.6695933342,0.0000000000,0.0000000000,0.0923465192,0.1002179235,0.2097478807,0.1938859820,0.0302109234,0.0216200557,0.0587060228,0.0514681526,0.0337138511,0.0325635970,0.5808926225,0.5783354044,0.1559412926,0.1559123993,0.1282789707,0.1278279126,0.1137285829,0.0000000000,0.0000000000,0.0089753149,0.1921091378,0.2145060301,0.2178756595,0.2215152234,0.0000088843,0.0000000000,0.0000000000,0.0000000000,-0.0292836744,0.1915874034,-0.0056791781,0.0481615774,0.1915953457,0.0093382448
20:19:45:25.094,61,0.0801930726,0.3106374145,0.0818061084,0.0000000000,0.0000000000,0.0735524297,0.0000000000,0.0800437033,0.3108765185,0.0473545715,0.0000000000,0.0000000000,0.0735745952,0.0000000000,0.1051998511,0.0000000000,0.0084939776,0.2564249039,0.0818726048,0.0537590832,0.0469050705,0.0118195508,0.0000000000,0.5878065228,0.6037545204,0.0000000000,0.0000000000,0.0918517113,0.0997388437,0.1757359803,0.1647402495,0.0328545235,0.0247313175,0.0595007688,0.0516354181,0.0334186777,0.0322751254,0.4900504351,0.4864023328,0.1140508056,0.1174629331,0.1281853318,0.1277258694,0.1141498014,0.0000000000,0.0000000000,0.0088883052,0.1895277202,0.2124614567,0.2085092962,0.2145282030,0.0001211666,0.0000000000,0.0000000000,0.0000000000,-0.0284070782,0.1899812371,-0.0054619038,0.0490747690,0.1899891198,0.0094334316
20:19:45:26.094,61,0.0684657469,0.2998290062,0.0851707458,0.0000000000,0.0000000000,0.0730388239,0.0000000000,0.0682007968,0.3001078069,0.0439370163,0.0000000000,0.0000000000,0.0730613619,0.0000000000,0.0911360532,0.0000000000,0.0076482561,0.1864054352,0.1447180510,0.0602628067,0.0613829754,0.0116953254,0.0000000000,0.5462120175,0.5605109930,0.0000000000,0.0000000000,0.0912824571,0.0991516858,0.1629514992,0.1528486758,0.0498813093,0.0354360975,0.0724241659,0.0519920960,0.0332961790,0.0321810916,0.4131296575,0.4073870778,0.0904608741,0.0934617296,0.1282185912,0.1277550608,0.1145762429,0.0000000000,0.0000000000,0.0088415639,0.1885262430,0.2117514461,0.2053222805,0.2121282965,0.0003014193,0.0000000000,0.0000000000,0.0000000000,-0.0263897367,0.1833899915,-0.0048940019,0.0511568710,0.1833977997,0.0094842557
20:19:45:27.095,61,0.0457994305,0.2864994109,0.0877823234,0.0000000000,0.0000000000,0.0726353899,0.0000000000,0.0453131236,0.2868016958,0.0412584245,0.0000000000,0.0000000000,0.0726585463,0.0000000000,0.0843737572,0.0000000000,0.0063345125,0.1658089757,0.1732864976,0.0630470589,0.0829275623,0.0116874045,0.0000000000,0.5186613798,0.5320475698,0.0000000000,0.0000000000,0.0907171667,0.0984745696,0.1573520303,0.1477448791,0.1044481248,0.0425230898,0.1078170836,0.0526899584,0.0334181115,0.0323353969,0.3208031356,0.3101624250,0.0634580851,0.0655237362,0.1281785518,0.1276999265,0.1149163097,0.0000000000,0.0000000000,0.0089433966,0.1882757097,0.2117090672,0.2034149319,0.2107300013,0.0003889626,0.0000000000,0.0000000000,0.0000000000,-0.0248174500,0.1752517074,-0.0043939026,0.0528032742,0.1752593368,0.0093455799
20:19:45:28.096,61,0.0338527523,0.2737463117,0.0921157748,0.0000000000,0.0000000000,0.0722468942,0.0000000000,0.0333407782,0.2740918100,0.0368701555,0.0000000000,0.0000000000,0.0722712874,0.0000000000,0.0800516754,0.0000000000,0.0037038100,0.1549467295,0.1854724884,0.0647474229,0.0991579071,0.0119107487,0.0000000000,0.4699316323,0.4793751836,0.0000000000,0.0000000000,0.0901079327,0.0974235088,0.1549699157,0.1454205215,0.1272955537,0.0469874628,0.1232036501,0.0546775833,0.0338360406,0.0328057818,0.2776133716,0.2627924085,0.0505595692,0.0521641523,0.1251462400,0.1244873330,0.1153903604,0.0000000000,0.0000000000,0.0092361765,0.1879058331,0.2114735842,0.2020891607,0.2097915709,0.0004266810,0.0000000000,0.0000000000,0.0000000000,-0.0222076811,0.1674748659,-0.0037540691,0.0554846004,0.1674822867,0.0093754744
20:19:45:29.098,61,0.0286135692,0.2754128277,0.0932636708,0.0000000000,0.0000000000,0.0716375560,0.0000000000,0.0280762687,0.2757750452,0.0357944518,0.0000000000,0.0000000000,0.0716624409,0.0000000000,0.0777616277,0.0000000000,0.0021370267,0.1497193426,0.1919135600,0.0657977164,0.1058791205,0.0122500090,0.0000000000,0.4549666345,0.4630804062,0.0000000000,0.0000000000,0.0895465314,0.0965115279,0.1538437009,0.1442370266,0.1383687705,0.0499362275,0.1302453876,0.0561249107,0.0343477726,0.0333727822,0.2586438656,0.2424220741,0.0443834402,0.0457834117,0.1241470873,0.1234244183,0.1159740314,0.0000000000,0.0000000000,0.0095769279,0.1878826320,0.2113991082,0.2015027702,0.2093555033,0.0003723430,0.0000000000,0.0000000000,0.0000000000,-0.0215560049,0.1685009152,-0.0036666775,0.0561663099,0.1685084254,0.0095497919
20:19:45:30.098,61,0.0252869986,0.2737090588,0.0957440659,0.0000000000,0.0000000000,0.0711109042,0.0000000000,0.0248062722,0.2741011381,0.0333436280,0.0000000000,0.0000000000,0.0711360648,0.0000000000,0.0764855146,0.0000000000,0.0007678489,0.1495830715,0.1954690367,0.0666167066,0.1102585867,0.0127802324,0.0000000000,0.4475102425,0.4548225999,0.0000000000,0.0000000000,0.0890366733,0.0957114026,0.1544821262,0.1439978033,0.1440863013,0.0517116562,0.1342158020,0.0575479232,0.0349282771,0.0340116620,0.2512590587,0.2353821099,0.0410737991,0.0423286408,0.1205196753,0.1196001247,0.1171739399,0.0000000000,0.0000000000,0.0099272486,0.1878847033,0.2112211138,0.2013421059,0.2091835886,0.0002274029,0.0000000000,0.0000000000,0.0000000000,-0.0200835709,0.1674729437,-0.0033950151,0.0576702058,0.1674804389,0.0097442511
20:19:45:31.099,61,0.0238101035,0.2740197182,0.0960913301,0.0000000000,0.0000000000,0.0705735907,0.0000000000,0.0233381521,0.2744168043,0.0329806805,0.0000000000,0.0000000000,0.0705989227,0.0000000000,0.0759271458,0.0004782868,0.0000000000,0.1544865221,0.1977117360,0.0673904866,0.1123893335,0.0131681189,0.0000000000,0.4713939130,0.4791070223,0.0000000000,0.0000000000,0.0887108818,0.0952023044,0.1576562226,0.1458693594,0.1455599368,0.0531677380,0.1359627098,0.0583181009,0.0354651585,0.0345859863,0.2760722637,0.2604381442,0.0393607989,0.0405405536,0.1175462827,0.1165383756,0.1180134788,0.0000000000,0.0000000000,0.0102052698,0.1879260540,0.2111763954,0.2013781816,0.2092392296,0.0001529282,0.0000000000,0.0000000000,0.0000000000,-0.0198643096,0.1676650941,-0.0033618817,0.0578775108,0.1676725447,0.0097906664
20:19:45:32.101,61,0.0273398925,0.2745743990,0.0949789956,0.0000000000,0.0000000000,0.0702910498,0.0000000000,0.0269123688,0.2749579251,0.0340533517,0.0000000000,0.0000000000,0.0703172162,0.0000000000,0.0755138472,0.0014362284,0.0000000000,0.1821494550,0.2005383074,0.0724594221,0.1128408685,0.0135968868,0.0000000000,0.5188205242,0.5252537131,0.0000000000,0.0000000000,0.0883971378,0.0947658122,0.1602745205,0.1478805095,0.0914828330,0.0540538542,0.1148462519,0.0583813712,0.0356859528,0.0348143354,0.3417735100,0.3283849955,0.0396290310,0.0406103209,0.1167150438,0.1156796813,0.1185978726,0.0000000000,0.0000000000,0.0103112487,0.1919291466,0.2156017125,0.2016573846,0.2095086724,0.0001168306,0.0000000000,0.0000000000,0.0000000000,-0.0205092318,0.1679979116,-0.0034780349,0.0572042614,0.1680054069,0.0096964855
20:19:45:33.101,61,0.0364499018,0.2773315907,0.0952999368,0.0000000000,0.0000000000,0.0702295452,0.0000000000,0.0362281725,0.2777233124,0.0336815678,0.0000000000,0.0000000000,0.0702571794,0.0000000000,0.0758476481,0.0016428889,0.0000000000,0.2186270803,0.1519125700,0.0819526166,0.1034276187,0.0134954136,0.0000000000,0.5354456902,0.5429072976,0.0000000000,0.0000000000,0.0881300196,0.0944787338,0.1611873955,0.1487832516,0.0667945147,0.0542806834,0.0971716121,0.0583299175,0.0357898995,0.0349175781,0.4129194021,0.4055039585,0.0743115321,0.0773425475,0.1165567860,0.1155272052,0.1191151664,0.0000000000,0.0000000000,0.0103615681,0.1941830367,0.2186106145,0.2017207295,0.2095943987,0.0003206895,0.0000000000,0.0000000000,0.0000000000,-0.0202794764,0.1696867496,-0.0034743194,0.0573810972,0.1696942300,0.0098260846
20:19:45:34.103,61,0.0524044372,0.2807804346,0.0956090465,0.0000000000,0.0000000000,0.0701685622,0.0000000000,0.0522393435,0.2811810970,0.0333513431,0.0000000000,0.0000000000,0.0701964349,0.0000000000,0.0860753804,0.0009210650,0.0000000000,0.2567007542,0.1220287234,0.0845892653,0.0749279559,0.0133410264,0.0000000000,0.5693707466,0.5725554824,0.0000000000,0.0000000000,0.0881258994,0.0944612250,0.1639094800,0.1543141752,0.0554730222,0.0537097156,0.0812789798,0.0579145625,0.0356724560,0.0347643383,0.4876969755,0.4825499952,0.0865421817,0.0884135887,0.1166186556,0.1156070232,0.1192632541,0.0000000000,0.0000000000,0.0102947913,0.1947312057,0.2186441123,0.2011816651,0.2080662400,0.0004108595,0.0000000000,0.0000000000,0.0000000000,-0.0200733449,0.1717987210,-0.0034826603,0.0575463101,0.1718062460,0.0099794148
20:19:45:35.103,61,0.0573550351,0.2892345190,0.0953840017,0.0000000000,0.0000000000,0.0698755905,0.0000000000,0.0572204031,0.2896437645,0.0335940756,0.0000000000,0.0000000000,0.0699029043,0.0000000000,0.0939162001,0.0000000000,0.0014354447,0.2754979730,0.0969231352,0.0821256265,0.0649732426,0.0133610051,0.0000000000,0.5975363255,0.5993002057,0.0000000000,0.0000000000,0.0881510004,0.0944136977,0.1770543307,0.1677868664,0.0479402691,0.0462818630,0.0742643774,0.0575555861,0.0353726521,0.0344185419,0.5186595321,0.5126523972,0.1096651927,0.1062250659,0.1169742048,0.1159893721,0.1192125529,0.0000000000,0.0000000000,0.0101925582,0.1886406541,0.2032453269,0.1995785385,0.2049314678,0.0004026214,0.0000000000,0.0000000000,0.0000000000,-0.0202010330,0.1769698262,-0.0036125060,0.0573586784,0.1769774705,0.0102525372
20:19:45:36.104,61,0.0629598126,0.3008025885,0.0941711366,0.0000000000,0.0000000000,0.0696028322,0.0000000000,0.0628338903,0.3012102544,0.0348799154,0.0000000000,0.0000000000,0.0696290359,0.0000000000,0.1036732718,0.0000000000,0.0033590491,0.2869399786,0.0859250501,0.0758375078,0.0599055104,0.0133326799,0.0000000000,0.6307294369,0.6360043287,0.0000000000,0.0000000000,0.0882717520,0.0944485739,0.2019728273,0.1887338758,0.0434471034,0.0401459150,0.0705690011,0.0572536923,0.0350686871,0.0340635255,0.5701921582,0.5648664832,0.1281764060,0.1250891984,0.1170167252,0.1160592213,0.1193299517,0.0000000000,0.0000000000,0.0100824321,0.1867315322,0.1990033686,0.1994373053,0.2042508721,0.0003965665,0.0000000000,0.0000000000,0.0000000000,-0.0209472179,0.1840397418,-0.0038989382,0.0565564223,0.1840475202,0.0105222119
20:19:45:37.105,61,0.0651507601,0.3069817722,0.0931606665,0.0000000000,0.0000000000,0.0692813620,0.0000000000,0.0650299937,0.3073829412,0.0358936079,0.0000000000,0.0000000000,0.0693062916,0.0000000000,0.1096202582,0.0000000000,0.0052160127,0.2949129045,0.0795114860,0.0708870292,0.0570464656,0.0133407786,0.0000000000,0.6424453259,0.6482887864,0.0000000000,0.0000000000,0.0883764625,0.0944382995,0.2144165933,0.2011576891,0.0407388955,0.0357027762,0.0684548095,0.0570322610,0.0347773917,0.0337203965,0.5896324515,0.5840182900,0.1397600621,0.1359641403,0.1170373410,0.1161044762,0.1193600819,0.0000000000,0.0000000000,0.0099597899,0.1843419224,0.1960367262,0.1996646076,0.2041517645,0.0001382241,0.0000000000,0.0000000000,0.0000000000,-0.0215407033,0.1878136396,-0.0040935474,0.0559098944,0.1878215075,0.0106203938
20:19:45:38.107,61,0.0663667619,0.3066888154,0.0930699706,0.0000000000,0.0000000000,0.0692142621,0.0000000000,0.0662486628,0.3070884347,0.0359436646,0.0000000000,0.0000000000,0.0692381263,0.0000000000,0.1138344929,0.0000000000,0.0066367858,0.2985922992,0.0759977326,0.0677282736,0.0553857461,0.0133152483,0.0000000000,0.6586533785,0.6615755558,0.0000000000,0.0000000000,0.0885037705,0.0944653675,0.2198453993,0.2064064592,0.0390284620,0.0330842175,0.0671821088,0.0568443574,0.0345411077,0.0334346443,0.5993913412,0.5937757492,0.1479521990,0.1438948214,0.1168763265,0.1159696728,0.1193472967,0.0000000000,0.0000000000,0.0098633571,0.1835285425,0.1949174404,0.2001650333,0.2044296265,0.0000170286,0.0000000000,0.0000000000,0.0000000000,-0.0215714835,0.1876338720,-0.0040953788,0.0558573566,0.1876416653,0.0106000258
20:19:45:39.108,61,0.0671155229,0.3125857115,0.0948240757,0.0000000000,0.0000000000,0.0688505918,0.0000000000,0.0669997483,0.3130183816,0.0342365056,0.0000000000,0.0000000000,0.0688735098,0.0000000000,0.1159724072,0.0000000000,0.0080405772,0.3007294834,0.0739388764,0.0660191178,0.0543945022,0.0132828625,0.0000000000,0.6645101309,0.6667856574,0.0000000000,0.0000000000,0.0885833949,0.0944322273,0.2225754112,0.2091135830,0.0378489234,0.0314945765,0.0663584396,0.0566597283,0.0343419798,0.0331853665,0.6043817401,0.5987914801,0.1517610848,0.1476032883,0.1168472320,0.1159687564,0.1191888675,0.0000000000,0.0000000000,0.0097718695,0.1827411205,0.1940549314,0.2008368224,0.2049827129,0.0000185737,0.0000000000,0.0000000000,0.0000000000,-0.0205326770,0.1912528574,-0.0039752228,0.0568707921,0.1912607998,0.0110053746
20:19:45:40.109,61,0.0675291941,0.3151951432,0.0942719132,0.0000000000,0.0000000000,0.0684249550,0.0000000000,0.0674133003,0.3156226277,0.0348976031,0.0000000000,0.0000000000,0.0684470832,0.0000000000,0.1173108965,0.0000000000,0.0088316314,0.3020541370,0.0726820230,0.0642659068,0.0536423773,0.0134688588,0.0000000000,0.6678106785,0.6697415709,0.0000000000,0.0000000000,0.0886094496,0.0944045782,0.2235782295,0.2100156397,0.0369632915,0.0304238386,0.0655713826,0.0562710054,0.0340997167,0.0329016745,0.6071752310,0.6014291644,0.1534387469,0.1491431296,0.1155339852,0.1147218719,0.1190692335,0.0000000000,0.0000000000,0.0096726064,0.1819544733,0.1933481991,0.2012345493,0.2052157521,0.0000265158,0.0000000000,0.0000000000,0.0000000000,-0.0209226813,0.1928456575,-0.0040853005,0.0565221310,0.1928535849,0.0110313538
20:19:45:41.110,61,0.0674311593,0.3160904348,0.0932805687,0.0000000000,0.0000000000,0.0679622144,0.0000000000,0.0673154145,0.3165121973,0.0362681262,0.0000000000,0.0000000000,0.0679836795,0.0000000000,0.1181942746,0.0000000000,0.0093527604,0.3030501902,0.0720458031,0.0631208047,0.0530412681,0.0137076378,0.0000000000,0.6695355773,0.6713347435,0.0000000000,0.0000000000,0.0887541771,0.0945111364,0.2238791585,0.2101526856,0.0363038667,0.0297297444,0.0647996143,0.0557343960,0.0338418595,0.0326103792,0.6085801721,0.6026493311,0.1524300277,0.1476935893,0.1139163598,0.1131864935,0.1189548522,0.0000000000,0.0000000000,0.0095869461,0.1810040325,0.1927456707,0.2015155852,0.2053148896,0.0000313707,0.0000000000,0.0000000000,0.0000000000,-0.0217420571,0.1933926195,-0.0042576082,0.0559218042,0.1933948100,0.0109457225
20:19:45:42.111,61,0.0616281033,0.3123700321,0.0918677449,0.0000000000,0.0000000000,0.0676161125,0.0000000000,0.0615042001,0.3127665520,0.0376194902,0.0000000000,0.0000000000,0.0676372573,0.0000000000,0.1184995845,0.0000000000,0.0094047412,0.3032639027,0.0720694363,0.0622870550,0.0525437333,0.0139680579,0.0000000000,0.6662762165,0.6701523662,0.0000000000,0.0000000000,0.0889168009,0.0947049558,0.2170408517,0.2006312758,0.0360181220,0.0294414740,0.0641441420,0.0551489443,0.0335512273,0.0323059373,0.5901322365,0.5801559091,0.1383047104,0.1344475746,0.1129081026,0.1122150421,0.1188777611,0.0000000000,0.0000000000,0.0094987061,0.1802579463,0.1924263239,0.2011823207,0.2044941336,0.0000294719,0.0000000000,0.0000000000,0.0000000000,-0.0225622151,0.1911074668,-0.0043646796,0.0550992079,0.1911095977,0.0106542865
20:19:45:43.111,61,0.0587437712,0.3086833358,0.0896873623,0.0000000000,0.0000000000,0.0674472973,0.0000000000,0.0586135797,0.3090436161,0.0398011915,0.0000000000,0.0000000000,0.0674680173,0.0000000000,0.1186539531,0.0000000000,0.0092915483,0.2950676084,0.0956517085,0.0619236417,0.0522195697,0.0139843980,0.0000000000,0.6446501613,0.6557609439,0.0000000000,0.0000000000,0.0895560458,0.0962438211,0.1974500865,0.1832608581,0.0381526388,0.0325726084,0.0636190325,0.0539641939,0.0333346240,0.0320844948,0.5450061560,0.5472582579,0.1030390561,0.1041009203,0.1112724915,0.1106584743,0.1188445911,0.0000000000,0.0000000000,0.0094069578,0.1804284304,0.1974156201,0.2006506175,0.2036497593,0.0000509796,0.0000000000,0.0000000000,0.0000000000,-0.0238811169,0.1888385117,-0.0045635900,0.0538148209,0.1888405979,0.0102796452
20:19:45:44.113,61,0.0572599769,0.3005473316,0.0880793184,0.0000000000,0.0000000000,0.0673155114,0.0000000000,0.0571202636,0.3008758426,0.0413918234,0.0000000000,0.0000000000,0.0673363805,0.0000000000,0.0993428752,0.0000000000,0.0078584282,0.2001392096,0.1616336405,0.0620077327,0.0569238141,0.0139487023,0.0000000000,0.5880921483,0.6023074985,0.0000000000,0.0000000000,0.0898666978,0.0968508795,0.1625792831,0.1484236568,0.0585106462,0.0440091491,0.0684012920,0.0534991063,0.0332415402,0.0320201330,0.4453244805,0.4401615858,0.0853428319,0.0876701102,0.1112193465,0.1106305942,0.1187148169,0.0000000000,0.0000000000,0.0093221813,0.1928969473,0.2232739329,0.2009870708,0.2046432644,0.0002687181,0.0000000000,0.0000000000,0.0000000000,-0.0248588752,0.1838520765,-0.0046220478,0.0528994985,0.1838540286,0.0098319687
20:19:45:45.114,61,0.0495280921,0.2940931916,0.0874699950,0.0000000000,0.0000000000,0.0670364127,0.0000000000,0.0491339974,0.2944068015,0.0419500805,0.0000000000,0.0000000000,0.0670575649,0.0000000000,0.0871644169,0.0000000000,0.0061306078,0.1734202206,0.1838044226,0.0623540990,0.0918043926,0.0140805747,0.0000000000,0.5535179377,0.5578069687,0.0000000000,0.0000000000,0.0898411572,0.0968532339,0.1522619277,0.1382880062,0.1174609587,0.0478780419,0.1203991696,0.0539329574,0.0334027782,0.0322139934,0.3146618903,0.3021822274,0.0623533763,0.0630184263,0.1126579866,0.1120171845,0.1187083274,0.0000000000,0.0000000000,0.0093961386,0.2030137181,0.2324331999,0.2057440877,0.2105198950,0.0003373859,0.0000000000,0.0000000000,0.0000000000,-0.0252124611,0.1799007207,-0.0045847953,0.0525716431,0.1799025983,0.0095564527
20:19:45:46.115,61,0.0440920517,0.2865723968,0.0874182060,0.0000000000,0.0000000000,0.0668829232,0.0000000000,0.0435557403,0.2868780494,0.0419188552,0.0000000000,0.0000000000,0.0669048354,0.0000000000,0.0812829137,0.0000000000,0.0046387794,0.1592120528,0.1942058504,0.0627361163,0.1024036556,0.0143841254,0.0000000000,0.5340967178,0.5356790423,0.0000000000,0.0000000000,0.0895987377,0.0965015665,0.1474073976,0.1342961490,0.1349906474,0.0500284396,0.1349456012,0.0568854809,0.0338073112,0.0326534249,0.2730876505,0.2583610415,0.0531274900,0.0534396693,0.1128588766,0.1121908501,0.1189567074,0.0000000000,0.0000000000,0.0096322056,0.2077599019,0.2369629741,0.2099015266,0.2148376554,0.0005064920,0.0000000000,0.0000000000,0.0000000000,-0.0252144951,0.1753001511,-0.0044654422,0.0525838435,0.1753019392,0.0093090907
20:19:45:47.116,61,0.0398654826,0.2749688029,0.0867311507,0.0000000000,0.0000000000,0.0671335533,0.0000000000,0.0392379239,0.2752544284,0.0424422584,0.0000000000,0.0000000000,0.0671572387,0.0000000000,0.0777704269,0.0000000000,0.0031991177,0.1521682590,0.1994076669,0.0640680864,0.1083589420,0.0148006519,0.0000000000,0.5169856548,0.5179612041,0.0000000000,0.0000000000,0.0891930386,0.0959385261,0.1464855373,0.1343395561,0.1435798854,0.0514338575,0.1420654505,0.0580747165,0.0342586339,0.0331357643,0.2558436990,0.2403813452,0.0482601561,0.0484065711,0.1128934845,0.1121983156,0.1194661707,0.0000000000,0.0000000000,0.0099451318,0.2101768702,0.2392405868,0.2114635557,0.2165300250,0.0005403800,0.0000000000,0.0000000000,0.0000000000,-0.0255607851,0.1681988388,-0.0043398021,0.0522347316,0.1682004929,0.0088654468
20:19:45:48.117,61,0.0345013775,0.2700784802,0.0864048377,0.0000000000,0.0000000000,0.0673877001,0.0000000000,0.0338877887,0.2703554928,0.0426860191,0.0000000000,0.0000000000,0.0674136803,0.0000000000,0.0758850873,0.0000000000,0.0018320661,0.1488771439,0.2018772066,0.0650680885,0.1114796624,0.0152038829,0.0000000000,0.5100067854,0.5105417371,0.0000000000,0.0000000000,0.0888292193,0.0954101235,0.1487182528,0.1371526569,0.1473849267,0.0525108352,0.1441461295,0.0587612242,0.0347116515,0.0336215273,0.2655431926,0.2489553392,0.0454575457,0.0455204546,0.1044504270,0.1035637781,0.1206450462,0.0000000000,0.0000000000,0.0102914823,0.2112123072,0.2400035709,0.2121340781,0.2172970325,0.0003315513,0.0000000000,0.0000000000,0.0000000000,-0.0257205330,0.1652059555,-0.0042877709,0.0520643555,0.1652075052,0.0086764004
20:19:45:49.118,61,0.0318826512,0.2686726153,0.0869516730,0.0000000000,0.0000000000,0.0676762685,0.0000000000,0.0313004404,0.2689555585,0.0420514308,0.0000000000,0.0000000000,0.0677045360,0.0000000000,0.0751280412,0.0000000000,0.0006693187,0.1579041183,0.2035933733,0.0677060708,0.1131131649,0.0154852699,0.0000000000,0.5065748692,0.5069444776,0.0000000000,0.0000000000,0.0886157528,0.0950541943,0.1588170379,0.1480546743,0.1435895562,0.0539144948,0.1401585191,0.0590785220,0.0351697765,0.0340957008,0.2964014411,0.2812196612,0.0439093933,0.0439430289,0.1019817144,0.1010441706,0.1216257215,0.0000000000,0.0000000000,0.0105921859,0.2118903399,0.2403865755,0.2126822919,0.2179447860,0.0003424037,0.0000000000,0.0000000000,0.0000000000,-0.0253417660,0.1643488407,-0.0042023240,0.0524013340,0.1643504202,0.0086863749
20:19:45:50.119,61,0.0305760894,0.2709773779,0.0878265575,0.0000000000,0.0000000000,0.0679393262,0.0000000000,0.0300077163,0.2712738216,0.0411784649,0.0000000000,0.0000000000,0.0679695606,0.0000000000,0.0743643269,0.0002334849,0.0000000000,0.1643114388,0.2044032812,0.0755260438,0.1141219214,0.0156955048,0.0000000000,0.5129352808,0.5144994855,0.0000000000,0.0000000000,0.0881049782,0.0944169015,0.1618691385,0.1514514238,0.0939129815,0.0543735214,0.1279224157,0.0591804236,0.0353974029,0.0343193002,0.3139355779,0.3027524352,0.0435873643,0.0436158292,0.1011461988,0.1001841873,0.1224628240,0.0000000000,0.0000000000,0.0107913930,0.2124627531,0.2406331301,0.2130343616,0.2183937430,0.0001965553,0.0000000000,0.0000000000,0.0000000000,-0.0248098355,0.1657632589,-0.0041501960,0.0529161692,0.1657648385,0.0088485135
20:19:45:51.120,61,0.0420013368,0.2751961052,0.0873522758,0.0000000000,0.0000000000,0.0681890696,0.0000000000,0.0417106524,0.2754903436,0.0417609066,0.0000000000,0.0000000000,0.0682208538,0.0000000000,0.0737539157,0.0008813636,0.0000000000,0.1699438393,0.1884466559,0.0790889487,0.1118860692,0.0156537965,0.0000000000,0.5332821608,0.5439705849,0.0000000000,0.0000000000,0.0875199363,0.0937903449,0.1628713310,0.1526433975,0.0716806874,0.0543837436,0.1056692153,0.0591244251,0.0354022458,0.0343288183,0.3758727014,0.3673875928,0.0571519285,0.0589450561,0.1036194414,0.1027356833,0.1231336594,0.0000000000,0.0000000000,0.0108185308,0.2129856646,0.2409549654,0.2132298499,0.2187368870,0.0003385025,0.0000000000,0.0000000000,0.0000000000,-0.0251498297,0.1683412343,-0.0042737285,0.0526075549,0.1683428586,0.0089363633
20:19:45:52.121,61,0.0542008877,0.2800184488,0.0884162337,0.0000000000,0.0000000000,0.0683766901,0.0000000000,0.0539689399,0.2803313136,0.0407893173,0.0000000000,0.0000000000,0.0684095696,0.0000000000,0.0737929940,0.0009525013,0.0000000000,0.2146419138,0.1321787536,0.0823534131,0.1008679345,0.0154007524,0.0000000000,0.5404687524,0.5524741411,0.0000000000,0.0000000000,0.0869722813,0.0932362825,0.1631603986,0.1530771106,0.0587267578,0.0537883826,0.0943606868,0.0590618886,0.0352998637,0.0342295468,0.4240584671,0.4185204804,0.0864388198,0.0885063633,0.1075773314,0.1068085730,0.1234601662,0.0000000000,0.0000000000,0.0107549075,0.2127713263,0.2405889183,0.2131682187,0.2188476175,0.0004742309,0.0000000000,0.0000000000,0.0000000000,-0.0245522559,0.1712968051,-0.0042468947,0.0532214344,0.1712985188,0.0092023760
20:19:45:53.123,61,0.0582994483,0.2898846567,0.0901461765,0.0000000000,0.0000000000,0.0684451163,0.0000000000,0.0580963120,0.2902309895,0.0392129607,0.0000000000,0.0000000000,0.0684789717,0.0000000000,0.0754685774,0.0007286821,0.0000000000,0.2390647829,0.1076251715,0.0837411880,0.0849842951,0.0153083336,0.0000000000,0.5691398978,0.5757618546,0.0000000000,0.0000000000,0.0865542144,0.0928261578,0.1637031883,0.1536073834,0.0505362228,0.0485285036,0.0876098946,0.0591710322,0.0350676738,0.0339915045,0.4492703378,0.4421260953,0.1136732772,0.1130651385,0.1136702746,0.1129308492,0.1233952343,0.0000000000,0.0000000000,0.0106455665,0.2065855116,0.2308622152,0.2127102017,0.2185128629,0.0004037257,0.0000000000,0.0000000000,0.0000000000,-0.0235782862,0.1773418486,-0.0042253942,0.0542051867,0.1773436964,0.0097099496
20:19:45:54.124,61,0.0608348101,0.2987702787,0.0909008458,0.0000000000,0.0000000000,0.0684263483,0.0000000000,0.0606471896,0.2991370261,0.0385274142,0.0000000000,0.0000000000,0.0684602186,0.0000000000,0.0883894190,0.0001683114,0.0000000000,0.2530890405,0.0906865150,0.0794886053,0.0699463859,0.0152030978,0.0000000000,0.6408327818,0.6479063034,0.0000000000,0.0000000000,0.0863847807,0.0926855877,0.1719566435,0.1598963290,0.0455792844,0.0420242660,0.0805580691,0.0590681955,0.0347745195,0.0336778238,0.5292338133,0.5251381397,0.1331100315,0.1309755743,0.1157225668,0.1150064245,0.1231251061,0.0000000000,0.0000000000,0.0105112782,0.2030687034,0.2253927439,0.2124614865,0.2182387561,0.0003776079,0.0000000000,0.0000000000,0.0000000000,-0.0231431480,0.1827819198,-0.0042774882,0.0546050109,0.1827839017,0.0100882193
20:19:45:55.124,61,0.0619864278,0.3044721782,0.0907099769,0.0000000000,0.0000000000,0.0685113743,0.0000000000,0.0618086383,0.3048427999,0.0387144759,0.0000000000,0.0000000000,0.0685448572,0.0000000000,0.0969971418,0.0000000000,0.0006945529,0.2651439607,0.0823105127,0.0731010810,0.0633425564,0.0149750942,0.0000000000,0.6617963314,0.6687092781,0.0000000000,0.0000000000,0.0863708705,0.0926699713,0.1861870885,0.1737244576,0.0428035259,0.0371685065,0.0767381936,0.0589542724,0.0344871245,0.0333686993,0.5560638905,0.5535754561,0.1461559534,0.1439793855,0.1190041900,0.1183721498,0.1227258667,0.0000000000,0.0000000000,0.0103756003,0.2009566128,0.2219625115,0.2126069516,0.2183095813,0.0001727454,0.0000000000,0.0000000000,0.0000000000,-0.0232403893,0.1862687469,-0.0043793065,0.0544549599,0.1862708181,0.0102569051
20:19:45:56.125,61,0.0657915324,0.3129677176,0.0906323120,0.0000000000,0.0000000000,0.0685849339,0.0000000000,0.0656490177,0.3133471608,0.0387488864,0.0000000000,0.0000000000,0.0686172992,0.0000000000,0.1018463597,0.0000000000,0.0021624584,0.2703230083,0.0774465725,0.0680901259,0.0598831996,0.0145908007,0.0000000000,0.6748852730,0.6822319627,0.0000000000,0.0000000000,0.0863673240,0.0926479474,0.1907794327,0.1781346500,0.0410107337,0.0338473096,0.0745896846,0.0588481501,0.0342292376,0.0330850407,0.5700528622,0.5687090755,0.1572183073,0.1555746645,0.1221941113,0.1216190010,0.1224663779,0.0000000000,0.0000000000,0.0102351448,0.1999182999,0.2202839553,0.2137013972,0.2187802047,0.0000183135,0.0000000000,0.0000000000,0.0000000000,-0.0232379623,0.1914651990,-0.0045040036,0.0543544181,0.1914673597,0.0105305882
20:19:45:57.126,61,0.0730582923,0.3223784268,0.0893381834,0.0000000000,0.0000000000,0.0684383512,0.0000000000,0.0729302838,0.3227486312,0.0401089303,0.0000000000,0.0000000000,0.0684692487,0.0000000000,0.1097321957,0.0000000000,0.0040321718,0.2738492489,0.0742335320,0.0645664111,0.0578825139,0.0142382877,0.0000000000,0.6879349351,0.6942142248,0.0000000000,0.0000000000,0.0864827856,0.0926963761,0.1996337622,0.1867754012,0.0397189409,0.0314374641,0.0732377768,0.0588206835,0.0341189876,0.0329399258,0.5957251787,0.5948589444,0.1705929786,0.1677262932,0.1242751852,0.1237170547,0.1220877469,0.0000000000,0.0000000000,0.0101129673,0.1992574632,0.2191490233,0.2195630968,0.2224755734,0.0000021388,0.0000000000,0.0000000000,0.0000000000,-0.0240264162,0.1972136199,-0.0048002382,0.0535177737,0.1972158104,0.0106880413
20:19:45:58.128,61,0.0785253048,0.3275825381,0.0870698467,0.0000000000,0.0000000000,0.0684509575,0.0000000000,0.0784113258,0.3279231191,0.0424176827,0.0000000000,0.0000000000,0.0684805065,0.0000000000,0.1149455979,0.0000000000,0.0053124917,0.2753448188,0.0712807998,0.0615633614,0.0566530153,0.0138420435,0.0000000000,0.7089323997,0.7162446380,0.0000000000,0.0000000000,0.0866500065,0.0928128064,0.2037398964,0.1904498786,0.0386776999,0.0296861939,0.0723340660,0.0588682182,0.0341336578,0.0329277255,0.6120032072,0.6113291979,0.1855905950,0.1833654493,0.1286939979,0.1281346828,0.1216839552,0.0000000000,0.0000000000,0.0100076711,0.1993612945,0.2189504802,0.2267996222,0.2292546034,0.0000016850,0.0000000000,0.0000000000,0.0000000000,-0.0253932383,0.2003822923,-0.0051569729,0.0521256104,0.2003846616,0.0105820708
20:19:45:59.129,61,0.0811183602,0.3293284178,0.0871516317,0.0000000000,0.0000000000,0.0684506223,0.0000000000,0.0809900984,0.3296718895,0.0423518941,0.0000000000,0.0000000000,0.0684788600,0.0000000000,0.1172441319,0.0000000000,0.0064462824,0.2757818103,0.0697425902,0.0600469038,0.0559227057,0.0135235656,0.0000000000,0.7161446810,0.7235700488,0.0000000000,0.0000000000,0.0867986977,0.0929203406,0.2052103877,0.1918284893,0.0378702097,0.0285643525,0.0717350096,0.0589644536,0.0341748856,0.0329389311,0.6162360907,0.6158214211,0.1910022348,0.1888206452,0.1318736672,0.1312719882,0.1212578714,0.0000000000,0.0000000000,0.0099392720,0.2012053877,0.2197454572,0.2293900251,0.2315839976,0.0000018518,0.0000000000,0.0000000000,0.0000000000,-0.0253483411,0.2014507055,-0.0051760580,0.0521632321,0.2014530599,0.0106477132
20:19:46:00.129,61,0.0821143165,0.3249342144,0.0887705758,0.0000000000,0.0000000000,0.0688272864,0.0000000000,0.0819850266,0.3252985775,0.0406674296,0.0000000000,0.0000000000,0.0688545927,0.0000000000,0.1184780300,0.0000000000,0.0076830927,0.2748248279,0.0688000470,0.0592239425,0.0554822311,0.0131150391,0.0000000000,0.7228491902,0.7305926681,0.0000000000,0.0000000000,0.0870205089,0.0931101218,0.2043934166,0.1914934516,0.0372133851,0.0277404133,0.0714194551,0.0592044368,0.0342477523,0.0329949148,0.6044217944,0.6064613461,0.1944346428,0.1928318739,0.1333525479,0.1327473372,0.1207846776,0.0000000000,0.0000000000,0.0099051083,0.2283981293,0.2509009242,0.2311343849,0.2342104763,0.0000046436,0.0000000000,0.0000000000,0.0000000000,-0.0243533552,0.1987733096,-0.0049050520,0.0531611219,0.1987755895,0.0107030934
20:19:46:01.131,61,0.0829520375,0.3242910206,0.0894436762,0.0000000000,0.0000000000,0.0693939775,0.0000000000,0.0828248858,0.3246651590,0.0399424434,0.0000000000,0.0000000000,0.0694206655,0.0000000000,0.1189821139,0.0000000000,0.0094604511,0.2727579474,0.0681254491,0.0586358868,0.0551187061,0.0125677865,0.0000000000,0.7294726372,0.7376509905,0.0000000000,0.0000000000,0.0872175246,0.0932862088,0.1933328658,0.1833097488,0.0366382673,0.0271104462,0.0710420385,0.0593088008,0.0342895240,0.0330189727,0.5989841819,0.6030095220,0.1962009668,0.1948685050,0.1340165585,0.1334214807,0.1204010174,0.0000000000,0.0000000000,0.0098837893,0.2362837642,0.2594963610,0.2323397696,0.2358021885,0.0000117669,0.0000000000,0.0000000000,0.0000000000,-0.0239210743,0.1983841956,-0.0048083188,0.0535684265,0.1983864903,0.0107633350
20:19:46:02.132,61,0.0836381242,0.3250166476,0.0889780521,0.0000000000,0.0000000000,0.0698651224,0.0000000000,0.0835134014,0.3253844380,0.0404226147,0.0000000000,0.0000000000,0.0698913261,0.0000000000,0.1192063615,0.0000000000,0.0105234589,0.2692362666,0.0677108914,0.0581379049,0.0547872595,0.0120597985,0.0000000000,0.7341859937,0.7430061698,0.0000000000,0.0000000000,0.0874755532,0.0935664177,0.1900509745,0.1805246621,0.0361805484,0.0266185217,0.0707316175,0.0593849383,0.0343378447,0.0330536924,0.5966152549,0.6013241410,0.1970909238,0.1959540695,0.1343711913,0.1337873787,0.1200150028,0.0000000000,0.0000000000,0.0098583624,0.2405589968,0.2641910613,0.2332952470,0.2370323539,0.0000154292,0.0000000000,0.0000000000,0.0000000000,-0.0242064986,0.1988250762,-0.0048767831,0.0532848239,0.1988273412,0.0107308393
20:19:46:03.133,61,0.0841836855,0.3257897496,0.0881087184,0.0000000000,0.0000000000,0.0703073069,0.0000000000,0.0840604007,0.3261449635,0.0412915125,0.0000000000,0.0000000000,0.0703330338,0.0000000000,0.1192611754,0.0000000000,0.0112109613,0.2662521601,0.0675058961,0.0576573461,0.0544701666,0.0116695063,0.0000000000,0.7381070256,0.7472240329,0.0000000000,0.0000000000,0.0877596587,0.0939194262,0.1879606992,0.1775880009,0.0358602628,0.0262254383,0.0705181211,0.0594719984,0.0343710668,0.0330819786,0.5949886441,0.5996153355,0.1975037605,0.1964531541,0.1344554275,0.1338810921,0.1198036894,0.0000000000,0.0000000000,0.0098347645,0.2431554049,0.2670005262,0.2345816493,0.2383060008,0.0000195887,0.0000000000,0.0000000000,0.0000000000,-0.0247245040,0.1992923617,-0.0049931430,0.0527592152,0.1992946863,0.0106507419
20:19:46:04.134,61,0.0843875632,0.3258944154,0.0872814283,0.0000000000,0.0000000000,0.0708775669,0.0000000000,0.0842650384,0.3262371123,0.0421186946,0.0000000000,0.0000000000,0.0709026754,0.0000000000,0.1193405092,0.0000000000,0.0119394874,0.2624341249,0.0673882663,0.0571955815,0.0541780144,0.0113192238,0.0000000000,0.7431795001,0.7512533069,0.0000000000,0.0000000000,0.0881134048,0.0943232104,0.1867184639,0.1761855632,0.0355872884,0.0258885138,0.0703442246,0.0595540479,0.0344386958,0.0331395008,0.5941593051,0.5988456607,0.1979176700,0.1968586892,0.1345077306,0.1339404285,0.1195760816,0.0000000000,0.0000000000,0.0098241651,0.2468133420,0.2698634565,0.2379507124,0.2407046854,0.0000198950,0.0000000000,0.0000000000,0.0000000000,-0.0252195131,0.1993512064,-0.0050946311,0.0522631854,0.1993534714,0.0105538992
20:19:46:05.134,61,0.0848456398,0.3263974786,0.0869253725,0.0000000000,0.0000000000,0.0714547560,0.0000000000,0.0847235695,0.3267351389,0.0424773470,0.0000000000,0.0000000000,0.0714790076,0.0000000000,0.1192836165,0.0000000000,0.0125838444,0.2559782565,0.0672755167,0.0568147562,0.0539564751,0.0109934956,0.0000000000,0.7451636195,0.7529771328,0.0000000000,0.0000000000,0.0884119123,0.0946646333,0.1841114014,0.1735209972,0.0353854187,0.0256203916,0.0702656060,0.0596922562,0.0345238969,0.0332139358,0.5929160714,0.5973327160,0.1981212795,0.1970385015,0.1345846802,0.1340229660,0.1192970425,0.0000000000,0.0000000000,0.0098099411,0.2488568127,0.2714203000,0.2397334725,0.2419500202,0.0000195872,0.0000000000,0.0000000000,0.0000000000,-0.0254327022,0.1996566057,-0.0051457719,0.0520467460,0.1996588409,0.0105267726
20:19:46:06.136,61,0.0850778967,0.3266876042,0.0861683488,0.0000000000,0.0000000000,0.0718799978,0.0000000000,0.0849542841,0.3270138502,0.0432445183,0.0000000000,0.0000000000,0.0719033927,0.0000000000,0.1188949943,0.0000000000,0.0131181022,0.2483837605,0.0672106817,0.0565047860,0.0538090803,0.0107647786,0.0000000000,0.7459609509,0.7535645366,0.0000000000,0.0000000000,0.0886142179,0.0949009582,0.1805217266,0.1702241302,0.0352619849,0.0253975894,0.0703154877,0.0599114075,0.0345910341,0.0332713053,0.5854450464,0.5884912014,0.1981629431,0.1969999224,0.1349762231,0.1344155818,0.1189025193,0.0000000000,0.0000000000,0.0097835343,0.2498481274,0.2721552849,0.2408644557,0.2428231388,0.0000234503,0.0000000000,0.0000000000,0.0000000000,-0.0258911364,0.1998292804,-0.0052431575,0.0515916422,0.1998316050,0.0104440851
20:19:46:07.137,61,0.0852996930,0.3269270062,0.0857001394,0.0000000000,0.0000000000,0.0721745491,0.0000000000,0.0851735026,0.3272463977,0.0436895527,0.0000000000,0.0000000000,0.0721971914,0.0000000000,0.1180194691,0.0000000000,0.0133711621,0.2372308373,0.0673258230,0.0563236848,0.0538066365,0.0105836652,0.0000000000,0.7461873889,0.7536638379,0.0000000000,0.0000000000,0.0888451859,0.0952092633,0.1760497540,0.1657543778,0.0352667868,0.0252781194,0.0705547258,0.0602131784,0.0346553326,0.0333327651,0.5670539737,0.5685123801,0.1978474706,0.1966016591,0.1354543865,0.1348907053,0.1185753793,0.0000000000,0.0000000000,0.0097645987,0.2506434321,0.2728691995,0.2417306602,0.2435236424,0.0000365400,0.0000000000,0.0000000000,0.0000000000,-0.0261568297,0.1999727786,-0.0053008567,0.0513098054,0.1999751031,0.0103947464
20:19:46:08.137,61,0.0855716616,0.3269674480,0.0861278772,0.0000000000,0.0000000000,0.0723361224,0.0000000000,0.0854424313,0.3272935748,0.0432409979,0.0000000000,0.0000000000,0.0723580122,0.0000000000,0.1164697558,0.0000000000,0.0136028910,0.2274960726,0.0674770474,0.0563567281,0.0539544448,0.0102906255,0.0000000000,0.7459284067,0.7533844113,0.0000000000,0.0000000000,0.0890487060,0.0955037475,0.1697493643,0.1602061391,0.0353615396,0.0252277702,0.0709555894,0.0606160052,0.0347520411,0.0334272124,0.5564147234,0.5592948794,0.1974601001,0.1962281764,0.1358793974,0.1353119761,0.1183328927,0.0000000000,0.0000000000,0.0097626941,0.2514071167,0.2736169696,0.2425395250,0.2442924380,0.0000673435,0.0000000000,0.0000000000,0.0000000000,-0.0258881282,0.2000002116,-0.0052471547,0.0515656359,0.2000025213,0.0104479957
20:19:46:09.139,61,0.0859360397,0.3271368146,0.0860581622,0.0000000000,0.0000000000,0.0723935589,0.0000000000,0.0858024135,0.3274621367,0.0432911031,0.0000000000,0.0000000000,0.0724147186,0.0000000000,0.1142622232,0.0000000000,0.0139836324,0.2177463472,0.0675916225,0.0566331483,0.0542333648,0.0100215413,0.0000000000,0.7420223355,0.7483623028,0.0000000000,0.0000000000,0.0891549364,0.0956705585,0.1642923951,0.1562080979,0.0355119370,0.0252241045,0.0715398863,0.0611725077,0.0348858647,0.0335482582,0.5465413332,0.5505972505,0.1971845627,0.1959576011,0.1369949430,0.1364147812,0.1180459782,0.0000000000,0.0000000000,0.0097672641,0.2519198954,0.2740630209,0.2432066351,0.2449540645,0.0000962498,0.0000000000,0.0000000000,0.0000000000,-0.0259175841,0.2001033425,-0.0052559059,0.0515228175,0.2001056820,0.0104448572
20:19:46:10.140,61,0.0862463936,0.3288282454,0.0858223885,0.0000000000,0.0000000000,0.0722121969,0.0000000000,0.0861088112,0.3291515708,0.0435036011,0.0000000000,0.0000000000,0.0722328946,0.0000000000,0.1108523160,0.0000000000,0.0141424211,0.2112287879,0.0678374097,0.0569435842,0.0545214564,0.0096907690,0.0000000000,0.7402888536,0.7466685772,0.0000000000,0.0000000000,0.0893187225,0.0959445983,0.1613142043,0.1534795165,0.0357164517,0.0253010225,0.0721040517,0.0616417229,0.0350206494,0.0336719304,0.5382012725,0.5429178476,0.1952463239,0.1948642284,0.1377883554,0.1372047216,0.1177486852,0.0000000000,0.0000000000,0.0097611388,0.2524176836,0.2747046053,0.2437568903,0.2456012815,0.0001205438,0.0000000000,0.0000000000,0.0000000000,-0.0260393433,0.2011363804,-0.0053085992,0.0513708703,0.2011387348,0.0104693184
20:19:46:11.140,61,0.0863560364,0.3293093741,0.0857903734,0.0000000000,0.0000000000,0.0720593184,0.0000000000,0.0862175673,0.3296328783,0.0434901342,0.0000000000,0.0000000000,0.0720796883,0.0000000000,0.1088424399,0.0000000000,0.0143917017,0.2030545026,0.0679431409,0.0573465265,0.0548851490,0.0092049446,0.0000000000,0.7392551303,0.7457749248,0.0000000000,0.0000000000,0.0894413888,0.0961620584,0.1584438086,0.1508340240,0.0359480493,0.0253508426,0.0730309114,0.0622726791,0.0352044068,0.0338531286,0.5330359936,0.5388025045,0.1945780665,0.1945986301,0.1385860443,0.1380297393,0.1174035147,0.0000000000,0.0000000000,0.0097782379,0.2534959614,0.2777504623,0.2443395406,0.2467257679,0.0001165820,0.0000000000,0.0000000000,0.0000000000,-0.0260297190,0.2014304549,-0.0053146109,0.0513486266,0.2014327794,0.0104805082
20:19:46:12.141,61,0.0866545811,0.3291553259,0.0862897784,0.0000000000,0.0000000000,0.0720849782,0.0000000000,0.0865151808,0.3294866383,0.0429567955,0.0000000000,0.0000000000,0.0721051022,0.0000000000,0.1067595258,0.0000000000,0.0145177692,0.1962883025,0.0680991784,0.0575850010,0.0552036949,0.0087710926,0.0000000000,0.7388998270,0.7456421852,0.0000000000,0.0000000000,0.0895658880,0.0963942558,0.1564267278,0.1487293988,0.0362129807,0.0253904611,0.0737606660,0.0628328472,0.0353358015,0.0339860357,0.5306266546,0.5366989970,0.1940603703,0.1943691075,0.1396190077,0.1390796453,0.1170921996,0.0000000000,0.0000000000,0.0097767329,0.2570700645,0.2829015851,0.2450287789,0.2481131107,0.0000902266,0.0000000000,0.0000000000,0.0000000000,-0.0257109739,0.2013393790,-0.0052471077,0.0516485237,0.2013417184,0.0105367629
20:19:46:13.142,61,0.0869850069,0.3299199045,0.0872546434,0.0000000000,0.0000000000,0.0720512345,0.0000000000,0.0868450403,0.3302671015,0.0419427194,0.0000000000,0.0000000000,0.0720709488,0.0000000000,0.1043578759,0.0000000000,0.0145934168,0.1889497489,0.0683107525,0.0577191524,0.0555281751,0.0083619533,0.0000000000,0.7388703823,0.7458416820,0.0000000000,0.0000000000,0.0896986797,0.0966335759,0.1547366381,0.1469803900,0.0365287773,0.0254255012,0.0745686069,0.0634081513,0.0354476124,0.0340976119,0.5286741257,0.5345366001,0.1934877634,0.1940184385,0.1403188407,0.1397870183,0.1168606430,0.0000000000,0.0000000000,0.0097664949,0.2594622374,0.2857708037,0.2456628978,0.2490145862,0.0000646032,0.0000000000,0.0000000000,0.0000000000,-0.0251015779,0.2018131614,-0.0051351581,0.0522210374,0.2018155456,0.0106792087
20:19:46:14.143,61,0.0871162862,0.3297941387,0.0874898285,0.0000000000,0.0000000000,0.0719278306,0.0000000000,0.0869743526,0.3301450312,0.0416755751,0.0000000000,0.0000000000,0.0719475672,0.0000000000,0.1030817479,0.0000000000,0.0143496972,0.1850568801,0.0684373602,0.0578885823,0.0557876714,0.0080652935,0.0000000000,0.7383219004,0.7456222773,0.0000000000,0.0000000000,0.0897300616,0.0967933610,0.1536177099,0.1451419294,0.0368365869,0.0255275518,0.0751657039,0.0638428628,0.0355743021,0.0342399925,0.5278612375,0.5335571170,0.1924142838,0.1934527010,0.1409549713,0.1404277086,0.1165146902,0.0000000000,0.0000000000,0.0097612347,0.2601317465,0.2867956758,0.2459924072,0.2495899498,0.0000419439,0.0000000000,0.0000000000,0.0000000000,-0.0249420833,0.2017377466,-0.0051005785,0.0523626134,0.2017401159,0.0107040200
20:19:46:15.144,61,0.0871245861,0.3300322890,0.0871875435,0.0000000000,0.0000000000,0.0717213824,0.0000000000,0.0869815499,0.3303790689,0.0419195145,0.0000000000,0.0000000000,0.0717411712,0.0000000000,0.1020467058,0.0000000000,0.0141232982,0.1829109043,0.0684285983,0.0581613965,0.0560615733,0.0078948904,0.0000000000,0.7370388508,0.7450950146,0.0000000000,0.0000000000,0.0896564126,0.0968147591,0.1523304880,0.1432840973,0.0370895155,0.0256098490,0.0757356584,0.0642969683,0.0357139930,0.0343980342,0.5271955132,0.5326238275,0.1918281168,0.1930432022,0.1415077746,0.1409845054,0.1162216514,0.0000000000,0.0000000000,0.0097642587,0.2602745891,0.2871302962,0.2462103963,0.2499853671,0.0000521627,0.0000000000,0.0000000000,0.0000000000,-0.0250873417,0.2018815428,-0.0051340330,0.0521801449,0.2018838376,0.0106745670
20:19:46:16.146,61,0.0874781460,0.3306404054,0.0872426257,0.0000000000,0.0000000000,0.0715327337,0.0000000000,0.0873338431,0.3309888542,0.0418269821,0.0000000000,0.0000000000,0.0715525299,0.0000000000,0.1014511734,0.0000000000,0.0137965586,0.1815532893,0.0681742132,0.0583616123,0.0562670678,0.0077602840,0.0000000000,0.7363315225,0.7447899580,0.0000000000,0.0000000000,0.0895307809,0.0967791378,0.1514616013,0.1419491321,0.0372361876,0.0256548356,0.0761270747,0.0646801591,0.0359112695,0.0346234366,0.5334920287,0.5357337594,0.1918752640,0.1932198107,0.1420576423,0.1415373534,0.1158630401,0.0000000000,0.0000000000,0.0097769741,0.2600789368,0.2870948017,0.2466450334,0.2506151199,0.0000504688,0.0000000000,0.0000000000,0.0000000000,-0.0250300560,0.2022538185,-0.0051320214,0.0522091500,0.2022561431,0.0107007334
20:19:46:17.147,61,0.0877161622,0.3307520151,0.0871528983,0.0000000000,0.0000000000,0.0713899061,0.0000000000,0.0875696912,0.3310989738,0.0419441722,0.0000000000,0.0000000000,0.0714099258,0.0000000000,0.1011047140,0.0000000000,0.0132791651,0.1810116470,0.0679381862,0.0584313460,0.0564026572,0.0078625800,0.0000000000,0.7360867858,0.7447921038,0.0000000000,0.0000000000,0.0894372389,0.0967806131,0.1508735418,0.1410279870,0.0372963212,0.0256906711,0.0763229877,0.0649024472,0.0360741876,0.0348237604,0.5414555669,0.5400105119,0.1921067536,0.1934138983,0.1428143531,0.1422843635,0.1154123917,0.0000000000,0.0000000000,0.0097805159,0.2597269416,0.2868342400,0.2471359670,0.2511963546,0.0000444453,0.0000000000,0.0000000000,0.0000000000,-0.0250998382,0.2023214847,-0.0051480946,0.0521547161,0.2023238391,0.0106932679
20:19:46:18.148,61,0.0881842822,0.3312062919,0.0862869918,0.0000000000,0.0000000000,0.0713109896,0.0000000000,0.0880351588,0.3315400481,0.0428443439,0.0000000000,0.0000000000,0.0713316128,0.0000000000,0.1009883881,0.0000000000,0.0127155567,0.1810270250,0.0676070526,0.0584358163,0.0564834960,0.0080508357,0.0000000000,0.7375208735,0.7469699979,0.0000000000,0.0000000000,0.0893823504,0.0968277827,0.1504907161,0.1403276771,0.0372522995,0.0256690811,0.0763861835,0.0650390163,0.0362786502,0.0350658111,0.5531199574,0.5510807633,0.1942740828,0.1947887093,0.1437989920,0.1432642192,0.1148543432,0.0000000000,0.0000000000,0.0097938692,0.2595854402,0.2868493497,0.2490214109,0.2531490326,0.0000370266,0.0000000000,0.0000000000,0.0000000000,-0.0256370883,0.2025938332,-0.0052655358,0.0516336150,0.2025961876,0.0106011750
20:19:46:19.149,61,0.0884637088,0.3317672610,0.0850872621,0.0000000000,0.0000000000,0.0712841228,0.0000000000,0.0883125067,0.3320825398,0.0441047251,0.0000000000,0.0000000000,0.0713055655,0.0000000000,0.1011505052,0.0000000000,0.0115354210,0.1836120933,0.0671636388,0.0583726391,0.0564686358,0.0083309477,0.0000000000,0.7390354872,0.7496010065,0.0000000000,0.0000000000,0.0893166661,0.0968502536,0.1505217254,0.1399006248,0.0370852537,0.0255980175,0.0762301162,0.0650354773,0.0364782847,0.0353164673,0.5711474419,0.5674408674,0.1976067126,0.1974518597,0.1444935352,0.1439570338,0.1142815724,0.0000000000,0.0000000000,0.0098223211,0.2592594922,0.2867857516,0.2504554689,0.2547377646,0.0000152670,0.0000000000,0.0000000000,0.0000000000,-0.0263894647,0.2029293627,-0.0054292548,0.0509121418,0.2029317021,0.0104709808
20:19:46:20.151,61,0.0886971131,0.3320698440,0.0841606483,0.0000000000,0.0000000000,0.0712667182,0.0000000000,0.0885432363,0.3323707879,0.0450669304,0.0000000000,0.0000000000,0.0712890550,0.0000000000,0.1014036015,0.0000000000,0.0102916667,0.1893760264,0.0667582825,0.0581560619,0.0563352555,0.0085851690,0.0000000000,0.7398394942,0.7508415580,0.0000000000,0.0000000000,0.0892463624,0.0968772024,0.1508396864,0.1397428513,0.0368622094,0.0255189762,0.0758861080,0.0648631379,0.0366078615,0.0354881957,0.5776577592,0.5737997890,0.1987556815,0.1983933896,0.1447724849,0.1442328393,0.1138380691,0.0000000000,0.0000000000,0.0098246029,0.2581538856,0.2863754630,0.2512117326,0.2555964291,0.0000118101,0.0000000000,0.0000000000,0.0000000000,-0.0269642007,0.2031086236,-0.0055525061,0.0503558069,0.2031109929,0.0103660710
20:19:46:21.151,61,0.0888832286,0.3330050409,0.0831116810,0.0000000000,0.0000000000,0.0712508038,0.0000000000,0.0887284204,0.3332901895,0.0461485758,0.0000000000,0.0000000000,0.0712733790,0.0000000000,0.1019155383,0.0000000000,0.0096466066,0.1933773309,0.0664020032,0.0577934645,0.0561178960,0.0088351844,0.0000000000,0.7406036854,0.7517336607,0.0000000000,0.0000000000,0.0892179161,0.0969031304,0.1513875425,0.1398913115,0.0366138518,0.0254564490,0.0753893182,0.0645362064,0.0367282405,0.0356366038,0.5852261782,0.5816320181,0.1992846131,0.1987174600,0.1448899060,0.1443470567,0.1134930626,0.0000000000,0.0000000000,0.0098214261,0.2573758662,0.2856430411,0.2518791854,0.2561753094,0.0000087089,0.0000000000,0.0000000000,0.0000000000,-0.0276081618,0.2036741078,-0.0057013482,0.0497223474,0.2036764771,0.0102650840
20:19:46:22.152,61,0.0891362801,0.3352889717,0.0826711059,0.0000000000,0.0000000000,0.0711041987,0.0000000000,0.0889793187,0.3355687857,0.0466158874,0.0000000000,0.0000000000,0.0711266473,0.0000000000,0.1043323204,0.0000000000,0.0093534561,0.1973645985,0.0657813773,0.0573209897,0.0559056811,0.0090164896,0.0000000000,0.7411975861,0.7522463202,0.0000000000,0.0000000000,0.0891066715,0.0967921764,0.1539206505,0.1409641057,0.0362709835,0.0252805427,0.0748632625,0.0642452687,0.0369050056,0.0358274877,0.6050733924,0.6034999490,0.2010263801,0.1996598095,0.1447843909,0.1442365497,0.1133617535,0.0000000000,0.0000000000,0.0098367743,0.2495435625,0.2731116116,0.2526731491,0.2567794621,0.0000074978,0.0000000000,0.0000000000,0.0000000000,-0.0278796852,0.2050681114,-0.0057979324,0.0494444817,0.2050705701,0.0102796247
20:19:46:23.154,61,0.0892794281,0.3352397680,0.0827920064,0.0000000000,0.0000000000,0.0710214600,0.0000000000,0.0891247839,0.3355218768,0.0464258790,0.0000000000,0.0000000000,0.0710437074,0.0000000000,0.1086218357,0.0000000000,0.0094092647,0.1996620744,0.0645586997,0.0566451363,0.0556152686,0.0090534342,0.0000000000,0.7464300990,0.7559154034,0.0000000000,0.0000000000,0.0891012624,0.0967542604,0.1590994298,0.1451292187,0.0358864963,0.0250339787,0.0743115470,0.0639643297,0.0371527374,0.0360899940,0.6249761581,0.6243389845,0.2056235373,0.2041856349,0.1441533417,0.1436332911,0.1133372560,0.0000000000,0.0000000000,0.0098591419,0.2470618188,0.2694861889,0.2533368766,0.2573201656,0.0000063953,0.0000000000,0.0000000000,0.0000000000,-0.0277662110,0.2050388008,-0.0057734922,0.0495170951,0.2050412446,0.0102931950
20:19:46:24.155,61,0.0890954435,0.3353548348,0.0827552080,0.0000000000,0.0000000000,0.0710026473,0.0000000000,0.0889458880,0.3356366456,0.0464404039,0.0000000000,0.0000000000,0.0710248724,0.0000000000,0.1113833562,0.0000000000,0.0096177626,0.2093557566,0.0637117773,0.0557773076,0.0552247316,0.0089722658,0.0000000000,0.7514067292,0.7605257630,0.0000000000,0.0000000000,0.0891736671,0.0967960432,0.1648979336,0.1506513208,0.0354415029,0.0247590840,0.0736079141,0.0635628328,0.0373559147,0.0362964459,0.6320158243,0.6317601800,0.2072481662,0.2057837695,0.1437244713,0.1432197392,0.1131614819,0.0000000000,0.0000000000,0.0098772328,0.2455734462,0.2675321996,0.2534371614,0.2573809028,0.0000034840,0.0000000000,0.0000000000,0.0000000000,-0.0277744960,0.2051090151,-0.0057772473,0.0494943671,0.2051113993,0.0102920942
20:19:46:25.156,61,0.0888023376,0.3355057538,0.0830987468,0.0000000000,0.0000000000,0.0710015297,0.0000000000,0.0886579677,0.3357928991,0.0461186431,0.0000000000,0.0000000000,0.0710235760,0.0000000000,0.1167821437,0.0000000000,0.0101534938,0.2327593267,0.0621875376,0.0550065078,0.0548098534,0.0089659328,0.0000000000,0.7568482757,0.7636815310,0.0000000000,0.0000000000,0.0892110988,0.0967467725,0.1758456081,0.1630230099,0.0348996669,0.0243652798,0.0729286149,0.0632383451,0.0375582576,0.0364874899,0.6380993128,0.6373614073,0.2153179049,0.2122249156,0.1431902945,0.1426963806,0.1128730625,0.0000000000,0.0000000000,0.0099059148,0.2443908006,0.2657714486,0.2534046173,0.2572684586,0.0000029195,0.0000000000,0.0000000000,0.0000000000,-0.0275815167,0.2052033991,-0.0057398332,0.0496988744,0.2052057683,0.0103394734
20:19:46:26.157,61,0.0882964060,0.3353208899,0.0835434422,0.0000000000,0.0000000000,0.0710642561,0.0000000000,0.0881590471,0.3356149197,0.0456652753,0.0000000000,0.0000000000,0.0710860342,0.0000000000,0.1237844527,0.0000000000,0.0108201560,0.2533066571,0.0604717694,0.0538415015,0.0543430820,0.0088323243,0.0000000000,0.7613482475,0.7675323486,0.0000000000,0.0000000000,0.0893328637,0.0967684239,0.1906342357,0.1781155616,0.0342824943,0.0238963161,0.0718661100,0.0628339350,0.0376969613,0.0366162732,0.6494957805,0.6485380530,0.2187426984,0.2155641466,0.1420441121,0.1415993422,0.1128442809,0.0000000000,0.0000000000,0.0099336896,0.2418012321,0.2627191246,0.2531658709,0.2569578290,0.0000022233,0.0000000000,0.0000000000,0.0000000000,-0.0273109917,0.2050930709,-0.0056804088,0.0499659926,0.2050954849,0.0103892507
20:19:46:27.157,61,0.0877428725,0.3354467452,0.0836806446,0.0000000000,0.0000000000,0.0710107386,0.0000000000,0.0876129121,0.3357430696,0.0455179699,0.0000000000,0.0000000000,0.0710316971,0.0000000000,0.1286939085,0.0000000000,0.0125114284,0.2648697793,0.0593694262,0.0523399189,0.0538170487,0.0085659372,0.0000000000,0.7652633786,0.7705604434,0.0000000000,0.0000000000,0.0895504728,0.0968799368,0.1987868845,0.1875853837,0.0336627550,0.0234105643,0.0706827044,0.0623445101,0.0377799682,0.0366726667,0.6565307379,0.6565612555,0.2204160094,0.2171175331,0.1352169961,0.1348545700,0.1129712835,0.0000000000,0.0000000000,0.0099429106,0.2387356907,0.2583036721,0.2529979944,0.2566313148,0.0000011941,0.0000000000,0.0000000000,0.0000000000,-0.0272224564,0.2051708996,-0.0056642089,0.0500472486,0.2051732987,0.0104101915
20:19:46:28.159,61,0.0870658532,0.3354514241,0.0833031908,0.0000000000,0.0000000000,0.0709200576,0.0000000000,0.0869424790,0.3357417285,0.0459121317,0.0000000000,0.0000000000,0.0709400773,0.0000000000,0.1327181309,0.0000000000,0.0148678878,0.3027707636,0.0584827438,0.0514458455,0.0532811172,0.0083511733,0.0000000000,0.7671287656,0.7719956636,0.0000000000,0.0000000000,0.0898440406,0.0970201269,0.2101593614,0.1998237669,0.0330019556,0.0228900611,0.0693154261,0.0618084706,0.0377702340,0.0366327614,0.6640304327,0.6639910340,0.2217269540,0.2182727456,0.1319703460,0.1316379756,0.1130649522,0.0000000000,0.0000000000,0.0099433837,0.2336973250,0.2520671487,0.2530225217,0.2564103007,0.0000013601,0.0000000000,0.0000000000,0.0000000000,-0.0274581891,0.2051713914,-0.0057132593,0.0498214886,0.2051738650,0.0103633013
20:19:46:29.160,61,0.0863897428,0.3360584080,0.0829287022,0.0000000000,0.0000000000,0.0707474127,0.0000000000,0.0862717032,0.3363429308,0.0463537090,0.0000000000,0.0000000000,0.0707665905,0.0000000000,0.1381672472,0.0000000000,0.0160697531,0.3145431876,0.0576673597,0.0506578237,0.0527474135,0.0082398225,0.0000000000,0.7718194127,0.7750063539,0.0000000000,0.0000000000,0.0902755782,0.0973172188,0.2208537161,0.2094243318,0.0323505476,0.0223388765,0.0684036613,0.0613527633,0.0377614759,0.0366057679,0.6762319207,0.6740133762,0.2277638316,0.2223177850,0.1304944605,0.1301729828,0.1131101027,0.0000000000,0.0000000000,0.0099405227,0.2309886217,0.2488075495,0.2531952858,0.2563228011,0.0000009090,0.0000000000,0.0000000000,0.0000000000,-0.0277201533,0.2055403143,-0.0057784193,0.0495936871,0.2055426985,0.0103350375
20:19:46:30.160,61,0.0858383179,0.3367568851,0.0823783129,0.0000000000,0.0000000000,0.0706116855,0.0000000000,0.0857241154,0.3370330036,0.0469544902,0.0000000000,0.0000000000,0.0706299767,0.0000000000,0.1434662044,0.0000000000,0.0173360389,0.3301970661,0.0569057278,0.0500191338,0.0522261895,0.0082066385,0.0000000000,0.7774694562,0.7784864902,0.0000000000,0.0000000000,0.0907863528,0.0976865962,0.2296127826,0.2186496407,0.0316944234,0.0217787772,0.0675852746,0.0609091930,0.0377287455,0.0365486331,0.6852450371,0.6820612550,0.2369284481,0.2286396772,0.1229918227,0.1226199642,0.1134849042,0.0000000000,0.0000000000,0.0099457512,0.2295721769,0.2471155971,0.2542974055,0.2566157579,0.0000010114,0.0000000000,0.0000000000,0.0000000000,-0.0280769542,0.2059640884,-0.0058651906,0.0492601730,0.2059665173,0.0102873705
20:19:46:31.161,61,0.0833439901,0.3369516432,0.0819688961,0.0000000000,0.0000000000,0.0704627931,0.0000000000,0.0832533538,0.3372211754,0.0474111475,0.0000000000,0.0000000000,0.0704800636,0.0000000000,0.1478518248,0.0000000000,0.0205898732,0.3478883803,0.0561308414,0.0495511107,0.0517252199,0.0082472740,0.0000000000,0.7797285318,0.7799102068,0.0000000000,0.0000000000,0.0913103074,0.0980034173,0.2421703786,0.2335296422,0.0309999641,0.0212004334,0.0668182969,0.0604895800,0.0376691334,0.0364591405,0.6958404779,0.6917551756,0.2452248037,0.2346724570,0.1193487272,0.1189535037,0.1138833612,0.0000000000,0.0000000000,0.0099445600,0.2284219116,0.2448071837,0.2550444007,0.2568843961,0.0000009204,0.0000000000,0.0000000000,0.0000000000,-0.0283493400,0.2060807049,-0.0059255236,0.0490141399,0.2060830891,0.0102419965
20:19:46:32.163,61,0.0812725797,0.3362111449,0.0803673789,0.0000000000,0.0000000000,0.0702784657,0.0000000000,0.0812021568,0.3364546299,0.0490372553,0.0000000000,0.0000000000,0.0702947155,0.0000000000,0.1507481784,0.0000000000,0.0235750396,0.3567623198,0.0554814525,0.0491035767,0.0512086079,0.0082200170,0.0000000000,0.7812116742,0.7808979154,0.0000000000,0.0000000000,0.0918799043,0.0983527154,0.2476570606,0.2399406731,0.0303669814,0.0206560269,0.0661254972,0.0600884221,0.0375798717,0.0363376774,0.6998801231,0.6955231428,0.2483388335,0.2370586544,0.1179382727,0.1175370887,0.1141005531,0.0000000000,0.0000000000,0.0099327713,0.2274232954,0.2428894192,0.2555311620,0.2569637895,0.0000007346,0.0000000000,0.0000000000,0.0000000000,-0.0293245167,0.2056181431,-0.0061151376,0.0480610691,0.2056205571,0.0100198193
20:19:46:33.164,61,0.0735478178,0.3363617361,0.0790564120,0.0000000000,0.0000000000,0.0699577555,0.0000000000,0.0735059157,0.3365845978,0.0503441021,0.0000000000,0.0000000000,0.0699729919,0.0000000000,0.1545717269,0.0000000000,0.0252149291,0.3689704835,0.0549598299,0.0486289039,0.0506905317,0.0081239752,0.0000000000,0.7829989195,0.7820505500,0.0000000000,0.0000000000,0.0925676897,0.0988278687,0.2580305040,0.2497970909,0.0298002940,0.0201295763,0.0654814243,0.0596682914,0.0374651998,0.0362020209,0.7034674883,0.6993814111,0.2498527169,0.2382969409,0.1163285226,0.1159484759,0.1145704985,0.0000000000,0.0000000000,0.0099205384,0.2257008255,0.2409784347,0.2561400831,0.2572041154,0.0000007770,0.0000000000,0.0000000000,0.0000000000,-0.0301055070,0.2057023942,-0.0062805936,0.0472761951,0.2057048231,0.0098604793
20:19:46:34.164,61,0.0701189563,0.3365601599,0.0779222399,0.0000000000,0.0000000000,0.0696741045,0.0000000000,0.0700806975,0.3367651701,0.0514878035,0.0000000000,0.0000000000,0.0696884319,0.0000000000,0.1573251784,0.0000000000,0.0262651350,0.3755398393,0.0544810519,0.0481723249,0.0501727238,0.0080062710,0.0000000000,0.7844240665,0.7833919525,0.0000000000,0.0000000000,0.0932538509,0.0993211865,0.2644758523,0.2552705109,0.0292507838,0.0196436681,0.0647779107,0.0591674522,0.0373475291,0.0360669270,0.7089322805,0.7050133944,0.2504969537,0.2389212102,0.1115238145,0.1111734658,0.1151375994,0.0000000000,0.0000000000,0.0099156499,0.2238443196,0.2396398187,0.2566734850,0.2574425638,0.0000007450,0.0000000000,0.0000000000,0.0000000000,-0.0307887197,0.2058170736,-0.0064267605,0.0465968065,0.2058195472,0.0097244661
20:19:46:35.165,61,0.0686215609,0.3371736705,0.0771744847,0.0000000000,0.0000000000,0.0692713037,0.0000000000,0.0685865581,0.3373671174,0.0522507243,0.0000000000,0.0000000000,0.0692847893,0.0000000000,0.1584560871,0.0000000000,0.0270950217,0.3785893023,0.0539973527,0.0477909632,0.0497260205,0.0079786303,0.0000000000,0.7853170633,0.7841510177,0.0000000000,0.0000000000,0.0937725157,0.0996478274,0.2668785155,0.2574358582,0.0287038870,0.0191750806,0.0641359538,0.0587298311,0.0372226462,0.0359209850,0.7107939720,0.7068830132,0.2508448362,0.2393025905,0.1095062941,0.1091721058,0.1155936196,0.0000000000,0.0000000000,0.0099012367,0.2213229239,0.2369326502,0.2568921745,0.2573958635,0.0000007576,0.0000000000,0.0000000000,0.0000000000,-0.0312425233,0.2061879188,-0.0065335426,0.0461460538,0.2061903626,0.0096483203
20:19:46:36.166,61,0.0675755888,0.3374052644,0.0758895129,0.0000000000,0.0000000000,0.0690105110,0.0000000000,0.0675421432,0.3375784457,0.0535377860,0.0000000000,0.0000000000,0.0690232217,0.0000000000,0.1594652981,0.0000000000,0.0278997738,0.3805157840,0.0535153225,0.0474441722,0.0493066497,0.0078093531,0.0000000000,0.7878485322,0.7867028117,0.0000000000,0.0000000000,0.0943495184,0.1000477597,0.2685462534,0.2590665221,0.0281727593,0.0187216699,0.0635439157,0.0583392121,0.0371387191,0.0358182378,0.7126660347,0.7092759013,0.2514808774,0.2407060266,0.1080425531,0.1077224910,0.1161558703,0.0000000000,0.0000000000,0.0099008065,0.2203742117,0.2360195518,0.2572908998,0.2575916052,0.0000006618,0.0000000000,0.0000000000,0.0000000000,-0.0320112184,0.2063221633,-0.0066987211,0.0453763939,0.2063246071,0.0094938735
20:19:46:37.168,61,0.0671779513,0.3381901383,0.0747088343,0.0000000000,0.0000000000,0.0686718151,0.0000000000,0.0671446100,0.3383449912,0.0547015965,0.0000000000,0.0000000000,0.0686839819,0.0000000000,0.1602339596,0.0000000000,0.0282941982,0.3817533553,0.0530900732,0.0470760576,0.0489236601,0.0077052964,0.0000000000,0.7890473604,0.7879685760,0.0000000000,0.0000000000,0.0948840901,0.1004543975,0.2697971165,0.2601687908,0.0276959464,0.0183068644,0.0630179942,0.0579773746,0.0370547771,0.0357271992,0.7137994766,0.7104939818,0.2517933547,0.2413427234,0.1077603698,0.1074462011,0.1166117564,0.0000000000,0.0000000000,0.0098937871,0.2195571810,0.2353507578,0.2575608790,0.2576787174,0.0000005496,0.0000000000,0.0000000000,0.0000000000,-0.0327038728,0.2067953944,-0.0068597621,0.0446659736,0.2067978233,0.0093674008
20:19:46:38.169,61,0.0682017505,0.3410522342,0.0731318444,0.0000000000,0.0000000000,0.0681805462,0.0000000000,0.0681676120,0.3411833048,0.0562434383,0.0000000000,0.0000000000,0.0681922436,0.0000000000,0.1607782841,0.0000000000,0.0285296682,0.3822740912,0.0526870489,0.0466852486,0.0485716946,0.0076201120,0.0000000000,0.7929017544,0.7928638458,0.0000000000,0.0000000000,0.0954361409,0.1008814946,0.2704677284,0.2606195509,0.0272618104,0.0179211721,0.0625650734,0.0576643609,0.0370431282,0.0357094705,0.7146950364,0.7114083171,0.2522682250,0.2420793176,0.1078252941,0.1075163633,0.1169463992,0.0000000000,0.0000000000,0.0098824883,0.2191489637,0.2351413518,0.2596027851,0.2587484717,0.0000005342,0.0000000000,0.0000000000,0.0000000000,-0.0336133838,0.2085365653,-0.0071115694,0.0437070690,0.2085390687,0.0092458902
20:19:46:39.169,61,0.0682396516,0.3410723507,0.0731079131,0.0000000000,0.0000000000,0.0677407607,0.0000000000,0.0682046190,0.3412032425,0.0562400296,0.0000000000,0.0000000000,0.0677520260,0.0000000000,0.1611878425,0.0000000000,0.0287900437,0.3825143874,0.0522300638,0.0463275425,0.0482397601,0.0075208205,0.0000000000,0.7949762344,0.7951372862,0.0000000000,0.0000000000,0.0959000289,0.1012286618,0.2709800601,0.2610339522,0.0268384255,0.0175344273,0.0621686652,0.0574221425,0.0370364897,0.0356985778,0.7155336738,0.7122492790,0.2544701993,0.2452289760,0.1082414314,0.1079339236,0.1171982139,0.0000000000,0.0000000000,0.0098723592,0.2188930809,0.2350340188,0.2605407238,0.2593679726,0.0000004984,0.0000000000,0.0000000000,0.0000000000,-0.0336112492,0.2085487247,-0.0071115457,0.0436926521,0.2085511982,0.0092433980
20:19:46:40.170,61,0.0685400590,0.3412463963,0.0729321092,0.0000000000,0.0000000000,0.0675336123,0.0000000000,0.0685042068,0.3413747251,0.0563927144,0.0000000000,0.0000000000,0.0675444305,0.0000000000,0.1614625007,0.0000000000,0.0291402899,0.3822387457,0.0518153943,0.0460541621,0.0479823314,0.0075735454,0.0000000000,0.7962433100,0.7964089513,0.0000000000,0.0000000000,0.0963372663,0.1015403494,0.2708418369,0.2608919144,0.0264720768,0.0171919893,0.0618928559,0.0573008955,0.0370572545,0.0357118696,0.7157331705,0.7123727202,0.2567315996,0.2469775677,0.1120668352,0.1117526740,0.1172004268,0.0000000000,0.0000000000,0.0098741343,0.2191774249,0.2353252470,0.2612617016,0.2598597109,0.0000004302,0.0000000000,0.0000000000,0.0000000000,-0.0337017514,0.2086541653,-0.0071343998,0.0435866043,0.2086566538,0.0092257783
20:19:46:41.172,61,0.0688801855,0.3407596052,0.0730947256,0.0000000000,0.0000000000,0.0674123242,0.0000000000,0.0688443333,0.3408904374,0.0562106669,0.0000000000,0.0000000000,0.0674226210,0.0000000000,0.1618242264,0.0000000000,0.0295043886,0.3820321858,0.0514642224,0.0457968004,0.0476832241,0.0075179744,0.0000000000,0.7968066931,0.7969597578,0.0000000000,0.0000000000,0.0967228040,0.1018138379,0.2705550790,0.2606027126,0.0261248890,0.0169258490,0.0614394918,0.0569754466,0.0370262191,0.0356720425,0.7161935568,0.7127969861,0.2571299970,0.2473784834,0.1130464599,0.1127330437,0.1172947884,0.0000000000,0.0000000000,0.0098768165,0.2191268951,0.2352921516,0.2615947723,0.2600557804,0.0000005142,0.0000000000,0.0000000000,0.0000000000,-0.0335950553,0.2083573937,-0.0071014091,0.0436865389,0.2083599120,0.0092333760
20:19:46:42.173,61,0.0685370937,0.3412622511,0.0736619979,0.0000000000,0.0000000000,0.0672396272,0.0000000000,0.0684998184,0.3414020538,0.0556908213,0.0000000000,0.0000000000,0.0672493279,0.0000000000,0.1633661687,0.0000000000,0.0296414569,0.3820123672,0.0512567535,0.0454450063,0.0473737009,0.0072772084,0.0000000000,0.7970443964,0.7972838879,0.0000000000,0.0000000000,0.0971987545,0.1022092178,0.2713926136,0.2609022260,0.0258778445,0.0167030580,0.0609944463,0.0565964840,0.0369691066,0.0356231220,0.7186147571,0.7152672410,0.2557976842,0.2472172529,0.1132668853,0.1129537970,0.1175649464,0.0000000000,0.0000000000,0.0098822704,0.2187804580,0.2350974083,0.2622449100,0.2605947554,0.0000005164,0.0000000000,0.0000000000,0.0000000000,-0.0332821719,0.2086679339,-0.0070460914,0.0440227129,0.2086704075,0.0093186544
20:19:46:43.174,61,0.0687512904,0.3413322270,0.0745601207,0.0000000000,0.0000000000,0.0671258718,0.0000000000,0.0687126517,0.3414858580,0.0548757166,0.0000000000,0.0000000000,0.0671349391,0.0000000000,0.1652664393,0.0000000000,0.0298010036,0.3816823661,0.0510312468,0.0451871976,0.0471416637,0.0071334736,0.0000000000,0.7942724228,0.7941938043,0.0000000000,0.0000000000,0.0976239219,0.1025554165,0.2740347683,0.2628165781,0.0256836470,0.0165245440,0.0606474988,0.0563043952,0.0369572304,0.0356114171,0.7212630510,0.7175180316,0.2550521195,0.2467823476,0.1136664078,0.1133502275,0.1178452224,0.0000000000,0.0000000000,0.0098807327,0.2177118361,0.2338270694,0.2628949881,0.2611118555,0.0000005841,0.0000000000,0.0000000000,0.0000000000,-0.0327947065,0.2087157369,-0.0069445688,0.0445590355,0.2087182403,0.0094343266
20:19:46:44.175,61,0.0690511540,0.3398781121,0.0749433190,0.0000000000,0.0000000000,0.0672492608,0.0000000000,0.0690110177,0.3400371671,0.0545052774,0.0000000000,0.0000000000,0.0672578067,0.0000000000,0.1658841521,0.0000000000,0.0299472269,0.3796844184,0.0509005599,0.0449363478,0.0469102673,0.0068895980,0.0000000000,0.7935890555,0.7935318947,0.0000000000,0.0000000000,0.0980470702,0.1029446051,0.2744128406,0.2629939914,0.0255123656,0.0163815152,0.0602985732,0.0559982732,0.0369099490,0.0355649702,0.7220693827,0.7183765769,0.2539097965,0.2462579608,0.1148444712,0.1145191416,0.1180116385,0.0000000000,0.0000000000,0.0098777926,0.2176083475,0.2337871939,0.2633996010,0.2615948021,0.0000006165,0.0000000000,0.0000000000,0.0000000000,-0.0325794145,0.2078287899,-0.0068688160,0.0447964408,0.2078312933,0.0094430661
20:19:46:45.176,61,0.0696100891,0.3397409618,0.0755753666,0.0000000000,0.0000000000,0.0673508495,0.0000000000,0.0695700124,0.3399101496,0.0538613014,0.0000000000,0.0000000000,0.0673592240,0.0000000000,0.1660033464,0.0000000000,0.0299267024,0.3739738166,0.0506526977,0.0447241031,0.0467076898,0.0067840908,0.0000000000,0.7935380936,0.7935756445,0.0000000000,0.0000000000,0.0982861072,0.1031657159,0.2710942328,0.2588920593,0.0252818353,0.0162218008,0.0599775799,0.0557665676,0.0369068347,0.0355709754,0.7223700285,0.7186620831,0.2536168098,0.2462350726,0.1173589677,0.1170462742,0.1178539097,0.0000000000,0.0000000000,0.0098742703,0.2177719027,0.2340782434,0.2636457384,0.2619620860,0.0000005037,0.0000000000,0.0000000000,0.0000000000,-0.0321950242,0.2077485323,-0.0067851068,0.0451750234,0.2077510208,0.0095190275
20:19:46:46.177,61,0.0701695457,0.3398356438,0.0768568888,0.0000000000,0.0000000000,0.0673952103,0.0000000000,0.0701302812,0.3400252163,0.0526019409,0.0000000000,0.0000000000,0.0674033538,0.0000000000,0.1658436209,0.0000000000,0.0300369840,0.3683677018,0.0502464212,0.0445817150,0.0465570018,0.0066932053,0.0000000000,0.7932953238,0.7934055924,0.0000000000,0.0000000000,0.0983541012,0.1032008827,0.2660085559,0.2548758388,0.0250259824,0.0160583723,0.0597016998,0.0556247681,0.0369376689,0.0356014967,0.7223764658,0.7186588645,0.2537653744,0.2465243787,0.1182276234,0.1179195493,0.1176870912,0.0000000000,0.0000000000,0.0098724952,0.2178563178,0.2342210114,0.2636370957,0.2621103227,0.0000004224,0.0000000000,0.0000000000,0.0000000000,-0.0314418040,0.2078138441,-0.0066285674,0.0459404700,0.2078162581,0.0096833231
20:19:46:47.178,61,0.0705661178,0.3389466107,0.0783673152,0.0000000000,0.0000000000,0.0675735548,0.0000000000,0.0705277175,0.3391596973,0.0510951616,0.0000000000,0.0000000000,0.0675814971,0.0000000000,0.1655335575,0.0000000000,0.0301599111,0.3616529405,0.0498654805,0.0445281304,0.0464712232,0.0065716789,0.0000000000,0.7929129601,0.7931331992,0.0000000000,0.0000000000,0.0983132124,0.1031337753,0.2610314488,0.2506829500,0.0248008091,0.0159183592,0.0595161505,0.0555729680,0.0369847901,0.0356462747,0.7211504579,0.7177374959,0.2539973855,0.2468859702,0.1189360321,0.1186313704,0.1175439060,0.0000000000,0.0000000000,0.0098846797,0.2181993127,0.2346229106,0.2634533644,0.2621234059,0.0000003304,0.0000000000,0.0000000000,0.0000000000,-0.0305445641,0.2072789669,-0.0064224182,0.0468486398,0.2072814405,0.0098484410
20:19:46:48.180,61,0.0709366649,0.3387556672,0.0778699964,0.0000000000,0.0000000000,0.0676320270,0.0000000000,0.0708992258,0.3389607966,0.0515857376,0.0000000000,0.0000000000,0.0676398501,0.0000000000,0.1651188135,0.0000000000,0.0302776769,0.3565265834,0.0495150574,0.0443985872,0.0463420711,0.0064015528,0.0000000000,0.7929384112,0.7933053374,0.0000000000,0.0000000000,0.0982763544,0.1030838937,0.2585689127,0.2484863847,0.0245878175,0.0157853235,0.0593022779,0.0554718301,0.0370363556,0.0356912203,0.7206094861,0.7174013853,0.2542228401,0.2472745478,0.1193086654,0.1190086454,0.1174073294,0.0000000000,0.0000000000,0.0098843528,0.2186169624,0.2351851612,0.2634315491,0.2622662485,0.0000002754,0.0000000000,0.0000000000,0.0000000000,-0.0308386162,0.2071593106,-0.0064803716,0.0465524904,0.2071617693,0.0097804209
20:19:46:49.181,61,0.0714825764,0.3382621408,0.0783919618,0.0000000000,0.0000000000,0.0677275360,0.0000000000,0.0714459494,0.3384752274,0.0510766171,0.0000000000,0.0000000000,0.0677351877,0.0000000000,0.1647666097,0.0000000000,0.0305170268,0.3516530693,0.0491380766,0.0442559049,0.0462138392,0.0062202564,0.0000000000,0.7930550575,0.7935019135,0.0000000000,0.0000000000,0.0982489735,0.1030304655,0.2564389706,0.2470085919,0.0243940335,0.0156675763,0.0591040067,0.0553861819,0.0371239930,0.0357664637,0.7203350067,0.7173224092,0.2545447946,0.2476989329,0.1198639423,0.1195662171,0.1171601862,0.0000000000,0.0000000000,0.0098818745,0.2191517204,0.2357753366,0.2634150684,0.2623736560,0.0000002936,0.0000000000,0.0000000000,0.0000000000,-0.0305361599,0.2068605721,-0.0064073144,0.0468674861,0.2068630457,0.0098319352
20:19:46:50.181,61,0.0721403658,0.3387452364,0.0786318630,0.0000000000,0.0000000000,0.0677916408,0.0000000000,0.0721046329,0.3389622569,0.0508534871,0.0000000000,0.0000000000,0.0677993298,0.0000000000,0.1643249542,0.0000000000,0.0305329971,0.3494577408,0.0487461984,0.0441540256,0.0461285636,0.0061379843,0.0000000000,0.7930862308,0.7936501503,0.0000000000,0.0000000000,0.0981372297,0.1029059663,0.2549671829,0.2451057136,0.0241783373,0.0155520616,0.0588985682,0.0553074405,0.0371953174,0.0358319730,0.7200917602,0.7171820402,0.2549721301,0.2481989712,0.1201987639,0.1199014336,0.1169676334,0.0000000000,0.0000000000,0.0098841600,0.2195190042,0.2362676710,0.2634162307,0.2625099123,0.0000002542,0.0000000000,0.0000000000,0.0000000000,-0.0304008666,0.2071573734,-0.0063883541,0.0470080040,0.2071598917,0.0098759523
20:19:46:51.183,61,0.0738837272,0.3404650688,0.0785289407,0.0000000000,0.0000000000,0.0677955002,0.0000000000,0.0738539100,0.3406813443,0.0509831384,0.0000000000,0.0000000000,0.0678031072,0.0000000000,0.1633187383,0.0000000000,0.0306465644,0.3479256630,0.0484018959,0.0440940559,0.0460833199,0.0061413557,0.0000000000,0.7930159569,0.7935885787,0.0000000000,0.0000000000,0.0979764014,0.1027078778,0.2464838624,0.2371259779,0.0239860397,0.0154690435,0.0586870797,0.0552100129,0.0372473150,0.0358698778,0.7182945013,0.7156403065,0.2550101280,0.2482017726,0.1200310513,0.1197319180,0.1168610156,0.0000000000,0.0000000000,0.0098853037,0.2198959142,0.2366542965,0.2633289993,0.2624564469,0.0000002360,0.0000000000,0.0000000000,0.0000000000,-0.0304716285,0.2082084566,-0.0064366632,0.0469360836,0.2082109451,0.0099123549
20:19:46:52.184,61,0.0750870332,0.3403776586,0.0780846700,0.0000000000,0.0000000000,0.0678474903,0.0000000000,0.0750562400,0.3405866623,0.0514393263,0.0000000000,0.0000000000,0.0678550005,0.0000000000,0.1625971645,0.0000000000,0.0306930915,0.3446617424,0.0481102504,0.0440455116,0.0460273549,0.0062379334,0.0000000000,0.7929583192,0.7935140133,0.0000000000,0.0000000000,0.0977808833,0.1024881154,0.2430906743,0.2336628586,0.0238375720,0.0154014593,0.0585470982,0.0551687777,0.0372986645,0.0359058119,0.7168977857,0.7142683864,0.2551817298,0.2482692897,0.1198947355,0.1195925176,0.1167226881,0.0000000000,0.0000000000,0.0098844292,0.2204276770,0.2371790856,0.2632260025,0.2623323202,0.0000002129,0.0000000000,0.0000000000,0.0000000000,-0.0307446569,0.2081523538,-0.0064925156,0.0466710851,0.2081548870,0.0098537011
20:19:46:53.185,61,0.0757081807,0.3399818540,0.0775856301,0.0000000000,0.0000000000,0.0678213164,0.0000000000,0.0756766051,0.3401826620,0.0519430004,0.0000000000,0.0000000000,0.0678287596,0.0000000000,0.1618870646,0.0000000000,0.0305942483,0.3417615891,0.0478699096,0.0439293608,0.0459163338,0.0063825268,0.0000000000,0.7927347422,0.7932983637,0.0000000000,0.0000000000,0.0975820571,0.1022856086,0.2412321568,0.2317442000,0.0237300750,0.0153546706,0.0583686568,0.0550623089,0.0373211838,0.0359173007,0.7160691023,0.7134602666,0.2549393177,0.2479130924,0.1198558658,0.1195513010,0.1165201962,0.0000000000,0.0000000000,0.0098736444,0.2205622494,0.2373377979,0.2629686594,0.2620168924,0.0000001712,0.0000000000,0.0000000000,0.0000000000,-0.0310473125,0.2079074681,-0.0065484652,0.0463751853,0.2079098970,0.0097794151
20:19:46:54.186,61,0.0761360675,0.3398437202,0.0770113692,0.0000000000,0.0000000000,0.0677275285,0.0000000000,0.0761032924,0.3400349915,0.0525633767,0.0000000000,0.0000000000,0.0677348897,0.0000000000,0.1611605585,0.0000000000,0.0303543303,0.3394943476,0.0477487482,0.0437495038,0.0457444638,0.0065299468,0.0000000000,0.7924063802,0.7930175066,0.0000000000,0.0000000000,0.0974142179,0.1021297723,0.2400924563,0.2304637879,0.0236630868,0.0153522259,0.0581176430,0.0548323914,0.0373106375,0.0358947702,0.7153667808,0.7127583623,0.2501015663,0.2427665889,0.1195830107,0.1192762107,0.1162528098,0.0000000000,0.0000000000,0.0098534012,0.2204103768,0.2372907400,0.2625159919,0.2614956200,0.0000002172,0.0000000000,0.0000000000,0.0000000000,-0.0314187109,0.2078196257,-0.0066238907,0.0460327640,0.2078220993,0.0097030429
20:19:46:55.187,61,0.0763566270,0.3386968970,0.0767879039,0.0000000000,0.0000000000,0.0677029416,0.0000000000,0.0763225183,0.3388837576,0.0528328195,0.0000000000,0.0000000000,0.0677103177,0.0000000000,0.1600891501,0.0000000000,0.0300303865,0.3382886648,0.0477205515,0.0435172133,0.0455546789,0.0066242823,0.0000000000,0.7919833660,0.7926875949,0.0000000000,0.0000000000,0.0972444639,0.1020024046,0.2391653210,0.2292971760,0.0236172844,0.0153716411,0.0578002408,0.0545055717,0.0372190066,0.0357946679,0.7141467333,0.7116863132,0.2413939387,0.2347549796,0.1192796230,0.1189705953,0.1160668805,0.0000000000,0.0000000000,0.0098238615,0.2200245410,0.2370426506,0.2608724236,0.2594373822,0.0000002287,0.0000000000,0.0000000000,0.0000000000,-0.0315844379,0.2071170956,-0.0066356510,0.0459059626,0.2071195394,0.0096426699
20:19:46:56.188,61,0.0765129328,0.3368905187,0.0761601999,0.0000000000,0.0000000000,0.0676816255,0.0000000000,0.0764782727,0.3370666504,0.0534334630,0.0000000000,0.0000000000,0.0676889867,0.0000000000,0.1592659503,0.0000000000,0.0296933465,0.3372887075,0.0476634093,0.0433012508,0.0453611724,0.0067217760,0.0000000000,0.7913604975,0.7921687961,0.0000000000,0.0000000000,0.0970760211,0.1018738225,0.2383272499,0.2280157655,0.0235891435,0.0154141244,0.0574773885,0.0541717075,0.0371396951,0.0357069336,0.7130037546,0.7102451921,0.2367623299,0.2303199023,0.1187505946,0.1184420362,0.1159248576,0.0000000000,0.0000000000,0.0097963745,0.2195352763,0.2366952747,0.2588184178,0.2572370768,0.0000003427,0.0000000000,0.0000000000,0.0000000000,-0.0319509357,0.2060089558,-0.0066756681,0.0455412343,0.2060113847,0.0095134554
20:19:46:57.189,61,0.0767145753,0.3372337520,0.0758989230,0.0000000000,0.0000000000,0.0675534979,0.0000000000,0.0766790211,0.3374058008,0.0537064746,0.0000000000,0.0000000000,0.0675608590,0.0000000000,0.1578138918,0.0000000000,0.0293958616,0.3366026282,0.0476498641,0.0431377180,0.0452226549,0.0067873755,0.0000000000,0.7900272608,0.7913277745,0.0000000000,0.0000000000,0.0968915150,0.1017100736,0.2373661697,0.2265610844,0.0235712510,0.0154500883,0.0572185405,0.0538956486,0.0370345488,0.0355951302,0.7087109089,0.7062587738,0.2342098653,0.2279416472,0.1184703484,0.1181621626,0.1157749370,0.0000000000,0.0000000000,0.0097681480,0.2186847329,0.2361332178,0.2571888268,0.2554263771,0.0000004384,0.0000000000,0.0000000000,0.0000000000,-0.0321127847,0.2062173337,-0.0067164549,0.0453830101,0.2062197775,0.0094902944
20:19:46:58.190,61,0.0768429562,0.3368729055,0.0750978440,0.0000000000,0.0000000000,0.0674073026,0.0000000000,0.0768066272,0.3370322287,0.0544898175,0.0000000000,0.0000000000,0.0674148351,0.0000000000,0.1549303383,0.0000000000,0.0289171524,0.3357805014,0.0477018990,0.0429301225,0.0451037511,0.0068034949,0.0000000000,0.7844941616,0.7877110243,0.0000000000,0.0000000000,0.0966874287,0.1015464514,0.2366259247,0.2255531549,0.0235948302,0.0155001367,0.0569866188,0.0536262207,0.0368943848,0.0354536548,0.7044808269,0.7025098205,0.2283212095,0.2232224792,0.1184669733,0.1181609035,0.1156442389,0.0000000000,0.0000000000,0.0097232088,0.2146028280,0.2335941195,0.2553520203,0.2538399696,0.0000005081,0.0000000000,0.0000000000,0.0000000000,-0.0325827226,0.2059921920,-0.0068070497,0.0449061058,0.2059946060,0.0093800901
20:19:46:59.190,61,0.0770281702,0.3369100988,0.0748546496,0.0000000000,0.0000000000,0.0673477128,0.0000000000,0.0769902319,0.3370654285,0.0547528341,0.0000000000,0.0000000000,0.0673554242,0.0000000000,0.1536234021,0.0000000000,0.0283112042,0.3341642022,0.0478023030,0.0427103527,0.0449948236,0.0068654739,0.0000000000,0.7825684547,0.7863234878,0.0000000000,0.0000000000,0.0965294912,0.1014593691,0.2358786017,0.2240245789,0.0236471221,0.0155733675,0.0567765497,0.0533609129,0.0367672816,0.0353292897,0.7024258971,0.7002995610,0.2254072726,0.2204168886,0.1187487170,0.1184399948,0.1155450642,0.0000000000,0.0000000000,0.0096887676,0.2131799608,0.2326370329,0.2542858124,0.2528228462,0.0000005476,0.0000000000,0.0000000000,0.0000000000,-0.0327398591,0.2060135454,-0.0068405955,0.0447604693,0.2060159892,0.0093506891
20:19:47:00.192,61,0.0774634778,0.3358929753,0.0753524899,0.0000000000,0.0000000000,0.0672460720,0.0000000000,0.0774242133,0.3360557556,0.0542443953,0.0000000000,0.0000000000,0.0672539845,0.0000000000,0.1502650529,0.0000000000,0.0277876556,0.3316586018,0.0479191318,0.0426000208,0.0449329913,0.0070032482,0.0000000000,0.7794524431,0.7830883861,0.0000000000,0.0000000000,0.0962732360,0.1012549922,0.2309276015,0.2185868919,0.0236905329,0.0156592280,0.0565850213,0.0531250760,0.0366206877,0.0351782441,0.6931920648,0.6897347569,0.2219263017,0.2166252881,0.1186227947,0.1183114201,0.1154599711,0.0000000000,0.0000000000,0.0096451156,0.2120786160,0.2316589057,0.2508147359,0.2499238849,0.0000004965,0.0000000000,0.0000000000,0.0000000000,-0.0324400105,0.2053944021,-0.0067570149,0.0450639986,0.2053968757,0.0093849488
20:19:47:01.193,61,0.0779953822,0.3341470063,0.0765734687,0.0000000000,0.0000000000,0.0673884675,0.0000000000,0.0779553801,0.3343284726,0.0529886596,0.0000000000,0.0000000000,0.0673964843,0.0000000000,0.1488027424,0.0000000000,0.0275229849,0.3289763629,0.0480019636,0.0425885879,0.0449289382,0.0071238684,0.0000000000,0.7781725526,0.7818021774,0.0000000000,0.0000000000,0.0960658416,0.1010713652,0.2290799618,0.2166369855,0.0237344913,0.0157264341,0.0565328375,0.0530430600,0.0365197659,0.0350730494,0.6891086102,0.6854869127,0.2207628936,0.2153856307,0.1183791757,0.1180661842,0.1154747233,0.0000000000,0.0000000000,0.0096142013,0.2118660957,0.2314143479,0.2493406087,0.2486771494,0.0000004471,0.0000000000,0.0000000000,0.0000000000,-0.0316959992,0.2043337375,-0.0065670353,0.0458043143,0.2043361664,0.0094883498
20:19:47:02.194,61,0.0787472352,0.3331510425,0.0770248324,0.0000000000,0.0000000000,0.0675220117,0.0000000000,0.0787059814,0.3333391547,0.0525179319,0.0000000000,0.0000000000,0.0675301179,0.0000000000,0.1477453113,0.0000000000,0.0273682140,0.3190461993,0.0481064282,0.0426290594,0.0449724123,0.0071652033,0.0000000000,0.7774518728,0.7810828090,0.0000000000,0.0000000000,0.0959001780,0.1009394079,0.2253573537,0.2139000297,0.0237998459,0.0158290826,0.0565036349,0.0529757515,0.0364917256,0.0350349545,0.6860287189,0.6831259131,0.2200293094,0.2146500647,0.1182735190,0.1179589406,0.1155248880,0.0000000000,0.0000000000,0.0096095903,0.2119830996,0.2314400971,0.2482282519,0.2477010190,0.0000003778,0.0000000000,0.0000000000,0.0000000000,-0.0314183533,0.2037272900,-0.0064896666,0.0460800938,0.2037297040,0.0095163062
20:19:47:03.195,61,0.0792822242,0.3328674138,0.0777805820,0.0000000000,0.0000000000,0.0675624087,0.0000000000,0.0792401657,0.3330673277,0.0517541021,0.0000000000,0.0000000000,0.0675706044,0.0000000000,0.1465473473,0.0000000000,0.0270404723,0.3146875203,0.0482698083,0.0426200032,0.0450171605,0.0071554747,0.0000000000,0.7767174840,0.7804259658,0.0000000000,0.0000000000,0.0956802890,0.1007741615,0.2237523198,0.2124457657,0.0239055473,0.0159212723,0.0565540679,0.0529649258,0.0364379138,0.0349818096,0.6827450395,0.6804663539,0.2193965763,0.2141142786,0.1184125543,0.1180963442,0.1155080721,0.0000000000,0.0000000000,0.0095902672,0.2119734585,0.2314249128,0.2473870665,0.2470066100,0.0000003329,0.0000000000,0.0000000000,0.0000000000,-0.0309624728,0.2035582066,-0.0063900775,0.0465338752,0.2035606056,0.0096017448
20:19:47:04.196,61,0.0797632635,0.3331128955,0.0775570571,0.0000000000,0.0000000000,0.0675561205,0.0000000000,0.0797196850,0.3333096206,0.0519464575,0.0000000000,0.0000000000,0.0675642788,0.0000000000,0.1448120773,0.0000000000,0.0267597437,0.3125146031,0.0484404899,0.0426688492,0.0451289266,0.0071610962,0.0000000000,0.7753423452,0.7791717649,0.0000000000,0.0000000000,0.0954283923,0.1005603597,0.2225721776,0.2113313079,0.0240027942,0.0159985535,0.0566468388,0.0529969260,0.0363557227,0.0348940939,0.6777920127,0.6765590310,0.2189191580,0.2137020081,0.1184274703,0.1181049868,0.1156813428,0.0000000000,0.0000000000,0.0095701441,0.2118503600,0.2312493026,0.2467013747,0.2463733256,0.0000004324,0.0000000000,0.0000000000,0.0000000000,-0.0310766008,0.2037070245,-0.0064184433,0.0463987142,0.2037094235,0.0095810741
20:19:47:05.197,61,0.0802494660,0.3333678246,0.0772875994,0.0000000000,0.0000000000,0.0675188303,0.0000000000,0.0802031159,0.3335606456,0.0521897227,0.0000000000,0.0000000000,0.0675270110,0.0000000000,0.1438525915,0.0000000000,0.0262174420,0.3100928068,0.0485664792,0.0426359698,0.0452397019,0.0072751399,0.0000000000,0.7734854221,0.7774261832,0.0000000000,0.0000000000,0.0951622501,0.1003440022,0.2216931731,0.2102523595,0.0241474546,0.0160746537,0.0568164364,0.0530925654,0.0363173448,0.0348572992,0.6757612824,0.6744232178,0.2186182439,0.2133964896,0.1193768457,0.1190182269,0.1156878024,0.0000000000,0.0000000000,0.0095467865,0.2114589661,0.2307754308,0.2462877333,0.2459394187,0.0000006934,0.0000000000,0.0000000000,0.0000000000,-0.0312211402,0.2038613558,-0.0064533092,0.0462360345,0.2038637847,0.0095549449
20:19:47:06.198,61,0.0809455663,0.3346257210,0.0768291354,0.0000000000,0.0000000000,0.0674750581,0.0000000000,0.0808900520,0.3348120749,0.0526376776,0.0000000000,0.0000000000,0.0674833730,0.0000000000,0.1420565993,0.0000000000,0.0255556013,0.3044114709,0.0487327799,0.0426193438,0.0454020314,0.0072982172,0.0000000000,0.7724299431,0.7765519023,0.0000000000,0.0000000000,0.0948788300,0.1001430005,0.2189100832,0.2060012817,0.0243245270,0.0161555074,0.0570782386,0.0532746948,0.0362864025,0.0348360352,0.6704202890,0.6691815257,0.2184499502,0.2133448422,0.1200777963,0.1197065860,0.1158556491,0.0000000000,0.0000000000,0.0095290197,0.2113115489,0.2306886166,0.2461328954,0.2458128482,0.0000010030,0.0000000000,0.0000000000,0.0000000000,-0.0314841270,0.2046279311,-0.0065328125,0.0459544510,0.2046303153,0.0095335227
20:19:47:07.199,61,0.0815563425,0.3352206051,0.0770351067,0.0000000000,0.0000000000,0.0674045235,0.0000000000,0.0814965293,0.3354104757,0.0524338149,0.0000000000,0.0000000000,0.0674129874,0.0000000000,0.1399128288,0.0000000000,0.0246635731,0.2984879315,0.0489652045,0.0425952524,0.0455479510,0.0074674888,0.0000000000,0.7710887790,0.7756521702,0.0000000000,0.0000000000,0.0945794806,0.0999118835,0.2151507288,0.2009196579,0.0245373379,0.0162633415,0.0573500805,0.0534483008,0.0362611488,0.0348223634,0.6647647023,0.6619533896,0.2180907726,0.2130034715,0.1241209656,0.1236921847,0.1157374680,0.0000000000,0.0000000000,0.0095114643,0.2111398429,0.2305158526,0.2459269017,0.2455674112,0.0000010872,0.0000000000,0.0000000000,0.0000000000,-0.0313598141,0.2049928308,-0.0065189619,0.0460741743,0.2049952596,0.0095758718
20:19:47:08.200,61,0.0820562020,0.3363003433,0.0774237588,0.0000000000,0.0000000000,0.0674496889,0.0000000000,0.0819925815,0.3364966214,0.0520933121,0.0000000000,0.0000000000,0.0674583614,0.0000000000,0.1384269297,0.0000000000,0.0219612904,0.2873897851,0.0492236689,0.0425625443,0.0457171388,0.0078242850,0.0000000000,0.7673344612,0.7724201083,0.0000000000,0.0000000000,0.0942018032,0.0996176973,0.2127574831,0.1969257444,0.0247935615,0.0163794942,0.0577436090,0.0537331887,0.0362396352,0.0348260850,0.6605272889,0.6553466916,0.2178299427,0.2126750946,0.1269274950,0.1264493316,0.1155728176,0.0000000000,0.0000000000,0.0094897607,0.2110705674,0.2304706126,0.2458219826,0.2454095334,0.0000010956,0.0000000000,0.0000000000,0.0000000000,-0.0311518647,0.2056552917,-0.0064972788,0.0463002548,0.2056577355,0.0096548125
20:19:47:09.201,61,0.0840590000,0.3391697109,0.0777062997,0.0000000000,0.0000000000,0.0674704388,0.0000000000,0.0839745626,0.3393717706,0.0518588275,0.0000000000,0.0000000000,0.0674795136,0.0000000000,0.1351824552,0.0000000000,0.0198714491,0.2801418602,0.0497404300,0.0427261591,0.0460067764,0.0081502050,0.0000000000,0.7622901201,0.7689479589,0.0000000000,0.0000000000,0.0937986150,0.0993125066,0.2069337517,0.1898639053,0.0251450054,0.0165448859,0.0583593771,0.0541911907,0.0361871570,0.0348021314,0.6323064566,0.6289585829,0.2174334973,0.2122884840,0.1283122301,0.1278138310,0.1155471057,0.0000000000,0.0000000000,0.0094664339,0.2116197795,0.2320542037,0.2459770739,0.2455884665,0.0000013882,0.0000000000,0.0000000000,0.0000000000,-0.0310002342,0.2074115127,-0.0065224855,0.0464521609,0.2074139565,0.0097715864
20:19:47:10.202,61,0.0944216102,0.3420277238,0.0785112828,0.0000000000,0.0000000000,0.0674449131,0.0000000000,0.0942984819,0.3422441483,0.0510742441,0.0000000000,0.0000000000,0.0674543753,0.0000000000,0.1322996318,0.0000000000,0.0187791698,0.2725939453,0.0507685989,0.0430795476,0.0463841222,0.0083740447,0.0000000000,0.7584243417,0.7661548853,0.0000000000,0.0000000000,0.0934833512,0.0991002992,0.1985617429,0.1828322858,0.0255760960,0.0168062784,0.0590509139,0.0546763539,0.0361501686,0.0347771496,0.6209370494,0.6189462543,0.2159761935,0.2114796788,0.1286475509,0.1281378567,0.1157943830,0.0000000000,0.0000000000,0.0094436314,0.2161523551,0.2379528433,0.2467329949,0.2467691004,0.0000012701,0.0000000000,0.0000000000,0.0000000000,-0.0305199139,0.2091639340,-0.0064773210,0.0469160527,0.2091664225,0.0099549433
20:19:47:11.203,61,0.0986637548,0.3447435796,0.0805791765,0.0000000000,0.0000000000,0.0672866851,0.0000000000,0.0985282734,0.3449951410,0.0490002595,0.0000000000,0.0000000000,0.0672964603,0.0000000000,0.1294605285,0.0000000000,0.0180588365,0.2598630488,0.0518631116,0.0436290987,0.0468650125,0.0085373027,0.0000000000,0.7473624945,0.7556395531,0.0000000000,0.0000000000,0.0931230709,0.0988264158,0.1915261894,0.1773293316,0.0260856114,0.0171408225,0.0605347976,0.0552768968,0.0361440964,0.0347746126,0.6060975790,0.6050957441,0.2133218199,0.2098265588,0.1283296794,0.1278126091,0.1161295399,0.0000000000,0.0000000000,0.0094254920,0.2179357708,0.2400614768,0.2473566085,0.2478790283,0.0000017137,0.0000000000,0.0000000000,0.0000000000,-0.0292701144,0.2108372152,-0.0062633506,0.0481347069,0.2108397633,0.0102974735
20:19:47:12.204,61,0.1018342152,0.3463200331,0.0811623931,0.0000000000,0.0000000000,0.0670013279,0.0000000000,0.1016896144,0.3465823531,0.0483853705,0.0000000000,0.0000000000,0.0670111775,0.0000000000,0.1242217347,0.0000000000,0.0177424103,0.2499264032,0.0527203232,0.0457160026,0.0476185568,0.0085989274,0.0000000000,0.7298384309,0.7375665307,0.0000000000,0.0000000000,0.0927041546,0.0984565169,0.1856986284,0.1733180285,0.0266530346,0.0175005663,0.0635625720,0.0567746758,0.0361498669,0.0347707383,0.5833945870,0.5841637254,0.2118768841,0.2089038938,0.1279267371,0.1274047494,0.1166841537,0.0000000000,0.0000000000,0.0094093988,0.2190129608,0.2412163615,0.2478024065,0.2486308217,0.0000048897,0.0000000000,0.0000000000,0.0000000000,-0.0288968086,0.2118048966,-0.0062127383,0.0484730676,0.2118074298,0.0104188379
20:19:47:13.205,61,0.1058327407,0.3481116593,0.0813892484,0.0000000000,0.0000000000,0.0666931272,0.0000000000,0.1056915745,0.3483790755,0.0481327064,0.0000000000,0.0000000000,0.0667030811,0.0000000000,0.1198484823,0.0000000000,0.0173437204,0.2372839749,0.0535014831,0.0474533960,0.0483363308,0.0086216526,0.0000000000,0.7230870128,0.7316191196,0.0000000000,0.0000000000,0.0922591612,0.0980954766,0.1808517277,0.1688008904,0.0272457246,0.0178939682,0.0658404008,0.0580158383,0.0361535363,0.0347779021,0.5757063031,0.5764948130,0.2103553414,0.2081069648,0.1279845834,0.1274583638,0.1172383353,0.0000000000,0.0000000000,0.0093773818,0.2199007869,0.2421787679,0.2482957095,0.2496720701,0.0000084956,0.0000000000,0.0000000000,0.0000000000,-0.0287391115,0.2129019499,-0.0062118326,0.0485970862,0.2129045278,0.0105012376
20:19:47:14.206,61,0.1097762734,0.3511863351,0.0815183446,0.0000000000,0.0000000000,0.0663570315,0.0000000000,0.1096129715,0.3514582515,0.0479798801,0.0000000000,0.0000000000,0.0663672984,0.0000000000,0.1158550158,0.0000000000,0.0169040281,0.2323767245,0.0542824939,0.0492042489,0.0490770414,0.0087314155,0.0000000000,0.7168667912,0.7256139517,0.0000000000,0.0000000000,0.0918027386,0.0977148712,0.1772332191,0.1654924452,0.0278637074,0.0182992555,0.0678055137,0.0592579730,0.0361408405,0.0347680300,0.5677038431,0.5668123364,0.2090862989,0.2072511911,0.1298593134,0.1293089241,0.1176183000,0.0000000000,0.0000000000,0.0093381228,0.2203608602,0.2426968217,0.2489141673,0.2508343756,0.0000125071,0.0000000000,0.0000000000,0.0000000000,-0.0286361650,0.2147830874,-0.0062459870,0.0486543290,0.2147856951,0.0106093902
20:19:47:15.207,61,0.1115016565,0.3498676121,0.0814871714,0.0000000000,0.0000000000,0.0660699084,0.0000000000,0.1113305017,0.3501383662,0.0479618199,0.0000000000,0.0000000000,0.0660806298,0.0000000000,0.1126696467,0.0000000000,0.0164170787,0.2238962948,0.0550107472,0.0508210436,0.0497730933,0.0088129211,0.0000000000,0.7122435570,0.7218136191,0.0000000000,0.0000000000,0.0913482457,0.0973803028,0.1716668159,0.1604590714,0.0284905955,0.0187735241,0.0690131038,0.0601352081,0.0361590423,0.0347881019,0.5601476431,0.5586576462,0.2038502395,0.2032959610,0.1306218207,0.1300620139,0.1178373769,0.0000000000,0.0000000000,0.0092997830,0.2208058238,0.2432129085,0.2488813698,0.2512004375,0.0000192957,0.0000000000,0.0000000000,0.0000000000,-0.0286304113,0.2139764279,-0.0062205456,0.0486442484,0.2139790058,0.0105661144
20:19:47:16.208,61,0.1122040004,0.3496885598,0.0829979554,0.0000000000,0.0000000000,0.0657586381,0.0000000000,0.1120281145,0.3499844074,0.0463768132,0.0000000000,0.0000000000,0.0657699406,0.0000000000,0.1084338501,0.0000000000,0.0160755608,0.2092478275,0.0555675812,0.0540269129,0.0509237535,0.0088393344,0.0000000000,0.7009369135,0.7102063894,0.0000000000,0.0000000000,0.0907797515,0.0969092846,0.1630265415,0.1536495388,0.0291079171,0.0192667525,0.0705662146,0.0613295585,0.0362423435,0.0348709337,0.5440330505,0.5425900221,0.2015325874,0.2016644776,0.1313512474,0.1307892352,0.1179244667,0.0000000000,0.0000000000,0.0092802672,0.2208940387,0.2433567494,0.2485006005,0.2512444258,0.0000415846,0.0000000000,0.0000000000,0.0000000000,-0.0276848301,0.2138765454,-0.0060122614,0.0495472550,0.2138791233,0.0107569052
20:19:47:17.209,61,0.1124053150,0.3494431674,0.0843419656,0.0000000000,0.0000000000,0.0653912351,0.0000000000,0.1122269481,0.3497611880,0.0449687466,0.0000000000,0.0000000000,0.0654029399,0.0000000000,0.1036450267,0.0000000000,0.0158720147,0.2042647600,0.0560956486,0.0570511557,0.0518521369,0.0088261599,0.0000000000,0.6952553988,0.7041534185,0.0000000000,0.0000000000,0.0901596323,0.0963590965,0.1569166481,0.1486022472,0.0296454784,0.0197521262,0.0715399832,0.0621498525,0.0362627134,0.0348864123,0.5320134759,0.5306559801,0.1990400702,0.1995760202,0.1319346875,0.1313709319,0.1180025339,0.0000000000,0.0000000000,0.0092471419,0.2211072594,0.2435990274,0.2479602545,0.2511134446,0.0000524323,0.0000000000,0.0000000000,0.0000000000,-0.0268450864,0.2137351632,-0.0058259727,0.0503511988,0.2137377560,0.0109238345
20:19:47:18.210,61,0.1125443503,0.3500060141,0.0850263461,0.0000000000,0.0000000000,0.0649402216,0.0000000000,0.1123648956,0.3503359258,0.0442591682,0.0000000000,0.0000000000,0.0649522841,0.0000000000,0.1004911885,0.0000000000,0.0155779989,0.2015583217,0.0566356368,0.0587799102,0.0526150204,0.0088764969,0.0000000000,0.6925925612,0.7014091611,0.0000000000,0.0000000000,0.0895799473,0.0958485380,0.1533043683,0.1447196901,0.0301362146,0.0202409886,0.0722308382,0.0627382174,0.0362677611,0.0348889716,0.5272744894,0.5258743763,0.1965309978,0.1970111579,0.1322787255,0.1317147315,0.1181036606,0.0000000000,0.0000000000,0.0092186183,0.2212643623,0.2438270599,0.2475538552,0.2510864735,0.0000619526,0.0000000000,0.0000000000,0.0000000000,-0.0264194775,0.2140839100,-0.0057432763,0.0507559702,0.2140865177,0.0110300947
20:19:47:19.212,61,0.1127957031,0.3496463001,0.0851562768,0.0000000000,0.0000000000,0.0645426735,0.0000000000,0.1126151010,0.3499782681,0.0440861508,0.0000000000,0.0000000000,0.0645552352,0.0000000000,0.0984095857,0.0000000000,0.0151607553,0.2000710815,0.0572763383,0.0599368662,0.0532424115,0.0088941287,0.0000000000,0.6910519004,0.6999425292,0.0000000000,0.0000000000,0.0890339985,0.0953900889,0.1508224905,0.1417866498,0.0306438226,0.0207470208,0.0727406144,0.0631585345,0.0362255648,0.0348494016,0.5246770382,0.5233002901,0.1933517158,0.1941557527,0.1325178742,0.1319572330,0.1182378232,0.0000000000,0.0000000000,0.0091835735,0.2215626985,0.2443321496,0.2474353760,0.2512882948,0.0000647756,0.0000000000,0.0000000000,0.0000000000,-0.0263174493,0.2138647884,-0.0057150638,0.0508359522,0.2138673365,0.0110357981
20:19:47:20.212,61,0.1132804751,0.3495189846,0.0848496854,0.0000000000,0.0000000000,0.0642668679,0.0000000000,0.1130994409,0.3498460054,0.0443486795,0.0000000000,0.0000000000,0.0642800555,0.0000000000,0.0972822309,0.0000000000,0.0141936764,0.1991123259,0.0578320585,0.0606999137,0.0537599735,0.0089620519,0.0000000000,0.6902146339,0.6993609667,0.0000000000,0.0000000000,0.0885471404,0.0950082615,0.1493990719,0.1397879124,0.0311786570,0.0212322362,0.0731950700,0.0635453537,0.0362159312,0.0348651856,0.5238693953,0.5223994255,0.1919585168,0.1928763837,0.1331429482,0.1326006949,0.1183584854,0.0000000000,0.0000000000,0.0091556208,0.2218691260,0.2449437827,0.2477189153,0.2518852949,0.0000455956,0.0000000000,0.0000000000,0.0000000000,-0.0264746323,0.2137848735,-0.0057469732,0.0506537817,0.2137874514,0.0109920539
20:19:47:21.213,61,0.1146664768,0.3493945599,0.0836321935,0.0000000000,0.0000000000,0.0639642701,0.0000000000,0.1144978628,0.3497018814,0.0455255881,0.0000000000,0.0000000000,0.0639780983,0.0000000000,0.0964654982,0.0000000000,0.0132606085,0.1982912719,0.0583512373,0.0612229742,0.0541749708,0.0090121329,0.0000000000,0.6899104714,0.6993879676,0.0000000000,0.0000000000,0.0880868062,0.0946759731,0.1483746320,0.1384121925,0.0316721238,0.0216995701,0.0735249817,0.0638154671,0.0361943729,0.0348708294,0.5241277814,0.5223293900,0.1908865273,0.1918749809,0.1337304860,0.1331972927,0.1184874997,0.0000000000,0.0000000000,0.0091169411,0.2221960574,0.2456333190,0.2480696142,0.2524602711,0.0000367696,0.0000000000,0.0000000000,0.0000000000,-0.0271777175,0.2137008756,-0.0058971648,0.0499278232,0.2137034535,0.0108302720
20:19:47:22.215,61,0.1153962016,0.3493043482,0.0830351189,0.0000000000,0.0000000000,0.0637255982,0.0000000000,0.1152318344,0.3496018648,0.0460976064,0.0000000000,0.0000000000,0.0637400597,0.0000000000,0.0958832875,0.0000000000,0.0124744745,0.1967557222,0.0587965287,0.0616386980,0.0545825362,0.0090692630,0.0000000000,0.6899605989,0.6997571588,0.0000000000,0.0000000000,0.0876752809,0.0943783000,0.1475454569,0.1372938454,0.0321716554,0.0221277643,0.0739183873,0.0641474053,0.0362200364,0.0349298902,0.5245807767,0.5226037502,0.1903381199,0.1913600564,0.1346357018,0.1341279000,0.1186428741,0.0000000000,0.0000000000,0.0090896916,0.2227382511,0.2474822700,0.2487647086,0.2537173033,0.0000310215,0.0000000000,0.0000000000,0.0000000000,-0.0275195632,0.2136417925,-0.0059696175,0.0495719686,0.2136444002,0.0107500870
20:19:47:23.216,61,0.1159553602,0.3488252759,0.0825611725,0.0000000000,0.0000000000,0.0636006147,0.0000000000,0.1157924458,0.3491149843,0.0465273559,0.0000000000,0.0000000000,0.0636157840,0.0000000000,0.0954623222,0.0000000000,0.0117551805,0.1942839026,0.0591690354,0.0618013665,0.0548780374,0.0091626458,0.0000000000,0.6933479309,0.7054613829,0.0000000000,0.0000000000,0.0873590335,0.0941819772,0.1469634026,0.1364729106,0.0326275937,0.0224904064,0.0742552578,0.0644255877,0.0362625308,0.0350026079,0.5293280482,0.5266699791,0.1901435703,0.1911759824,0.1368679255,0.1363849491,0.1185280234,0.0000000000,0.0000000000,0.0090643242,0.2234040201,0.2496044785,0.2494118810,0.2545779049,0.0000262326,0.0000000000,0.0000000000,0.0000000000,-0.0277778991,0.2133457810,-0.0060170339,0.0492921621,0.2133483589,0.0106741926
20:19:47:24.216,61,0.1160426140,0.3478876352,0.0832604170,0.0000000000,0.0000000000,0.0634094328,0.0000000000,0.1158760488,0.3481881022,0.0458071418,0.0000000000,0.0000000000,0.0634252504,0.0000000000,0.0950309485,0.0000000000,0.0110686654,0.1893758178,0.0594138689,0.0619660467,0.0551710911,0.0093434034,0.0000000000,0.6945157647,0.7072207928,0.0000000000,0.0000000000,0.0870186538,0.0939505845,0.1462912112,0.1354690790,0.0330356024,0.0228387341,0.0745417476,0.0646659359,0.0363274142,0.0350886919,0.5313653946,0.5282493234,0.1899787933,0.1909738183,0.1374706626,0.1369922459,0.1184343770,0.0000000000,0.0000000000,0.0090585910,0.2238473743,0.2505840361,0.2496974319,0.2550230920,0.0000258154,0.0000000000,0.0000000000,0.0000000000,-0.0273512676,0.2127768099,-0.0059083579,0.0497157760,0.2127794176,0.0107362503
20:19:47:25.217,61,0.1160538644,0.3469355404,0.0835260227,0.0000000000,0.0000000000,0.0632329807,0.0000000000,0.1158811823,0.3472394943,0.0455550626,0.0000000000,0.0000000000,0.0632492676,0.0000000000,0.0946275666,0.0000000000,0.0105242049,0.1834486574,0.0594928004,0.0621974990,0.0554843582,0.0095230266,0.0000000000,0.6951638460,0.7080777884,0.0000000000,0.0000000000,0.0866668448,0.0937052816,0.1454894990,0.1344335973,0.0334192291,0.0231535397,0.0748545974,0.0649375170,0.0364353769,0.0352099873,0.5325393081,0.5292574167,0.1898715049,0.1907943487,0.1376469731,0.1371640563,0.1183946431,0.0000000000,0.0000000000,0.0090689696,0.2240883708,0.2510208488,0.2495917082,0.2550337017,0.0000265947,0.0000000000,0.0000000000,0.0000000000,-0.0272041541,0.2121962607,-0.0058600619,0.0498806238,0.2121987939,0.0107415235
20:19:47:26.218,61,0.1159962565,0.3458333313,0.0835290179,0.0000000000,0.0000000000,0.0631668940,0.0000000000,0.1158199310,0.3461364508,0.0455498584,0.0000000000,0.0000000000,0.0631837472,0.0000000000,0.0944422409,0.0000000000,0.0099621126,0.1809428334,0.0594740435,0.0622149184,0.0556407347,0.0097381091,0.0000000000,0.6965244412,0.7095347047,0.0000000000,0.0000000000,0.0864269659,0.0935823694,0.1451369673,0.1338696480,0.0336970873,0.0234169569,0.0749874562,0.0650596172,0.0365184993,0.0353144519,0.5517307520,0.5476999879,0.1899756640,0.1908250600,0.1286869496,0.1281453371,0.1187060326,0.0000000000,0.0000000000,0.0090629263,0.2244535834,0.2515162528,0.2496824712,0.2552498281,0.0000299412,0.0000000000,0.0000000000,0.0000000000,-0.0272049885,0.2115221769,-0.0058410573,0.0498896316,0.2115247250,0.0107082957
20:19:47:27.220,61,0.1157137901,0.3425337970,0.0836758986,0.0000000000,0.0000000000,0.0632183403,0.0000000000,0.1155333966,0.3428368866,0.0453548022,0.0000000000,0.0000000000,0.0632356107,0.0000000000,0.0942403898,0.0000000000,0.0095394729,0.1790753603,0.0595169663,0.0623189546,0.0557933412,0.0100587411,0.0000000000,0.6970181465,0.7099167109,0.0000000000,0.0000000000,0.0862109587,0.0934375226,0.1448684931,0.1334523410,0.0340092517,0.0237157214,0.0751525313,0.0651881695,0.0366158411,0.0354294144,0.5564824939,0.5521252155,0.1897220314,0.1904178858,0.1267617196,0.1262040287,0.1187623218,0.0000000000,0.0000000000,0.0090649873,0.2247378081,0.2517371774,0.2493057549,0.2549169064,0.0000329506,0.0000000000,0.0000000000,0.0000000000,-0.0271001589,0.2095052004,-0.0057614092,0.0499988757,0.2095077038,0.0106263245
20:19:47:28.221,61,0.1153014526,0.3380334377,0.0844571590,0.0000000000,0.0000000000,0.0633983463,0.0000000000,0.1151189432,0.3383454978,0.0445182696,0.0000000000,0.0000000000,0.0634158477,0.0000000000,0.0941248983,0.0000000000,0.0092783095,0.1766849607,0.0594228245,0.0623171255,0.0558544882,0.0102546932,0.0000000000,0.6978438497,0.7105671167,0.0000000000,0.0000000000,0.0859961435,0.0932858363,0.1445008069,0.1330007017,0.0342472382,0.0239529274,0.0752302185,0.0652844831,0.0367433764,0.0355723053,0.5590401888,0.5545290709,0.1897435039,0.1903607398,0.1294172555,0.1288766861,0.1184092313,0.0000000000,0.0000000000,0.0090612387,0.2252252698,0.2521203458,0.2488373071,0.2545421720,0.0000309217,0.0000000000,0.0000000000,0.0000000000,-0.0266157370,0.2067577988,-0.0055820746,0.0504949838,0.2067602426,0.0105868224
20:19:47:29.222,61,0.1150991619,0.3365603089,0.0838928074,0.0000000000,0.0000000000,0.0635362789,0.0000000000,0.1149156466,0.3368624449,0.0450327098,0.0000000000,0.0000000000,0.0635541305,0.0000000000,0.0940062329,0.0000000000,0.0090224296,0.1733921468,0.0593382716,0.0621586703,0.0558769703,0.0103744762,0.0000000000,0.6988759041,0.7114703059,0.0000000000,0.0000000000,0.0858256668,0.0931568518,0.1441510469,0.1325476021,0.0344381407,0.0241897702,0.0751473904,0.0652125031,0.0368835703,0.0357296616,0.5607478023,0.5562067628,0.1895068288,0.1901215762,0.1365568638,0.1360846460,0.1178670004,0.0000000000,0.0000000000,0.0090565849,0.2253212780,0.2521528602,0.2483231425,0.2541053295,0.0000283013,0.0000000000,0.0000000000,0.0000000000,-0.0269284025,0.2058532834,-0.0056222118,0.0501670241,0.2058557272,0.0104707852
20:19:47:30.223,61,0.1150109395,0.3338328004,0.0844667852,0.0000000000,0.0000000000,0.0637871176,0.0000000000,0.1148268208,0.3341417909,0.0444283299,0.0000000000,0.0000000000,0.0638050735,0.0000000000,0.0938661993,0.0000000000,0.0089001618,0.1703375578,0.0592787787,0.0618830957,0.0558363572,0.0105572985,0.0000000000,0.7046191096,0.7153979540,0.0000000000,0.0000000000,0.0856981799,0.0930233747,0.1437207907,0.1320328712,0.0346482396,0.0243631434,0.0751371682,0.0651997328,0.0370002724,0.0358669497,0.5617225766,0.5571134686,0.1895899922,0.1901426911,0.1470560580,0.1465956718,0.1168991029,0.0000000000,0.0000000000,0.0090379547,0.2258370519,0.2525101304,0.2481075972,0.2538833916,0.0000188724,0.0000000000,0.0000000000,0.0000000000,-0.0265761893,0.2041887641,-0.0055025509,0.0505277440,0.2041911334,0.0104583073
20:19:47:31.224,61,0.1147574782,0.3315938711,0.0857157335,0.0000000000,0.0000000000,0.0640936792,0.0000000000,0.1145730764,0.3319202960,0.0431806035,0.0000000000,0.0000000000,0.0641117245,0.0000000000,0.0937620625,0.0000000000,0.0087145092,0.1648408771,0.0593032949,0.0614164025,0.0557428673,0.0107198656,0.0000000000,0.7156052589,0.7277272940,0.0000000000,0.0000000000,0.0857442915,0.0930783898,0.1434684992,0.1315882653,0.0348730236,0.0245337468,0.0750796273,0.0651027039,0.0371247865,0.0360222347,0.5645002723,0.5596923232,0.1895537972,0.1901213229,0.1516180187,0.1511567235,0.1157588363,0.0000000000,0.0000000000,0.0090251965,0.2277358472,0.2544123530,0.2480246276,0.2538757920,0.0000142554,0.0000000000,0.0000000000,0.0000000000,-0.0258370619,0.2028272450,-0.0053128838,0.0512892939,0.2028296292,0.0105430204
20:19:47:32.225,61,0.1137177348,0.3301283121,0.0876594856,0.0000000000,0.0000000000,0.0642986745,0.0000000000,0.1135185286,0.3304834962,0.0412382521,0.0000000000,0.0000000000,0.0643167645,0.0000000000,0.0932536721,0.0000000000,0.0085094944,0.1569115967,0.0593873821,0.0609456301,0.0556965172,0.0109018022,0.0000000000,0.7189912796,0.7312830091,0.0000000000,0.0000000000,0.0856959745,0.0930281281,0.1430337876,0.1310087591,0.0351773202,0.0246708244,0.0752139464,0.0651325881,0.0371901095,0.0361134596,0.5648933053,0.5599886179,0.1893879622,0.1899633110,0.1543072164,0.1538260132,0.1145273373,0.0000000000,0.0000000000,0.0089950776,0.2285916507,0.2552145720,0.2479231060,0.2538591325,0.0000129575,0.0000000000,0.0000000000,0.0000000000,-0.0246793106,0.2019432634,-0.0050521363,0.0524619594,0.2019456178,0.0107355341
20:19:47:33.226,61,0.1119806916,0.3288017809,0.0890457556,0.0000000000,0.0000000000,0.0644051656,0.0000000000,0.1117392853,0.3291769028,0.0398801789,0.0000000000,0.0000000000,0.0644232705,0.0000000000,0.0927722603,0.0000000000,0.0082587805,0.1540532112,0.0595269836,0.0606326573,0.0556798764,0.0112953512,0.0000000000,0.7203950286,0.7325375676,0.0000000000,0.0000000000,0.0856692344,0.0929992497,0.1426321864,0.1304813772,0.0355508998,0.0248343777,0.0754785612,0.0652540997,0.0372519791,0.0361921974,0.5607644916,0.5532138348,0.1890627295,0.1894944161,0.1553472281,0.1548527926,0.1137406752,0.0000000000,0.0000000000,0.0089689670,0.2291366458,0.2556024492,0.2476993799,0.2536096275,0.0000124989,0.0000000000,0.0000000000,0.0000000000,-0.0238704626,0.2011408210,-0.0048666387,0.0533003882,0.2011431307,0.0108623998
20:19:47:34.227,61,0.1080932915,0.3271195590,0.0897103027,0.0000000000,0.0000000000,0.0643586591,0.0000000000,0.1078475341,0.3275030851,0.0392105617,0.0000000000,0.0000000000,0.0643769130,0.0000000000,0.0899172500,0.0000000000,0.0079901554,0.1483503133,0.0599554740,0.0603807047,0.0557937399,0.0115786269,0.0000000000,0.7182428241,0.7292705774,0.0000000000,0.0000000000,0.0856158063,0.0929489061,0.1419686228,0.1297514141,0.0361363143,0.0250327680,0.0762216896,0.0655431151,0.0372431241,0.0361984819,0.5168111920,0.5123061538,0.1826578230,0.1829614490,0.1556200236,0.1551178396,0.1131669730,0.0000000000,0.0000000000,0.0089357877,0.2292675078,0.2556122839,0.2467073500,0.2525444031,0.0000138243,0.0000000000,0.0000000000,0.0000000000,-0.0234745406,0.2001161724,-0.0047608907,0.0537093654,0.2001184523,0.0108883856
20:19:47:35.228,61,0.1063130796,0.3271047473,0.0897614062,0.0000000000,0.0000000000,0.0642088503,0.0000000000,0.1060521007,0.3274891078,0.0391465575,0.0000000000,0.0000000000,0.0642270893,0.0000000000,0.0868049487,0.0000000000,0.0076875323,0.1429373175,0.0608945079,0.0600350127,0.0559578761,0.0118496232,0.0000000000,0.7176574469,0.7283528447,0.0000000000,0.0000000000,0.0856355056,0.0929786190,0.1411935985,0.1288169026,0.0369041562,0.0252387933,0.0774005130,0.0658729374,0.0371989496,0.0361647233,0.5051040053,0.5010965466,0.1774236411,0.1777636260,0.1556369364,0.1551245600,0.1125327200,0.0000000000,0.0000000000,0.0088927643,0.2294835299,0.2557316422,0.2460961491,0.2519195378,0.0000131106,0.0000000000,0.0000000000,0.0000000000,-0.0234362651,0.2001073956,-0.0047529163,0.0537400655,0.2001097202,0.0108941123
20:19:47:36.230,61,0.1042758971,0.3266021013,0.0895604193,0.0000000000,0.0000000000,0.0640555173,0.0000000000,0.1040095016,0.3269828558,0.0393363200,0.0000000000,0.0000000000,0.0640738606,0.0000000000,0.0855161846,0.0000000000,0.0073717260,0.1407717466,0.0616583377,0.0596092306,0.0560817569,0.0120071350,0.0000000000,0.7173810005,0.7279940248,0.0000000000,0.0000000000,0.0857640132,0.0931343809,0.1408322901,0.1283299625,0.0375736132,0.0254388936,0.0781433433,0.0661266297,0.0371779241,0.0361580923,0.5052136183,0.5013834834,0.1747750044,0.1754762828,0.1557136327,0.1551945210,0.1119722724,0.0000000000,0.0000000000,0.0088522322,0.2295281589,0.2557822466,0.2455316931,0.2513335049,0.0000148939,0.0000000000,0.0000000000,0.0000000000,-0.0235513467,0.1997985989,-0.0047686803,0.0536230765,0.1998009384,0.0108531946
20:19:47:37.230,61,0.1033988968,0.3273315132,0.0890298262,0.0000000000,0.0000000000,0.0639429390,0.0000000000,0.1031307131,0.3277048767,0.0398868434,0.0000000000,0.0000000000,0.0639610589,0.0000000000,0.0845084637,0.0000000000,0.0073228693,0.1393849552,0.0622581765,0.0591412187,0.0562430583,0.0120405527,0.0000000000,0.7171252966,0.7276184559,0.0000000000,0.0000000000,0.0858007893,0.0931430906,0.1402871013,0.1277821362,0.0381338634,0.0255843364,0.0786949918,0.0663235784,0.0371428356,0.0361309275,0.5073920488,0.5042242408,0.1733849049,0.1741946638,0.1572392881,0.1566971838,0.1114964038,0.0000000000,0.0000000000,0.0088103712,0.2293023318,0.2554340959,0.2452596426,0.2509540915,0.0000132221,0.0000000000,0.0000000000,0.0000000000,-0.0238788184,0.2002414018,-0.0048459796,0.0533005893,0.2002436668,0.0108125424
20:19:47:38.231,61,0.1031568646,0.3275313377,0.0882589668,0.0000000000,0.0000000000,0.0638463050,0.0000000000,0.1028888971,0.3278930783,0.0406476110,0.0000000000,0.0000000000,0.0638641715,0.0000000000,0.0838700160,0.0000000000,0.0074013118,0.1383522451,0.0627366751,0.0587644018,0.0563616678,0.0122125512,0.0000000000,0.7172684073,0.7275273800,0.0000000000,0.0000000000,0.0858829096,0.0931738764,0.1398436129,0.1273600459,0.0385878980,0.0257401057,0.0790792704,0.0664195567,0.0371696651,0.0361518823,0.5137000084,0.5093064904,0.1724573374,0.1732219905,0.1579131335,0.1573606133,0.1110424623,0.0000000000,0.0000000000,0.0087783411,0.2292404622,0.2551283240,0.2449355274,0.2504514456,0.0000164498,0.0000000000,0.0000000000,0.0000000000,-0.0243336949,0.2003586143,-0.0049412423,0.0528377965,0.2003609538,0.0107252058
20:19:47:39.232,61,0.1028999910,0.3280406296,0.0881923065,0.0000000000,0.0000000000,0.0635873526,0.0000000000,0.1026295125,0.3284017742,0.0407299884,0.0000000000,0.0000000000,0.0636049584,0.0000000000,0.0833067447,0.0000000000,0.0073849894,0.1376336515,0.0630714446,0.0586988702,0.0565573797,0.0124074174,0.0000000000,0.7125523686,0.7204219103,0.0000000000,0.0000000000,0.0857930183,0.0930546820,0.1392669827,0.1268826723,0.0390304364,0.0259082690,0.0795896202,0.0666751564,0.0371954627,0.0361619145,0.5148872137,0.5099636912,0.1717571467,0.1724044234,0.1577211320,0.1571580768,0.1107918993,0.0000000000,0.0000000000,0.0087568332,0.2288774103,0.2543973923,0.2436639220,0.2482879907,0.0000161499,0.0000000000,0.0000000000,0.0000000000,-0.0243814643,0.2006697208,-0.0049588378,0.0527945571,0.2006720304,0.0107335290
20:19:47:40.233,61,0.1023216695,0.3286943138,0.0872732773,0.0000000000,0.0000000000,0.0632196516,0.0000000000,0.1020508632,0.3290420771,0.0416394733,0.0000000000,0.0000000000,0.0632369891,0.0000000000,0.0826806203,0.0000000000,0.0074463198,0.1369443536,0.0634659156,0.0585777573,0.0567492135,0.0125049045,0.0000000000,0.7110348940,0.7182446122,0.0000000000,0.0000000000,0.0857274011,0.0929688737,0.1385862678,0.1263622344,0.0394977368,0.0260655098,0.0801368579,0.0669368729,0.0371988863,0.0361477844,0.5138796568,0.5092957020,0.1710145175,0.1715239435,0.1566412151,0.1560616046,0.1105316058,0.0000000000,0.0000000000,0.0087281242,0.2285142988,0.2537902296,0.2428504974,0.2471864671,0.0000156018,0.0000000000,0.0000000000,0.0000000000,-0.0249239057,0.2010636777,-0.0050793625,0.0522401705,0.2010659724,0.0106423507
20:19:47:41.235,61,0.1017462835,0.3284003437,0.0872217193,0.0000000000,0.0000000000,0.0628948063,0.0000000000,0.1014774591,0.3287505209,0.0417214930,0.0000000000,0.0000000000,0.0629118532,0.0000000000,0.0821045637,0.0000000000,0.0074732066,0.1364684403,0.0638621673,0.0585993268,0.0569841973,0.0125381043,0.0000000000,0.7082898021,0.7157180309,0.0000000000,0.0000000000,0.0856153071,0.0928453207,0.1379397959,0.1258765161,0.0399532430,0.0262289345,0.0807247013,0.0672467202,0.0371698178,0.0361049771,0.5095118880,0.5052410364,0.1702495217,0.1706368178,0.1541014165,0.1535221487,0.1104572564,0.0000000000,0.0000000000,0.0087064235,0.2281429619,0.2532247305,0.2420519441,0.2462502867,0.0000161969,0.0000000000,0.0000000000,0.0000000000,-0.0249739066,0.2008857876,-0.0050849239,0.0522112250,0.2008858472,0.0106266690
20:19:47:42.235,61,0.1012062728,0.3283318877,0.0865760744,0.0000000000,0.0000000000,0.0626198724,0.0000000000,0.1009401828,0.3286720812,0.0423555598,0.0000000000,0.0000000000,0.0626366511,0.0000000000,0.0814684927,0.0000000000,0.0075246221,0.1359074265,0.0644322410,0.0585066378,0.0572079122,0.0125293164,0.0000000000,0.7071580291,0.7146251798,0.0000000000,0.0000000000,0.0855566338,0.0927670002,0.1372541487,0.1253487319,0.0403923728,0.0264260098,0.0811646879,0.0673844069,0.0370989144,0.0360194482,0.5074452162,0.5036243796,0.1668909043,0.1675191522,0.1530192345,0.1524403244,0.1102738604,0.0000000000,0.0000000000,0.0086823907,0.2277496904,0.2526983321,0.2412263453,0.2452770919,0.0000122519,0.0000000000,0.0000000000,0.0000000000,-0.0253536906,0.2008397877,-0.0051610195,0.0518251956,0.2008398622,0.0105456971
20:19:47:43.236,61,0.1010164469,0.3290382922,0.0850334540,0.0000000000,0.0000000000,0.0623738542,0.0000000000,0.1007538289,0.3293555081,0.0438756980,0.0000000000,0.0000000000,0.0623903535,0.0000000000,0.0810011625,0.0000000000,0.0075856522,0.1355584860,0.0647317991,0.0585174859,0.0574151464,0.0125096943,0.0000000000,0.7065820694,0.7141137123,0.0000000000,0.0000000000,0.0854653865,0.0926605910,0.1366425008,0.1248690709,0.0406805687,0.0265676193,0.0814663023,0.0675013736,0.0370702371,0.0359817892,0.5067452192,0.5030776262,0.1658924818,0.1665448099,0.1523100734,0.1517314166,0.1102277189,0.0000000000,0.0000000000,0.0086725559,0.2274707109,0.2523016036,0.2406554669,0.2446352094,0.0000123980,0.0000000000,0.0000000000,0.0000000000,-0.0262613930,0.2012622058,-0.0053572985,0.0508973263,0.2012622803,0.0103794457
20:19:47:44.237,61,0.1009621769,0.3293376565,0.0846113041,0.0000000000,0.0000000000,0.0622846074,0.0000000000,0.1007010490,0.3296486437,0.0442943573,0.0000000000,0.0000000000,0.0623009019,0.0000000000,0.0806650966,0.0000000000,0.0075816722,0.1352109015,0.0650535822,0.0584468022,0.0575915687,0.0125502609,0.0000000000,0.7066028118,0.7142017484,0.0000000000,0.0000000000,0.0854798630,0.0926611647,0.1362609714,0.1245366484,0.0409815162,0.0267067440,0.0817479566,0.0675973669,0.0370745547,0.0359782092,0.5067547560,0.5031216145,0.1653193980,0.1659443229,0.1520266533,0.1514438987,0.1102044135,0.0000000000,0.0000000000,0.0086700208,0.2274719626,0.2521707118,0.2402810603,0.2442259192,0.0000118753,0.0000000000,0.0000000000,0.0000000000,-0.0265110079,0.2014426887,-0.0054131905,0.0506427661,0.2014427632,0.0103370994
20:19:47:45.239,61,0.1006376520,0.3298263550,0.0842963010,0.0000000000,0.0000000000,0.0621029660,0.0000000000,0.1003767550,0.3301329315,0.0446016453,0.0000000000,0.0000000000,0.0621192604,0.0000000000,0.0801834390,0.0000000000,0.0074285530,0.1348553747,0.0652883425,0.0584557578,0.0578056984,0.0125728799,0.0000000000,0.7052148581,0.7135218382,0.0000000000,0.0000000000,0.0853517652,0.0925321579,0.1357042193,0.1240542084,0.0412772819,0.0268219560,0.0821224153,0.0678062811,0.0370434634,0.0359449387,0.5056918859,0.5016548038,0.1648677289,0.1654859632,0.1518416703,0.1512575001,0.1100255847,0.0000000000,0.0000000000,0.0086570159,0.2269723713,0.2516028285,0.2397093475,0.2436942458,0.0000126108,0.0000000000,0.0000000000,0.0000000000,-0.0266933106,0.2017395794,-0.0054586600,0.0504511483,0.2017396837,0.0103136217
20:19:47:46.240,61,0.1000734717,0.3297463953,0.0839527547,0.0000000000,0.0000000000,0.0619617924,0.0000000000,0.0998116657,0.3300476372,0.0449363254,0.0000000000,0.0000000000,0.0619780608,0.0000000000,0.0795894265,0.0000000000,0.0072733518,0.1343385130,0.0655371621,0.0584156848,0.0579664931,0.0126646562,0.0000000000,0.7043543458,0.7128742933,0.0000000000,0.0000000000,0.0852461606,0.0924244598,0.1352411807,0.1236401722,0.0416621566,0.0269086976,0.0826549307,0.0681281388,0.0369873010,0.0358888619,0.5038104057,0.4991076589,0.1645170301,0.1651021987,0.1516907662,0.1511014849,0.1098208800,0.0000000000,0.0000000000,0.0086267348,0.2265698761,0.2511461377,0.2391082942,0.2431442887,0.0000120496,0.0000000000,0.0000000000,0.0000000000,-0.0268938877,0.2016885728,-0.0054982379,0.0502460487,0.2016886473,0.0102690598
20:19:47:47.241,61,0.0996059477,0.3290093541,0.0837158859,0.0000000000,0.0000000000,0.0619642027,0.0000000000,0.0993421972,0.3293062150,0.0451938659,0.0000000000,0.0000000000,0.0619804673,0.0000000000,0.0790760070,0.0000000000,0.0071533835,0.1340836138,0.0657151714,0.0584286042,0.0580752380,0.0128609063,0.0000000000,0.7038038373,0.7123426795,0.0000000000,0.0000000000,0.0851439238,0.0923127308,0.1347787082,0.1232159436,0.0419799611,0.0269796904,0.0830699205,0.0683897808,0.0368991978,0.0358025804,0.5031121373,0.4981594682,0.1644851416,0.1649446040,0.1508967429,0.1502817124,0.1098971590,0.0000000000,0.0000000000,0.0086060120,0.2265853435,0.2511099577,0.2388195544,0.2428097129,0.0000100465,0.0000000000,0.0000000000,0.0000000000,-0.0270505268,0.2012363523,-0.0055175112,0.0501088947,0.2012364268,0.0102174608
20:19:47:48.241,61,0.0984042436,0.3271118402,0.0836726427,0.0000000000,0.0000000000,0.0620561875,0.0000000000,0.0981392413,0.3274061680,0.0452753268,0.0000000000,0.0000000000,0.0620725341,0.0000000000,0.0786191449,0.0000000000,0.0070116636,0.1335664243,0.0660486296,0.0582936406,0.0581143834,0.0130697927,0.0000000000,0.7037536502,0.7123299241,0.0000000000,0.0000000000,0.0851380825,0.0923030227,0.1343491524,0.1227724478,0.0423750617,0.0270755701,0.0835174173,0.0686194897,0.0368022770,0.0357179269,0.5025843382,0.4974739552,0.1641663462,0.1645565778,0.1503289789,0.1497060806,0.1097300723,0.0000000000,0.0000000000,0.0085842162,0.2267194986,0.2512636781,0.2383204103,0.2423218340,0.0000091176,0.0000000000,0.0000000000,0.0000000000,-0.0271056835,0.2000755519,-0.0054959976,0.0500948168,0.2000755966,0.0101540694
20:19:47:49.242,61,0.0976170450,0.3260729313,0.0840264410,0.0000000000,0.0000000000,0.0621817373,0.0000000000,0.0973504111,0.3263719082,0.0449202619,0.0000000000,0.0000000000,0.0621983148,0.0000000000,0.0782689005,0.0000000000,0.0067892559,0.1331874579,0.0663034990,0.0580910258,0.0581143759,0.0132535901,0.0000000000,0.7036439180,0.7123197317,0.0000000000,0.0000000000,0.0851258487,0.0922857821,0.1339612901,0.1223262176,0.0426751487,0.0271604583,0.0838284642,0.0687769949,0.0367323980,0.0356618203,0.5024055839,0.4971780777,0.1638884097,0.1642663926,0.1502868682,0.1496615708,0.1093723699,0.0000000000,0.0000000000,0.0085587325,0.2265859544,0.2511889338,0.2378393561,0.2418955415,0.0000077691,0.0000000000,0.0000000000,0.0000000000,-0.0268965550,0.1994423717,-0.0054358803,0.0503130816,0.1994423866,0.0101651223
20:19:47:50.243,61,0.0972719491,0.3260572851,0.0844305381,0.0000000000,0.0000000000,0.0622702949,0.0000000000,0.0970052183,0.3263625503,0.0444903225,0.0000000000,0.0000000000,0.0622869916,0.0000000000,0.0781111568,0.0000000000,0.0066173701,0.1328703910,0.0665099099,0.0578529797,0.0580833331,0.0134526873,0.0000000000,0.7038812637,0.7126072049,0.0000000000,0.0000000000,0.0852264911,0.0923729911,0.1337836832,0.1220480278,0.0429538786,0.0272584036,0.0840527043,0.0688810050,0.0367369838,0.0356859192,0.5038792491,0.4980078638,0.1637812704,0.1641173363,0.1506927460,0.1500680000,0.1090933233,0.0000000000,0.0000000000,0.0085465573,0.2266123146,0.2512276173,0.2378275841,0.2418830991,0.0000112252,0.0000000000,0.0000000000,0.0000000000,-0.0266391505,0.1994352639,-0.0053836741,0.0505551435,0.1994353235,0.0102136098
20:19:47:51.245,61,0.0971636027,0.3260156214,0.0842215270,0.0000000000,0.0000000000,0.0622592382,0.0000000000,0.0968983173,0.3263176382,0.0446948931,0.0000000000,0.0000000000,0.0622761399,0.0000000000,0.0776489675,0.0000000000,0.0065343468,0.1323514581,0.0668442398,0.0577191561,0.0581662133,0.0134559413,0.0000000000,0.7038057446,0.7126045823,0.0000000000,0.0000000000,0.0851905122,0.0923187584,0.1332162023,0.1215177923,0.0431700759,0.0273624174,0.0842282027,0.0688861981,0.0366753191,0.0356298089,0.5025675893,0.4975291193,0.1630773544,0.1635768563,0.1509992927,0.1503786594,0.1088233069,0.0000000000,0.0000000000,0.0085266950,0.2263236493,0.2509812117,0.2375077158,0.2416006029,0.0000125047,0.0000000000,0.0000000000,0.0000000000,-0.0267617889,0.1994084865,-0.0054077064,0.0504302531,0.1994085759,0.0101869991
20:19:47:52.245,61,0.0973197743,0.3272963166,0.0845345333,0.0000000000,0.0000000000,0.0619492158,0.0000000000,0.0970571339,0.3276043236,0.0443735719,0.0000000000,0.0000000000,0.0619659312,0.0000000000,0.0772136152,0.0000000000,0.0066493144,0.1318783909,0.0670553967,0.0577416196,0.0583031625,0.0134733403,0.0000000000,0.7040246725,0.7126961350,0.0000000000,0.0000000000,0.0851226896,0.0922152251,0.1326059699,0.1210317835,0.0433238186,0.0274364762,0.0843982324,0.0688994303,0.0366599858,0.0355985053,0.5018957257,0.4970455468,0.1627899110,0.1632421762,0.1512721628,0.1506534517,0.1086257175,0.0000000000,0.0000000000,0.0085213585,0.2261560261,0.2506635785,0.2373944223,0.2414346188,0.0000119755,0.0000000000,0.0000000000,0.0000000000,-0.0265651681,0.2001937330,-0.0053896983,0.0506096482,0.2001937479,0.0102645485
20:19:47:53.246,61,0.0970564783,0.3277135789,0.0852072760,0.0000000000,0.0000000000,0.0616686605,0.0000000000,0.0967931524,0.3280323744,0.0436772071,0.0000000000,0.0000000000,0.0616851486,0.0000000000,0.0767650455,0.0000000000,0.0067794938,0.1313485354,0.0672328398,0.0578564182,0.0584697761,0.0136072766,0.0000000000,0.7043883801,0.7127932906,0.0000000000,0.0000000000,0.0851269364,0.0921784565,0.1322046667,0.1207489073,0.0434498116,0.0275188629,0.0845302418,0.0688752383,0.0366712697,0.0355878919,0.5015391111,0.4967160523,0.1625643373,0.1628481150,0.1511210352,0.1504928470,0.1086074710,0.0000000000,0.0000000000,0.0085245725,0.2262393534,0.2505092323,0.2374142259,0.2413488925,0.0000114643,0.0000000000,0.0000000000,0.0000000000,-0.0261468887,0.2004530430,-0.0053119147,0.0510097593,0.2004531473,0.0103593925
20:19:47:54.247,61,0.0968933627,0.3294435740,0.0872673467,0.0000000000,0.0000000000,0.0615324192,0.0000000000,0.0966333225,0.3297958076,0.0416032746,0.0000000000,0.0000000000,0.0615486503,0.0000000000,0.0762315094,0.0000000000,0.0070016305,0.1309437007,0.0674313009,0.0580107234,0.0587138832,0.0133310761,0.0000000000,0.7046877146,0.7130326629,0.0000000000,0.0000000000,0.0850841999,0.0921305269,0.1318067759,0.1205397844,0.0436165594,0.0275416393,0.0847925022,0.0690002367,0.0366562270,0.0355503000,0.4998506308,0.4961411357,0.1626631320,0.1629654020,0.1517821699,0.1511376202,0.1085539013,0.0000000000,0.0000000000,0.0085289152,0.2269140929,0.2509409785,0.2377532423,0.2417716235,0.0000072127,0.0000000000,0.0000000000,0.0000000000,-0.0248999018,0.2015241385,-0.0050864131,0.0522317514,0.2015242279,0.0106655555
