Timecode,BlendshapeCount,EyeBlinkLeft,EyeLookDownLeft,EyeLookInLeft,EyeLookOutLeft,EyeLookUpLeft,EyeSquintLeft,EyeWideLeft,EyeBlinkRight,EyeLookDownRight,EyeLookInRight,EyeLookOutRight,EyeLookUpRight,EyeSquintRight,EyeWideRight,JawForward,JawRight,JawLeft,JawOpen,MouthClose,MouthFunnel,MouthPucker,MouthRight,MouthLeft,MouthSmileLeft,MouthSmileRight,MouthFrownLeft,MouthFrownRight,MouthDimpleLeft,MouthDimpleRight,MouthStretchLeft,MouthStretchRight,MouthRollLower,MouthRollUpper,MouthShrugLower,MouthShrugUpper,MouthPressLeft,MouthPressRight,MouthLowerDownLeft,MouthLowerDownRight,MouthUpperUpLeft,MouthUpperUpRight,BrowDownLeft,BrowDownRight,BrowInnerUp,BrowOuterUpLeft,BrowOuterUpRight,CheekPuff,CheekSquintLeft,CheekSquintRight,NoseSneerLeft,NoseSneerRight,TongueOut,HeadYaw,HeadPitch,HeadRoll,LeftEyeYaw,LeftEyePitch,LeftEyeRoll,RightEyeYaw,RightEyePitch,RightEyeRoll
20:19:52:32.537,61,0.0054012635,0.2709520459,0.1048295423,0.0000000000,0.0000000000,0.0515057147,0.0095536672,0.0054276665,0.2714788318,0.0238272920,0.0000000000,0.0000000000,0.0515260696,0.0099485554,0.0387808420,0.0030263886,0.0000000000,0.0845767111,0.1057562158,0.0578817204,0.1349362582,0.0222178530,0.0000000000,0.2102716118,0.2045702189,0.0000000000,0.0000000000,0.0587458201,0.0587937906,0.1553965360,0.1484659910,0.0975806490,0.0410090461,0.1430312246,0.0800019428,0.0503177419,0.0492189601,0.1413902640,0.1334698051,0.0294473488,0.0294312295,0.1446492076,0.1439208090,0.1013841629,0.0000000000,0.0000000000,0.0186801143,0.0923297033,0.1031973958,0.1388056427,0.1457149237,0.0000038273,0.0000000000,0.0000000000,0.0000000000,-0.0143555598,0.1658542156,-0.0024029172,0.0631604195,0.1658489555,0.0105647789
20:19:52:33.537,61,0.0053344336,0.2748294175,0.1034400463,0.0000000000,0.0000000000,0.0513854213,0.0094245048,0.0053564091,0.2753448784,0.0253393333,0.0000000000,0.0000000000,0.0514051691,0.0098060034,0.0381080583,0.0028121322,0.0000000000,0.0836673677,0.1048654020,0.0573824607,0.1339987516,0.0223364998,0.0000000000,0.2150784433,0.2074543238,0.0000000000,0.0000000000,0.0579327047,0.0578476116,0.1541485190,0.1468865275,0.0946964025,0.0405037180,0.1400450170,0.0793912709,0.0496963263,0.0486214608,0.1414787024,0.1327206492,0.0294928495,0.0294519905,0.1475650072,0.1467636675,0.1009412259,0.0000000000,0.0000000000,0.0184588153,0.0917595327,0.1025023386,0.1388323754,0.1455384940,0.0000069526,0.0000000000,0.0000000000,0.0000000000,-0.0152604636,0.1682184339,-0.0025914761,0.0622983836,0.1682131588,0.0105721448
20:19:52:34.539,61,0.0051839142,0.2789899707,0.1040079296,0.0000000000,0.0000000000,0.0513063893,0.0094485190,0.0052028052,0.2795199752,0.0248588342,0.0000000000,0.0000000000,0.0513256304,0.0098190419,0.0374438874,0.0026956468,0.0000000000,0.0825653225,0.1041187346,0.0570772253,0.1335942000,0.0226821043,0.0000000000,0.2232245356,0.2121803761,0.0000000000,0.0000000000,0.0572904013,0.0571008734,0.1533805579,0.1458318383,0.0928147659,0.0399045199,0.1390428990,0.0791235864,0.0491632782,0.0481061824,0.1415825039,0.1324357688,0.0296949968,0.0295971874,0.1489774734,0.1481462419,0.1007864922,0.0000000000,0.0000000000,0.0182676408,0.0914817080,0.1021490693,0.1420497894,0.1473772377,0.0000072262,0.0000000000,0.0000000000,0.0000000000,-0.0149645517,0.1707683355,-0.0025805037,0.0626131669,0.1707632095,0.0107897073
20:19:52:35.539,61,0.0048793806,0.2785198092,0.1039817706,0.0000000000,0.0000000000,0.0515366718,0.0105503323,0.0048961896,0.2790484428,0.0249771848,0.0000000000,0.0000000000,0.0515554287,0.0109302504,0.0367921814,0.0026594240,0.0000000000,0.0813774765,0.1034612060,0.0570538864,0.1335739344,0.0231585465,0.0000000000,0.2337110788,0.2202527970,0.0000000000,0.0000000000,0.0567990430,0.0565305874,0.1529424042,0.1451270133,0.0917089209,0.0392364487,0.1390300989,0.0792773739,0.0487115569,0.0476691797,0.1424851418,0.1326511502,0.0301487539,0.0299602635,0.1700199097,0.1688297838,0.1010631472,0.0000000000,0.0000000000,0.0181604289,0.0916372016,0.1022561044,0.1461219043,0.1506927907,0.0000073037,0.0000000000,0.0000000000,0.0000000000,-0.0150365438,0.1704804599,-0.0025884598,0.0626005158,0.1704752594,0.0107689844
20:19:52:36.540,61,0.0045486516,0.2776832283,0.1032499969,0.0000000000,0.0000000000,0.0516948402,0.0114590926,0.0045638126,0.2782002985,0.0258818250,0.0000000000,0.0000000000,0.0517129414,0.0118467528,0.0360678248,0.0024866830,0.0000000000,0.0804656297,0.1028893217,0.0572484657,0.1337107718,0.0237777065,0.0000000000,0.2382986099,0.2230600268,0.0000000000,0.0000000000,0.0563398898,0.0560125001,0.1524131000,0.1444564015,0.0906141177,0.0385183021,0.1393691003,0.0795387402,0.0481789894,0.0471368767,0.1429972351,0.1328236759,0.0307068266,0.0303949714,0.1755343676,0.1742440909,0.1014892310,0.0000000000,0.0000000000,0.0180165432,0.0918439254,0.1023411602,0.1476439983,0.1518650949,0.0000074420,0.0000000000,0.0000000000,0.0000000000,-0.0155825336,0.1699637324,-0.0026741519,0.0621654466,0.1699585021,0.0106611950
20:19:52:37.542,61,0.0043370309,0.2765491307,0.1020924374,0.0000000000,0.0000000000,0.0519381836,0.0118525503,0.0043504750,0.2770488262,0.0271339882,0.0000000000,0.0000000000,0.0519556515,0.0122407787,0.0355403312,0.0022824786,0.0000000000,0.0800009891,0.1027398258,0.0576207936,0.1339444220,0.0253673717,0.0000000000,0.2416562885,0.2246571481,0.0000000000,0.0000000000,0.0560823716,0.0556894243,0.1523405015,0.1442502588,0.0901690200,0.0379440561,0.1418024451,0.0799444616,0.0477299020,0.0466823205,0.1442513615,0.1333017796,0.0313045382,0.0308254529,0.1731512994,0.1717608124,0.1021021828,0.0000000000,0.0000000000,0.0178551991,0.0925570875,0.1027642339,0.1487405300,0.1526561975,0.0000068860,0.0000000000,0.0000000000,0.0000000000,-0.0163383801,0.1692623049,-0.0027920569,0.0614757985,0.1692570746,0.0104987286
20:19:52:38.543,61,0.0045718290,0.2755866349,0.1020982265,0.0000000000,0.0000000000,0.0522822812,0.0113242269,0.0045768037,0.2760845721,0.0272212140,0.0000000000,0.0000000000,0.0522992313,0.0117047299,0.0350242928,0.0020655072,0.0000000000,0.0796090662,0.1026021466,0.0578289628,0.1339298934,0.0263103116,0.0000000000,0.2433349043,0.2254403830,0.0000000000,0.0000000000,0.0557751097,0.0553274043,0.1519754082,0.1438190192,0.0896827728,0.0374532752,0.1424898952,0.0800535008,0.0472535044,0.0461925752,0.1448342502,0.1335559040,0.0317313038,0.0311071798,0.1709288657,0.1695309877,0.1024293751,0.0000000000,0.0000000000,0.0177059080,0.0930656940,0.1030783653,0.1492529511,0.1529503018,0.0000093839,0.0000000000,0.0000000000,0.0000000000,-0.0163925476,0.1686733663,-0.0027913777,0.0614854544,0.1686680913,0.0104631335
20:19:52:39.544,61,0.0045692506,0.2745350599,0.1029039174,0.0000000000,0.0000000000,0.0525806546,0.0113649797,0.0045708776,0.2750416398,0.0264400374,0.0000000000,0.0000000000,0.0525973029,0.0117474142,0.0345816985,0.0020481558,0.0000000000,0.0793286562,0.1024945006,0.0579003356,0.1334939599,0.0271318611,0.0000000000,0.2431135923,0.2249612957,0.0000000000,0.0000000000,0.0554805249,0.0550025776,0.1517838687,0.1434859037,0.0892114490,0.0371092632,0.1424094886,0.0797995478,0.0467564799,0.0456889421,0.1452184767,0.1337129325,0.0319537148,0.0312147886,0.1638796329,0.1623886526,0.1025327370,0.0000000000,0.0000000000,0.0175011829,0.0932789072,0.1031362191,0.1492823660,0.1528697014,0.0000124756,0.0000000000,0.0000000000,0.0000000000,-0.0159238558,0.1680349112,-0.0027011146,0.0619773939,0.1680296212,0.0105060525
20:19:52:40.544,61,0.0050103692,0.2763071358,0.1036157385,0.0000000000,0.0000000000,0.0526689403,0.0104685593,0.0049990974,0.2768262029,0.0256756004,0.0000000000,0.0000000000,0.0526857674,0.0108452626,0.0343521275,0.0022690014,0.0000000000,0.0793380961,0.1025982127,0.0577479377,0.1329577565,0.0278153773,0.0000000000,0.2427414358,0.2248032987,0.0000000000,0.0000000000,0.0554087348,0.0549165495,0.1519702226,0.1433898509,0.0893739685,0.0370223634,0.1422889978,0.0795342773,0.0464399382,0.0453827903,0.1459033340,0.1341608465,0.0320081003,0.0312016308,0.1614941210,0.1599913836,0.1024293825,0.0000000000,0.0000000000,0.0172934663,0.0932980180,0.1031183377,0.1491865963,0.1527862996,0.0000122974,0.0000000000,0.0000000000,0.0000000000,-0.0154605946,0.1691239476,-0.0026398634,0.0623946153,0.1691186875,0.0106465472
20:19:52:41.545,61,0.0053432048,0.2750887573,0.1030830592,0.0000000000,0.0000000000,0.0527520329,0.0097975451,0.0053232936,0.2755988538,0.0261739939,0.0000000000,0.0000000000,0.0527692884,0.0101668779,0.0341520123,0.0024513432,0.0000000000,0.0794657320,0.1026887596,0.0575477220,0.1327039003,0.0283251982,0.0000000000,0.2277380377,0.2113790214,0.0000000000,0.0000000000,0.0552502833,0.0547661744,0.1517514437,0.1430545300,0.0896123275,0.0370686501,0.1420384049,0.0792048723,0.0462526269,0.0452002995,0.1458576471,0.1340552419,0.0318647958,0.0310055986,0.1478657871,0.1464967281,0.1022711396,0.0000000000,0.0000000000,0.0171972420,0.0930805132,0.1028727666,0.1476164758,0.1512540430,0.0000098494,0.0000000000,0.0000000000,0.0000000000,-0.0157627147,0.1683748960,-0.0026792965,0.0620817356,0.1683696061,0.0105454139
20:19:52:42.546,61,0.0053936853,0.2738021016,0.1007325277,0.0000000000,0.0000000000,0.0528388880,0.0096071847,0.0053706835,0.2742794156,0.0285066999,0.0000000000,0.0000000000,0.0528567545,0.0099712675,0.0339361168,0.0026067754,0.0000000000,0.0797192901,0.1029056981,0.0574621446,0.1328068823,0.0286734980,0.0000000000,0.2233614028,0.2075990289,0.0000000000,0.0000000000,0.0551225021,0.0546628460,0.1515748203,0.1427926123,0.0897428691,0.0371356681,0.1417480707,0.0788482055,0.0461472757,0.0450986810,0.1458392888,0.1341038346,0.0316518135,0.0307682827,0.1406513900,0.1394099742,0.1019683182,0.0000000000,0.0000000000,0.0171682760,0.0926508904,0.1024885550,0.1453811973,0.1492190808,0.0000065289,0.0000000000,0.0000000000,0.0000000000,-0.0171698816,0.1675727069,-0.0029042899,0.0606742464,0.1675674468,0.0102566136
20:19:52:43.548,61,0.0053130398,0.2737036645,0.0989717022,0.0000000000,0.0000000000,0.0530672148,0.0096244002,0.0052891104,0.2741581500,0.0302156843,0.0000000000,0.0000000000,0.0530855991,0.0099843033,0.0340721905,0.0027146388,0.0000000000,0.0817522705,0.1060506031,0.0578878410,0.1341901869,0.0292017590,0.0000000000,0.2215236425,0.2058736533,0.0000000000,0.0000000000,0.0553262010,0.0548572391,0.1548822075,0.1446421891,0.0912748948,0.0373407640,0.1420986801,0.0787951574,0.0462142155,0.0451615937,0.1521793455,0.1393299997,0.0316833146,0.0307435542,0.1377097070,0.1365113556,0.1023465768,0.0000000000,0.0000000000,0.0172017571,0.0929092690,0.1028259695,0.1448448598,0.1487031877,0.0000020345,0.0000000000,0.0000000000,0.0000000000,-0.0181994420,0.1675016880,-0.0030770910,0.0596142896,0.1674963981,0.0100733070
20:19:52:44.549,61,0.0054218546,0.2724922597,0.0980299786,0.0000000000,0.0000000000,0.0533697195,0.0092529114,0.0053948099,0.2729325891,0.0312107168,0.0000000000,0.0000000000,0.0533879921,0.0096034054,0.0342814960,0.0025124527,0.0000000000,0.0828574523,0.1087366641,0.0607082844,0.1346111745,0.0296577085,0.0000000000,0.2207549214,0.2049728185,0.0000000000,0.0000000000,0.0554468408,0.0549537651,0.1578121781,0.1471873224,0.0921093374,0.0374300778,0.1425089687,0.0788018554,0.0461588427,0.0450960733,0.1581031382,0.1446700990,0.0319439545,0.0309261195,0.1357169896,0.1345288306,0.1032657623,0.0000000000,0.0000000000,0.0171877984,0.0943380445,0.1038772613,0.1454053074,0.1490178406,0.0000019584,0.0000000000,0.0000000000,0.0000000000,-0.0188011434,0.1667547971,-0.0031643708,0.0590544343,0.1667494476,0.0099334884
20:19:52:45.550,61,0.0057031908,0.2719713151,0.0987541080,0.0000000000,0.0000000000,0.0535537936,0.0086812135,0.0056694294,0.2724199593,0.0305587221,0.0000000000,0.0000000000,0.0535717122,0.0090247151,0.0341507867,0.0023570289,0.0000000000,0.0831318870,0.1094636768,0.0615955889,0.1348627359,0.0301189981,0.0000000000,0.2285359651,0.2080145925,0.0000000000,0.0000000000,0.0553500503,0.0548463911,0.1578620374,0.1474841684,0.0922514051,0.0372742042,0.1427932084,0.0788630173,0.0459705666,0.0448915102,0.1596638858,0.1460504383,0.0321929194,0.0310821757,0.1343442351,0.1331383586,0.1037756056,0.0000000000,0.0000000000,0.0171716549,0.0949463993,0.1043003350,0.1456159204,0.1491162926,0.0000033666,0.0000000000,0.0000000000,0.0000000000,-0.0184093509,0.1664403379,-0.0030924850,0.0594938397,0.1664350629,0.0099880882
20:19:52:46.551,61,0.0060433317,0.2726503015,0.0994465053,0.0000000000,0.0000000000,0.0537051484,0.0080206022,0.0060016001,0.2731090188,0.0298337638,0.0000000000,0.0000000000,0.0537228137,0.0083575659,0.0340797119,0.0023013258,0.0000000000,0.0832757726,0.1098604277,0.0621535443,0.1350272596,0.0302831326,0.0000000000,0.2305695266,0.2098995000,0.0000000000,0.0000000000,0.0552739389,0.0547763221,0.1579313427,0.1475760639,0.0922739804,0.0371958911,0.1426712871,0.0786777586,0.0457907282,0.0447009578,0.1606210470,0.1469921917,0.0323338732,0.0311906897,0.1292872727,0.1279602200,0.1043961197,0.0000000000,0.0000000000,0.0171541926,0.0952861980,0.1045762673,0.1458977759,0.1494333446,0.0000054394,0.0000000000,0.0000000000,0.0000000000,-0.0179713480,0.1668599993,-0.0030266710,0.0599067695,0.1668547243,0.0100831594
20:19:52:47.551,61,0.0064880052,0.2724914253,0.0994643718,0.0000000000,0.0000000000,0.0538866036,0.0071076062,0.0064351056,0.2729504406,0.0297110286,0.0000000000,0.0000000000,0.0539044850,0.0074381297,0.0341241322,0.0023499462,0.0000000000,0.0833494216,0.1099136248,0.0622597151,0.1348818094,0.0302755944,0.0000000000,0.2250965536,0.2101568282,0.0000000000,0.0000000000,0.0551879257,0.0547006615,0.1581768841,0.1477837116,0.0925478935,0.0372434594,0.1425682604,0.0785150155,0.0457759425,0.0446980335,0.1603410095,0.1470141560,0.0322375894,0.0311057996,0.1274858564,0.1261405200,0.1044754833,0.0000000000,0.0000000000,0.0171664618,0.0953941792,0.1047489569,0.1458731741,0.1495229006,0.0000071878,0.0000000000,0.0000000000,0.0000000000,-0.0178977065,0.1667629033,-0.0030124828,0.0599185228,0.1667576134,0.0100791538
20:19:52:48.553,61,0.0067117219,0.2707311511,0.0998077616,0.0000000000,0.0000000000,0.0539084561,0.0065734158,0.0066538192,0.2711922824,0.0292093996,0.0000000000,0.0000000000,0.0539264604,0.0068958090,0.0340130627,0.0022875783,0.0000000000,0.0830275267,0.1080618575,0.0611152388,0.1346785724,0.0290831421,0.0000000000,0.2160071582,0.2097312659,0.0000000000,0.0000000000,0.0549087897,0.0544860102,0.1552626044,0.1468960345,0.0926069021,0.0372913778,0.1423190683,0.0783174410,0.0458399765,0.0447655059,0.1435062140,0.1370032132,0.0318350308,0.0307726301,0.1252791286,0.1240444705,0.1036449447,0.0000000000,0.0000000000,0.0172622800,0.0938017666,0.1036775038,0.1388041377,0.1452265084,0.0000068201,0.0000000000,0.0000000000,0.0000000000,-0.0175987035,0.1656878591,-0.0029427102,0.0601362102,0.1656825393,0.0100493031
20:19:52:49.554,61,0.0068934113,0.2685301006,0.1013668105,0.0000000000,0.0000000000,0.0538181849,0.0061545321,0.0068317042,0.2690080404,0.0275039040,0.0000000000,0.0000000000,0.0538362600,0.0064699654,0.0338406488,0.0022400480,0.0000000000,0.0827108771,0.1071150154,0.0599861667,0.1345044822,0.0283494350,0.0000000000,0.2108877152,0.2079157531,0.0000000000,0.0000000000,0.0545809083,0.0542331114,0.1531968415,0.1460732818,0.0925236121,0.0373487584,0.1419136375,0.0780178234,0.0458520949,0.0447861403,0.1381133348,0.1324839294,0.0313306674,0.0303427037,0.1204811633,0.1193680093,0.1029015183,0.0000000000,0.0000000000,0.0173259471,0.0912672281,0.1011465043,0.1339515746,0.1409057826,0.0000061679,0.0000000000,0.0000000000,0.0000000000,-0.0165748224,0.1643504500,-0.0027487415,0.0610892102,0.1643450707,0.0101244394
20:19:52:50.555,61,0.0071495916,0.2679535449,0.1003879979,0.0000000000,0.0000000000,0.0537660606,0.0055133072,0.0070822160,0.2684181333,0.0284634996,0.0000000000,0.0000000000,0.0537840165,0.0058203554,0.0336303003,0.0019742299,0.0000000000,0.0823343843,0.1063508615,0.0592823774,0.1341429949,0.0276962984,0.0000000000,0.2070512921,0.2028219104,0.0000000000,0.0000000000,0.0541360378,0.0538195372,0.1506985724,0.1443175524,0.0921180248,0.0373828001,0.1375055909,0.0771473646,0.0457376651,0.0446872339,0.1354898959,0.1303578615,0.0308440626,0.0299281813,0.1186310649,0.1175715253,0.1021924764,0.0000000000,0.0000000000,0.0174035672,0.0900363848,0.0999389961,0.1318885833,0.1391282380,0.0000045394,0.0000000000,0.0000000000,0.0000000000,-0.0171541329,0.1639916748,-0.0028384801,0.0605028719,0.1639862806,0.0100051025
20:19:52:51.555,61,0.0075400327,0.2682884037,0.1003780439,0.0000000000,0.0000000000,0.0536387376,0.0046391170,0.0074625905,0.2687534988,0.0284226779,0.0000000000,0.0000000000,0.0536564887,0.0049406001,0.0335542113,0.0016546272,0.0000000000,0.0820963383,0.1059244275,0.0589353852,0.1339241415,0.0271454453,0.0000000000,0.2058314085,0.2014724016,0.0000000000,0.0000000000,0.0538667776,0.0535701960,0.1496922523,0.1436083615,0.0919459984,0.0374716856,0.1360118389,0.0765547678,0.0457087122,0.0446605384,0.1355828792,0.1297348887,0.0304937139,0.0296446960,0.1174148619,0.1163859665,0.1018656716,0.0000000000,0.0000000000,0.0175089072,0.0894303322,0.0993360654,0.1311841160,0.1385411471,0.0000031841,0.0000000000,0.0000000000,0.0000000000,-0.0171289500,0.1641965061,-0.0028379185,0.0604948178,0.1641911417,0.0100164963
20:19:52:52.557,61,0.0080655534,0.2684279382,0.1005019993,0.0000000000,0.0000000000,0.0536015816,0.0035116188,0.0079725804,0.2688949406,0.0282667931,0.0000000000,0.0000000000,0.0536192060,0.0038118255,0.0334249511,0.0013874358,0.0000000000,0.0817782804,0.1055038497,0.0586885810,0.1336724460,0.0267850999,0.0000000000,0.2052880675,0.2007056624,0.0000000000,0.0000000000,0.0535652637,0.0532827042,0.1490339637,0.1430588067,0.0915881246,0.0374722220,0.1350186020,0.0760219023,0.0456060544,0.0445592925,0.1356571913,0.1295520663,0.0301974285,0.0293955393,0.1144831255,0.1134971529,0.1017016396,0.0000000000,0.0000000000,0.0175703354,0.0890063345,0.0988987610,0.1309878230,0.1383066326,0.0000031764,0.0000000000,0.0000000000,0.0000000000,-0.0170347635,0.1642826498,-0.0028238229,0.0605686605,0.1642772704,0.0100340648
20:19:52:53.559,61,0.0087129073,0.2676750422,0.1008839235,0.0000000000,0.0000000000,0.0535714626,0.0022066636,0.0085984580,0.2681456804,0.0278840866,0.0000000000,0.0000000000,0.0535889901,0.0025113979,0.0333026052,0.0012493079,0.0000000000,0.0815698653,0.1052213460,0.0584190711,0.1331218481,0.0265545640,0.0000000000,0.2053590715,0.2006261051,0.0000000000,0.0000000000,0.0533739105,0.0531255305,0.1486373693,0.1426440030,0.0913913324,0.0375034735,0.1343558431,0.0755382031,0.0454249606,0.0443801917,0.1360690743,0.1297028065,0.0299297068,0.0291675590,0.1119061485,0.1109131724,0.1016011909,0.0000000000,0.0000000000,0.0175198838,0.0886348858,0.0984761640,0.1308520734,0.1380737722,0.0000031235,0.0000000000,0.0000000000,0.0000000000,-0.0168054011,0.1638242155,-0.0027778908,0.0608034544,0.1638188511,0.0100442944
20:19:52:54.559,61,0.0095554218,0.2680574059,0.1012319848,0.0000000000,0.0000000000,0.0534766763,0.0006708223,0.0093321446,0.2685331404,0.0275019947,0.0000000000,0.0000000000,0.0534941666,0.0009982474,0.0332793482,0.0012063163,0.0000000000,0.0814605728,0.1050031558,0.0581155904,0.1328395158,0.0263612904,0.0000000000,0.2039142549,0.1991127133,0.0000000000,0.0000000000,0.0531438775,0.0529318154,0.1485056430,0.1424063444,0.0914546400,0.0375828296,0.1341345310,0.0752325952,0.0453607962,0.0443272069,0.1363035142,0.1297356039,0.0296059474,0.0288842265,0.1065150052,0.1055043861,0.1016276404,0.0000000000,0.0000000000,0.0175164063,0.0882380605,0.0980529189,0.1307608932,0.1378760487,0.0000049873,0.0000000000,0.0000000000,0.0000000000,-0.0165744703,0.1640603095,-0.0027437424,0.0610108674,0.1640549749,0.0100933015
20:19:52:55.560,61,0.0101460498,0.2673806250,0.1015058756,0.0000000000,0.0000000000,0.0534319952,0.0000000000,0.0098879300,0.2678587735,0.0272008236,0.0000000000,0.0000000000,0.0534493476,0.0000000000,0.0333629586,0.0011109462,0.0000000000,0.0816259608,0.1051374152,0.0579963587,0.1323780268,0.0262064952,0.0000000000,0.2036578655,0.1987089366,0.0000000000,0.0000000000,0.0530566350,0.0528764911,0.1485301703,0.1423161030,0.0916284621,0.0378065668,0.1336423308,0.0746990815,0.0452317372,0.0442086309,0.1385349333,0.1304719150,0.0293072667,0.0286207031,0.1042602733,0.1032375097,0.1017104760,0.0000000000,0.0000000000,0.0174741466,0.0880090371,0.0977577195,0.1306899637,0.1377046704,0.0000056749,0.0000000000,0.0000000000,0.0000000000,-0.0163940825,0.1636478305,-0.0027069368,0.0611801222,0.1636424810,0.0100953560
20:19:52:56.561,61,0.0105318651,0.2667793632,0.1001756266,0.0000000000,0.0000000000,0.0533637404,0.0000000000,0.0102585386,0.2672397196,0.0285478216,0.0000000000,0.0000000000,0.0533808842,0.0000000000,0.0333437473,0.0009829507,0.0000000000,0.0817378014,0.1053207219,0.0580403991,0.1318434626,0.0261575170,0.0000000000,0.2090339512,0.2013030499,0.0000000000,0.0000000000,0.0530378148,0.0528725795,0.1484922022,0.1421750039,0.0913819075,0.0379927196,0.1313120723,0.0735160932,0.0449922644,0.0439665206,0.1428846270,0.1332375258,0.0290972684,0.0284317080,0.1034766063,0.1024487466,0.1017503142,0.0000000000,0.0000000000,0.0173755828,0.0877347067,0.0974108428,0.1307081580,0.1375770718,0.0000064975,0.0000000000,0.0000000000,0.0000000000,-0.0172069930,0.1632718295,-0.0028345035,0.0603820272,0.1632664800,0.0099405283
20:19:52:57.563,61,0.0108591244,0.2675894499,0.0997155756,0.0000000000,0.0000000000,0.0533199646,0.0000000000,0.0105785383,0.2680452466,0.0290235020,0.0000000000,0.0000000000,0.0533369407,0.0000000000,0.0333619006,0.0009455904,0.0000000000,0.0818059295,0.1055312306,0.0582118146,0.1317253262,0.0260822214,0.0000000000,0.2135953307,0.2069522440,0.0000000000,0.0000000000,0.0530855805,0.0529451370,0.1491808146,0.1425516754,0.0910945162,0.0380600281,0.1305808872,0.0729399994,0.0448215827,0.0437840074,0.1478816122,0.1378466785,0.0290109087,0.0283678845,0.1032804176,0.1022444218,0.1020494327,0.0000000000,0.0000000000,0.0172598381,0.0875576138,0.0971770436,0.1309715807,0.1377327740,0.0000070547,0.0000000000,0.0000000000,0.0000000000,-0.0174922850,0.1637648344,-0.0028903524,0.0600998215,0.1637594104,0.0099245403
20:19:52:58.564,61,0.0111455973,0.2682626247,0.0995902568,0.0000000000,0.0000000000,0.0532090925,0.0000000000,0.0108619211,0.2687178254,0.0291840453,0.0000000000,0.0000000000,0.0532259345,0.0000000000,0.0331946388,0.0009532961,0.0000000000,0.0815825835,0.1053895801,0.0581804030,0.1314815879,0.0260089226,0.0000000000,0.2157397270,0.2094796300,0.0000000000,0.0000000000,0.0529743694,0.0528487340,0.1490774155,0.1422833651,0.0903707668,0.0380142666,0.1298125833,0.0723569021,0.0445743203,0.0435325876,0.1495109200,0.1392482966,0.0289034415,0.0282871928,0.1043869853,0.1033393219,0.1019892246,0.0000000000,0.0000000000,0.0171505306,0.0872178152,0.0967920795,0.1310736686,0.1377604306,0.0000053977,0.0000000000,0.0000000000,0.0000000000,-0.0175878480,0.1641759872,-0.0029135698,0.0600202195,0.1641706079,0.0099367499
20:19:52:59.565,61,0.0114924358,0.2685916424,0.0985553041,0.0000000000,0.0000000000,0.0531230234,0.0000000000,0.0112039521,0.2690341175,0.0302316956,0.0000000000,0.0000000000,0.0531399027,0.0000000000,0.0330579318,0.0010310583,0.0000000000,0.0814802423,0.1053257585,0.0580706708,0.1312275678,0.0259729009,0.0000000000,0.2165548205,0.2105031759,0.0000000000,0.0000000000,0.0528308526,0.0527171642,0.1488969475,0.1419199407,0.0898317993,0.0380232260,0.1290874332,0.0717748404,0.0443306565,0.0432971939,0.1502277553,0.1398394406,0.0287388247,0.0281519983,0.1058933362,0.1048773751,0.1017303243,0.0000000000,0.0000000000,0.0170583241,0.0868611261,0.0964367166,0.1310209036,0.1376475990,0.0000054173,0.0000000000,0.0000000000,0.0000000000,-0.0182186328,0.1643711329,-0.0030217050,0.0593945161,0.1643657535,0.0098451907
20:19:53:00.566,61,0.0119999098,0.2689670026,0.0974984095,0.0000000000,0.0000000000,0.0530242026,0.0000000000,0.0117018465,0.2693966031,0.0312923752,0.0000000000,0.0000000000,0.0530411489,0.0000000000,0.0329509117,0.0009925055,0.0000000000,0.0813935921,0.1052720398,0.0579997115,0.1311029643,0.0257528722,0.0000000000,0.2165674865,0.2107364833,0.0000000000,0.0000000000,0.0526545979,0.0525463559,0.1486377418,0.1415473670,0.0894410834,0.0380577110,0.1285192668,0.0712823868,0.0441784039,0.0431545302,0.1504602879,0.1400481910,0.0285694581,0.0280289873,0.1079227701,0.1069890931,0.1013573110,0.0000000000,0.0000000000,0.0170555506,0.0865537077,0.0961560011,0.1310152262,0.1376291513,0.0000046457,0.0000000000,0.0000000000,0.0000000000,-0.0188571382,0.1645945609,-0.0031319221,0.0587553717,0.1645892113,0.0097528566
20:19:53:01.567,61,0.0124525372,0.2680577338,0.0965612456,0.0000000000,0.0000000000,0.0530209169,0.0000000000,0.0121446485,0.2684741020,0.0322118886,0.0000000000,0.0000000000,0.0530381128,0.0000000000,0.0328110307,0.0009842976,0.0000000000,0.0813106671,0.1052137688,0.0579028465,0.1308782399,0.0257175118,0.0000000000,0.2132867873,0.2075360864,0.0000000000,0.0000000000,0.0524286926,0.0523192249,0.1486268789,0.1413983107,0.0890269727,0.0380654559,0.1279362887,0.0707847700,0.0439650826,0.0429570526,0.1503318548,0.1398972869,0.0283816587,0.0278673805,0.1088408157,0.1079378501,0.1009657457,0.0000000000,0.0000000000,0.0170139261,0.0861748457,0.0957933143,0.1308778375,0.1374132633,0.0000041497,0.0000000000,0.0000000000,0.0000000000,-0.0194130614,0.1640326977,-0.0032130352,0.0581959859,0.1640273780,0.0096265422
20:19:53:02.568,61,0.0129588479,0.2676495612,0.0953334942,0.0000000000,0.0000000000,0.0530228838,0.0000000000,0.0126444632,0.2680499852,0.0334134512,0.0000000000,0.0000000000,0.0530402772,0.0000000000,0.0325561501,0.0008788079,0.0000000000,0.0811135247,0.1050044894,0.0577126257,0.1307576150,0.0254796129,0.0000000000,0.1973241568,0.1933492124,0.0000000000,0.0000000000,0.0519925244,0.0518762879,0.1483150423,0.1410398334,0.0884613618,0.0379269496,0.1274584383,0.0704007521,0.0436885916,0.0427022725,0.1470527053,0.1375121772,0.0281901602,0.0277116448,0.1096130386,0.1087362766,0.1004935130,0.0000000000,0.0000000000,0.0169582851,0.0857489556,0.0953931138,0.1307094693,0.1371573657,0.0000052533,0.0000000000,0.0000000000,0.0000000000,-0.0201380607,0.1637759209,-0.0033277005,0.0574584231,0.1637704968,0.0094895260
20:19:53:03.568,61,0.0165935066,0.2678347826,0.0942371115,0.0000000000,0.0000000000,0.0530333370,0.0000000000,0.0162442867,0.2682214975,0.0345000625,0.0000000000,0.0000000000,0.0530507527,0.0000000000,0.0320987329,0.0006554550,0.0000000000,0.0805879533,0.1038131043,0.0570947751,0.1306203306,0.0252721179,0.0000000000,0.1901013255,0.1830521822,0.0000000000,0.0000000000,0.0511449240,0.0509019718,0.1432601362,0.1365264356,0.0857215971,0.0376394279,0.1267954409,0.0699872971,0.0433238596,0.0423579291,0.1340750456,0.1259840727,0.0279159173,0.0274613742,0.1116218939,0.1108281761,0.0983386412,0.0000000000,0.0000000000,0.0168765858,0.0850280523,0.0943656787,0.1302392930,0.1363469213,0.0000053667,0.0000000000,0.0000000000,0.0000000000,-0.0207925960,0.1638829708,-0.0034381289,0.0567965843,0.1638776064,0.0093865916
20:19:53:04.569,61,0.0179942176,0.2682554722,0.0934255123,0.0000000000,0.0000000000,0.0531669892,0.0000000000,0.0176315289,0.2686323225,0.0353753641,0.0000000000,0.0000000000,0.0531843193,0.0000000000,0.0316136554,0.0003959219,0.0000000000,0.0801531002,0.1032010764,0.0566659607,0.1304748952,0.0251336247,0.0000000000,0.1872243881,0.1792613417,0.0000000000,0.0000000000,0.0504864864,0.0501844101,0.1414508671,0.1348303854,0.0838417560,0.0373168252,0.1261171103,0.0695889294,0.0429084748,0.0419594049,0.1305918992,0.1227878332,0.0277999192,0.0273563936,0.1507624835,0.1500225514,0.0972698107,0.0000000000,0.0000000000,0.0167589709,0.0845672563,0.0937941596,0.1302241981,0.1361402869,0.0000051706,0.0000000000,0.0000000000,0.0000000000,-0.0213192366,0.1641357988,-0.0035307340,0.0563050546,0.1641304195,0.0093200635
20:19:53:05.570,61,0.0192615800,0.2695443630,0.0925202072,0.0000000000,0.0000000000,0.0533389263,0.0000000000,0.0188559350,0.2699110508,0.0363499746,0.0000000000,0.0000000000,0.0533562563,0.0000000000,0.0309978724,0.0002576102,0.0000000000,0.0790783614,0.1020514071,0.0561864860,0.1303405762,0.0249938387,0.0000000000,0.1859648228,0.1775490791,0.0000000000,0.0000000000,0.0498457626,0.0494969375,0.1393427253,0.1321457773,0.0817023963,0.0368702859,0.1256904602,0.0693963394,0.0425050706,0.0415744483,0.1290206462,0.1212591454,0.0278169159,0.0273895655,0.2073338181,0.2066422850,0.0965727046,0.0000000000,0.0000000000,0.0166025497,0.0841165110,0.0933068097,0.1306339651,0.1364268363,0.0000056543,0.0000000000,0.0000000000,0.0000000000,-0.0219037496,0.1649192423,-0.0036451519,0.0557521768,0.1649138778,0.0092735048
20:19:53:06.572,61,0.0211637598,0.2699752450,0.0926197469,0.0000000000,0.0000000000,0.0540362932,0.0000000000,0.0207152590,0.2703435719,0.0362988636,0.0000000000,0.0000000000,0.0540539473,0.0000000000,0.0305154137,0.0000869298,0.0000000000,0.0784148574,0.1013902351,0.0560065210,0.1307128221,0.0248771235,0.0000000000,0.1862150133,0.1770103276,0.0000000000,0.0000000000,0.0493424460,0.0489447713,0.1384344548,0.1310479045,0.0806334764,0.0364188515,0.1259313375,0.0696168244,0.0423195176,0.0413992219,0.1313886493,0.1219782159,0.0280405525,0.0276185181,0.2527595758,0.2520613670,0.0963958055,0.0000000000,0.0000000000,0.0165386107,0.0842366293,0.0934304595,0.1355144083,0.1406597942,0.0000062558,0.0000000000,0.0000000000,0.0000000000,-0.0218719859,0.1651833802,-0.0036458045,0.0558097139,0.1651780307,0.0092982054
20:19:53:07.573,61,0.0269437861,0.2699127197,0.0915531218,0.0000000000,0.0000000000,0.0564171374,0.0000000000,0.0264591668,0.2702671885,0.0374133140,0.0000000000,0.0000000000,0.0564364903,0.0000000000,0.0302483719,0.0000000000,0.0001106105,0.0782702342,0.1013019755,0.0562435165,0.1312444806,0.0248285923,0.0000000000,0.1966895163,0.1824433059,0.0000000000,0.0000000000,0.0491473228,0.0486855693,0.1383158565,0.1307559460,0.0802269280,0.0361277945,0.1272300035,0.0700309351,0.0423324183,0.0414092578,0.1530597657,0.1380444020,0.0284887236,0.0280536134,0.2859653831,0.2853348851,0.0971974432,0.0000000000,0.0000000000,0.0165037215,0.0875590742,0.0972126126,0.1490949839,0.1538585424,0.0000064887,0.0000000000,0.0000000000,0.0000000000,-0.0225436743,0.1651391834,-0.0037567231,0.0551673770,0.1651338339,0.0091887992
20:19:53:08.574,61,0.0324502736,0.2695806324,0.0905480683,0.0000000000,0.0000000000,0.0609151199,0.0000000000,0.0319098309,0.2699217796,0.0384402387,0.0000000000,0.0000000000,0.0609378703,0.0000000000,0.0303123295,0.0000000000,0.0003121300,0.0797769949,0.1038872004,0.0588667989,0.1388118267,0.0250175353,0.0000000000,0.1997804344,0.1837603748,0.0000000000,0.0000000000,0.0491923131,0.0486437120,0.1442568153,0.1346652657,0.0806107968,0.0360057913,0.1335005313,0.0712334439,0.0425562523,0.0416275039,0.1701445431,0.1537183970,0.0291152801,0.0286109485,0.3094998598,0.3088124096,0.1038690582,0.0000000000,0.0000000000,0.0165181980,0.0958102494,0.1046656743,0.1602263302,0.1634003073,0.0000062141,0.0000000000,0.0000000000,0.0000000000,-0.0231632665,0.1649304926,-0.0038549863,0.0545636155,0.1649251431,0.0090766456
20:19:53:09.575,61,0.0387991071,0.2692537010,0.0895149559,0.0000000000,0.0000000000,0.0680046603,0.0000000000,0.0382881835,0.2695812285,0.0394811332,0.0000000000,0.0000000000,0.0680309683,0.0000000000,0.0305215698,0.0000000000,0.0005864682,0.0812598020,0.1073909849,0.0619059578,0.1439866126,0.0251101330,0.0000000000,0.2022451758,0.1847801059,0.0000000000,0.0000000000,0.0494644120,0.0488121584,0.1531071663,0.1424461454,0.0850499123,0.0359580256,0.1418538392,0.0734993294,0.0429128222,0.0419711135,0.1786434799,0.1624852419,0.0298584420,0.0292509347,0.3282630742,0.3276140690,0.1132018268,0.0000000000,0.0000000000,0.0165807549,0.1064028144,0.1156125218,0.1697300076,0.1725154519,0.0000055257,0.0000000000,0.0000000000,0.0000000000,-0.0237913094,0.1647248566,-0.0039544618,0.0539428741,0.1647195220,0.0089621004
20:19:53:10.576,61,0.0450955555,0.2693181634,0.0884756446,0.0000000000,0.0000000000,0.0733897462,0.0000000000,0.0445992872,0.2696324289,0.0405503847,0.0000000000,0.0000000000,0.0734175220,0.0000000000,0.0307011791,0.0000000000,0.0008894055,0.0820847452,0.1088216752,0.0632828251,0.1465974599,0.0250634495,0.0000000000,0.2005047798,0.1810455173,0.0000000000,0.0000000000,0.0495433845,0.0487872139,0.1561408043,0.1450970173,0.0865847021,0.0358222127,0.1449182034,0.0749318078,0.0432043597,0.0422503091,0.1822227836,0.1660662442,0.0305022355,0.0298351757,0.3523873687,0.3518044949,0.1205519363,0.0000000000,0.0000000000,0.0166424587,0.1101014093,0.1193678379,0.1734889895,0.1760440171,0.0000039039,0.0000000000,0.0000000000,0.0000000000,-0.0244355053,0.1647587419,-0.0040623653,0.0533162430,0.1647533625,0.0088599483
20:19:53:11.577,61,0.0502153337,0.2693656683,0.0885433182,0.0000000000,0.0000000000,0.0778021291,0.0000000000,0.0496840142,0.2696807086,0.0405224487,0.0000000000,0.0000000000,0.0778313130,0.0000000000,0.0308158137,0.0000000000,0.0011482601,0.0826177746,0.1096769646,0.0642303154,0.1492840946,0.0250713471,0.0000000000,0.1995105892,0.1789229363,0.0000000000,0.0000000000,0.0495541170,0.0486991033,0.1575730592,0.1463819295,0.0875951648,0.0356418490,0.1468687207,0.0762574002,0.0435002074,0.0425335094,0.1832200289,0.1675266474,0.0310690515,0.0303437207,0.3607520759,0.3601869941,0.1241104528,0.0000000000,0.0000000000,0.0167253576,0.1121325120,0.1214001775,0.1753581017,0.1777600944,0.0000031659,0.0000000000,0.0000000000,0.0000000000,-0.0244185552,0.1647881716,-0.0040602866,0.0533567593,0.1647827923,0.0088682873
20:19:53:12.577,61,0.0520107374,0.2649105489,0.0880290717,0.0000000000,0.0000000000,0.0821373090,0.0000000000,0.0514664464,0.2652141154,0.0410897247,0.0000000000,0.0000000000,0.0821701363,0.0000000000,0.0309413094,0.0000000000,0.0012681392,0.0831424296,0.1104121134,0.0651338920,0.1507411003,0.0254861508,0.0000000000,0.1987997741,0.1760246009,0.0000000000,0.0000000000,0.0496854447,0.0487223975,0.1586784422,0.1473200917,0.0887901708,0.0355292782,0.1484784484,0.0773368701,0.0438124649,0.0428415611,0.1838857681,0.1682553142,0.0316351764,0.0308034327,0.3801307380,0.3795150518,0.1275803149,0.0000000000,0.0000000000,0.0168418027,0.1133858338,0.1225518808,0.1763813794,0.1786326617,0.0000041057,0.0000000000,0.0000000000,0.0000000000,-0.0247715320,0.1620602459,-0.0040495628,0.0530706830,0.1620548368,0.0086721573
20:19:53:13.578,61,0.0527474694,0.2594422400,0.0885210931,0.0000000000,0.0000000000,0.0862054825,0.0000000000,0.0521953143,0.2597461045,0.0406166539,0.0000000000,0.0000000000,0.0862448886,0.0000000000,0.0309875961,0.0000000000,0.0013873591,0.0835561454,0.1108871102,0.0658705458,0.1521178335,0.0256743114,0.0000000000,0.1934953630,0.1712791622,0.0000000000,0.0000000000,0.0497068800,0.0486490019,0.1590467840,0.1476286352,0.0895132050,0.0354287922,0.1492647976,0.0780424625,0.0441132262,0.0431490876,0.1839022636,0.1683333367,0.0320753045,0.0311826970,0.4039711058,0.4035061002,0.1293291152,0.0000000000,0.0000000000,0.0170228202,0.1140798107,0.1232095212,0.1766828746,0.1789429933,0.0000050227,0.0000000000,0.0000000000,0.0000000000,-0.0244995710,0.1587179154,-0.0039210930,0.0533961318,0.1587123424,0.0085422397
20:19:53:14.580,61,0.0524619743,0.2532690465,0.0887741670,0.0000000000,0.0000000000,0.0912494212,0.0000000000,0.0519125164,0.2535691261,0.0404314063,0.0000000000,0.0000000000,0.0912932605,0.0000000000,0.0311054699,0.0000000000,0.0015467535,0.0840972662,0.1115742624,0.0674745888,0.1561450511,0.0257213283,0.0000000000,0.1915154308,0.1694364399,0.0000000000,0.0000000000,0.0498043783,0.0486596413,0.1594629139,0.1480333805,0.0902675614,0.0353789665,0.1499021947,0.0786538124,0.0444329865,0.0434646644,0.1841582656,0.1686599553,0.0325026587,0.0315623619,0.4117424786,0.4113098979,0.1307495683,0.0000000000,0.0000000000,0.0172170401,0.1148801222,0.1239746585,0.1769265831,0.1792341918,0.0000050432,0.0000000000,0.0000000000,0.0000000000,-0.0244023837,0.1549430788,-0.0038111343,0.0535807051,0.1549374312,0.0083645303
20:19:53:15.581,61,0.0525817238,0.2514614761,0.0879674479,0.0000000000,0.0000000000,0.0958972052,0.0000000000,0.0520347767,0.2517497540,0.0412769020,0.0000000000,0.0000000000,0.0959491581,0.0000000000,0.0313926078,0.0000000000,0.0016354038,0.0873910412,0.1157273427,0.0724618882,0.1591970176,0.0256900154,0.0000000000,0.1887977123,0.1676977575,0.0000000000,0.0000000000,0.0500820540,0.0488701984,0.1626747549,0.1510870457,0.0923038423,0.0354373828,0.1506361216,0.0792819932,0.0447140858,0.0437492430,0.1859112978,0.1704972088,0.0330393463,0.0320577510,0.4462101758,0.4458270073,0.1354153305,0.0000000000,0.0000000000,0.0173870623,0.1159420460,0.1250966489,0.1773941964,0.1797872037,0.0000046453,0.0000000000,0.0000000000,0.0000000000,-0.0249169860,0.1538332999,-0.0038631686,0.0531029403,0.1538276374,0.0082296915
20:19:53:16.583,61,0.0529280938,0.2487421781,0.0879540369,0.0000000000,0.0000000000,0.1013054326,0.0000000000,0.0523843132,0.2490273118,0.0413244329,0.0000000000,0.0000000000,0.1013704464,0.0000000000,0.0318735428,0.0000000000,0.0016144752,0.0900884494,0.1186733097,0.0758130550,0.1607221812,0.0256543774,0.0000000000,0.1873705834,0.1667851508,0.0000000000,0.0000000000,0.0504861623,0.0492130890,0.1700042039,0.1564337164,0.0962284505,0.0355976373,0.1528293639,0.0799868926,0.0451006778,0.0441567861,0.1896330267,0.1738697737,0.0335431136,0.0325479768,0.4591634572,0.4588093758,0.1390772909,0.0000000000,0.0000000000,0.0176238120,0.1180181652,0.1279375851,0.1779145002,0.1806288362,0.0000041522,0.0000000000,0.0000000000,0.0000000000,-0.0249520820,0.1521698684,-0.0038261197,0.0531084351,0.1521641910,0.0081401477
20:19:53:17.583,61,0.0531087480,0.2443809956,0.0880225524,0.0000000000,0.0000000000,0.1047510430,0.0000000000,0.0525652654,0.2446622849,0.0412972458,0.0000000000,0.0000000000,0.1048249453,0.0000000000,0.0321663283,0.0000000000,0.0016799334,0.0914263204,0.1201440394,0.0777323768,0.1617132574,0.0255559385,0.0000000000,0.1862796992,0.1659773290,0.0000000000,0.0000000000,0.0508211106,0.0494908951,0.1722383350,0.1582859606,0.0976823047,0.0356945284,0.1536549628,0.0804939792,0.0453548580,0.0444194563,0.1910658032,0.1752530485,0.0340687782,0.0330561027,0.4659798741,0.4656376839,0.1414336413,0.0000000000,0.0000000000,0.0178037863,0.1194193214,0.1296867877,0.1785038859,0.1813767850,0.0000037896,0.0000000000,0.0000000000,0.0000000000,-0.0249457713,0.1495025605,-0.0037570857,0.0531713217,0.1494967490,0.0080047473
20:19:53:18.584,61,0.0522360876,0.2388876826,0.0874034017,0.0000000000,0.0000000000,0.1074512079,0.0000000000,0.0516756177,0.2391558588,0.0419860072,0.0000000000,0.0000000000,0.1075328812,0.0000000000,0.0324300714,0.0000000000,0.0017420051,0.0922325328,0.1210774109,0.0787877068,0.1619738936,0.0256428756,0.0000000000,0.1858718097,0.1654847413,0.0000000000,0.0000000000,0.0512156375,0.0498300828,0.1733440459,0.1593148559,0.0991884768,0.0358178653,0.1540732235,0.0808554739,0.0455258451,0.0445974208,0.1922085434,0.1763171852,0.0345616490,0.0335007347,0.4698129594,0.4694713652,0.1431559622,0.0000000000,0.0000000000,0.0179534946,0.1209363565,0.1311842501,0.1789611131,0.1818989515,0.0000042317,0.0000000000,0.0000000000,0.0000000000,-0.0253745243,0.1461393684,-0.0037344252,0.0528236963,0.1461334825,0.0077709616
20:19:53:19.585,61,0.0518052727,0.2349482924,0.0867210627,0.0000000000,0.0000000000,0.1116363928,0.0000000000,0.0512390435,0.2352047116,0.0426781476,0.0000000000,0.0000000000,0.1117253825,0.0000000000,0.0327400453,0.0000000000,0.0018207373,0.0928598121,0.1217704117,0.0795193389,0.1622183621,0.0255667567,0.0000000000,0.1856651306,0.1653494686,0.0000000000,0.0000000000,0.0515880585,0.0501513630,0.1739271134,0.1599553674,0.1002149880,0.0359680951,0.1543968916,0.0812044367,0.0457725152,0.0448568910,0.1931627542,0.1772355288,0.0349854901,0.0339126512,0.4721557498,0.4718159735,0.1442449689,0.0000000000,0.0000000000,0.0181878153,0.1237913072,0.1346371174,0.1793834269,0.1824657768,0.0000053302,0.0000000000,0.0000000000,0.0000000000,-0.0258019082,0.1437265873,-0.0037337365,0.0524297096,0.1437206268,0.0075839246
20:19:53:20.587,61,0.0519731008,0.2354401201,0.0866597667,0.0000000000,0.0000000000,0.1144525334,0.0000000000,0.0514038168,0.2356962711,0.0427646786,0.0000000000,0.0000000000,0.1145480573,0.0000000000,0.0331196003,0.0000000000,0.0019003099,0.0933990255,0.1223912463,0.0800227448,0.1625118703,0.0255617555,0.0000000000,0.1853546351,0.1650084555,0.0000000000,0.0000000000,0.0519089475,0.0504161194,0.1742588133,0.1603771746,0.1019979566,0.0361329950,0.1548407078,0.0816049576,0.0460551605,0.0451523922,0.1938979030,0.1779679060,0.0353324674,0.0342385136,0.4736084342,0.4732716084,0.1450228542,0.0000000000,0.0000000000,0.0184224900,0.1251061410,0.1360713989,0.1796741039,0.1828443408,0.0000052508,0.0000000000,0.0000000000,0.0000000000,-0.0258530974,0.1440271288,-0.0037490742,0.0523903817,0.1440211535,0.0075943084
20:19:53:21.588,61,0.0528586842,0.2353557646,0.0859674662,0.0000000000,0.0000000000,0.1166671738,0.0000000000,0.0523081236,0.2356040329,0.0434630215,0.0000000000,0.0000000000,0.1167681143,0.0000000000,0.0335209556,0.0000000000,0.0019235620,0.0940943211,0.1230426878,0.0805859417,0.1627720594,0.0254349615,0.0000000000,0.1853205264,0.1650257558,0.0000000000,0.0000000000,0.0523207225,0.0507897586,0.1744999439,0.1607674956,0.1029337794,0.0363574214,0.1552551538,0.0819710046,0.0463170856,0.0454361923,0.1945339888,0.1786411554,0.0356939100,0.0345995016,0.5059514642,0.5056912899,0.1457735747,0.0000000000,0.0000000000,0.0186319519,0.1260109246,0.1370428056,0.1801415980,0.1834260523,0.0000047312,0.0000000000,0.0000000000,0.0000000000,-0.0262754858,0.1439723819,-0.0038088434,0.0519722477,0.1439664364,0.0075308504
20:19:53:22.589,61,0.0537609607,0.2335312963,0.0847915038,0.0000000000,0.0000000000,0.1181043014,0.0000000000,0.0532006770,0.2337645441,0.0446893536,0.0000000000,0.0000000000,0.1182094663,0.0000000000,0.0338551812,0.0000000000,0.0019596207,0.0945677012,0.1234158352,0.0810484439,0.1631182879,0.0251940377,0.0000000000,0.1848016828,0.1646615267,0.0000000000,0.0000000000,0.0526467785,0.0510813482,0.1745182127,0.1609635204,0.1036050618,0.0365536287,0.1557240635,0.0823745430,0.0466337167,0.0457751788,0.1948141158,0.1790145338,0.0359900631,0.0349192694,0.5212426782,0.5210163593,0.1464964896,0.0000000000,0.0000000000,0.0189517010,0.1264994740,0.1375930011,0.1804211587,0.1838511378,0.0000051544,0.0000000000,0.0000000000,0.0000000000,-0.0270212460,0.1428511590,-0.0038859961,0.0512695648,0.1428451389,0.0073704668
20:19:53:23.589,61,0.0543504357,0.2305327952,0.0842066631,0.0000000000,0.0000000000,0.1215266436,0.0000000000,0.0537850484,0.2307567745,0.0452956297,0.0000000000,0.0000000000,0.1216412857,0.0000000000,0.0341623724,0.0000000000,0.0019843762,0.0949260890,0.1237274259,0.0814372674,0.1633034647,0.0251868945,0.0000000000,0.1844848692,0.1642549187,0.0000000000,0.0000000000,0.0530619547,0.0514358431,0.1749585420,0.1614844650,0.1044570953,0.0367592797,0.1563421488,0.0828046873,0.0470143221,0.0461770371,0.1952369809,0.1794624329,0.0362436473,0.0351633988,0.5327898860,0.5325695276,0.1471083462,0.0000000000,0.0000000000,0.0193225294,0.1270596534,0.1381593049,0.1807961166,0.1843160838,0.0000050362,0.0000000000,0.0000000000,0.0000000000,-0.0273950137,0.1410145462,-0.0038884017,0.0509292670,0.1410085261,0.0072261896
20:19:53:24.590,61,0.0544472449,0.2284009457,0.0838542432,0.0000000000,0.0000000000,0.1230148673,0.0000000000,0.0538784675,0.2286190242,0.0457018353,0.0000000000,0.0000000000,0.1231319830,0.0000000000,0.0342682227,0.0000000000,0.0020321049,0.0951229632,0.1238510385,0.0817281753,0.1637720317,0.0249433760,0.0000000000,0.1844962388,0.1642553359,0.0000000000,0.0000000000,0.0533421598,0.0516877249,0.1742713898,0.1612953544,0.1047448888,0.0368172564,0.1567167342,0.0831983164,0.0471903086,0.0463620275,0.1953998208,0.1797387153,0.0366057567,0.0355322547,0.5388732553,0.5386545658,0.1475691497,0.0000000000,0.0000000000,0.0195703637,0.1275822818,0.1387084126,0.1813897640,0.1849647909,0.0000078952,0.0000000000,0.0000000000,0.0000000000,-0.0276457891,0.1397091746,-0.0038871821,0.0507254526,0.1397031099,0.0071297884
20:19:53:25.592,61,0.0549398139,0.2295457125,0.0837987512,0.0000000000,0.0000000000,0.1242861673,0.0000000000,0.0543713458,0.2297641039,0.0457744375,0.0000000000,0.0000000000,0.1244046688,0.0000000000,0.0344676301,0.0000000000,0.0020945671,0.0958084166,0.1245229989,0.0821744651,0.1665932238,0.0248692166,0.0000000000,0.1842577755,0.1638431847,0.0000000000,0.0000000000,0.0536004454,0.0518948063,0.1743092686,0.1615229100,0.1049386784,0.0368816294,0.1571219116,0.0835654810,0.0472633056,0.0464456379,0.1956943274,0.1801412851,0.0369532257,0.0358663164,0.5415711999,0.5413554311,0.1489973664,0.0000000000,0.0000000000,0.0197353307,0.1283300221,0.1394395530,0.1829598546,0.1859185547,0.0000082570,0.0000000000,0.0000000000,0.0000000000,-0.0276869778,0.1404090971,-0.0039127339,0.0506868921,0.1404030323,0.0071605393
20:19:53:26.593,61,0.0640456155,0.2299698144,0.0832052231,0.0000000000,0.0000000000,0.1268989444,0.0000000000,0.0634648576,0.2301819175,0.0463949591,0.0000000000,0.0000000000,0.1270237118,0.0000000000,0.0348228998,0.0000000000,0.0019730362,0.0988124311,0.1261073947,0.0833158046,0.1775540262,0.0248667616,0.0000000000,0.1824272424,0.1615534574,0.0000000000,0.0000000000,0.0538801700,0.0521048307,0.1753182858,0.1620262414,0.1051203534,0.0370622762,0.1587683707,0.0840975344,0.0474586152,0.0466575921,0.1958817244,0.1803896427,0.0372740738,0.0361779071,0.5484590530,0.5482500792,0.1509735882,0.0000000000,0.0000000000,0.0200155322,0.1292996109,0.1406874061,0.1842263341,0.1871655583,0.0000085130,0.0000000000,0.0000000000,0.0000000000,-0.0280612893,0.1406658888,-0.0039729662,0.0503260493,0.1406598389,0.0071227839
20:19:53:27.594,61,0.0669160932,0.2303933650,0.0828875229,0.0000000000,0.0000000000,0.1284936070,0.0000000000,0.0663317740,0.2306021452,0.0467621125,0.0000000000,0.0000000000,0.1286263168,0.0000000000,0.0350909121,0.0000000000,0.0016868855,0.0999215692,0.1267424375,0.0842452422,0.1844565272,0.0248242673,0.0000000000,0.1807214320,0.1602017730,0.0000000000,0.0000000000,0.0540542379,0.0522457995,0.1757920831,0.1623358428,0.1050462946,0.0371192433,0.1628883630,0.0854618549,0.0476599820,0.0468762033,0.1957089603,0.1803191304,0.0376632474,0.0365673453,0.5842810869,0.5840795636,0.1551625580,0.0000000000,0.0000000000,0.0203285888,0.1297983229,0.1412996948,0.1851422340,0.1882892847,0.0000084572,0.0000000000,0.0000000000,0.0000000000,-0.0282823220,0.1409235746,-0.0040116850,0.0501320548,0.1409175247,0.0071085230
20:19:53:28.595,61,0.0686010495,0.2303710878,0.0824417099,0.0000000000,0.0000000000,0.1303604543,0.0000000000,0.0680108443,0.2305748463,0.0472394451,0.0000000000,0.0000000000,0.1305051893,0.0000000000,0.0353817083,0.0000000000,0.0014332710,0.1018711701,0.1279401332,0.0870021805,0.1883992404,0.0249529276,0.0000000000,0.1801273823,0.1595678329,0.0000000000,0.0000000000,0.0542929992,0.0524420068,0.1763249487,0.1627397090,0.1047316715,0.0372798592,0.1641256958,0.0859923959,0.0478487685,0.0470819734,0.1962070465,0.1808238029,0.0379811339,0.0368742049,0.5941187739,0.5939204097,0.1569023877,0.0000000000,0.0000000000,0.0206326302,0.1302588284,0.1418399066,0.1859466881,0.1891614497,0.0000054549,0.0000000000,0.0000000000,0.0000000000,-0.0285710879,0.1409080774,-0.0040521813,0.0498625189,0.1409019679,0.0070695467
20:19:53:29.596,61,0.0688912123,0.2299538404,0.0821252018,0.0000000000,0.0000000000,0.1314052939,0.0000000000,0.0682662725,0.2301535308,0.0476218723,0.0000000000,0.0000000000,0.1315563917,0.0000000000,0.0356534384,0.0000000000,0.0010777782,0.1037672684,0.1293489635,0.0885209590,0.1901819259,0.0252544358,0.0000000000,0.1811705679,0.1597972065,0.0000000000,0.0000000000,0.0545610562,0.0526938289,0.1764987260,0.1628303230,0.1041764095,0.0374668427,0.1640644222,0.0861160755,0.0478997007,0.0471548289,0.2033191621,0.1861714274,0.0383648761,0.0372306518,0.5927169323,0.5925015807,0.1579251736,0.0000000000,0.0000000000,0.0208202042,0.1306557059,0.1423409134,0.1866758168,0.1899731904,0.0000070339,0.0000000000,0.0000000000,0.0000000000,-0.0288034342,0.1406514943,-0.0040775882,0.0496728867,0.1406454295,0.0070296898
20:19:53:30.597,61,0.0653547496,0.2284876853,0.0822791308,0.0000000000,0.0000000000,0.1323415339,0.0000000000,0.0646737814,0.2286875248,0.0475725271,0.0000000000,0.0000000000,0.1324980855,0.0000000000,0.0360629596,0.0000000000,0.0006254358,0.1146744043,0.1392263770,0.0921585932,0.1910418868,0.0255278274,0.0000000000,0.1813666672,0.1597901732,0.0000000000,0.0000000000,0.0549175814,0.0530869104,0.1797622591,0.1657968313,0.1035361961,0.0377325267,0.1629604697,0.0859906822,0.0477428213,0.0470174402,0.2102814317,0.1932752579,0.0387380719,0.0375891812,0.5938090682,0.5935890079,0.1589753330,0.0000000000,0.0000000000,0.0208280440,0.1309061199,0.1426722407,0.1873292178,0.1907208115,0.0000064791,0.0000000000,0.0000000000,0.0000000000,-0.0287772231,0.1397555172,-0.0040475857,0.0497722737,0.1397493929,0.0069982787
20:19:53:31.598,61,0.0662151724,0.2287277877,0.0822164491,0.0000000000,0.0000000000,0.1344858855,0.0000000000,0.0654128417,0.2289267778,0.0477130450,0.0000000000,0.0000000000,0.1346767247,0.0000000000,0.0432428792,0.0000000000,0.0001188241,0.1748709977,0.1878425926,0.1240490675,0.1932140887,0.0269667897,0.0000000000,0.1848152280,0.1630747914,0.0000000000,0.0000000000,0.0557219461,0.0542421676,0.1878196150,0.1711384505,0.0979334712,0.0406590365,0.1518883854,0.0845892653,0.0476091430,0.0469138697,0.2770546675,0.2548164725,0.0396747962,0.0383516066,0.5942664742,0.5940409303,0.1636503935,0.0000000000,0.0000000000,0.0208317414,0.1355342120,0.1511249244,0.2011384070,0.2063337117,0.0000140599,0.0000000000,0.0000000000,0.0000000000,-0.0288616307,0.1399020553,-0.0040637669,0.0497333370,0.1398959756,0.0070002386
20:19:53:32.598,61,0.0721504465,0.2298577726,0.0812424049,0.0000000000,0.0000000000,0.1394645274,0.0000000000,0.0713986456,0.2300463915,0.0488179661,0.0000000000,0.0000000000,0.1397016346,0.0000000000,0.0564083308,0.0003181797,0.0000000000,0.1987202168,0.1548957378,0.1726222336,0.1985060722,0.0276126694,0.0000000000,0.1857742071,0.1636923105,0.0000000000,0.0000000000,0.0563833714,0.0551574752,0.1897560507,0.1724580377,0.0452921316,0.0417170785,0.1274408549,0.0840667710,0.0473681651,0.0467495956,0.3569321036,0.3238594830,0.0865352079,0.0835194066,0.6095480919,0.6093738079,0.1654577553,0.0000000000,0.0000000000,0.0206134301,0.1366162151,0.1532285511,0.2046163380,0.2101540715,0.0000217096,0.0000000000,0.0000000000,0.0000000000,-0.0295271445,0.1405890286,-0.0041781291,0.0491393469,0.1405829638,0.0069511174
20:19:53:33.599,61,0.0765643939,0.2301320136,0.0805781484,0.0000000000,0.0000000000,0.1424372792,0.0000000000,0.0758216903,0.2303129584,0.0496048220,0.0000000000,0.0000000000,0.1427028775,0.0000000000,0.0665388331,0.0169507880,0.0000000000,0.2446704805,0.1179073229,0.1901318729,0.1811128855,0.0280440766,0.0000000000,0.1847152263,0.1636543870,0.0000000000,0.0000000000,0.0576897748,0.0567784719,0.1909194738,0.1729599386,0.0313422456,0.0420219079,0.1149394140,0.0838920996,0.0469005965,0.0463268273,0.4039806426,0.3647745848,0.1172938496,0.1118565202,0.6402973533,0.6401467323,0.1679101735,0.0000000000,0.0000000000,0.0201716758,0.1368627548,0.1539744884,0.1979840696,0.2026804239,0.0000335514,0.0000000000,0.0000000000,0.0000000000,-0.0300023742,0.1407539397,-0.0042504002,0.0487364307,0.1407478750,0.0069023636
20:19:53:34.601,61,0.0788610503,0.2314528525,0.0797196478,0.0000000000,0.0000000000,0.1462083310,0.0000000000,0.0781613886,0.2316247970,0.0505642071,0.0000000000,0.0000000000,0.1464908570,0.0000000000,0.0732129216,0.0220566560,0.0000000000,0.2631238997,0.1068075150,0.1982887089,0.1675176173,0.0281007625,0.0000000000,0.1809193194,0.1635733843,0.0000000000,0.0000000000,0.0585495718,0.0577468686,0.1912658662,0.1724133641,0.0245020017,0.0420330055,0.1054714322,0.0836518854,0.0461526178,0.0456904359,0.4231596589,0.3829269111,0.1297520697,0.1249828786,0.6489720941,0.6488323212,0.1686043888,0.0000000000,0.0000000000,0.0196051747,0.1368872374,0.1543501616,0.1944773346,0.1995972544,0.0000338390,0.0000000000,0.0000000000,0.0000000000,-0.0305791516,0.1415581703,-0.0043571698,0.0482116565,0.1415520906,0.0068676411
20:19:53:35.601,61,0.0803423524,0.2329095602,0.0795869082,0.0000000000,0.0000000000,0.1483051926,0.0000000000,0.0796581805,0.2330804020,0.0508285947,0.0000000000,0.0000000000,0.1485940814,0.0000000000,0.0833138376,0.0249658972,0.0000000000,0.2732286155,0.1009071022,0.1888939738,0.1386001259,0.0281457435,0.0000000000,0.1809272766,0.1700814068,0.0000000000,0.0000000000,0.0599124134,0.0590352789,0.1915975362,0.1721059978,0.0220300760,0.0418715104,0.0973717272,0.0831703469,0.0452088751,0.0447128974,0.4733392298,0.4406020641,0.1361236274,0.1313754320,0.6237288713,0.6235899329,0.1680752337,0.0000000000,0.0000000000,0.0189485792,0.1367679834,0.1544021368,0.1899945587,0.1950102448,0.0000249080,0.0000000000,0.0000000000,0.0000000000,-0.0307351369,0.1424484700,-0.0044073062,0.0481252559,0.1424423903,0.0068990458
20:19:53:36.602,61,0.0819818154,0.2349567860,0.0801683143,0.0000000000,0.0000000000,0.1497175545,0.0000000000,0.0813302770,0.2351349443,0.0503680073,0.0000000000,0.0000000000,0.1500065923,0.0000000000,0.0869949982,0.0262532495,0.0000000000,0.2779241502,0.0974047109,0.1697926074,0.1251166314,0.0283168554,0.0000000000,0.2071567327,0.1933536381,0.0000000000,0.0000000000,0.0610112995,0.0600207672,0.1914489418,0.1714335829,0.0214475878,0.0414958484,0.0920088291,0.0825560018,0.0441071093,0.0435885340,0.4892789125,0.4581014812,0.1396798640,0.1348647922,0.6182142496,0.6180768013,0.1661597043,0.0000000000,0.0000000000,0.0182391219,0.1365190744,0.1541091055,0.1872187555,0.1914066374,0.0000165567,0.0000000000,0.0000000000,0.0000000000,-0.0304511208,0.1437028795,-0.0044055772,0.0484680980,0.1436968893,0.0070101907
20:19:53:37.603,61,0.0856529698,0.2367998809,0.0800622925,0.0000000000,0.0000000000,0.1520989388,0.0000000000,0.0850027055,0.2369775176,0.0506039783,0.0000000000,0.0000000000,0.1523855031,0.0000000000,0.0888007358,0.0270354692,0.0000000000,0.2758425772,0.0952468812,0.1634531319,0.1188951060,0.0285714194,0.0000000000,0.2178694904,0.2041856498,0.0000000000,0.0000000000,0.0618480630,0.0608147234,0.1882520765,0.1655803621,0.0217675697,0.0411602296,0.0891951323,0.0819052905,0.0433596224,0.0428344086,0.4972158968,0.4663344324,0.1416311413,0.1367367208,0.6185939312,0.6184597015,0.1581667215,0.0000000000,0.0000000000,0.0175623931,0.1363898367,0.1538878977,0.1860918850,0.1900351495,0.0000018972,0.0000000000,0.0000000000,0.0000000000,-0.0305887833,0.1448295861,-0.0044606728,0.0483960845,0.1448235810,0.0070554381
20:19:53:38.604,61,0.0869319364,0.2363541871,0.0795272365,0.0000000000,0.0000000000,0.1544847190,0.0000000000,0.0862760693,0.2365250140,0.0512331948,0.0000000000,0.0000000000,0.1548134983,0.0000000000,0.0899691582,0.0376115106,0.0000000000,0.2762566507,0.0937770456,0.1504681259,0.1100868806,0.0297635179,0.0000000000,0.2431092262,0.2283331454,0.0000000000,0.0000000000,0.0638491809,0.0626229495,0.1879693717,0.1640903950,0.0227870215,0.0408426858,0.0871787071,0.0807068273,0.0427424349,0.0421829149,0.5160971284,0.4754416943,0.1424163133,0.1372937560,0.6184781194,0.6183376908,0.1481366605,0.0000000000,0.0000000000,0.0169025250,0.1359643638,0.1533988118,0.1855648756,0.1893688738,0.0000001842,0.0000000000,0.0000000000,0.0000000000,-0.0309703723,0.1445547342,-0.0045076092,0.0480745733,0.1445487291,0.0069951164
20:19:53:39.606,61,0.0868524015,0.2366521806,0.0779790431,0.0000000000,0.0000000000,0.1563893259,0.0000000000,0.0862194076,0.2368049324,0.0529272482,0.0000000000,0.0000000000,0.1567463875,0.0000000000,0.0916665792,0.0406289399,0.0000000000,0.2964169979,0.0916487277,0.1340727210,0.0990437120,0.0303699709,0.0000000000,0.2633862197,0.2592951357,0.0000000000,0.0000000000,0.0650726706,0.0639273375,0.1951285899,0.1660697907,0.0233600177,0.0403516628,0.0824012458,0.0772137269,0.0420334712,0.0413859673,0.5760192275,0.5404870510,0.1431098580,0.1377904415,0.6116670966,0.6115278006,0.1380067766,0.0000000000,0.0000000000,0.0162489060,0.1355519444,0.1530982703,0.1857557446,0.1895064563,0.0000001750,0.0000000000,0.0000000000,0.0000000000,-0.0319936201,0.1447305083,-0.0046622278,0.0471374430,0.1447244883,0.0068673217
20:19:53:40.607,61,0.0852684826,0.2359326184,0.0747776479,0.0000000000,0.0000000000,0.1572637111,0.0000000000,0.0846938938,0.2360473871,0.0563641787,0.0000000000,0.0000000000,0.1576351076,0.0000000000,0.0936268866,0.0419057310,0.0000000000,0.3020456731,0.0903164148,0.1235859767,0.0917233825,0.0308863595,0.0000000000,0.2815144956,0.2737464309,0.0000000000,0.0000000000,0.0666362718,0.0658586249,0.1992971152,0.1698264480,0.0239106845,0.0398841761,0.0784109235,0.0734047741,0.0412600823,0.0404658616,0.5934702158,0.5589691997,0.1433364600,0.1378177255,0.6093717217,0.6092334986,0.1341264695,0.0000000000,0.0000000000,0.0156243965,0.1353868097,0.1530810148,0.1860713512,0.1897576153,0.0000002458,0.0000000000,0.0000000000,0.0000000000,-0.0340734646,0.1442774832,-0.0049494323,0.0452051573,0.1442714781,0.0065651117
20:19:53:41.608,61,0.0846483409,0.2355725765,0.0742115155,0.0000000000,0.0000000000,0.1576703787,0.0000000000,0.0840895846,0.2356735915,0.0570683554,0.0000000000,0.0000000000,0.1580488980,0.0000000000,0.0958807617,0.0423170552,0.0000000000,0.3052703142,0.0891694576,0.1158541963,0.0859530121,0.0314110480,0.0000000000,0.2962111235,0.2859955430,0.0000000000,0.0000000000,0.0682800934,0.0678964555,0.2012954652,0.1716054678,0.0244574472,0.0394672677,0.0741290003,0.0691853315,0.0405005813,0.0395668596,0.6034746766,0.5702373981,0.1430431604,0.1367605776,0.5801475048,0.5799819827,0.1319381297,0.0000000000,0.0000000000,0.0150296660,0.1354714930,0.1532381475,0.1861589551,0.1897563934,0.0000003234,0.0000000000,0.0000000000,0.0000000000,-0.0345002897,0.1440511197,-0.0050034351,0.0448643528,0.1440490633,0.0065054679
20:19:53:42.608,61,0.0848183408,0.2350669205,0.0756302401,0.0000000000,0.0000000000,0.1582044810,0.0000000000,0.0842692778,0.2351837605,0.0556698591,0.0000000000,0.0000000000,0.1585892737,0.0000000000,0.1041626483,0.0426113904,0.0000000000,0.3142054677,0.0884621963,0.1123348773,0.0829933137,0.0317966193,0.0000000000,0.3021307588,0.2928231955,0.0000000000,0.0000000000,0.0702384561,0.0702542290,0.2025278509,0.1727065891,0.0250943005,0.0392002650,0.0719720051,0.0668567121,0.0398285165,0.0388219878,0.6085075140,0.5758693814,0.1414351314,0.1344173551,0.5448699594,0.5446884036,0.1302795112,0.0000000000,0.0000000000,0.0144771403,0.1357871592,0.1536460668,0.1862107068,0.1897567809,0.0000003258,0.0000000000,0.0000000000,0.0000000000,-0.0336563140,0.1437475830,-0.0048706555,0.0457240678,0.1437455118,0.0066158739
20:19:53:43.610,61,0.0934565514,0.2346061021,0.0753493905,0.0000000000,0.0000000000,0.1588795483,0.0000000000,0.0927625299,0.2347191423,0.0560296588,0.0000000000,0.0000000000,0.1592764556,0.0000000000,0.1069583595,0.0580087230,0.0000000000,0.3173366785,0.0878999978,0.1126369834,0.0817140862,0.0323319435,0.0000000000,0.3000751436,0.2934139669,0.0000000000,0.0000000000,0.0727179050,0.0726227984,0.2047136426,0.1734281778,0.0257814731,0.0389933884,0.0709115863,0.0657078326,0.0393209085,0.0382590666,0.6069702506,0.5704874396,0.1408861876,0.1334768981,0.5781652927,0.5779367089,0.1330038756,0.0000000000,0.0000000000,0.0139808673,0.1363438219,0.1542243361,0.1861470044,0.1896362454,0.0000003111,0.0000000000,0.0000000000,0.0000000000,-0.0338752232,0.1434646547,-0.0048925420,0.0455561243,0.1434625834,0.0065784384
20:19:53:44.611,61,0.0961020663,0.2314322591,0.0745935664,0.0000000000,0.0000000000,0.1605010033,0.0000000000,0.0953699797,0.2315353155,0.0568230897,0.0000000000,0.0000000000,0.1609412730,0.0000000000,0.1087749749,0.0620712861,0.0000000000,0.3187460303,0.0876484215,0.1231915429,0.0814147666,0.0326957107,0.0000000000,0.2758739889,0.2676255107,0.0000000000,0.0000000000,0.0749143586,0.0746891871,0.2067907602,0.1742240638,0.0267021302,0.0389630049,0.0705178156,0.0651566610,0.0389912426,0.0378905460,0.5869549513,0.5527698994,0.1403004378,0.1326533109,0.6058619022,0.6056153178,0.1398503780,0.0000000000,0.0000000000,0.0135583365,0.1369215995,0.1547035128,0.1859076321,0.1892687231,0.0000001997,0.0000000000,0.0000000000,0.0000000000,-0.0343645029,0.1415209919,-0.0048950268,0.0451117121,0.1415188611,0.0064248540
20:19:53:45.612,61,0.0984838381,0.2307347655,0.0745308176,0.0000000000,0.0000000000,0.1610473841,0.0000000000,0.0977043286,0.2308369130,0.0568751395,0.0000000000,0.0000000000,0.1615073830,0.0000000000,0.1082993895,0.0639392957,0.0000000000,0.3128783703,0.0884346962,0.1262578219,0.0828953534,0.0328994542,0.0000000000,0.2646948099,0.2590270042,0.0000000000,0.0000000000,0.0760297552,0.0758076608,0.2054885477,0.1734115779,0.0289329682,0.0390564911,0.0706921220,0.0650235340,0.0386964791,0.0375925526,0.5251357555,0.4928871989,0.1345949322,0.1282169074,0.6214833260,0.6212629676,0.1428506523,0.0000000000,0.0000000000,0.0131795481,0.1372108907,0.1548972875,0.1854842305,0.1887487322,0.0000001255,0.0000000000,0.0000000000,0.0000000000,-0.0343980715,0.1410942972,-0.0048848339,0.0450764857,0.1410921365,0.0064002234
20:19:53:46.614,61,0.0989952758,0.2273411900,0.0741513520,0.0000000000,0.0000000000,0.1612977237,0.0000000000,0.0982041284,0.2274379879,0.0572277158,0.0000000000,0.0000000000,0.1617688239,0.0000000000,0.1016212851,0.0563139245,0.0000000000,0.2666910589,0.1066792458,0.1281295717,0.0902367830,0.0325680561,0.0000000000,0.2509809732,0.2518033385,0.0000000000,0.0000000000,0.0767637864,0.0766341463,0.2024012059,0.1728844345,0.0351368673,0.0393745117,0.0771609396,0.0654010326,0.0384327993,0.0373693407,0.4550043344,0.4301293790,0.1225731149,0.1208275110,0.6276018620,0.6273906827,0.1458792984,0.0000000000,0.0000000000,0.0128779942,0.1385034621,0.1575507373,0.1852841377,0.1885964125,0.0000002979,0.0000000000,0.0000000000,0.0000000000,-0.0346214399,0.1390178502,-0.0048432387,0.0448600948,0.1390156001,0.0062745516
20:19:53:47.614,61,0.0993895531,0.2244839519,0.0734995529,0.0000000000,0.0000000000,0.1616669893,0.0000000000,0.0985923260,0.2245730460,0.0577865839,0.0000000000,0.0000000000,0.1621384621,0.0000000000,0.0922371000,0.0059837797,0.0000000000,0.2378945947,0.1585631073,0.1286224425,0.1008843854,0.0320806317,0.0000000000,0.2463730276,0.2474234700,0.0000000000,0.0000000000,0.0773107260,0.0772897825,0.1972381026,0.1725402325,0.0498966351,0.0422366895,0.0839592442,0.0655561611,0.0382606499,0.0372800156,0.4067306221,0.3898930550,0.0842923298,0.0832510218,0.6105743051,0.6104207635,0.1504170299,0.0000000000,0.0000000000,0.0126966415,0.1477941722,0.1648538709,0.1855588704,0.1887466460,0.0001758342,0.0000000000,0.0000000000,0.0000000000,-0.0349680372,0.1372683048,-0.0048293592,0.0444765687,0.1372660249,0.0061416542
20:19:53:48.615,61,0.1002960801,0.2220079154,0.0729396641,0.0000000000,0.0000000000,0.1637112498,0.0000000000,0.0994906873,0.2220905125,0.0582662523,0.0000000000,0.0000000000,0.1641607285,0.0000000000,0.0889691561,0.0000000000,0.0068855006,0.2210381925,0.1808452010,0.1258787662,0.1054737866,0.0317986533,0.0000000000,0.2440017760,0.2388792485,0.0000000000,0.0000000000,0.0779054984,0.0779330060,0.1956009269,0.1727410555,0.1013901830,0.0574731939,0.0946232527,0.0653657615,0.0384658054,0.0375732444,0.3724604845,0.3479867280,0.0664967448,0.0649739727,0.6068441272,0.6067059636,0.1523545086,0.0000000000,0.0000000000,0.0127226319,0.1591991186,0.1727548242,0.1922752410,0.1924595237,0.0002168268,0.0000000000,0.0000000000,0.0000000000,-0.0352656431,0.1357522905,-0.0048159836,0.0441469289,0.1357500106,0.0060280012
20:19:53:49.617,61,0.1021848619,0.2224684358,0.0727328584,0.0000000000,0.0000000000,0.1644173712,0.0000000000,0.1013615355,0.2225489616,0.0584698468,0.0000000000,0.0000000000,0.1648571789,0.0000000000,0.0858052298,0.0000000000,0.0090894345,0.2006754130,0.1902061999,0.1212425008,0.1079652831,0.0318886563,0.0000000000,0.2426033765,0.2290247381,0.0000000000,0.0000000000,0.0782733113,0.0782906637,0.1945404559,0.1727499962,0.1157187298,0.0620302819,0.1003780961,0.0651192889,0.0387360416,0.0379278176,0.3567827046,0.3316269815,0.0586553439,0.0570749678,0.6052240729,0.6050908566,0.1548646241,0.0000000000,0.0000000000,0.0128190154,0.1631145775,0.1755874455,0.1953803599,0.1941806078,0.0002484793,0.0000000000,0.0000000000,0.0000000000,-0.0353875086,0.1360331327,-0.0048427400,0.0440200679,0.1360308081,0.0060232789
20:19:53:50.618,61,0.1031662300,0.2210545689,0.0736280158,0.0000000000,0.0000000000,0.1655836850,0.0000000000,0.1023382023,0.2211442143,0.0575753376,0.0000000000,0.0000000000,0.1660005152,0.0000000000,0.0839815810,0.0000000000,0.0104395710,0.1933905035,0.1947412044,0.1194866225,0.1119021252,0.0314060301,0.0000000000,0.2419367582,0.2256709188,0.0000000000,0.0000000000,0.0784916282,0.0785252303,0.1934284121,0.1726651192,0.1172791794,0.0644257218,0.1032277718,0.0649336427,0.0390712619,0.0383437090,0.3488863111,0.3235500753,0.0545745604,0.0530227050,0.6029173732,0.6027759910,0.1559636593,0.0000000000,0.0000000000,0.0130062131,0.1655037850,0.1776511520,0.1971645355,0.1963322610,0.0002787769,0.0000000000,0.0000000000,0.0000000000,-0.0348502062,0.1351718754,-0.0047386754,0.0445670858,0.1351695955,0.0060589937
20:19:53:51.619,61,0.1031876355,0.2196719646,0.0746787116,0.0000000000,0.0000000000,0.1661394089,0.0000000000,0.1023504958,0.2197719067,0.0566158555,0.0000000000,0.0000000000,0.1665452868,0.0000000000,0.0779857710,0.0000000000,0.0094491383,0.1899506599,0.1968671083,0.1183449998,0.1209143698,0.0310054198,0.0000000000,0.2417989373,0.2240425795,0.0000000000,0.0000000000,0.0784920454,0.0785703808,0.1891728938,0.1721515805,0.1019841358,0.0653271824,0.1046924666,0.0647512972,0.0391539298,0.0384862348,0.3444734514,0.3192761540,0.0526623540,0.0511307493,0.6016930938,0.6015467644,0.1579624414,0.0000000000,0.0000000000,0.0131186778,0.1670530587,0.1795570254,0.1983767152,0.1976083964,0.0002041640,0.0000000000,0.0000000000,0.0000000000,-0.0342733376,0.1343304068,-0.0046309051,0.0452082343,0.1343280375,0.0061073685
20:19:53:52.619,61,0.1034730971,0.2193784416,0.0758860335,0.0000000000,0.0000000000,0.1665352136,0.0000000000,0.1026338935,0.2194904089,0.0555659458,0.0000000000,0.0000000000,0.1669302136,0.0000000000,0.0718152002,0.0000000000,0.0091684721,0.1891894490,0.1911668777,0.1178768948,0.1394083798,0.0301246010,0.0000000000,0.2467885464,0.2263352126,0.0000000000,0.0000000000,0.0781836584,0.0783095807,0.1723113507,0.1637380123,0.0674023107,0.0625357255,0.1053840369,0.0649867132,0.0391023904,0.0384793878,0.3423457146,0.3177086711,0.0593405850,0.0586403608,0.6151170731,0.6149532199,0.1623230428,0.0000000000,0.0000000000,0.0132123930,0.1686340421,0.1829690486,0.2014304250,0.2018640637,0.0001725290,0.0000000000,0.0000000000,0.0000000000,-0.0336385481,0.1341554374,-0.0045391759,0.0459402204,0.1341530681,0.0061980016
20:19:53:53.620,61,0.1033290327,0.2181349248,0.0773354620,0.0000000000,0.0000000000,0.1670751870,0.0000000000,0.1024955139,0.2182609439,0.0542748794,0.0000000000,0.0000000000,0.1674639434,0.0000000000,0.0695156902,0.0000000000,0.0089714574,0.2119951844,0.1410172880,0.1178641394,0.1401258558,0.0290250648,0.0000000000,0.2531517446,0.2423634529,0.0000000000,0.0000000000,0.0778233483,0.0780440271,0.1647766232,0.1559455395,0.0565654300,0.0585196167,0.1019255072,0.0651690960,0.0388517343,0.0382797532,0.3967092633,0.3813080788,0.0769344941,0.0778151453,0.6233538389,0.6232117414,0.1636135429,0.0000000000,0.0000000000,0.0131631261,0.1692053378,0.1842488348,0.2021342814,0.2029755414,0.0001449754,0.0000000000,0.0000000000,0.0000000000,-0.0328602828,0.1334004849,-0.0044089449,0.0468224585,0.1333981305,0.0062809647
20:19:53:54.621,61,0.1031835899,0.2190295309,0.0772565082,0.0000000000,0.0000000000,0.1674640775,0.0000000000,0.1023698673,0.2191548198,0.0544410199,0.0000000000,0.0000000000,0.1678467989,0.0000000000,0.0688290820,0.0000000000,0.0101341521,0.2300783843,0.1201439723,0.1181215793,0.1083671376,0.0270681698,0.0000000000,0.2636201382,0.2641776800,0.0000000000,0.0000000000,0.0774968415,0.0778345987,0.1611170322,0.1521856636,0.0504585952,0.0542777553,0.0932521671,0.0653315187,0.0384282060,0.0379197448,0.4605956078,0.4485791922,0.1041436717,0.1064746231,0.6262644529,0.6261313558,0.1600285769,0.0000000000,0.0000000000,0.0129560968,0.1692501158,0.1847882718,0.2021474391,0.2032778263,0.0001145592,0.0000000000,0.0000000000,0.0000000000,-0.0329584479,0.1339472234,-0.0044404538,0.0467712134,0.1339448690,0.0063001211
20:19:53:55.623,61,0.1021005213,0.2190424204,0.0762916058,0.0000000000,0.0000000000,0.1676676869,0.0000000000,0.1013641134,0.2191575617,0.0553850494,0.0000000000,0.0000000000,0.1680488139,0.0000000000,0.0740631744,0.0008655551,0.0000000000,0.2533382773,0.1085166410,0.1200404093,0.1003158763,0.0263639037,0.0000000000,0.2669133246,0.2707863450,0.0000000000,0.0000000000,0.0772999525,0.0776910186,0.1598155200,0.1504443735,0.0470529385,0.0509852767,0.0891133249,0.0655901954,0.0380251892,0.0375498310,0.4893963933,0.4721703231,0.1159492061,0.1165273339,0.6204838753,0.6203692555,0.1563961208,0.0000000000,0.0000000000,0.0126886312,0.1672478020,0.1837605983,0.1998174191,0.2015862912,0.0000148405,0.0000000000,0.0000000000,0.0000000000,-0.0335299484,0.1339514852,-0.0045175673,0.0461870246,0.1339491159,0.0062216870
20:19:53:56.624,61,0.1017486453,0.2204648107,0.0763984770,0.0000000000,0.0000000000,0.1678966433,0.0000000000,0.1010358185,0.2205815017,0.0553359389,0.0000000000,0.0000000000,0.1682816893,0.0000000000,0.0803860947,0.0156280212,0.0000000000,0.2711203694,0.1023734510,0.1209712029,0.0960098878,0.0261967704,0.0000000000,0.2735185921,0.2754941285,0.0000000000,0.0000000000,0.0772413015,0.0776422471,0.1620140970,0.1496513933,0.0450203605,0.0486609004,0.0861767828,0.0658091679,0.0376477651,0.0371693820,0.5140151381,0.4901213348,0.1234196573,0.1219452396,0.6091578603,0.6090266109,0.1523094475,0.0000000000,0.0000000000,0.0124004409,0.1663751900,0.1832976788,0.1988620013,0.2008669525,0.0000051099,0.0000000000,0.0000000000,0.0000000000,-0.0334962830,0.1348216683,-0.0045427070,0.0462462939,0.1348193139,0.0062706284
20:19:53:57.624,61,0.1020998955,0.2220920920,0.0761981755,0.0000000000,0.0000000000,0.1694564223,0.0000000000,0.1013972908,0.2222071290,0.0555868968,0.0000000000,0.0000000000,0.1698878556,0.0000000000,0.0854586065,0.0255054999,0.0000000000,0.2783320546,0.0989221111,0.1217807606,0.0937864482,0.0265287831,0.0000000000,0.2847699821,0.2792808712,0.0000000000,0.0000000000,0.0773917809,0.0777519718,0.1649658680,0.1493335813,0.0437919758,0.0473002717,0.0843826979,0.0659948438,0.0373436138,0.0368411466,0.5278941989,0.5002357364,0.1279689074,0.1249302402,0.6058849692,0.6057487130,0.1505966485,0.0000000000,0.0000000000,0.0121329566,0.1660939157,0.1832105666,0.1981993914,0.2002108842,0.0000006435,0.0000000000,0.0000000000,0.0000000000,-0.0336436480,0.1358159482,-0.0045967484,0.0461188070,0.1358136535,0.0063000442
20:19:53:58.625,61,0.1028987467,0.2240867317,0.0755470619,0.0000000000,0.0000000000,0.1719227433,0.0000000000,0.1021875367,0.2241952121,0.0563244186,0.0000000000,0.0000000000,0.1723956615,0.0000000000,0.0876347870,0.0310892016,0.0000000000,0.2820830345,0.0968118608,0.1248414069,0.0929504856,0.0270409584,0.0000000000,0.2883555591,0.2808349729,0.0000000000,0.0000000000,0.0773983970,0.0776912645,0.1663180888,0.1490780860,0.0428618602,0.0462262481,0.0831770301,0.0662497953,0.0370801166,0.0365560725,0.5342189074,0.5049675107,0.1334334165,0.1275194883,0.6079570055,0.6078017950,0.1495308578,0.0000000000,0.0000000000,0.0118790623,0.1659257114,0.1831446886,0.1979239732,0.1998564452,0.0000001586,0.0000000000,0.0000000000,0.0000000000,-0.0340843387,0.1370331496,-0.0046991971,0.0457170829,0.1370308846,0.0063018813
20:19:53:59.626,61,0.1034868509,0.2264065295,0.0742288753,0.0000000000,0.0000000000,0.1727777272,0.0000000000,0.1027770191,0.2265012711,0.0576862171,0.0000000000,0.0000000000,0.1732628047,0.0000000000,0.0889803246,0.0338807255,0.0000000000,0.2837114930,0.0953731015,0.1312201023,0.0929130316,0.0276139379,0.0000000000,0.2898189425,0.2810595036,0.0000000000,0.0000000000,0.0773715973,0.0775694251,0.1675234884,0.1490022838,0.0421375111,0.0453158692,0.0824126154,0.0666356385,0.0368674770,0.0363305658,0.5376748443,0.5075446963,0.1402596384,0.1319165528,0.6187450290,0.6185779572,0.1493243277,0.0000000000,0.0000000000,0.0116366008,0.1657933444,0.1829529852,0.1978032738,0.1996039748,0.0000001389,0.0000000000,0.0000000000,0.0000000000,-0.0349016115,0.1384466439,-0.0048620957,0.0449105725,0.1384443641,0.0062554623
20:19:54:00.627,61,0.1034692824,0.2275357991,0.0733526871,0.0000000000,0.0000000000,0.1734418422,0.0000000000,0.1027604043,0.2276210636,0.0586020686,0.0000000000,0.0000000000,0.1739316583,0.0000000000,0.0899704546,0.0357887782,0.0000000000,0.2842686176,0.0939654037,0.1334384531,0.0931669101,0.0282055847,0.0000000000,0.2908633649,0.2815133035,0.0000000000,0.0000000000,0.0773260146,0.0774172470,0.1684119105,0.1488702297,0.0415608808,0.0445169508,0.0818599537,0.0670777708,0.0366851427,0.0361280926,0.5412765741,0.5100384355,0.1467483640,0.1371991932,0.6219660044,0.6217939258,0.1492023170,0.0000000000,0.0000000000,0.0114100762,0.1658926457,0.1830322593,0.1979625374,0.1996613294,0.0000001057,0.0000000000,0.0000000000,0.0000000000,-0.0354523249,0.1391338259,-0.0049636140,0.0443761908,0.1391315758,0.0062121600
20:19:54:01.629,61,0.1034961492,0.2303320616,0.0732646212,0.0000000000,0.0000000000,0.1739596725,0.0000000000,0.1027837396,0.2304173708,0.0586559772,0.0000000000,0.0000000000,0.1744524539,0.0000000000,0.0905187577,0.0402637497,0.0000000000,0.2841547430,0.0924630687,0.1348518729,0.0938967615,0.0289540403,0.0000000000,0.2919806838,0.2824782133,0.0000000000,0.0000000000,0.0770923868,0.0770670697,0.1688560247,0.1483751833,0.0409974717,0.0437233374,0.0814813077,0.0676351860,0.0365269221,0.0359429307,0.5438613892,0.5114087462,0.1581792384,0.1471156925,0.6234912276,0.6233149767,0.1485250890,0.0000000000,0.0000000000,0.0111848144,0.1660719216,0.1832498163,0.2004057169,0.2020589411,0.0000000971,0.0000000000,0.0000000000,0.0000000000,-0.0354763940,0.1408431828,-0.0050288150,0.0443122461,0.1408410370,0.0062804399
20:19:54:02.629,61,0.1034464687,0.2334372848,0.0731783360,0.0000000000,0.0000000000,0.1740753353,0.0000000000,0.1027331650,0.2335224152,0.0587865748,0.0000000000,0.0000000000,0.1745641232,0.0000000000,0.0910487846,0.0419043563,0.0000000000,0.2839306891,0.0875675827,0.1355207711,0.0942497253,0.0294700228,0.0000000000,0.2928580940,0.2839288414,0.0000000000,0.0000000000,0.0766794756,0.0765611902,0.1691895723,0.1479404271,0.0403830856,0.0421953611,0.0810504407,0.0681923404,0.0363338366,0.0357236303,0.5620906949,0.5293275714,0.1754569709,0.1649022549,0.6240862608,0.6239084005,0.1467341483,0.0000000000,0.0000000000,0.0109595144,0.1658613980,0.1831043810,0.2042603791,0.2067790180,0.0000001225,0.0000000000,0.0000000000,0.0000000000,-0.0355457626,0.1427415013,-0.0051074782,0.0442480817,0.1427393854,0.0063570309
20:19:54:03.630,61,0.1033643931,0.2334047854,0.0728364438,0.0000000000,0.0000000000,0.1742857993,0.0000000000,0.1026497409,0.2334859520,0.0591398999,0.0000000000,0.0000000000,0.1747663170,0.0000000000,0.0915238038,0.0427716002,0.0000000000,0.2808405161,0.0815823004,0.1359499842,0.0943814516,0.0299566071,0.0000000000,0.2941315174,0.2854424417,0.0000000000,0.0000000000,0.0761925206,0.0759789199,0.1695273668,0.1475670785,0.0397372842,0.0407135189,0.0806322172,0.0687714964,0.0361505300,0.0355274007,0.5763497353,0.5419678092,0.1938894689,0.1815035641,0.6248127818,0.6246346831,0.1457212716,0.0000000000,0.0000000000,0.0107395854,0.1656343639,0.1829112917,0.2104717791,0.2133252919,0.0000001878,0.0000000000,0.0000000000,0.0000000000,-0.0357595198,0.1427203268,-0.0051374068,0.0440414771,0.1427182108,0.0063264179
20:19:54:04.632,61,0.1032093391,0.2367187440,0.0718514919,0.0000000000,0.0000000000,0.1742880791,0.0000000000,0.1024977937,0.2367892265,0.0601917617,0.0000000000,0.0000000000,0.1747575998,0.0000000000,0.0918483138,0.0429580584,0.0000000000,0.2732273936,0.0774571225,0.1378618628,0.0953269824,0.0301778559,0.0000000000,0.2947457731,0.2864346206,0.0000000000,0.0000000000,0.0749448612,0.0743253529,0.1692082584,0.1451576799,0.0390214659,0.0392024592,0.0803569034,0.0702121779,0.0359867997,0.0353797935,0.5852569342,0.5526328683,0.2183155715,0.2094275057,0.6309047937,0.6307487488,0.1453449875,0.0000000000,0.0000000000,0.0105320802,0.1657567322,0.1831213087,0.2187377959,0.2225426137,0.0000002150,0.0000000000,0.0000000000,0.0000000000,-0.0363849066,0.1447428018,-0.0053023226,0.0434331968,0.1447407305,0.0063287495
20:19:54:05.633,61,0.1027599275,0.2368937284,0.0712658465,0.0000000000,0.0000000000,0.1748278737,0.0000000000,0.1020509079,0.2369574904,0.0607689135,0.0000000000,0.0000000000,0.1752760410,0.0000000000,0.0921888277,0.0434937738,0.0000000000,0.2666293979,0.0739693716,0.1419835985,0.0976737365,0.0303489584,0.0000000000,0.2950868905,0.2874119282,0.0000000000,0.0000000000,0.0736263767,0.0726786852,0.1691425890,0.1440919042,0.0382828489,0.0376579389,0.0803548694,0.0736753866,0.0358524360,0.0352686383,0.5968903303,0.5636733174,0.2444197237,0.2321717888,0.6365959644,0.6364376545,0.1451918483,0.0000000000,0.0000000000,0.0103306454,0.1662164479,0.1840996742,0.2319160551,0.2368386686,0.0000002435,0.0000000000,0.0000000000,0.0000000000,-0.0367332324,0.1448475122,-0.0053569865,0.0430785231,0.1448454857,0.0062817102
20:19:54:06.634,61,0.1021777913,0.2380546629,0.0703955814,0.0000000000,0.0000000000,0.1754013300,0.0000000000,0.1014712006,0.2381085753,0.0616503991,0.0000000000,0.0000000000,0.1758393645,0.0000000000,0.0927037969,0.0440347418,0.0000000000,0.2624901235,0.0707040429,0.1462783515,0.0998453274,0.0304328986,0.0000000000,0.2948601842,0.2878787816,0.0000000000,0.0000000000,0.0725189373,0.0714356303,0.1696046144,0.1437180787,0.0373805799,0.0362006053,0.0803928971,0.0759282932,0.0357398316,0.0351850986,0.6245797276,0.5946296453,0.2585032880,0.2467456162,0.6390412450,0.6388873458,0.1451861858,0.0000000000,0.0000000000,0.0101401368,0.1664650589,0.1846666336,0.2372991592,0.2428091019,0.0000002705,0.0000000000,0.0000000000,0.0000000000,-0.0372622311,0.1455540210,-0.0054609780,0.0425480679,0.1455520093,0.0062351008
20:19:54:07.636,61,0.0986252278,0.2380695641,0.0696193278,0.0000000000,0.0000000000,0.1763499826,0.0000000000,0.0979874060,0.2381144464,0.0624344051,0.0000000000,0.0000000000,0.1767884046,0.0000000000,0.0932252780,0.0512265339,0.0000000000,0.2606736124,0.0676933303,0.1478968263,0.1008891240,0.0305175427,0.0000000000,0.2948354483,0.2909784317,0.0000000000,0.0000000000,0.0714929327,0.0704707503,0.1709112078,0.1435373425,0.0364954881,0.0347813331,0.0803574249,0.0772435367,0.0355858952,0.0350582600,0.6381841302,0.6067823768,0.2691079974,0.2574616969,0.6385496259,0.6384031177,0.1439135820,0.0000000000,0.0000000000,0.0099431090,0.1664859802,0.1851968020,0.2412898391,0.2478564382,0.0000003970,0.0000000000,0.0000000000,0.0000000000,-0.0377360731,0.1455602199,-0.0055306274,0.0420788378,0.1455582082,0.0061666472
20:19:54:08.637,61,0.0932518542,0.2379599959,0.0677267089,0.0000000000,0.0000000000,0.1769624501,0.0000000000,0.0926822498,0.2379828542,0.0643481910,0.0000000000,0.0000000000,0.1773992330,0.0000000000,0.0938483551,0.0535700656,0.0000000000,0.2539410889,0.0643596351,0.1486176252,0.1014710590,0.0304410998,0.0000000000,0.2946733832,0.2926448882,0.0000000000,0.0000000000,0.0706325844,0.0696326047,0.1746329367,0.1437961459,0.0355739594,0.0335940644,0.0803276673,0.0782451332,0.0354409404,0.0349581987,0.6624827385,0.6347428560,0.2844484150,0.2747091949,0.6385126710,0.6383705735,0.1428078115,0.0000000000,0.0000000000,0.0097551849,0.1663561463,0.1855816543,0.2484351397,0.2559376061,0.0000010572,0.0000000000,0.0000000000,0.0000000000,-0.0388932265,0.1454862803,-0.0056971954,0.0409353264,0.1454842687,0.0059960745
20:19:54:09.638,61,0.0910344273,0.2370558679,0.0664138049,0.0000000000,0.0000000000,0.1774241924,0.0000000000,0.0904604718,0.2370632887,0.0657032207,0.0000000000,0.0000000000,0.1778610200,0.0000000000,0.0942571983,0.0556008630,0.0000000000,0.2484206557,0.0620682985,0.1486703604,0.1017430276,0.0305235349,0.0000000000,0.2947882116,0.2942035794,0.0000000000,0.0000000000,0.0698411539,0.0688797012,0.1760955155,0.1439432204,0.0347954407,0.0327055827,0.0802623630,0.0789800882,0.0353192650,0.0348804630,0.6706680655,0.6435402036,0.2899852395,0.2805857658,0.6403086185,0.6401722431,0.1418470889,0.0000000000,0.0000000000,0.0095830858,0.1660930812,0.1857571155,0.2535791099,0.2613497674,0.0000014172,0.0000000000,0.0000000000,0.0000000000,-0.0397154801,0.1449288279,-0.0057949703,0.0401450284,0.1449267864,0.0058575282
20:19:54:10.638,61,0.0895476416,0.2365637571,0.0656210408,0.0000000000,0.0000000000,0.1775570512,0.0000000000,0.0889688507,0.2365617752,0.0665452704,0.0000000000,0.0000000000,0.1779897809,0.0000000000,0.0945314839,0.0566164516,0.0000000000,0.2355912924,0.0599008240,0.1487671286,0.1020133868,0.0306774452,0.0000000000,0.2947231829,0.2947180271,0.0000000000,0.0000000000,0.0683960840,0.0676245689,0.1770406663,0.1441149414,0.0340932421,0.0318621807,0.0805933252,0.0815421417,0.0352713875,0.0348854773,0.6749956012,0.6479611993,0.3116617799,0.2948070467,0.6582039595,0.6580623984,0.1412219554,0.0000000000,0.0000000000,0.0094329352,0.1657898873,0.1856998354,0.2690376043,0.2748813033,0.0000038265,0.0000000000,0.0000000000,0.0000000000,-0.0402262770,0.1446252167,-0.0058569903,0.0396675728,0.1446231604,0.0057756049
20:19:54:11.640,61,0.0855585188,0.2332606018,0.0642054081,0.0000000000,0.0000000000,0.1777213514,0.0000000000,0.0848232433,0.2332421839,0.0680565760,0.0000000000,0.0000000000,0.1781581044,0.0000000000,0.0949557573,0.0700226799,0.0000000000,0.2308526486,0.0573087297,0.1480603218,0.1018067524,0.0309080519,0.0000000000,0.2947441638,0.2954410613,0.0000000000,0.0000000000,0.0675814971,0.0668870360,0.1838273704,0.1449615806,0.0334385149,0.0310867075,0.0807310045,0.0825862065,0.0352159552,0.0348628163,0.6874918342,0.6553055644,0.3182703853,0.2997057140,0.6625976562,0.6624538898,0.1402793974,0.0000000000,0.0000000000,0.0092908796,0.1648357511,0.1854196340,0.2734735906,0.2790578604,0.0000367244,0.0000000000,0.0000000000,0.0000000000,-0.0411518961,0.1426011324,-0.0059066731,0.0388231650,0.1425989866,0.0055725188
20:19:54:12.640,61,0.0696340501,0.2295312434,0.0627839193,0.0000000000,0.0000000000,0.1771958023,0.0000000000,0.0688680261,0.2294971198,0.0695184916,0.0000000000,0.0000000000,0.1776423007,0.0000000000,0.0954107568,0.0751031563,0.0000000000,0.2276014239,0.0559371188,0.1466403157,0.1014930382,0.0311250500,0.0000000000,0.2944204509,0.2959188819,0.0000000000,0.0000000000,0.0668407902,0.0662291944,0.1927926093,0.1490856409,0.0328726880,0.0303218197,0.0809502825,0.0833851770,0.0351406150,0.0348239839,0.6962859631,0.6640965939,0.3217402995,0.3025073111,0.6367530823,0.6366019249,0.1375488192,0.0000000000,0.0000000000,0.0091465274,0.1591963470,0.1829160750,0.2755313814,0.2811663449,0.0003628124,0.0000000000,0.0000000000,0.0000000000,-0.0420495570,0.1403166801,-0.0059374645,0.0379759520,0.1403144747,0.0053624832
20:19:54:13.641,61,0.0597565882,0.2314748168,0.0633354038,0.0000000000,0.0000000000,0.1756023616,0.0000000000,0.0591021143,0.2314465344,0.0689748302,0.0000000000,0.0000000000,0.1760370880,0.0000000000,0.0957165062,0.0763696954,0.0000000000,0.2184605896,0.0548965707,0.1458633542,0.1013698131,0.0310043804,0.0000000000,0.2920872271,0.2959954441,0.0000000000,0.0000000000,0.0655775815,0.0652100742,0.1967337728,0.1531825960,0.0323195793,0.0293792970,0.0813880861,0.0846366882,0.0350521542,0.0347828306,0.7000316381,0.6703697443,0.3239715397,0.3091369867,0.6299914718,0.6298449636,0.1361261308,0.0000000000,0.0000000000,0.0090013053,0.1561419517,0.1807408482,0.2765599787,0.2824659348,0.0007650249,0.0000000000,0.0000000000,0.0000000000,-0.0417136662,0.1415065527,-0.0059406827,0.0383030809,0.1415044516,0.0054551358
20:19:54:14.643,61,0.0559398644,0.2299852818,0.0628942847,0.0000000000,0.0000000000,0.1742671877,0.0000000000,0.0553129800,0.2299520522,0.0694583803,0.0000000000,0.0000000000,0.1746829003,0.0000000000,0.0955887660,0.0692341924,0.0000000000,0.2109800577,0.0540837348,0.1452882737,0.1012578905,0.0308219008,0.0000000000,0.2908502519,0.2957736552,0.0000000000,0.0000000000,0.0647105202,0.0644444153,0.1985170692,0.1549431235,0.0318289325,0.0286030527,0.0818930566,0.0855359286,0.0349353291,0.0347227938,0.6998429298,0.6720576882,0.3247409463,0.3111710548,0.6285106540,0.6283732653,0.1353730112,0.0000000000,0.0000000000,0.0088702850,0.1545582712,0.1793419421,0.2758871019,0.2826851308,0.0010452864,0.0000000000,0.0000000000,0.0000000000,-0.0420115516,0.1405946165,-0.0059440066,0.0380412303,0.1405924261,0.0053824773
20:19:54:15.644,61,0.0537725203,0.2294144779,0.0632657260,0.0000000000,0.0000000000,0.1720282733,0.0000000000,0.0531612076,0.2293852568,0.0691238046,0.0000000000,0.0000000000,0.1724275351,0.0000000000,0.0951543078,0.0676765367,0.0000000000,0.2054042667,0.0535413474,0.1471080035,0.1041990444,0.0306920167,0.0000000000,0.2769587636,0.2870125473,0.0000000000,0.0000000000,0.0639388487,0.0637285411,0.1994268149,0.1559242159,0.0314111076,0.0278882869,0.0842088386,0.0887115523,0.0348998904,0.0347390063,0.6819906831,0.6520048976,0.3244140446,0.3118461072,0.6297756433,0.6296358109,0.1353714317,0.0000000000,0.0000000000,0.0087866569,0.1531621665,0.1776493788,0.2692602873,0.2795615196,0.0012414239,0.0000000000,0.0000000000,0.0000000000,-0.0418112315,0.1402468681,-0.0059008570,0.0382677689,0.1402446926,0.0054009445
20:19:54:16.644,61,0.0499619432,0.2275287062,0.0634821802,0.0000000000,0.0000000000,0.1704504639,0.0000000000,0.0493227504,0.2275020182,0.0689494014,0.0000000000,0.0000000000,0.1708490551,0.0000000000,0.0938211828,0.0672279224,0.0000000000,0.2008431852,0.0532345958,0.1530407965,0.1095624641,0.0306536648,0.0000000000,0.2619339228,0.2702617645,0.0000000000,0.0000000000,0.0632518604,0.0630717054,0.1998238862,0.1564838290,0.0310495961,0.0272765253,0.0856324285,0.0901286379,0.0349308699,0.0348089300,0.6679055691,0.6363016367,0.3138506114,0.3032968342,0.6293815970,0.6292397976,0.1352111548,0.0000000000,0.0000000000,0.0087423334,0.1498693973,0.1742614955,0.2608677149,0.2722262442,0.0011191959,0.0000000000,0.0000000000,0.0000000000,-0.0417124741,0.1390948594,-0.0058379415,0.0384049080,0.1390925944,0.0053751837
20:19:54:17.645,61,0.0441451818,0.2258010656,0.0643651262,0.0000000000,0.0000000000,0.1671281308,0.0000000000,0.0433395915,0.2257840633,0.0681222454,0.0000000000,0.0000000000,0.1675423086,0.0000000000,0.0872462541,0.0673911944,0.0000000000,0.1990246773,0.0533275194,0.1661799699,0.1278874576,0.0305812191,0.0000000000,0.2115401626,0.2176603973,0.0000000000,0.0000000000,0.0625697896,0.0624377131,0.1983256042,0.1563944817,0.0307054315,0.0267586298,0.0865603611,0.0910566151,0.0349084511,0.0348164588,0.6087155342,0.5751298070,0.2821017504,0.2746810913,0.6294467449,0.6293007135,0.1352541149,0.0000000000,0.0000000000,0.0087266080,0.1378802955,0.1629953980,0.2407840043,0.2519130707,0.0010502846,0.0000000000,0.0000000000,0.0000000000,-0.0412181206,0.1380416602,-0.0057245512,0.0389447957,0.1380393952,0.0054089027
20:19:54:18.647,61,0.0422583595,0.2235564888,0.0655205771,0.0000000000,0.0000000000,0.1640592963,0.0000000000,0.0414037853,0.2235520929,0.0670096949,0.0000000000,0.0000000000,0.1644962877,0.0000000000,0.0791349187,0.0683523044,0.0000000000,0.1983993649,0.0538290367,0.1826003939,0.1486957818,0.0305847768,0.0000000000,0.1937133074,0.1974131167,0.0000000000,0.0000000000,0.0619972460,0.0619130023,0.1875436455,0.1515393257,0.0303602219,0.0264063291,0.0871700794,0.0915898457,0.0348859541,0.0348193906,0.5634517074,0.5232637525,0.2551390529,0.2470548600,0.6353110075,0.6351218820,0.1366580278,0.0000000000,0.0000000000,0.0087538641,0.1315425336,0.1571787000,0.2229939997,0.2328958064,0.0012022797,0.0000000000,0.0000000000,0.0000000000,-0.0405525900,0.1366733015,-0.0055756411,0.0396514162,0.1366710067,0.0054517114
20:19:54:19.647,61,0.0409672745,0.2157010585,0.0679936185,0.0000000000,0.0000000000,0.1626172513,0.0000000000,0.0400961339,0.2157230377,0.0645895898,0.0000000000,0.0000000000,0.1630619019,0.0000000000,0.0760021880,0.0675423518,0.0000000000,0.2001836002,0.0556024089,0.1978346556,0.1598410755,0.0306138955,0.0000000000,0.1714753360,0.1701659560,0.0000000000,0.0000000000,0.0614469834,0.0614082254,0.1799329668,0.1484620422,0.0300722830,0.0261964034,0.0876813978,0.0920322835,0.0348366909,0.0347954668,0.5014241338,0.4659493864,0.2334283441,0.2255640179,0.6221795678,0.6219539046,0.1390275657,0.0000000000,0.0000000000,0.0088041341,0.1285611242,0.1543699056,0.2006582618,0.2068967223,0.0016168184,0.0000000000,0.0000000000,0.0000000000,-0.0391132683,0.1318791509,-0.0051869699,0.0411746986,0.1318767369,0.0054600867
20:19:54:20.649,61,0.0401593708,0.2143981755,0.0674112961,0.0000000000,0.0000000000,0.1617461145,0.0000000000,0.0392963998,0.2144142091,0.0651259124,0.0000000000,0.0000000000,0.1621877998,0.0000000000,0.0731516182,0.0397411101,0.0000000000,0.2003641278,0.0579422005,0.2094379514,0.1932209581,0.0305679403,0.0000000000,0.1589986980,0.1469765753,0.0000000000,0.0000000000,0.0608920157,0.0609006286,0.1731596291,0.1468563229,0.0298523065,0.0260979421,0.0899311751,0.0927053168,0.0348987989,0.0349027701,0.4636486471,0.4288774729,0.2132317275,0.2035767585,0.6194717288,0.6192349792,0.1511848569,0.0000000000,0.0000000000,0.0089871595,0.1269738227,0.1526889950,0.1905301660,0.1944463253,0.0021159800,0.0000000000,0.0000000000,0.0000000000,-0.0394422226,0.1310807467,-0.0051985360,0.0408263579,0.1310782731,0.0053807623
20:19:54:21.650,61,0.0372340158,0.2111146450,0.0675527155,0.0000000000,0.0000000000,0.1612714380,0.0000000000,0.0365585200,0.2111325264,0.0648956373,0.0000000000,0.0000000000,0.1617078781,0.0000000000,0.0713331178,0.0321707092,0.0000000000,0.1994442046,0.0609982610,0.2153365016,0.2129887044,0.0304057281,0.0000000000,0.1462403536,0.1300357282,0.0000000000,0.0000000000,0.0603028052,0.0603659749,0.1703557819,0.1460493356,0.0296957735,0.0260566361,0.0966132134,0.0950997472,0.0350961015,0.0351424478,0.4359689355,0.4015134275,0.1998384297,0.1905553788,0.6187555194,0.6185200214,0.1594820321,0.0000000000,0.0000000000,0.0093032382,0.1260620058,0.1516408920,0.1856818497,0.1887587160,0.0020175583,0.0000000000,0.0000000000,0.0000000000,-0.0393130668,0.1290738136,-0.0051012971,0.0409227386,0.1290712953,0.0053099464
20:19:54:22.651,61,0.0365336090,0.2102261037,0.0680537522,0.0000000000,0.0000000000,0.1606725156,0.0000000000,0.0359138213,0.2102493495,0.0643361658,0.0000000000,0.0000000000,0.1611042470,0.0000000000,0.0684214383,0.0284596514,0.0000000000,0.1935812086,0.0662840307,0.2179776877,0.2333663553,0.0303645432,0.0000000000,0.1411029994,0.1230060384,0.0000000000,0.0000000000,0.0597157292,0.0598520562,0.1685413867,0.1453672796,0.0295951515,0.0260899924,0.1043731645,0.0975342095,0.0353711508,0.0354778916,0.4016254544,0.3626434207,0.1829115003,0.1746357679,0.6233545542,0.6231459379,0.1656075865,0.0000000000,0.0000000000,0.0097269043,0.1254523844,0.1509247869,0.1833091974,0.1859892309,0.0016964097,0.0000000000,0.0000000000,0.0000000000,-0.0389768668,0.1285322160,-0.0050362358,0.0412291549,0.1285296679,0.0053269840
20:19:54:23.652,61,0.0355838872,0.2068181634,0.0689260364,0.0000000000,0.0000000000,0.1600556076,0.0000000000,0.0350192487,0.2068503797,0.0633993819,0.0000000000,0.0000000000,0.1604831219,0.0000000000,0.0660944358,0.0263878554,0.0000000000,0.1915036291,0.0728452280,0.2190057337,0.2445760518,0.0302491747,0.0000000000,0.1352781355,0.1173299029,0.0000000000,0.0000000000,0.0590799525,0.0593037158,0.1666178554,0.1447398812,0.0294970162,0.0262205657,0.1073510647,0.0986479297,0.0356034227,0.0357744209,0.3828919232,0.3457932770,0.1662401408,0.1599754542,0.6228421926,0.6226455569,0.1680627614,0.0000000000,0.0000000000,0.0101948334,0.1249434501,0.1503350586,0.1820375621,0.1845522374,0.0011353284,0.0000000000,0.0000000000,0.0000000000,-0.0384195633,0.1264515519,-0.0048830337,0.0417687483,0.1264489144,0.0053083505
20:19:54:24.653,61,0.0317420922,0.2003992498,0.0690671429,0.0000000000,0.0000000000,0.1596554518,0.0000000000,0.0312581584,0.2004324943,0.0631831288,0.0000000000,0.0000000000,0.1600800008,0.0000000000,0.0648566335,0.0252331067,0.0000000000,0.1907937974,0.0778138787,0.2197066694,0.2493356019,0.0300216340,0.0000000000,0.1242473722,0.1103621572,0.0000000000,0.0000000000,0.0585498437,0.0588488318,0.1658159047,0.1445719451,0.0294256583,0.0264218971,0.1089929417,0.0992769673,0.0357538499,0.0359791815,0.3726435900,0.3372834623,0.1584623307,0.1530022621,0.6122191548,0.6120307446,0.1696320027,0.0000000000,0.0000000000,0.0106567815,0.1246616989,0.1500179023,0.1811065972,0.1835938841,0.0005029334,0.0000000000,0.0000000000,0.0000000000,-0.0383073054,0.1225276142,-0.0047161444,0.0418747962,0.1225248799,0.0051549817
20:19:54:25.654,61,0.0256014019,0.1971858442,0.0691457689,0.0000000000,0.0000000000,0.1591078043,0.0000000000,0.0253471565,0.1972197145,0.0630554631,0.0000000000,0.0000000000,0.1595275253,0.0000000000,0.0638650507,0.0210193116,0.0000000000,0.1906335950,0.0830109417,0.2192512155,0.2516207099,0.0296472069,0.0000000000,0.1204025820,0.1074950919,0.0000000000,0.0000000000,0.0580064803,0.0584031641,0.1648662984,0.1443200409,0.0293604657,0.0266667623,0.1098308563,0.0994946584,0.0357609764,0.0360536985,0.3607788682,0.3291927278,0.1506287754,0.1463916302,0.5956305861,0.5954515338,0.1705655307,0.0000000000,0.0000000000,0.0110563636,0.1244723648,0.1497654319,0.1805232316,0.1829982549,0.0003025792,0.0000000000,0.0000000000,0.0000000000,-0.0382390693,0.1205632389,-0.0046315324,0.0419325046,0.1205604672,0.0050785076
20:19:54:26.655,61,0.0232670326,0.1951126605,0.0689954385,0.0000000000,0.0000000000,0.1584281176,0.0000000000,0.0230746605,0.1951450408,0.0631676167,0.0000000000,0.0000000000,0.1588418484,0.0000000000,0.0630445033,0.0189257581,0.0000000000,0.1905609220,0.0854268819,0.2148223370,0.2495984733,0.0294112265,0.0000000000,0.1182204783,0.1056388617,0.0000000000,0.0000000000,0.0575312749,0.0580171309,0.1641816199,0.1441576928,0.0293378960,0.0269195233,0.1102170348,0.0994552597,0.0356753729,0.0360364206,0.3560683131,0.3255281746,0.1465065330,0.1423017830,0.5898603201,0.5896804333,0.1714670211,0.0000000000,0.0000000000,0.0114096999,0.1241931394,0.1493572295,0.1800079793,0.1824331135,0.0002206714,0.0000000000,0.0000000000,0.0000000000,-0.0383129306,0.1192952916,-0.0045912019,0.0418477319,0.1192924827,0.0050144303
20:19:54:27.656,61,0.0193014946,0.1953643262,0.0697586611,0.0000000000,0.0000000000,0.1575268507,0.0000000000,0.0192008764,0.1954038888,0.0624382794,0.0000000000,0.0000000000,0.1579256505,0.0000000000,0.0624041110,0.0176595859,0.0000000000,0.1921707392,0.0874224827,0.2133119404,0.2489008904,0.0291418359,0.0000000000,0.1162756011,0.1028361619,0.0000000000,0.0000000000,0.0571069717,0.0576571822,0.1639911085,0.1443885118,0.0293030422,0.0271265190,0.1103812680,0.0993577242,0.0355260074,0.0359420255,0.3534233570,0.3233877420,0.1442767531,0.1401865333,0.5845634937,0.5843780041,0.1723069251,0.0000000000,0.0000000000,0.0117098428,0.1239424571,0.1490193605,0.1796507984,0.1820752472,0.0001994430,0.0000000000,0.0000000000,0.0000000000,-0.0378698409,0.1194515079,-0.0045441305,0.0423098728,0.1194486991,0.0050764740
20:19:54:28.657,61,0.0154712647,0.1950475276,0.0703984797,0.0000000000,0.0000000000,0.1568854600,0.0000000000,0.0154322498,0.1950931102,0.0618051589,0.0000000000,0.0000000000,0.1572752744,0.0000000000,0.0619764440,0.0166852102,0.0000000000,0.1956713051,0.0885224417,0.2131077945,0.2487518638,0.0287546925,0.0000000000,0.1151038557,0.1014989614,0.0000000000,0.0000000000,0.0567112826,0.0573309325,0.1638977975,0.1447048783,0.0292320251,0.0273052175,0.1103543639,0.0992757007,0.0354265049,0.0358903334,0.3532596231,0.3233276308,0.1432458460,0.1392206550,0.5822970271,0.5821106434,0.1738363951,0.0000000000,0.0000000000,0.0119924843,0.1237605140,0.1487447619,0.1792023331,0.1817134470,0.0001963003,0.0000000000,0.0000000000,0.0000000000,-0.0374867022,0.1192597970,-0.0044908905,0.0426989235,0.1192569733,0.0051148231
20:19:54:29.658,61,0.0135224136,0.1957616210,0.0709465444,0.0000000000,0.0000000000,0.1562792659,0.0000000000,0.0135072265,0.1958126277,0.0612457395,0.0000000000,0.0000000000,0.1566607207,0.0000000000,0.0619616695,0.0164917819,0.0000000000,0.2069810629,0.0888426751,0.2156601697,0.2447054237,0.0285883173,0.0000000000,0.1143608317,0.1005179211,0.0000000000,0.0000000000,0.0564954765,0.0571431853,0.1644568890,0.1456313133,0.0291690398,0.0274190996,0.1101328433,0.0992868394,0.0353772491,0.0358680971,0.3945594132,0.3560275435,0.1501027644,0.1436072290,0.5809478760,0.5807607174,0.1742964238,0.0000000000,0.0000000000,0.0121796597,0.1233539730,0.1481913924,0.1786630750,0.1812436283,0.0002524646,0.0000000000,0.0000000000,0.0000000000,-0.0371454395,0.1196981072,-0.0044665388,0.0430290811,0.1196952909,0.0051734741
20:19:54:30.658,61,0.0125548085,0.1958421469,0.0713282749,0.0000000000,0.0000000000,0.1558984220,0.0000000000,0.0125454273,0.1958968937,0.0608460270,0.0000000000,0.0000000000,0.1562678218,0.0000000000,0.0621818639,0.0152228354,0.0000000000,0.2184226513,0.0886187628,0.2166513950,0.2280630618,0.0283107478,0.0000000000,0.1141077951,0.0999358222,0.0000000000,0.0000000000,0.0563225299,0.0569915362,0.1648560315,0.1463611722,0.0290954653,0.0274329670,0.1096734479,0.0993273929,0.0352074131,0.0357187502,0.4053833783,0.3660961688,0.1649154872,0.1564896405,0.5807101130,0.5805212259,0.1749261916,0.0000000000,0.0000000000,0.0122516397,0.1230855957,0.1476017535,0.1779737622,0.1803914011,0.0003461041,0.0000000000,0.0000000000,0.0000000000,-0.0369027890,0.1197485328,-0.0044392627,0.0432603396,0.1197457314,0.0052034729
20:19:54:31.659,61,0.0118293595,0.1964285672,0.0717756003,0.0000000000,0.0000000000,0.1555912495,0.0000000000,0.0118219052,0.1964876652,0.0604168288,0.0000000000,0.0000000000,0.1559483409,0.0000000000,0.0626173243,0.0135183884,0.0000000000,0.2226696759,0.0877638608,0.2189432979,0.2207838893,0.0280050933,0.0000000000,0.1142976657,0.0997469351,0.0000000000,0.0000000000,0.0562372208,0.0569124743,0.1652277708,0.1470610946,0.0290069524,0.0274424478,0.1090634614,0.0993260890,0.0351015143,0.0356308557,0.4119147062,0.3771186173,0.1714926362,0.1628256142,0.5810394883,0.5808505416,0.1751928926,0.0000000000,0.0000000000,0.0123016564,0.1228308827,0.1470043659,0.1773382127,0.1796903908,0.0003676182,0.0000000000,0.0000000000,0.0000000000,-0.0366408974,0.1201084927,-0.0044211503,0.0435297564,0.1201057136,0.0052517508
20:19:54:32.660,61,0.0112976925,0.1959148347,0.0724109262,0.0000000000,0.0000000000,0.1556354612,0.0000000000,0.0112891244,0.1959797889,0.0598107800,0.0000000000,0.0000000000,0.1559819877,0.0000000000,0.0636301711,0.0132900225,0.0000000000,0.2348680943,0.0871176720,0.2197046280,0.2012013048,0.0277861878,0.0000000000,0.1158357933,0.1023700088,0.0000000000,0.0000000000,0.0562886037,0.0569338650,0.1665671170,0.1478007585,0.0289211292,0.0274479501,0.1058056504,0.0990291387,0.0348830521,0.0354164168,0.4283964336,0.3954895437,0.1751437336,0.1666966826,0.5808282495,0.5806369781,0.1752821952,0.0000000000,0.0000000000,0.0122388490,0.1228334978,0.1467082053,0.1766815931,0.1790426672,0.0003298953,0.0000000000,0.0000000000,0.0000000000,-0.0362746976,0.1197964400,-0.0043655024,0.0439167246,0.1197936311,0.0052845068
20:19:54:33.662,61,0.0108802170,0.1968259662,0.0731240511,0.0000000000,0.0000000000,0.1553691477,0.0000000000,0.0108690951,0.1968978792,0.0591337420,0.0000000000,0.0000000000,0.1557035595,0.0000000000,0.0643540248,0.0129865827,0.0000000000,0.2385302484,0.0855075866,0.2176461071,0.1846605837,0.0277179871,0.0000000000,0.1325919628,0.1166047081,0.0000000000,0.0000000000,0.0563889109,0.0569954999,0.1669688672,0.1480564028,0.0288929883,0.0274395607,0.1026088148,0.0985660702,0.0346352868,0.0351865217,0.4485195279,0.4145093560,0.1781691909,0.1697361916,0.5807197094,0.5805264711,0.1751801521,0.0000000000,0.0000000000,0.0121334717,0.1227958649,0.1462718397,0.1761838794,0.1785619706,0.0002483164,0.0000000000,0.0000000000,0.0000000000,-0.0358616635,0.1203558370,-0.0043361653,0.0443462506,0.1203530356,0.0053613163
20:19:54:34.663,61,0.0109058423,0.1989320666,0.0738217831,0.0000000000,0.0000000000,0.1551138610,0.0000000000,0.0108807450,0.1990110278,0.0585147440,0.0000000000,0.0000000000,0.1554340571,0.0000000000,0.0666802004,0.0124741532,0.0000000000,0.2425387502,0.0841911361,0.2152172625,0.1741839796,0.0277553480,0.0000000000,0.1383911073,0.1208864078,0.0000000000,0.0000000000,0.0565882139,0.0571259260,0.1674987376,0.1484888792,0.0288775973,0.0273966379,0.1004704610,0.0981310755,0.0343424343,0.0349060446,0.4583118856,0.4249850810,0.1861926764,0.1762731075,0.5934476852,0.5932455063,0.1752434671,0.0000000000,0.0000000000,0.0119893821,0.1229965687,0.1459721029,0.1759869605,0.1783415824,0.0001193841,0.0000000000,0.0000000000,0.0000000000,-0.0354807079,0.1216458753,-0.0043365601,0.0447623767,0.1216431260,0.0054701711
20:19:54:35.664,61,0.0107878195,0.2013567686,0.0736414567,0.0000000000,0.0000000000,0.1546935439,0.0000000000,0.0107549867,0.2014344037,0.0587907694,0.0000000000,0.0000000000,0.1549979597,0.0000000000,0.0678045452,0.0109412903,0.0000000000,0.2440515161,0.0810840055,0.2134700567,0.1679343134,0.0277308933,0.0000000000,0.1536434740,0.1302224845,0.0000000000,0.0000000000,0.0567587204,0.0572227426,0.1674966365,0.1485201865,0.0288561396,0.0272772368,0.0991797000,0.0978504047,0.0341021009,0.0346900895,0.4718641043,0.4407054782,0.2014287412,0.1903151572,0.6220942140,0.6218737960,0.1754202545,0.0000000000,0.0000000000,0.0118400268,0.1233679205,0.1457588822,0.1762870997,0.1785851270,0.0000380425,0.0000000000,0.0000000000,0.0000000000,-0.0356415845,0.1231278703,-0.0044098231,0.0446449146,0.1231251657,0.0055229682
20:19:54:36.665,61,0.0109651117,0.2040404975,0.0728350282,0.0000000000,0.0000000000,0.1543766558,0.0000000000,0.0109159602,0.2041105181,0.0596952140,0.0000000000,0.0000000000,0.1546647847,0.0000000000,0.0687185824,0.0095629152,0.0000000000,0.2449987978,0.0787959024,0.2097039670,0.1604660004,0.0276654083,0.0000000000,0.1620212793,0.1390286833,0.0000000000,0.0000000000,0.0569268651,0.0573227778,0.1674140543,0.1484728456,0.0288360212,0.0271022916,0.0980553105,0.0975692198,0.0337990746,0.0344163142,0.4838042855,0.4538998604,0.2105606198,0.1992412508,0.6403601170,0.6401550174,0.1764284372,0.0000000000,0.0000000000,0.0116599500,0.1239899993,0.1457492560,0.1767530888,0.1789651811,0.0000156321,0.0000000000,0.0000000000,0.0000000000,-0.0361825302,0.1247660965,-0.0045369030,0.0441470072,0.1247634292,0.0055348356
20:19:54:37.666,61,0.0111706816,0.2038319558,0.0737129897,0.0000000000,0.0000000000,0.1543549299,0.0000000000,0.0111055421,0.2039106339,0.0588268638,0.0000000000,0.0000000000,0.1546311975,0.0000000000,0.0704391822,0.0094408290,0.0000000000,0.2478219420,0.0775796771,0.2062682807,0.1533780992,0.0277623739,0.0000000000,0.1817209870,0.1644141078,0.0000000000,0.0000000000,0.0572531186,0.0575780012,0.1677204221,0.1486379206,0.0288091935,0.0269667152,0.0967985988,0.0971794128,0.0335351564,0.0341538228,0.4974987805,0.4651033282,0.2143996060,0.2029116899,0.6455290318,0.6453143358,0.1765388697,0.0000000000,0.0000000000,0.0114729442,0.1270596832,0.1462567598,0.1778015047,0.1804821640,0.0000048956,0.0000000000,0.0000000000,0.0000000000,-0.0356567577,0.1246415749,-0.0044664964,0.0446798727,0.1246389076,0.0055959472
20:19:54:38.667,61,0.0111180535,0.2055499405,0.0742842481,0.0000000000,0.0000000000,0.1540256292,0.0000000000,0.0110459626,0.2056346536,0.0583092459,0.0000000000,0.0000000000,0.1542903036,0.0000000000,0.0716656148,0.0094691245,0.0000000000,0.2487827539,0.0759347603,0.2027171701,0.1474706829,0.0278625395,0.0000000000,0.1879087538,0.1720155329,0.0000000000,0.0000000000,0.0574786663,0.0577365309,0.1681001335,0.1488293409,0.0287475009,0.0267538670,0.0955013037,0.0967847109,0.0332452282,0.0338696241,0.5104503036,0.4774030149,0.2186868936,0.2070225328,0.6325879693,0.6323472261,0.1766544282,0.0000000000,0.0000000000,0.0112724053,0.1282254755,0.1465580761,0.1784263849,0.1812520772,0.0000030209,0.0000000000,0.0000000000,0.0000000000,-0.0353383310,0.1256939471,-0.0044643972,0.0450201817,0.1256913543,0.0056866533
20:19:54:39.669,61,0.0111293653,0.2075837255,0.0752325132,0.0000000000,0.0000000000,0.1535022259,0.0000000000,0.0110496096,0.2076786906,0.0573959947,0.0000000000,0.0000000000,0.1537586600,0.0000000000,0.0724563152,0.0112384064,0.0000000000,0.2495008409,0.0749426335,0.2010260671,0.1450555027,0.0281266179,0.0000000000,0.1912539899,0.1760685742,0.0000000000,0.0000000000,0.0576782040,0.0578569323,0.1685352027,0.1489407569,0.0286460686,0.0265137311,0.0945689380,0.0964185148,0.0329566337,0.0335800163,0.5173326135,0.4828794003,0.2223627567,0.2103452384,0.6260471344,0.6258087158,0.1762697101,0.0000000000,0.0000000000,0.0110659171,0.1289407760,0.1468366683,0.1794935763,0.1828373820,0.0000029256,0.0000000000,0.0000000000,0.0000000000,-0.0347793438,0.1269408762,-0.0044378643,0.0455876775,0.1269382834,0.0058160247
20:19:54:40.670,61,0.0108914739,0.2092823386,0.0761058480,0.0000000000,0.0000000000,0.1527738571,0.0000000000,0.0108105717,0.2093868405,0.0565442890,0.0000000000,0.0000000000,0.1530119032,0.0000000000,0.0734176785,0.0127379475,0.0000000000,0.2500205040,0.0739761814,0.1998069733,0.1428684443,0.0284830499,0.0000000000,0.1931880862,0.1783210933,0.0000000000,0.0000000000,0.0578465648,0.0579313263,0.1697316170,0.1492453665,0.0285324547,0.0262414683,0.0936257020,0.0960350633,0.0326787755,0.0332993306,0.5309054852,0.4940609932,0.2279171944,0.2146014571,0.6142269373,0.6139686108,0.1761168391,0.0000000000,0.0000000000,0.0108622769,0.1294747144,0.1470796764,0.1802947968,0.1837738305,0.0000028081,0.0000000000,0.0000000000,0.0000000000,-0.0342586674,0.1279826611,-0.0044077216,0.0461107455,0.1279800832,0.0059315171
20:19:54:41.670,61,0.0105830245,0.2100603580,0.0772321597,0.0000000000,0.0000000000,0.1523562372,0.0000000000,0.0105030630,0.2101810575,0.0555188395,0.0000000000,0.0000000000,0.1525870264,0.0000000000,0.0741612613,0.0253769103,0.0000000000,0.2504904568,0.0732082501,0.1983386725,0.1411667913,0.0290232040,0.0000000000,0.1944741160,0.1797273010,0.0000000000,0.0000000000,0.0580292158,0.0579980724,0.1731173545,0.1496550739,0.0284260865,0.0259806216,0.0922662318,0.0955163389,0.0324089043,0.0330089070,0.5427771807,0.5029693842,0.2302120477,0.2164244950,0.6091725826,0.6088886261,0.1762073189,0.0000000000,0.0000000000,0.0106688458,0.1299445480,0.1473994106,0.1814276725,0.1850623637,0.0000029040,0.0000000000,0.0000000000,0.0000000000,-0.0336352736,0.1284653693,-0.0043440498,0.0467902832,0.1284599304,0.0060416805
20:19:54:42.672,61,0.0103552714,0.2092389762,0.0778954178,0.0000000000,0.0000000000,0.1520262212,0.0000000000,0.0102754319,0.2093659490,0.0548799112,0.0000000000,0.0000000000,0.1522531509,0.0000000000,0.0749204233,0.0292168744,0.0000000000,0.2512435317,0.0724221990,0.1950345635,0.1369776726,0.0294258092,0.0000000000,0.1950884014,0.1805878729,0.0000000000,0.0000000000,0.0581705384,0.0580665879,0.1768276840,0.1506883502,0.0282746423,0.0257155709,0.0902368799,0.0947406068,0.0321413651,0.0327088833,0.5525532365,0.5150836706,0.2315522730,0.2175903767,0.6015327573,0.6012450457,0.1745192707,0.0000000000,0.0000000000,0.0104780169,0.1299460530,0.1473556757,0.1821168810,0.1859056056,0.0000061133,0.0000000000,0.0000000000,0.0000000000,-0.0332503356,0.1279655099,-0.0042774589,0.0471951589,0.1279600859,0.0060699461
20:19:54:43.672,61,0.0100478251,0.2081804127,0.0783362463,0.0000000000,0.0000000000,0.1516022682,0.0000000000,0.0099699311,0.2083111852,0.0544813164,0.0000000000,0.0000000000,0.1518263519,0.0002017068,0.0762061775,0.0312723070,0.0000000000,0.2516406178,0.0716326088,0.1938637048,0.1349151134,0.0295673851,0.0000000000,0.1928500384,0.1805424243,0.0000000000,0.0000000000,0.0582838990,0.0581252314,0.1869939268,0.1582563668,0.0281172395,0.0254310854,0.0892148316,0.0941882506,0.0319329090,0.0324711762,0.5625324845,0.5296074748,0.2332164645,0.2210632712,0.5990136862,0.5987262726,0.1731301993,0.0000000000,0.0000000000,0.0103060007,0.1296194345,0.1470495313,0.1830125004,0.1884520948,0.0000177164,0.0000000000,0.0000000000,0.0000000000,-0.0330115594,0.1273198277,-0.0042250929,0.0474661738,0.1273143440,0.0060736332
20:19:54:44.673,61,0.0099766841,0.2073480636,0.0793345496,0.0000000000,0.0000000000,0.1510095894,0.0003089542,0.0098960428,0.2074884474,0.0535091013,0.0000000000,0.0000000000,0.1512299627,0.0006454149,0.0768548325,0.0319187939,0.0000000000,0.2516698837,0.0709851384,0.1930769682,0.1337556094,0.0295424853,0.0000000000,0.1899045110,0.1794602126,0.0000000000,0.0000000000,0.0583280027,0.0581459925,0.1899379194,0.1605143249,0.0279783234,0.0251917075,0.0883987918,0.0936140716,0.0317301378,0.0322458446,0.5657515526,0.5341191292,0.2338918000,0.2223329544,0.5976893902,0.5974041224,0.1721316129,0.0000000000,0.0000000000,0.0101459473,0.1291018575,0.1465254426,0.1836562157,0.1896334440,0.0000232678,0.0000000000,0.0000000000,0.0000000000,-0.0324245542,0.1268145144,-0.0041333414,0.0480741933,0.1268090308,0.0061266930
20:19:54:45.674,61,0.0103089735,0.2081421018,0.0792898387,0.0000000000,0.0000000000,0.1505727470,0.0000000000,0.0102111576,0.2082825005,0.0535469279,0.0000000000,0.0000000000,0.1507898271,0.0002301577,0.0771261230,0.0281197280,0.0000000000,0.2512715161,0.0705670863,0.1924035400,0.1332691610,0.0295413956,0.0000000000,0.1892567873,0.1793148518,0.0000000000,0.0000000000,0.0584762655,0.0582589582,0.1910140067,0.1614820063,0.0279060509,0.0250403676,0.0878512561,0.0931505337,0.0315372013,0.0320442431,0.5543767214,0.5242724419,0.2335849404,0.2225350887,0.5984204412,0.5981582999,0.1719465256,0.0000000000,0.0000000000,0.0100029726,0.1290212274,0.1464477628,0.1841228753,0.1903066188,0.0000464878,0.0000000000,0.0000000000,0.0000000000,-0.0324454680,0.1272999197,-0.0041520097,0.0480441265,0.1272944659,0.0061465576
20:19:54:46.675,61,0.0103309192,0.2072593868,0.0801605880,0.0000000000,0.0000000000,0.1503127068,0.0000000000,0.0102281012,0.2074082643,0.0526489653,0.0000000000,0.0000000000,0.1505248547,0.0002383431,0.0771490633,0.0177889559,0.0000000000,0.2350976467,0.0701509938,0.1925750375,0.1334268451,0.0294668917,0.0000000000,0.1886810362,0.1787600517,0.0000000000,0.0000000000,0.0585441925,0.0582991950,0.1890265346,0.1617002487,0.0278704427,0.0249414314,0.0876302123,0.0929061919,0.0314550065,0.0319743380,0.5433825254,0.5133631825,0.2330968976,0.2223646045,0.5983901024,0.5981364250,0.1719653606,0.0000000000,0.0000000000,0.0099168289,0.1290601492,0.1464641690,0.1844934076,0.1907375157,0.0001009527,0.0000000000,0.0000000000,0.0000000000,-0.0319035463,0.1267633587,-0.0040652910,0.0485750735,0.1267578900,0.0061879517
20:19:54:47.676,61,0.0103735020,0.2070013136,0.0805183277,0.0000000000,0.0000000000,0.1499702185,0.0000000000,0.0102661112,0.2071537971,0.0522568077,0.0000000000,0.0000000000,0.1501775682,0.0002189884,0.0771523789,0.0145730330,0.0000000000,0.2310048193,0.0698947906,0.1922947317,0.1333443224,0.0294114146,0.0000000000,0.1884383559,0.1783711761,0.0000000000,0.0000000000,0.0586766526,0.0584063865,0.1882717609,0.1617301702,0.0278848540,0.0248875897,0.0874241143,0.0926150233,0.0313415229,0.0318712220,0.5383954644,0.5079532862,0.2305956930,0.2209480852,0.5982511044,0.5980026126,0.1718333662,0.0000000000,0.0000000000,0.0098175025,0.1291050166,0.1464710981,0.1848291308,0.1910618693,0.0001151400,0.0000000000,0.0000000000,0.0000000000,-0.0316665433,0.1266068816,-0.0040300665,0.0487928316,0.1266013831,0.0062079122
20:19:54:48.678,61,0.0101301605,0.2057699412,0.0812255442,0.0000000000,0.0000000000,0.1495298892,0.0004222682,0.0100247608,0.2059289217,0.0515124463,0.0000000000,0.0000000000,0.1497347355,0.0007585632,0.0771333277,0.0138186133,0.0000000000,0.2288244218,0.0697015151,0.1925237179,0.1335965395,0.0293656979,0.0000000000,0.1807625443,0.1707536727,0.0000000000,0.0000000000,0.0587649569,0.0584667400,0.1880495399,0.1618783772,0.0279089715,0.0248548724,0.0872897878,0.0923269466,0.0313088410,0.0318481512,0.5360118151,0.5053188205,0.2277272195,0.2191639096,0.5979383588,0.5976940989,0.1717264056,0.0000000000,0.0000000000,0.0097513944,0.1287072748,0.1461279690,0.1850327700,0.1913463324,0.0001531886,0.0000000000,0.0000000000,0.0000000000,-0.0312184393,0.1258564591,-0.0039492585,0.0492260829,0.1258509755,0.0062254719
20:19:54:49.679,61,0.0100346077,0.2037940472,0.0822356716,0.0000000000,0.0000000000,0.1492253840,0.0006618891,0.0099289985,0.2039618045,0.0504891463,0.0000000000,0.0000000000,0.1494293511,0.0009949263,0.0771437958,0.0159648061,0.0000000000,0.2278528810,0.0694230050,0.1925614476,0.1335919648,0.0291567855,0.0000000000,0.1711409539,0.1652301699,0.0000000000,0.0000000000,0.0588138513,0.0585105456,0.1882867515,0.1622645706,0.0278674457,0.0248098522,0.0870288014,0.0919149518,0.0312652066,0.0318071619,0.5352830291,0.5044425726,0.2263252437,0.2182880342,0.5997875333,0.5995664597,0.1713290215,0.0000000000,0.0000000000,0.0096829971,0.1273503751,0.1453824192,0.1851371378,0.1916309595,0.0001676748,0.0000000000,0.0000000000,0.0000000000,-0.0306029096,0.1246518716,-0.0038339745,0.0498458259,0.1246463284,0.0062428103
20:19:54:50.680,61,0.0098072030,0.2022366673,0.0817322284,0.0000000000,0.0000000000,0.1489988863,0.0010287799,0.0097044222,0.2023983747,0.0509725213,0.0000000000,0.0000000000,0.1492003500,0.0013562161,0.0767975450,0.0155504141,0.0000000000,0.2268609554,0.0692847967,0.1936539114,0.1351512522,0.0290650781,0.0000000000,0.1677629054,0.1607535630,0.0000000000,0.0000000000,0.0588703901,0.0585622601,0.1880270690,0.1623124927,0.0279088821,0.0247874409,0.0871440172,0.0918353349,0.0312174745,0.0317898430,0.5167140961,0.4845872521,0.2237951010,0.2163541764,0.6016930938,0.6014909148,0.1722372770,0.0000000000,0.0000000000,0.0096479971,0.1267869174,0.1449836046,0.1850263774,0.1915474683,0.0001686240,0.0000000000,0.0000000000,0.0000000000,-0.0308995806,0.1236974895,-0.0038411845,0.0495465547,0.1236919388,0.0061573582
20:19:54:51.680,61,0.0094734151,0.2003343701,0.0806295201,0.0000000000,0.0000000000,0.1489958167,0.0015631216,0.0093752537,0.2004839629,0.0520486459,0.0000000000,0.0000000000,0.1491934210,0.0018863287,0.0763437077,0.0126861967,0.0000000000,0.2197708488,0.0690680593,0.1944147199,0.1366161555,0.0288783908,0.0000000000,0.1657154113,0.1554276198,0.0000000000,0.0000000000,0.0588741153,0.0585738793,0.1874634624,0.1622435004,0.0279869884,0.0248048753,0.0874129087,0.0918502584,0.0312489346,0.0318593234,0.5062204003,0.4754278958,0.2183961421,0.2114808112,0.6080858707,0.6078988314,0.1728699356,0.0000000000,0.0000000000,0.0096733663,0.1263209283,0.1445410103,0.1847292036,0.1911836118,0.0002301924,0.0000000000,0.0000000000,0.0000000000,-0.0315564983,0.1225299984,-0.0038854207,0.0488851294,0.1225244254,0.0060173059
20:19:54:52.682,61,0.0089004617,0.1999712735,0.0801405013,0.0000000000,0.0000000000,0.1489243507,0.0027442398,0.0088085234,0.2001159042,0.0525222607,0.0000000000,0.0000000000,0.1491175145,0.0030965079,0.0759271681,0.0118100783,0.0000000000,0.2140812576,0.0689984560,0.1951219440,0.1374842077,0.0287404116,0.0000000000,0.1645580083,0.1532479674,0.0000000000,0.0000000000,0.0589572266,0.0586733930,0.1876016408,0.1626915932,0.0282170065,0.0248326547,0.0886401981,0.0921431705,0.0313507132,0.0320026092,0.5010209680,0.4694254696,0.2142620087,0.2073394358,0.6113408804,0.6111536622,0.1745830625,0.0000000000,0.0000000000,0.0097289039,0.1260779202,0.1443250477,0.1846613437,0.1910646409,0.0002576998,0.0000000000,0.0000000000,0.0000000000,-0.0318445228,0.1223061681,-0.0039136373,0.0485899635,0.1223005801,0.0059699663
20:19:54:53.682,61,0.0085764555,0.1989788711,0.0799403861,0.0000000000,0.0000000000,0.1488787085,0.0033786520,0.0084889475,0.1991210282,0.0526911356,0.0000000000,0.0000000000,0.1490704268,0.0037358012,0.0753585994,0.0119000375,0.0000000000,0.2107181102,0.0689531043,0.1956976801,0.1387528926,0.0287354346,0.0000000000,0.1635817736,0.1518266499,0.0000000000,0.0000000000,0.0589864440,0.0587212034,0.1874688566,0.1626986861,0.0284432992,0.0248766094,0.0893634707,0.0923646465,0.0314386822,0.0321243256,0.4975487590,0.4644002318,0.2104515582,0.2032853365,0.6125296950,0.6123406887,0.1755017787,0.0000000000,0.0000000000,0.0097792018,0.1256959438,0.1439928412,0.1843178570,0.1906608343,0.0002937141,0.0000000000,0.0000000000,0.0000000000,-0.0319492854,0.1216985211,-0.0039068065,0.0484722406,0.1216929331,0.0059256307
20:19:54:54.683,61,0.0080245715,0.1980427653,0.0797640011,0.0000000000,0.0000000000,0.1486337781,0.0044780187,0.0079430165,0.1981827319,0.0528435521,0.0000000000,0.0000000000,0.1488258839,0.0048499815,0.0747072771,0.0150551638,0.0000000000,0.2077013999,0.0688258708,0.1962392926,0.1394517571,0.0287874285,0.0000000000,0.1576837748,0.1486697346,0.0000000000,0.0000000000,0.0589512587,0.0586996637,0.1876654327,0.1628463715,0.0286267772,0.0248854142,0.0898986608,0.0924863368,0.0314881019,0.0322063118,0.4958556890,0.4621087015,0.2085152268,0.2013793439,0.6120966673,0.6119006276,0.1760527790,0.0000000000,0.0000000000,0.0098089585,0.1246032491,0.1433866620,0.1837847382,0.1901360750,0.0003200160,0.0000000000,0.0000000000,0.0000000000,-0.0320439488,0.1211254299,-0.0038997433,0.0483686514,0.1211197898,0.0058848546
20:19:54:55.685,61,0.0075836917,0.1973050535,0.0799693987,0.0000000000,0.0000000000,0.1483523101,0.0052560857,0.0075076949,0.1974465251,0.0526424907,0.0000000000,0.0000000000,0.1485445648,0.0056316704,0.0737435073,0.0162544940,0.0000000000,0.2021531612,0.0687191933,0.1962482482,0.1400226057,0.0287904646,0.0000000000,0.1557784975,0.1475442648,0.0000000000,0.0000000000,0.0588309951,0.0586177707,0.1875453740,0.1627155840,0.0288017821,0.0248865206,0.0904300064,0.0926279798,0.0315413065,0.0322934352,0.4945960641,0.4601415098,0.2066898197,0.2000186741,0.6096180081,0.6094173193,0.1759261638,0.0000000000,0.0000000000,0.0098268334,0.1238008216,0.1427737623,0.1834523529,0.1898794621,0.0002840379,0.0000000000,0.0000000000,0.0000000000,-0.0319237635,0.1206750125,-0.0038705338,0.0484958589,0.1206693649,0.0058781621
20:19:54:56.686,61,0.0074010361,0.1972723007,0.0791559592,0.0000000000,0.0000000000,0.1482129842,0.0054898653,0.0073276716,0.1974057257,0.0535001829,0.0000000000,0.0000000000,0.1484023333,0.0058593270,0.0729571506,0.0162932649,0.0000000000,0.1893796921,0.0686002895,0.1963973343,0.1424808055,0.0289046429,0.0000000000,0.1551774442,0.1468601227,0.0000000000,0.0000000000,0.0587225445,0.0585518554,0.1872773319,0.1626052409,0.0290172976,0.0249052253,0.0918629989,0.0929740593,0.0317198932,0.0325191580,0.4895723462,0.4542268217,0.2036256045,0.1960231513,0.6103488207,0.6101343036,0.1772780120,0.0000000000,0.0000000000,0.0099340463,0.1233986616,0.1423672438,0.1831700504,0.1895195544,0.0002722437,0.0000000000,0.0000000000,0.0000000000,-0.0324439928,0.1206520945,-0.0039328309,0.0480026864,0.1206464544,0.0058173169
20:19:54:57.687,61,0.0090118144,0.1986612976,0.0788014010,0.0000000000,0.0000000000,0.1479379386,0.0033512423,0.0087690055,0.1987917274,0.0539515577,0.0000000000,0.0000000000,0.1481239200,0.0038032960,0.0712429658,0.0158253517,0.0000000000,0.1792901009,0.0683880970,0.1959839165,0.1453090459,0.0288658664,0.0000000000,0.1550977230,0.1464802474,0.0000000000,0.0000000000,0.0584917963,0.0583887808,0.1844712198,0.1617792696,0.0292219073,0.0248955060,0.0940873548,0.0934934840,0.0319135375,0.0327572189,0.4798379540,0.4455807805,0.2022366524,0.1944822669,0.6340108514,0.6337839365,0.1779265553,0.0000000000,0.0000000000,0.0100522880,0.1229673028,0.1418479383,0.1831119955,0.1894490272,0.0002211957,0.0000000000,0.0000000000,0.0000000000,-0.0327143446,0.1215003058,-0.0039937450,0.0477827378,0.1214946657,0.0058317953
20:19:54:58.688,61,0.0093555683,0.2002243400,0.0781781375,0.0000000000,0.0000000000,0.1473687589,0.0028655473,0.0090790316,0.2003494352,0.0545938127,0.0000000000,0.0000000000,0.1475515962,0.0033277422,0.0703398436,0.0161313433,0.0000000000,0.1759483963,0.0682348907,0.1956546307,0.1466397643,0.0291075055,0.0000000000,0.1548804641,0.1457501948,0.0000000000,0.0000000000,0.0583496839,0.0582771711,0.1836448312,0.1613223404,0.0294340122,0.0249014162,0.0951678157,0.0939106643,0.0320767798,0.0329582579,0.4766762853,0.4415678978,0.2012152374,0.1932277828,0.6373155117,0.6370754838,0.1783340424,0.0000000000,0.0000000000,0.0101397466,0.1223869175,0.1412197948,0.1829211861,0.1891675889,0.0001988069,0.0000000000,0.0000000000,0.0000000000,-0.0330999270,0.1224539429,-0.0040728315,0.0473992750,0.1224483028,0.0058308938
20:19:54:59.689,61,0.0092249913,0.2015085965,0.0777252018,0.0000000000,0.0000000000,0.1467884779,0.0032621305,0.0089426497,0.2016298324,0.0550560467,0.0000000000,0.0000000000,0.1469711363,0.0037347153,0.0696180761,0.0300362166,0.0000000000,0.1756065041,0.0681037977,0.1952888966,0.1474999636,0.0295306835,0.0000000000,0.1547665000,0.1454208642,0.0000000000,0.0000000000,0.0582179688,0.0581513718,0.1832328439,0.1607029587,0.0295864716,0.0249164607,0.0956627280,0.0940415040,0.0322177969,0.0331167914,0.4777861536,0.4400707185,0.2003334612,0.1919770986,0.6078959107,0.6076098084,0.1780591458,0.0000000000,0.0000000000,0.0101861851,0.1215421110,0.1405584812,0.1825582981,0.1887707561,0.0003880577,0.0000000000,0.0000000000,0.0000000000,-0.0333769508,0.1232376620,-0.0041334569,0.0471200943,0.1232320741,0.0058340556
20:19:55:00.690,61,0.0087787267,0.2037868351,0.0781062096,0.0000000000,0.0000000000,0.1458795667,0.0062325783,0.0085041327,0.2039128840,0.0547204763,0.0000000000,0.0000000000,0.1460725069,0.0069134878,0.0689174309,0.0517976433,0.0000000000,0.1754132807,0.0677975640,0.1944342405,0.1474969387,0.0299871434,0.0000000000,0.1549362838,0.1456945091,0.0000000000,0.0000000000,0.0580989756,0.0580352396,0.1836356819,0.1603610665,0.0296764169,0.0248591192,0.0957898945,0.0939453691,0.0323547162,0.0332520865,0.5232571959,0.4713925719,0.2002919763,0.1917631328,0.6009944677,0.6006948352,0.1716047078,0.0000000000,0.0000000000,0.0101855434,0.1179559678,0.1381439120,0.1827050298,0.1890469044,0.0003728943,0.0000000000,0.0000000000,0.0000000000,-0.0331677496,0.1246322095,-0.0041545224,0.0473428704,0.1246266738,0.0059286379
20:19:55:01.691,61,0.0082337623,0.2048775107,0.0784958750,0.0000000000,0.0000000000,0.1448457390,0.0097038932,0.0079731541,0.2050078958,0.0543748736,0.0000000000,0.0000000000,0.1450476199,0.0105606746,0.0682392418,0.0583428405,0.0000000000,0.1755360961,0.0674425364,0.1936953366,0.1473369449,0.0303303711,0.0000000000,0.1550870091,0.1458984464,0.0000000000,0.0000000000,0.0579854287,0.0579477660,0.1837907284,0.1599363685,0.0297629740,0.0248034671,0.0958684683,0.0938521624,0.0325111412,0.0334114395,0.5310377479,0.4789710641,0.2004167885,0.1918050200,0.6078797579,0.6076175570,0.1663093120,0.0000000000,0.0000000000,0.0101995645,0.1147222966,0.1353208721,0.1829801500,0.1894499063,0.0003847654,0.0000000000,0.0000000000,0.0000000000,-0.0329554975,0.1253005862,-0.0041503157,0.0475750901,0.1252950728,0.0059899823
20:19:55:02.693,61,0.0076603629,0.2067778409,0.0786924660,0.0000000000,0.0000000000,0.1440351456,0.0118308924,0.0074162963,0.2069110572,0.0542307273,0.0000000000,0.0000000000,0.1442393959,0.0127711780,0.0676574185,0.0615452677,0.0000000000,0.1758703291,0.0670090616,0.1932872683,0.1471980363,0.0306621771,0.0000000000,0.1546674818,0.1456172019,0.0000000000,0.0000000000,0.0578801259,0.0578201190,0.1842103601,0.1596180648,0.0298049543,0.0247216672,0.0958605558,0.0937941894,0.0326156355,0.0335267894,0.5319197178,0.4818200171,0.2012007385,0.1923657656,0.6095348001,0.6092801690,0.1645284891,0.0000000000,0.0000000000,0.0102087222,0.1132688150,0.1340627074,0.1831912249,0.1897360831,0.0004025248,0.0000000000,0.0000000000,0.0000000000,-0.0328633077,0.1264634281,-0.0041775284,0.0476872362,0.1264579445,0.0060604098
20:19:55:03.694,61,0.0073262053,0.2065192461,0.0787994042,0.0000000000,0.0000000000,0.1435494572,0.0128186075,0.0070980131,0.2066534311,0.0541118383,0.0000000000,0.0000000000,0.1437570751,0.0137780346,0.0671316236,0.0631975830,0.0000000000,0.1763123423,0.0666627586,0.1930405349,0.1472639889,0.0309598092,0.0000000000,0.1542400420,0.1454050392,0.0000000000,0.0000000000,0.0577932410,0.0577116497,0.1845026165,0.1591620147,0.0298697278,0.0246659759,0.0959377363,0.0938429162,0.0327383988,0.0336528234,0.5195387006,0.4730280042,0.2017122358,0.1928036660,0.6114234328,0.6111692786,0.1638608724,0.0000000000,0.0000000000,0.0102323368,0.1124148592,0.1333510578,0.1833181679,0.1899673790,0.0002685032,0.0000000000,0.0000000000,0.0000000000,-0.0327919126,0.1263056546,-0.0041632000,0.0477529876,0.1263001859,0.0060611092
20:19:55:04.694,61,0.0069385879,0.2090220004,0.0793847144,0.0000000000,0.0000000000,0.1429066211,0.0134269893,0.0067267260,0.2091635019,0.0535529405,0.0000000000,0.0000000000,0.1431127042,0.0143759754,0.0667903647,0.0459175259,0.0000000000,0.1769083440,0.0663200915,0.1936913580,0.1477059275,0.0308493245,0.0000000000,0.1537190378,0.1450238377,0.0000000000,0.0000000000,0.0576640144,0.0575802252,0.1846180260,0.1589640975,0.0298793204,0.0245592650,0.0962774903,0.0942637026,0.0328500271,0.0337859429,0.5135962963,0.4707381427,0.2095582187,0.2031216770,0.6154970527,0.6152785420,0.1637651175,0.0000000000,0.0000000000,0.0102559626,0.1120704487,0.1330575347,0.1852028221,0.1929565370,0.0004295033,0.0000000000,0.0000000000,0.0000000000,-0.0324468687,0.1278384030,-0.0041699447,0.0480982959,0.1278329492,0.0061797961
20:19:55:05.696,61,0.0064625414,0.2102031559,0.0795966387,0.0000000000,0.0000000000,0.1424179673,0.0142870890,0.0062666438,0.2103475332,0.0533322394,0.0000000000,0.0000000000,0.1426248848,0.0152260754,0.0665287152,0.0421584584,0.0000000000,0.1774668396,0.0658983365,0.1949123889,0.1482944340,0.0307142753,0.0000000000,0.1535433680,0.1451547593,0.0000000000,0.0000000000,0.0574660152,0.0573892817,0.1847098768,0.1586842388,0.0298041329,0.0244035311,0.0965263546,0.0946733057,0.0330093466,0.0339512937,0.5151181221,0.4742044210,0.2192552984,0.2125489563,0.6170225739,0.6168141961,0.1631540954,0.0000000000,0.0000000000,0.0102671329,0.1118377522,0.1329161376,0.1893301755,0.1993389875,0.0005985054,0.0000000000,0.0000000000,0.0000000000,-0.0323101394,0.1285614818,-0.0041761254,0.0482222140,0.1285560727,0.0062311408
20:19:55:06.697,61,0.0060194107,0.2126352340,0.0799333602,0.0000000000,0.0000000000,0.1418108195,0.0149174547,0.0058386102,0.2127846777,0.0529957935,0.0000000000,0.0000000000,0.1420182735,0.0158432163,0.0663070753,0.0414335094,0.0000000000,0.1809971482,0.0654464439,0.1958582550,0.1488264352,0.0306110960,0.0000000000,0.1531727165,0.1449515522,0.0000000000,0.0000000000,0.0572236143,0.0571518913,0.1850549877,0.1586525291,0.0296430271,0.0241711065,0.0967667252,0.0951741114,0.0331097655,0.0340498127,0.5203132033,0.4795526564,0.2380534261,0.2286543548,0.6241590381,0.6239660978,0.1614434570,0.0000000000,0.0000000000,0.0102383103,0.1115697995,0.1327044070,0.1994348913,0.2104769349,0.0008430965,0.0000000000,0.0000000000,0.0000000000,-0.0321001038,0.1300501376,-0.0041975724,0.0484168604,0.1300447285,0.0063295355
20:19:55:07.698,61,0.0055702222,0.2143806666,0.0796704888,0.0000000000,0.0000000000,0.1413858533,0.0156741757,0.0054035606,0.2145283967,0.0532491319,0.0000000000,0.0000000000,0.1415931731,0.0165857002,0.0661858693,0.0422661193,0.0000000000,0.1832045317,0.0649886355,0.1966739744,0.1494633555,0.0302836988,0.0000000000,0.1529893279,0.1450763941,0.0000000000,0.0000000000,0.0569773950,0.0569157712,0.1856075227,0.1588607430,0.0295066945,0.0239079185,0.0973440111,0.0971996114,0.0332790241,0.0342132077,0.5250619650,0.4853996038,0.2508865595,0.2437795103,0.6352599263,0.6350929737,0.1571844667,0.0000000000,0.0000000000,0.0102192638,0.1115087643,0.1327821612,0.2182708085,0.2320400774,0.0011310821,0.0000000000,0.0000000000,0.0000000000,-0.0322490335,0.1311164945,-0.0042520161,0.0482508875,0.1311111748,0.0063601770
20:19:55:08.698,61,0.0052409945,0.2175473124,0.0795110241,0.0000000000,0.0000000000,0.1412070096,0.0161265917,0.0050872397,0.2176952660,0.0534166731,0.0000000000,0.0000000000,0.1414155066,0.0170234423,0.0661544129,0.0480918288,0.0000000000,0.1855312884,0.0644316748,0.1986195594,0.1515585929,0.0302382205,0.0000000000,0.1525554955,0.1441993415,0.0000000000,0.0000000000,0.0566891357,0.0566188581,0.1872638017,0.1592135429,0.0293116886,0.0236156881,0.0979931876,0.0991902351,0.0335258059,0.0344400927,0.5352740288,0.4923550189,0.2650372386,0.2530272901,0.6489343643,0.6487544179,0.1513486058,0.0000000000,0.0000000000,0.0102105690,0.1113036126,0.1326579303,0.2286628485,0.2408975512,0.0012952860,0.0000000000,0.0000000000,0.0000000000,-0.0323421918,0.1330524832,-0.0043280013,0.0481419340,0.1330471635,0.0064406339
20:19:55:09.699,61,0.0051232721,0.2266562730,0.0789227784,0.0000000000,0.0000000000,0.1409054399,0.0162379555,0.0049799192,0.2268030494,0.0540107824,0.0000000000,0.0000000000,0.1411172748,0.0171155278,0.0660584942,0.0562004969,0.0000000000,0.1886574626,0.0639032423,0.2009360641,0.1583177298,0.0303331651,0.0000000000,0.1526106149,0.1437932104,0.0000000000,0.0000000000,0.0562888011,0.0561973341,0.1880532950,0.1593379825,0.0290453564,0.0232723542,0.0992023349,0.1023120806,0.0338040553,0.0346780047,0.5499179363,0.5045034885,0.2946602404,0.2757343650,0.6660290956,0.6658357382,0.1456805617,0.0000000000,0.0000000000,0.0101798363,0.1112301648,0.1327276975,0.2594967186,0.2691053748,0.0013381880,0.0000000000,0.0000000000,0.0000000000,-0.0326770507,0.1386205852,-0.0045581083,0.0477494635,0.1386154592,0.0066589038
20:19:55:10.700,61,0.0052612941,0.2313650548,0.0790002942,0.0000000000,0.0000000000,0.1409002393,0.0159226563,0.0051235985,0.2315154821,0.0539019965,0.0000000000,0.0000000000,0.1411171556,0.0167754907,0.0661038682,0.0673723370,0.0000000000,0.1900601536,0.0632421747,0.2146785557,0.1614525914,0.0306078717,0.0000000000,0.1526747346,0.1432903111,0.0000000000,0.0000000000,0.0557812788,0.0556485020,0.1928896904,0.1598494649,0.0287238974,0.0228620879,0.1026782170,0.1083667502,0.0341321416,0.0349510983,0.5920900702,0.5423079729,0.3364830017,0.3126344979,0.6809202433,0.6807194352,0.1422429532,0.0000000000,0.0000000000,0.0101347566,0.1111776158,0.1327713579,0.2790595591,0.2890786529,0.0012730886,0.0000000000,0.0000000000,0.0000000000,-0.0325980000,0.1415004581,-0.0046428102,0.0477769934,0.1414954364,0.0068030120
20:19:55:11.702,61,0.0056539113,0.2407321632,0.0801887587,0.0000000000,0.0000000000,0.1409883052,0.0150701785,0.0055148727,0.2409019172,0.0527199879,0.0000000000,0.0000000000,0.1412102282,0.0158916172,0.0661005676,0.0712652728,0.0000000000,0.1909187138,0.0625666156,0.2537793815,0.1702896208,0.0305934958,0.0000000000,0.1529621184,0.1432042122,0.0000000000,0.0000000000,0.0551500767,0.0549738258,0.1944980025,0.1601764560,0.0283298194,0.0224585161,0.1078966111,0.1164463237,0.0346216969,0.0353832319,0.6083992720,0.5626857281,0.3526411951,0.3313620389,0.6920430660,0.6918645501,0.1373939514,0.0000000000,0.0000000000,0.0100963842,0.1112270281,0.1329419017,0.2969331443,0.3093421757,0.0012004792,0.0000000000,0.0000000000,0.0000000000,-0.0318566114,0.1472338438,-0.0047237258,0.0484554172,0.1472289711,0.0071831048
20:19:55:12.703,61,0.0061068404,0.2478414476,0.0793877244,0.0000000000,0.0000000000,0.1424822807,0.0141177671,0.0059645595,0.2480061054,0.0534894951,0.0000000000,0.0000000000,0.1427127421,0.0149076506,0.0662854239,0.0710496455,0.0000000000,0.1916578114,0.0620141737,0.2649880350,0.1733295619,0.0304006580,0.0000000000,0.1558279693,0.1434913427,0.0000000000,0.0000000000,0.0544187315,0.0540281683,0.1954955608,0.1607274562,0.0278835203,0.0220714640,0.1101472601,0.1200550497,0.0350311585,0.0357250236,0.6214966178,0.5826817155,0.3726431429,0.3529577255,0.6979355216,0.6977636218,0.1339209676,0.0000000000,0.0000000000,0.0100227455,0.1128549427,0.1349410564,0.3302659690,0.3387567401,0.0013907645,0.0000000000,0.0000000000,0.0000000000,-0.0323004872,0.1515779942,-0.0049329898,0.0479400605,0.1515732408,0.0073196576
20:19:55:13.703,61,0.0087900143,0.2544038296,0.0789575130,0.0000000000,0.0000000000,0.1440331787,0.0096286535,0.0084008528,0.2545668483,0.0539430380,0.0000000000,0.0000000000,0.1442580372,0.0104173068,0.0664811805,0.0632364079,0.0000000000,0.1917755902,0.0614908934,0.3087292016,0.1780360788,0.0300528985,0.0000000000,0.1569868475,0.1434998065,0.0000000000,0.0000000000,0.0536561944,0.0531300530,0.1963876486,0.1641037911,0.0274407528,0.0217002425,0.1199092641,0.1309729218,0.0356402434,0.0362614468,0.6274562478,0.5910745263,0.3884020448,0.3676869869,0.7026998997,0.7025269270,0.1321920753,0.0000000000,0.0000000000,0.0099893194,0.1154041216,0.1368666589,0.3417992294,0.3499856591,0.0015434651,0.0000000000,0.0000000000,0.0000000000,-0.0325541683,0.1555891633,-0.0051054009,0.0476506986,0.1555845141,0.0074711479
20:19:55:14.705,61,0.0114714932,0.2562925220,0.0776926354,0.0000000000,0.0000000000,0.1453340501,0.0050937552,0.0108708767,0.2564410269,0.0551431365,0.0000000000,0.0000000000,0.1455693096,0.0059089912,0.0665153936,0.0611554831,0.0000000000,0.1915997863,0.0608489215,0.3210598826,0.1798938960,0.0297522880,0.0000000000,0.1577827632,0.1436012685,0.0000000000,0.0000000000,0.0527573973,0.0522725806,0.1972291619,0.1665703803,0.0269751232,0.0212916080,0.1234614104,0.1352740973,0.0362085439,0.0367591158,0.6441544294,0.6101056933,0.4159435928,0.3951461911,0.7058934569,0.7057210207,0.1306153983,0.0000000000,0.0000000000,0.0099394517,0.1167799681,0.1385292113,0.3510344923,0.3610008955,0.0016252320,0.0000000000,0.0000000000,0.0000000000,-0.0332724117,0.1567383856,-0.0052571753,0.0468788482,0.1567337960,0.0074054133
20:19:55:15.705,61,0.0125076156,0.2551976740,0.0786807388,0.0000000000,0.0000000000,0.1474927515,0.0032786606,0.0118534118,0.2553577721,0.0541919842,0.0000000000,0.0000000000,0.1477456391,0.0040812539,0.0666032657,0.0602537990,0.0000000000,0.1915765703,0.0596391931,0.3134590387,0.1804576367,0.0294682998,0.0000000000,0.1584080309,0.1437764168,0.0000000000,0.0000000000,0.0519660637,0.0514833704,0.2003395855,0.1701740175,0.0265180897,0.0208219308,0.1260782629,0.1401946992,0.0366750248,0.0371551290,0.6643543243,0.6333352327,0.4686285853,0.4473702908,0.7174358368,0.7172597647,0.1290963590,0.0000000000,0.0000000000,0.0098538352,0.1192764342,0.1416481733,0.3784985840,0.3926405907,0.0016040466,0.0000000000,0.0000000000,0.0000000000,-0.0327019244,0.1560733318,-0.0051447852,0.0474800467,0.1560687274,0.0074679614
20:19:55:16.706,61,0.0131089455,0.2591544092,0.0790728331,0.0000000000,0.0000000000,0.1488836408,0.0020734398,0.0124415774,0.2593213320,0.0538546331,0.0000000000,0.0000000000,0.1491467506,0.0028530462,0.0666112602,0.0602314845,0.0000000000,0.1913071275,0.0579774231,0.3158695698,0.1804658920,0.0293964241,0.0000000000,0.1591158062,0.1441135854,0.0000000000,0.0000000000,0.0512309372,0.0507445782,0.2026777714,0.1720983833,0.0260723811,0.0203642547,0.1311147660,0.1485796422,0.0372980908,0.0377137177,0.6839050651,0.6497250199,0.4869297445,0.4639012516,0.7217100859,0.7215362787,0.1252903789,0.0000000000,0.0000000000,0.0097783124,0.1213246956,0.1443734765,0.3953405023,0.4080492854,0.0011733789,0.0000000000,0.0000000000,0.0000000000,-0.0324858762,0.1584947258,-0.0051914314,0.0476983860,0.1584902406,0.0076206299
20:19:55:17.708,61,0.0130904345,0.2641617358,0.0789642334,0.0000000000,0.0000000000,0.1498408467,0.0018236507,0.0124418642,0.2643295228,0.0540840663,0.0000000000,0.0000000000,0.1501048654,0.0025745612,0.0669746995,0.0555184893,0.0000000000,0.1913377494,0.0569213331,0.3161724806,0.1790217012,0.0290000979,0.0000000000,0.1622495502,0.1468428075,0.0000000000,0.0000000000,0.0505072996,0.0500287563,0.2037229389,0.1733821779,0.0256322883,0.0199057329,0.1331178993,0.1523488164,0.0377572179,0.0381460823,0.6911691427,0.6607062221,0.5008251667,0.4804159999,0.7259005308,0.7257478237,0.1238005534,0.0000000000,0.0000000000,0.0096800514,0.1267905235,0.1497907341,0.4047310650,0.4168973863,0.0009431365,0.0000000000,0.0000000000,0.0000000000,-0.0326081663,0.1615563631,-0.0053133820,0.0476093665,0.1615519077,0.0077559161
20:19:55:18.709,61,0.0128886905,0.2653120756,0.0789663270,0.0000000000,0.0000000000,0.1504770517,0.0019216137,0.0122705167,0.2654805481,0.0540845618,0.0000000000,0.0000000000,0.1507420987,0.0026447969,0.0673893616,0.0541445240,0.0000000000,0.1915018559,0.0561603047,0.3168238103,0.1763791442,0.0287206322,0.0000000000,0.1631953567,0.1475954950,0.0000000000,0.0000000000,0.0498509593,0.0493822843,0.2048860639,0.1755848676,0.0252202135,0.0195089318,0.1344770044,0.1544545740,0.0382177830,0.0385749154,0.6952646375,0.6657091379,0.5070803165,0.4870911241,0.7235116363,0.7233579159,0.1215648726,0.0000000000,0.0000000000,0.0095715662,0.1287116408,0.1518057287,0.4153246582,0.4265870452,0.0007687791,0.0000000000,0.0000000000,0.0000000000,-0.0326047242,0.1622598767,-0.0053363652,0.0476051718,0.1622553915,0.0077896011
20:19:55:19.710,61,0.0119005619,0.2658975720,0.0787616447,0.0000000000,0.0000000000,0.1509115398,0.0029167831,0.0114795761,0.2660638392,0.0542580746,0.0000000000,0.0000000000,0.1511768997,0.0035840701,0.0677319020,0.0539345182,0.0000000000,0.1918367296,0.0554751046,0.3167794943,0.1748386025,0.0286177285,0.0000000000,0.1641190052,0.1484385580,0.0000000000,0.0000000000,0.0492262989,0.0487605520,0.2067849189,0.1768600643,0.0248093177,0.0190940686,0.1350562721,0.1554518789,0.0384784862,0.0388143323,0.6973380446,0.6680297852,0.5101591945,0.4902099371,0.7200605869,0.7198866606,0.1206675917,0.0000000000,0.0000000000,0.0094582923,0.1299068630,0.1530665010,0.4088586569,0.4211402833,0.0007135399,0.0000000000,0.0000000000,0.0000000000,-0.0327074118,0.1626169086,-0.0053651552,0.0474789962,0.1626124680,0.0077863731
20:19:55:20.711,61,0.0106572462,0.2646994889,0.0790719688,0.0000000000,0.0000000000,0.1512332112,0.0113724303,0.0104067763,0.2648691237,0.0539462753,0.0000000000,0.0000000000,0.1514971405,0.0122831594,0.0679775178,0.0544774495,0.0000000000,0.1917682886,0.0548071228,0.3195302784,0.1739144176,0.0285138693,0.0000000000,0.1643337309,0.1486870348,0.0000000000,0.0000000000,0.0486730635,0.0482202061,0.2101825327,0.1795535982,0.0244500153,0.0187240075,0.1355739832,0.1561655849,0.0388073213,0.0391222946,0.6985152364,0.6691668034,0.5114189386,0.4914143682,0.7144525051,0.7142499685,0.1200552136,0.0000000000,0.0000000000,0.0093925698,0.1304455101,0.1537245959,0.4036388695,0.4171085358,0.0008475441,0.0000000000,0.0000000000,0.0000000000,-0.0325233452,0.1618857235,-0.0053105596,0.0476717688,0.1618812829,0.0077821859
20:19:55:21.712,61,0.0096959379,0.2647016346,0.0787064433,0.0000000000,0.0000000000,0.1509184688,0.0177897662,0.0095545696,0.2648665607,0.0543191470,0.0000000000,0.0000000000,0.1511808783,0.0187549237,0.0680839047,0.0558565184,0.0000000000,0.1902161241,0.0540731438,0.3477799892,0.1736554801,0.0283477344,0.0000000000,0.1644369364,0.1492668986,0.0000000000,0.0000000000,0.0481604300,0.0477416925,0.2116006315,0.1807599962,0.0241278242,0.0183917321,0.1359909922,0.1566527337,0.0392469317,0.0395644680,0.7008928061,0.6702309847,0.5106799006,0.4909132123,0.6865208745,0.6863123775,0.1193677932,0.0000000000,0.0000000000,0.0093696434,0.1304278970,0.1539306939,0.3832105994,0.3998654187,0.0008152192,0.0000000000,0.0000000000,0.0000000000,-0.0327481478,0.1618853509,-0.0053472403,0.0474513955,0.1618808359,0.0077462178
20:19:55:22.712,61,0.0088780550,0.2651022673,0.0777472183,0.0000000000,0.0000000000,0.1505001485,0.0205615014,0.0087849172,0.2652549744,0.0552788004,0.0000000000,0.0000000000,0.1507587582,0.0215361062,0.0682255551,0.0560696982,0.0000000000,0.1894752979,0.0534270927,0.3552994132,0.1729753911,0.0280365776,0.0000000000,0.1667280346,0.1602752954,0.0000000000,0.0000000000,0.0476888381,0.0473043174,0.2121961862,0.1813671440,0.0238323696,0.0180938486,0.1361597925,0.1568622291,0.0396259353,0.0399678834,0.7020273209,0.6710761786,0.5061613917,0.4884959757,0.6649051309,0.6647262573,0.1187741458,0.0000000000,0.0000000000,0.0093398523,0.1306422502,0.1543965936,0.3748235703,0.3904794753,0.0007682712,0.0000000000,0.0000000000,0.0000000000,-0.0333254114,0.1621259004,-0.0054496899,0.0468712226,0.1621214002,0.0076631545
20:19:55:23.714,61,0.0081463549,0.2655330598,0.0772032142,0.0000000000,0.0000000000,0.1497285068,0.0224141404,0.0080804247,0.2656788528,0.0558343157,0.0000000000,0.0000000000,0.1499697864,0.0233728141,0.0685602278,0.0540824011,0.0000000000,0.1891142577,0.0528925397,0.3568963110,0.1680295169,0.0276913978,0.0000000000,0.1723460406,0.1688558012,0.0000000000,0.0000000000,0.0472947955,0.0469363295,0.2125014514,0.1817948073,0.0235993713,0.0178513620,0.1360257268,0.1566547304,0.0399497300,0.0403420813,0.7028652430,0.6718605161,0.4937121570,0.4779851139,0.6401649714,0.6400136352,0.1181516573,0.0000000000,0.0000000000,0.0093098637,0.1307886839,0.1547207832,0.3699833751,0.3841728866,0.0006654235,0.0000000000,0.0000000000,0.0000000000,-0.0336588845,0.1623867750,-0.0055132154,0.0465412624,0.1623823345,0.0076217125
20:19:55:24.715,61,0.0074842079,0.2669782937,0.0767964497,0.0000000000,0.0000000000,0.1490109712,0.0240128562,0.0074341218,0.2671194673,0.0562421940,0.0000000000,0.0000000000,0.1492445618,0.0249453858,0.0688065886,0.0530688800,0.0000000000,0.1887351125,0.0523691699,0.3578701913,0.1651731879,0.0272420645,0.0000000000,0.1740276515,0.1720474660,0.0000000000,0.0000000000,0.0468836762,0.0465484522,0.2126255184,0.1820479631,0.0233406648,0.0176173188,0.1356607974,0.1562990248,0.0401423536,0.0405880883,0.7045636177,0.6752241254,0.4903864264,0.4753456414,0.6261740327,0.6260243654,0.1177061573,0.0000000000,0.0000000000,0.0092516569,0.1308508962,0.1549792886,0.3675696850,0.3813379109,0.0005231784,0.0000000000,0.0000000000,0.0000000000,-0.0338998623,0.1632686704,-0.0055833668,0.0462893434,0.1632642299,0.0076223947
20:19:55:25.716,61,0.0068808463,0.2699213922,0.0764798447,0.0000000000,0.0000000000,0.1479243189,0.0279925708,0.0068404200,0.2700595558,0.0565870032,0.0000000000,0.0000000000,0.1481445730,0.0288056768,0.0690965280,0.0510899536,0.0000000000,0.1882406920,0.0518574007,0.3534868062,0.1624026150,0.0268045925,0.0000000000,0.1751629859,0.1738651842,0.0000000000,0.0000000000,0.0464948080,0.0461805500,0.2126355171,0.1822776943,0.0230932124,0.0173956659,0.1353434622,0.1560295820,0.0402735062,0.0407723933,0.7062335014,0.6782987714,0.4905212224,0.4755182564,0.6185471416,0.6183969378,0.1173758656,0.0000000000,0.0000000000,0.0091830995,0.1309186667,0.1552138776,0.3677938879,0.3811324537,0.0005333541,0.0000000000,0.0000000000,0.0000000000,-0.0340975448,0.1650668383,-0.0056788945,0.0460847840,0.1650624573,0.0076738466
20:19:55:26.717,61,0.0063287891,0.2730044127,0.0767221302,0.0000000000,0.0000000000,0.1471302211,0.0312923230,0.0062946179,0.2731468678,0.0563939102,0.0000000000,0.0000000000,0.1473425031,0.0320179686,0.0693212673,0.0475501865,0.0000000000,0.1871264130,0.0513557605,0.3506923020,0.1608026326,0.0263138600,0.0000000000,0.1763405949,0.1752330363,0.0000000000,0.0000000000,0.0461234823,0.0458205305,0.2125222236,0.1823989451,0.0228547119,0.0172012728,0.1349167228,0.1556450576,0.0403619856,0.0409077965,0.7074396014,0.6806820631,0.4904556572,0.4755620360,0.6103385687,0.6101658940,0.1171914116,0.0000000000,0.0000000000,0.0091216853,0.1311187744,0.1555487216,0.3679099679,0.3810461164,0.0006620197,0.0000000000,0.0000000000,0.0000000000,-0.0339704603,0.1669531465,-0.0057236012,0.0462162010,0.1669488549,0.0077853044
20:19:55:27.717,61,0.0058224499,0.2787004411,0.0772297010,0.0000000000,0.0000000000,0.1464493871,0.0367870256,0.0057926262,0.2788519263,0.0559698939,0.0000000000,0.0000000000,0.1466568112,0.0374281183,0.0696732998,0.0462268814,0.0000000000,0.1863098890,0.0508579984,0.3496282399,0.1596484482,0.0257997029,0.0000000000,0.1770835072,0.1762341857,0.0000000000,0.0000000000,0.0457610264,0.0454663001,0.2128153890,0.1828519702,0.0226176474,0.0170073975,0.1347610056,0.1556143463,0.0404796638,0.0410579219,0.7158777714,0.6928218007,0.5057597160,0.4913710654,0.6071805358,0.6070025563,0.1170124486,0.0000000000,0.0000000000,0.0090511926,0.1313743293,0.1560007185,0.3832536936,0.3972858191,0.0010280990,0.0000000000,0.0000000000,0.0000000000,-0.0336950421,0.1704386324,-0.0057980386,0.0464943983,0.1704344451,0.0079988223
20:19:55:28.720,61,0.0053573847,0.2801445425,0.0778014436,0.0000000000,0.0000000000,0.1459005922,0.0441569276,0.0053308071,0.2803044021,0.0554123819,0.0000000000,0.0000000000,0.1461058408,0.0447759293,0.0700354725,0.0460652113,0.0000000000,0.1856235713,0.0503621884,0.3587824702,0.1589313298,0.0254657082,0.0000000000,0.1771076024,0.1764178872,0.0000000000,0.0000000000,0.0454320535,0.0451436453,0.2159326375,0.1853338182,0.0223897491,0.0168197751,0.1350501627,0.1565112472,0.0406702310,0.0412603728,0.7235528827,0.6992233396,0.5225765109,0.5043390393,0.6051136255,0.6049302220,0.1167179123,0.0000000000,0.0000000000,0.0089884978,0.1314750761,0.1563063264,0.3924243152,0.4071010649,0.0013049688,0.0000000000,0.0000000000,0.0000000000,-0.0333543047,0.1713244468,-0.0057698493,0.0468314663,0.1713202447,0.0080994684
20:19:55:29.721,61,0.0049298750,0.2797569633,0.0764904246,0.0000000000,0.0000000000,0.1456570625,0.0518170558,0.0049058809,0.2798988819,0.0566909015,0.0000000000,0.0000000000,0.1458614618,0.0524710454,0.0701723099,0.0496867858,0.0000000000,0.1842887849,0.0497911461,0.3613198102,0.1587904841,0.0253008828,0.0000000000,0.1770983636,0.1765259504,0.0000000000,0.0000000000,0.0450863093,0.0448108986,0.2172653228,0.1864215434,0.0221461430,0.0165948831,0.1364078671,0.1605261117,0.0408537462,0.0414529853,0.7277880311,0.7022071481,0.5409335494,0.5210384727,0.6061552167,0.6059449315,0.1165013760,0.0000000000,0.0000000000,0.0089146420,0.1317478716,0.1568480879,0.4039272964,0.4194694757,0.0013511868,0.0000000000,0.0000000000,0.0000000000,-0.0341253318,0.1710810661,-0.0058946204,0.0460442193,0.1710769534,0.0079518836
20:19:55:30.722,61,0.0045366990,0.2791411281,0.0759758651,0.0000000000,0.0000000000,0.1459569186,0.0566905364,0.0045148660,0.2792759240,0.0571825653,0.0000000000,0.0000000000,0.1461592615,0.0573573858,0.0701608509,0.0505021065,0.0000000000,0.1796429455,0.0491300113,0.3688172996,0.1589593291,0.0251732003,0.0000000000,0.1774994582,0.1769070774,0.0000000000,0.0000000000,0.0446773991,0.0444306470,0.2179257721,0.1871622056,0.0218739267,0.0163596403,0.1381915063,0.1652196199,0.0410392769,0.0416615158,0.7373797297,0.7106953859,0.5694308281,0.5497393608,0.6090457439,0.6087986827,0.1162690073,0.0000000000,0.0000000000,0.0088405544,0.1340253949,0.1608093381,0.4215648472,0.4358976483,0.0012647661,0.0000000000,0.0000000000,0.0000000000,-0.0344235562,0.1707020551,-0.0059326789,0.0457374528,0.1706978977,0.0078810975
20:19:55:31.722,61,0.0041749976,0.2789905071,0.0759303793,0.0000000000,0.0000000000,0.1463047415,0.0685958490,0.0041550379,0.2791245580,0.0572390109,0.0000000000,0.0000000000,0.1465058178,0.0693017989,0.0702984259,0.0513984561,0.0000000000,0.1772100925,0.0484265462,0.3936876357,0.1592165381,0.0252683237,0.0000000000,0.1779181659,0.1773210764,0.0000000000,0.0000000000,0.0442951135,0.0440650322,0.2212172598,0.1899204701,0.0216251537,0.0161313731,0.1429605633,0.1728038043,0.0413631387,0.0420088135,0.7620265484,0.7348188162,0.5907555223,0.5686466098,0.6103874445,0.6101150513,0.1157879531,0.0000000000,0.0000000000,0.0087741176,0.1353343129,0.1629696637,0.4315717220,0.4461338222,0.0009011976,0.0000000000,0.0000000000,0.0000000000,-0.0344580859,0.1706097722,-0.0059353542,0.0457107909,0.1706055701,0.0078721633
20:19:55:32.723,61,0.0038421964,0.2777547538,0.0762981251,0.0000000000,0.0000000000,0.1467550844,0.0795700699,0.0038238987,0.2778930664,0.0569071062,0.0000000000,0.0000000000,0.1469540447,0.0802436769,0.0703553557,0.0521192662,0.0000000000,0.1735192388,0.0473653004,0.4010737836,0.1596969366,0.0253988802,0.0000000000,0.1784778386,0.1780836880,0.0000000000,0.0000000000,0.0439343490,0.0437219627,0.2228887081,0.1912986636,0.0213979259,0.0158972573,0.1473749578,0.1789628118,0.0417138562,0.0423960760,0.7696198225,0.7421162724,0.6020032763,0.5798503160,0.6116489172,0.6113625765,0.1154028699,0.0000000000,0.0000000000,0.0087221181,0.1367594451,0.1651650667,0.4359671772,0.4505901039,0.0005706532,0.0000000000,0.0000000000,0.0000000000,-0.0342627056,0.1698558778,-0.0058751269,0.0459381416,0.1698516756,0.0078756465
20:19:55:33.725,61,0.0035359573,0.2783202529,0.0772684813,0.0000000000,0.0000000000,0.1471789777,0.0850112364,0.0035191560,0.2784719765,0.0559362061,0.0000000000,0.0000000000,0.1473766863,0.0856784806,0.0703132153,0.0526752062,0.0000000000,0.1708122343,0.0465819240,0.4048973918,0.1599467993,0.0255626421,0.0000000000,0.1862315834,0.1870608181,0.0000000000,0.0000000000,0.0436049923,0.0434091911,0.2236656845,0.1920104921,0.0211955532,0.0156912692,0.1504320055,0.1825915724,0.0420453250,0.0427608788,0.7735766172,0.7459207773,0.6074324250,0.5851962566,0.6116703153,0.6113753319,0.1150063798,0.0000000000,0.0000000000,0.0086657638,0.1396420896,0.1685523540,0.4484495819,0.4641367495,0.0004108182,0.0000000000,0.0000000000,0.0000000000,-0.0336761139,0.1702063084,-0.0057867286,0.0465195961,0.1702020913,0.0079920320
20:19:55:34.726,61,0.0032541447,0.2788887322,0.0782280266,0.0000000000,0.0000000000,0.1475695223,0.0875877663,0.0032387029,0.2790538073,0.0549862273,0.0000000000,0.0000000000,0.1477640271,0.0882433131,0.0702957809,0.0524378195,0.0000000000,0.1685098410,0.0458466671,0.4071120322,0.1600726098,0.0256290585,0.0000000000,0.1913672239,0.1921115220,0.0000000000,0.0000000000,0.0432644002,0.0430913605,0.2239583284,0.1925191730,0.0209931042,0.0154919727,0.1526570916,0.1853493154,0.0423338674,0.0430936739,0.7759221196,0.7482965589,0.6160796285,0.5954180956,0.6106671095,0.6103664637,0.1145812422,0.0000000000,0.0000000000,0.0086045442,0.1426875293,0.1713617295,0.4602169991,0.4749538302,0.0002908748,0.0000000000,0.0000000000,0.0000000000,-0.0331021585,0.1705586165,-0.0057001468,0.0470944755,0.1705543846,0.0081077917
20:19:55:35.727,61,0.0029948021,0.2811121345,0.0793910772,0.0000000000,0.0000000000,0.1475696266,0.0900033638,0.0029806017,0.2812945843,0.0537619330,0.0000000000,0.0000000000,0.1477602571,0.0906253010,0.0702971891,0.0520780571,0.0000000000,0.1673530936,0.0451998673,0.4081602991,0.1601449102,0.0256261900,0.0000000000,0.1946929693,0.1956886351,0.0000000000,0.0000000000,0.0428969711,0.0427432433,0.2238587290,0.1926738769,0.0207939185,0.0152959572,0.1539890617,0.1873268634,0.0425550938,0.0433627442,0.7772503495,0.7497270107,0.6236929893,0.6032941341,0.6087334752,0.6084362268,0.1141133979,0.0000000000,0.0000000000,0.0085332459,0.1441396475,0.1727142483,0.4670519531,0.4822721183,0.0002455360,0.0000000000,0.0000000000,0.0000000000,-0.0323574729,0.1719239801,-0.0056174519,0.0477834083,0.1719198227,0.0082934704
20:19:55:36.727,61,0.0027561332,0.2836587429,0.0802637488,0.0000000000,0.0000000000,0.1478445977,0.0914809480,0.0027430702,0.2838549018,0.0528641529,0.0000000000,0.0000000000,0.1480316073,0.0920855179,0.0701524690,0.0520473607,0.0000000000,0.1664495766,0.0446239822,0.4143738151,0.1607662141,0.0256499629,0.0000000000,0.1987927109,0.2007989138,0.0000000000,0.0000000000,0.0425198115,0.0423839130,0.2237767875,0.1927740425,0.0206148606,0.0151015325,0.1601083726,0.1968353242,0.0428179614,0.0436615869,0.7783737779,0.7509573698,0.6433331370,0.6218936443,0.6080168486,0.6077183485,0.1136377603,0.0000000000,0.0000000000,0.0084583359,0.1489190161,0.1771382689,0.4916439354,0.5098133683,0.0003103314,0.0000000000,0.0000000000,0.0000000000,-0.0318084583,0.1734857410,-0.0055733533,0.0482955314,0.1734816134,0.0084599722
20:19:55:37.729,61,0.0025364878,0.2856865525,0.0811861083,0.0000000000,0.0000000000,0.1479924917,0.0921545699,0.0025244688,0.2858968973,0.0519173294,0.0000000000,0.0000000000,0.1481761485,0.0927450135,0.0701884851,0.0521533638,0.0000000000,0.1657497436,0.0440311320,0.4140178859,0.1605731249,0.0257274564,0.0000000000,0.2108592838,0.2163601667,0.0000000000,0.0000000000,0.0421931744,0.0420701690,0.2236147970,0.1926748455,0.0204789285,0.0149250571,0.1623323560,0.1999172717,0.0430945344,0.0439748280,0.7839868665,0.7590737343,0.6517997980,0.6313608289,0.6075231433,0.6072250605,0.1131340489,0.0000000000,0.0000000000,0.0083855577,0.1541350335,0.1830553114,0.5038105845,0.5211684108,0.0003270735,0.0000000000,0.0000000000,0.0000000000,-0.0312319081,0.1747305989,-0.0055124410,0.0488398783,0.1747264862,0.0086178947
20:19:55:38.730,61,0.0023343479,0.2856644392,0.0814364702,0.0000000000,0.0000000000,0.1482743621,0.1018290445,0.0023232885,0.2858780921,0.0517021604,0.0000000000,0.0000000000,0.1484568119,0.1023692116,0.0699648559,0.0534876063,0.0000000000,0.1651140451,0.0434290916,0.4139102399,0.1607780159,0.0257794391,0.0000000000,0.2142916471,0.2210348547,0.0000000000,0.0000000000,0.0418619923,0.0417713337,0.2234829366,0.1925278008,0.0203329157,0.0147353085,0.1643766165,0.2029170543,0.0432935171,0.0442149974,0.7875789404,0.7625539303,0.6661780477,0.6491870880,0.6073811650,0.6070826054,0.1125183702,0.0000000000,0.0000000000,0.0082994988,0.1573161483,0.1889151335,0.5149033070,0.5357552171,0.0003346581,0.0000000000,0.0000000000,0.0000000000,-0.0311025307,0.1747183502,-0.0054892222,0.0489905961,0.1747142673,0.0086438507
20:19:55:39.731,61,0.0021483181,0.2853454351,0.0813860744,0.0000000000,0.0000000000,0.1485411972,0.1185142472,0.0021381408,0.2855580747,0.0517624505,0.0000000000,0.0000000000,0.1487249434,0.1189647466,0.0696381927,0.0548086166,0.0000000000,0.1637470573,0.0427598581,0.4135999680,0.1610273421,0.0258732904,0.0000000000,0.2159154713,0.2235194594,0.0000000000,0.0000000000,0.0415598899,0.0415117517,0.2234168500,0.1924360543,0.0201895107,0.0145506049,0.1663958579,0.2056435496,0.0435331650,0.0445148125,0.7909625769,0.7651619911,0.6745939851,0.6584359407,0.6074007154,0.6071051359,0.1114607602,0.0000000000,0.0000000000,0.0082286326,0.1589295417,0.1918115020,0.5236246586,0.5461357832,0.0003478450,0.0000000000,0.0000000000,0.0000000000,-0.0311398692,0.1745229959,-0.0054895384,0.0489619710,0.1745188981,0.0086289467
20:19:55:40.732,61,0.0019771138,0.2869728506,0.0816642717,0.0000000000,0.0000000000,0.1486176997,0.1279445738,0.0019677482,0.2871905565,0.0514715686,0.0000000000,0.0000000000,0.1488008350,0.1283168495,0.0693839118,0.0524292216,0.0000000000,0.1628675908,0.0421071015,0.3941247165,0.1604841053,0.0256472155,0.0000000000,0.2171349376,0.2268670797,0.0000000000,0.0000000000,0.0412207097,0.0412369668,0.2201601714,0.1919173151,0.0200176854,0.0143829957,0.1670087278,0.2065606415,0.0436270311,0.0446868502,0.7939490080,0.7714379430,0.6784519553,0.6643014550,0.6053485274,0.6050872803,0.1106920913,0.0000000000,0.0000000000,0.0081459424,0.1614976823,0.1965205967,0.5333914757,0.5563279390,0.0003595176,0.0000000000,0.0000000000,0.0000000000,-0.0309594218,0.1755197346,-0.0054895552,0.0491206869,0.1755156070,0.0087073604
20:19:55:41.732,61,0.0018195533,0.2888784707,0.0817990154,0.0000000000,0.0000000000,0.1485438198,0.1332481652,0.0018109344,0.2890922427,0.0514113605,0.0000000000,0.0000000000,0.1487261802,0.1335834712,0.0692357346,0.0521483608,0.0000000000,0.1609235704,0.0414674729,0.3897317052,0.1601827741,0.0254567880,0.0000000000,0.2179176956,0.2287715375,0.0000000000,0.0000000000,0.0409440249,0.0410073474,0.2197593004,0.1920961440,0.0198787674,0.0142186414,0.1677095145,0.2073594183,0.0438252166,0.0449536182,0.7961284518,0.7742138505,0.6802325845,0.6667844653,0.6047080159,0.6044579744,0.1101114303,0.0000000000,0.0000000000,0.0081011895,0.1626480520,0.1983685791,0.5365369916,0.5597940683,0.0003620096,0.0000000000,0.0000000000,0.0000000000,-0.0309168212,0.1766817421,-0.0055190609,0.0491915569,0.1766818017,0.0087790657
20:19:55:42.733,61,0.0016745493,0.2901428640,0.0819982812,0.0000000000,0.0000000000,0.1484790444,0.1351919621,0.0016666175,0.2903606892,0.0511528812,0.0000000000,0.0000000000,0.1486603022,0.1355093569,0.0692428201,0.0522419140,0.0000000000,0.1601468772,0.0409743562,0.3907680511,0.1596713364,0.0254303403,0.0000000000,0.2200290412,0.2319409847,0.0000000000,0.0000000000,0.0406982712,0.0407821387,0.2195893526,0.1920437962,0.0197690949,0.0140836295,0.1680664420,0.2077040225,0.0439956896,0.0451736487,0.7972477078,0.7755709291,0.6801261902,0.6658414602,0.5997275710,0.5994911790,0.1095984876,0.0000000000,0.0000000000,0.0080644516,0.1636053771,0.1995519400,0.5326958299,0.5540990829,0.0003518535,0.0000000000,0.0000000000,0.0000000000,-0.0307571143,0.1774560809,-0.0055151349,0.0493045747,0.1774561554,0.0088386014
20:19:55:43.734,61,0.0015411010,0.2915138304,0.0815802515,0.0000000000,0.0000000000,0.1481806487,0.1360749453,0.0015338013,0.2917267382,0.0515472069,0.0000000000,0.0000000000,0.1483623981,0.1363864392,0.0692822933,0.0555451810,0.0000000000,0.1594547629,0.0404666960,0.3904425204,0.1591616869,0.0255418569,0.0000000000,0.2207416296,0.2330160141,0.0000000000,0.0000000000,0.0404830761,0.0405828804,0.2197930068,0.1919973493,0.0196737535,0.0139558362,0.1683572084,0.2079196870,0.0441940576,0.0454065166,0.7982990742,0.7765667439,0.6801370382,0.6655740142,0.5983260870,0.5980924368,0.1093276292,0.0000000000,0.0000000000,0.0080293370,0.1640486717,0.2000716031,0.5317640305,0.5527227521,0.0002820260,0.0000000000,0.0000000000,0.0000000000,-0.0309895668,0.1782922745,-0.0055835480,0.0490458459,0.1782923788,0.0088345762
20:19:55:44.735,61,0.0014182875,0.2907851338,0.0819768831,0.0000000000,0.0000000000,0.1480826288,0.1363448054,0.0014115697,0.2910033166,0.0511336811,0.0000000000,0.0000000000,0.1482641548,0.1366522163,0.0692699999,0.0560793914,0.0000000000,0.1589143872,0.0399298929,0.3877807856,0.1567499191,0.0254841298,0.0000000000,0.2212852240,0.2338883281,0.0000000000,0.0000000000,0.0402430631,0.0403866433,0.2197054178,0.1918668449,0.0195419416,0.0138169182,0.1682635248,0.2077819556,0.0442367680,0.0454935282,0.7990808487,0.7773637176,0.6804578900,0.6659062505,0.5959771276,0.5957468748,0.1088806689,0.0000000000,0.0000000000,0.0079773068,0.1645959765,0.2007206827,0.5317312479,0.5525103807,0.0002365587,0.0000000000,0.0000000000,0.0000000000,-0.0307434034,0.1778487414,-0.0055251359,0.0492882356,0.1778488159,0.0088556428
20:19:55:45.736,61,0.0013052614,0.2883338928,0.0821216702,0.0000000000,0.0000000000,0.1479088813,0.1399142295,0.0012990789,0.2885524035,0.0509922504,0.0000000000,0.0000000000,0.1480908692,0.1402472705,0.0691640079,0.0562777705,0.0000000000,0.1584525555,0.0393802188,0.3867039979,0.1558520645,0.0255964082,0.0000000000,0.2213411182,0.2338436544,0.0000000000,0.0000000000,0.0400648043,0.0402425826,0.2200425714,0.1921874881,0.0193957556,0.0136739537,0.1681561619,0.2076249123,0.0442777090,0.0455791540,0.7998983860,0.7780798674,0.6805990934,0.6659520864,0.5956523418,0.5954222083,0.1084935665,0.0000000000,0.0000000000,0.0079255067,0.1647193581,0.2008150667,0.5312271118,0.5519801974,0.0003094021,0.0000000000,0.0000000000,0.0000000000,-0.0306665897,0.1763504297,-0.0054639243,0.0493885130,0.1763504744,0.0087973094
20:19:55:46.738,61,0.0012012426,0.2884055078,0.0826989636,0.0000000000,0.0000000000,0.1474792361,0.1403511018,0.0011955528,0.2886320651,0.0504261628,0.0000000000,0.0000000000,0.1476589292,0.1406922191,0.0690260455,0.0536769703,0.0000000000,0.1579974741,0.0389254615,0.3857475817,0.1553316414,0.0254778359,0.0000000000,0.2214540541,0.2337571383,0.0000000000,0.0000000000,0.0398812443,0.0400975160,0.2199362665,0.1922444403,0.0192447323,0.0135482484,0.1677894443,0.2070981413,0.0442777462,0.0456251465,0.8001370430,0.7783209682,0.6749287248,0.6617017388,0.5959465504,0.5957124829,0.1081338748,0.0000000000,0.0000000000,0.0078853630,0.1646152139,0.2005062401,0.5252828598,0.5477817655,0.0004868563,0.0000000000,0.0000000000,0.0000000000,-0.0303258896,0.1763972640,-0.0054047066,0.0497353040,0.1763973236,0.0088614309
20:19:55:47.738,61,0.0011055131,0.2878895402,0.0832660943,0.0000000000,0.0000000000,0.1469881088,0.1400394291,0.0011002768,0.2881239057,0.0498242415,0.0000000000,0.0000000000,0.1471651196,0.1403849423,0.0689297318,0.0522284321,0.0000000000,0.1575820446,0.0384870581,0.3824874163,0.1551163048,0.0253888294,0.0000000000,0.2218090594,0.2337448597,0.0000000000,0.0000000000,0.0397522300,0.0399956778,0.2200180590,0.1924747825,0.0191086736,0.0134373894,0.1673559994,0.2062025070,0.0443106927,0.0456997156,0.8003420830,0.7785047889,0.6681467891,0.6543468833,0.5985364914,0.5982998610,0.1078010052,0.0000000000,0.0000000000,0.0078601204,0.1642685086,0.1993056983,0.5163499713,0.5394138694,0.0006986574,0.0000000000,0.0000000000,0.0000000000,-0.0299655516,0.1760847569,-0.0053308480,0.0500791781,0.1760848016,0.0089065069
20:19:55:48.739,61,0.0010174125,0.2873508036,0.0833519325,0.0000000000,0.0000000000,0.1466105133,0.1366323084,0.0010125935,0.2875863016,0.0496757254,0.0000000000,0.0000000000,0.1467848569,0.1370055079,0.0689641312,0.0513236113,0.0000000000,0.1574626565,0.0381411947,0.3741022348,0.1546938270,0.0253570527,0.0000000000,0.2219213992,0.2333722860,0.0000000000,0.0000000000,0.0396293029,0.0398921818,0.2198612094,0.1924146712,0.0189925618,0.0133486101,0.1662420034,0.2033025324,0.0442808308,0.0456931479,0.8003814816,0.7785307765,0.6619844437,0.6469168067,0.5998805761,0.5996359587,0.1077160314,0.0000000000,0.0000000000,0.0078244898,0.1639357656,0.1984645277,0.5097827911,0.5316458344,0.0009224163,0.0000000000,0.0000000000,0.0000000000,-0.0298779793,0.1757557541,-0.0053051347,0.0501337424,0.1757557541,0.0088991923
20:19:55:49.741,61,0.0009363329,0.2873136997,0.0838237330,0.0000000000,0.0000000000,0.1461313367,0.1345082819,0.0009318979,0.2875558436,0.0491896421,0.0000000000,0.0000000000,0.1463021189,0.1348758936,0.0691080615,0.0480582714,0.0000000000,0.1573412865,0.0378841460,0.3749454319,0.1544528157,0.0252717547,0.0000000000,0.2215985060,0.2307776362,0.0000000000,0.0000000000,0.0395176671,0.0397855714,0.2199609131,0.1926837116,0.0188947693,0.0132757304,0.1654652506,0.2015606165,0.0442751348,0.0457146466,0.8000332713,0.7781885266,0.6509140730,0.6353522539,0.6001363397,0.5998894572,0.1077841893,0.0000000000,0.0000000000,0.0078127123,0.1633501500,0.1954944432,0.4861982465,0.5047270060,0.0010104822,0.0000000000,0.0000000000,0.0000000000,-0.0295857228,0.1757355779,-0.0052526426,0.0504177026,0.1757356077,0.0089485068
20:19:55:50.742,61,0.0008617146,0.2861613035,0.0844593495,0.0000000000,0.0000000000,0.1457470804,0.1319128126,0.0008576331,0.2864114344,0.0485441275,0.0000000000,0.0000000000,0.1459158510,0.1323039979,0.0693462342,0.0474356972,0.0000000000,0.1572516710,0.0376885533,0.3761969507,0.1542190462,0.0253928024,0.0000000000,0.2213995159,0.2297428995,0.0000000000,0.0000000000,0.0394703485,0.0397169627,0.2204554230,0.1930117905,0.0188268833,0.0132392757,0.1622418463,0.1944493800,0.0443094671,0.0457499586,0.7995933294,0.7775430083,0.6233907938,0.6027388573,0.5974411368,0.5971650481,0.1079030782,0.0000000000,0.0000000000,0.0078272186,0.1619770378,0.1921420395,0.4552681148,0.4731024206,0.0009584334,0.0000000000,0.0000000000,0.0000000000,-0.0292010866,0.1750341952,-0.0051632533,0.0508063361,0.1750341952,0.0089806831
20:19:55:51.743,61,0.0007930429,0.2849296629,0.0845655128,0.0000000000,0.0000000000,0.1451356560,0.1300286502,0.0007892866,0.2851803899,0.0484143794,0.0000000000,0.0000000000,0.1453011036,0.1304242611,0.0697123557,0.0466698781,0.0000000000,0.1576142311,0.0375593379,0.3760662377,0.1537183672,0.0254378896,0.0000000000,0.2214538902,0.2291989774,0.0000000000,0.0000000000,0.0394683033,0.0396832600,0.2208038270,0.1932543963,0.0187961049,0.0132075632,0.1579014510,0.1880058944,0.0442458652,0.0457068719,0.7937318683,0.7698444128,0.6079443693,0.5893384814,0.5921851397,0.5919253230,0.1081584245,0.0000000000,0.0000000000,0.0078457277,0.1599535644,0.1883550882,0.4336089790,0.4495483637,0.0008276629,0.0000000000,0.0000000000,0.0000000000,-0.0291269068,0.1742814928,-0.0051275385,0.0508769453,0.1742814630,0.0089536840
20:19:55:52.743,61,0.0007298437,0.2821980417,0.0851620585,0.0000000000,0.0000000000,0.1445077658,0.1195633784,0.0007263868,0.2824546993,0.0478244089,0.0000000000,0.0000000000,0.1446689814,0.1199704856,0.0701001063,0.0459297970,0.0000000000,0.1579795182,0.0374348424,0.3756310642,0.1527940780,0.0254554674,0.0000000000,0.2215678543,0.2288644016,0.0000000000,0.0000000000,0.0395272374,0.0397072770,0.2209243923,0.1932735145,0.0187891442,0.0132118929,0.1496856660,0.1762610823,0.0441841595,0.0456518196,0.7895160913,0.7653734088,0.5783863664,0.5625800490,0.5873323083,0.5870780945,0.1083160639,0.0000000000,0.0000000000,0.0078857504,0.1569294035,0.1832953393,0.3999672234,0.4156378210,0.0006080387,0.0000000000,0.0000000000,0.0000000000,-0.0287803635,0.1726139635,-0.0050170934,0.0512508079,0.1726139188,0.0089313770
20:19:55:53.744,61,0.0006716810,0.2804227173,0.0857156962,0.0000000000,0.0000000000,0.1437174231,0.1160448194,0.0006684996,0.2806853056,0.0472971760,0.0000000000,0.0000000000,0.1438651979,0.1164465696,0.0703966916,0.0367668010,0.0000000000,0.1584037542,0.0374317914,0.3758521378,0.1526623666,0.0252823010,0.0000000000,0.2210039347,0.2239875644,0.0000000000,0.0000000000,0.0395946428,0.0397623852,0.2208137512,0.1934394091,0.0188041534,0.0132311210,0.1467657089,0.1722409725,0.0441326201,0.0456212424,0.7735745311,0.7493240833,0.5663443804,0.5505043864,0.5828275681,0.5825725794,0.1086364016,0.0000000000,0.0000000000,0.0079450086,0.1541707367,0.1788238585,0.3886567950,0.4040798247,0.0004957987,0.0000000000,0.0000000000,0.0000000000,-0.0284684263,0.1715310812,-0.0049309777,0.0515936911,0.1715310067,0.0089335451
20:19:55:54.746,61,0.0006181534,0.2771043181,0.0861312971,0.0000000000,0.0000000000,0.1426236331,0.1140557230,0.0006152255,0.2773694694,0.0469084084,0.0000000000,0.0000000000,0.1427593827,0.1144641191,0.0707407296,0.0357502960,0.0000000000,0.1590900868,0.0375226103,0.3662065566,0.1524295062,0.0254170783,0.0000000000,0.2152820677,0.2118860185,0.0000000000,0.0000000000,0.0397353172,0.0398614705,0.2212728113,0.1937650591,0.0188674126,0.0132662077,0.1441247165,0.1679234654,0.0440485440,0.0455336459,0.7667210698,0.7387038469,0.5412787795,0.5183709264,0.5810495019,0.5807905793,0.1095694974,0.0000000000,0.0000000000,0.0080145234,0.1490492374,0.1726026386,0.3785185218,0.3936971724,0.0004525831,0.0000000000,0.0000000000,0.0000000000,-0.0282442775,0.1695036590,-0.0048332121,0.0518619418,0.1695035100,0.0088717407
20:19:55:55.747,61,0.0005688915,0.2731621265,0.0861425325,0.0000000000,0.0000000000,0.1417996138,0.1134787500,0.0005661970,0.2734240592,0.0468682051,0.0000000000,0.0000000000,0.1419293284,0.1138909012,0.0713047609,0.0345393978,0.0000000000,0.1626014262,0.0377504937,0.3582167923,0.1520471126,0.0253932215,0.0000000000,0.2105500996,0.2046406567,0.0000000000,0.0000000000,0.0399046019,0.0399890617,0.2216242105,0.1942129433,0.0189433079,0.0133294826,0.1412549913,0.1640308946,0.0438862219,0.0453724973,0.7562140822,0.7291591167,0.5245977640,0.5049881339,0.5797770023,0.5795160532,0.1123488992,0.0000000000,0.0000000000,0.0080744084,0.1463683546,0.1691454500,0.3691045940,0.3833177686,0.0006293830,0.0000000000,0.0000000000,0.0000000000,-0.0282316264,0.1670924723,-0.0047610220,0.0518899225,0.1670922637,0.0087478580
20:19:55:56.748,61,0.0005235554,0.2732921839,0.0854625404,0.0000000000,0.0000000000,0.1402621716,0.1135441437,0.0005210756,0.2735452950,0.0475217737,0.0000000000,0.0000000000,0.1403900385,0.1139613241,0.0717072263,0.0349784009,0.0000000000,0.1668024808,0.0382343680,0.3555912077,0.1520892382,0.0252883751,0.0000000000,0.1976553649,0.1938883215,0.0000000000,0.0000000000,0.0401337296,0.0401764326,0.2238720804,0.1957637072,0.0190202016,0.0134347482,0.1388511509,0.1596610397,0.0437458344,0.0452059358,0.7350863814,0.7058201432,0.4750316441,0.4613790214,0.5760938525,0.5758220553,0.1139293984,0.0000000000,0.0000000000,0.0081544528,0.1384191513,0.1619300395,0.3570108712,0.3727025688,0.0008949914,0.0000000000,0.0000000000,0.0000000000,-0.0286249537,0.1671684533,-0.0048295702,0.0514796376,0.1671682447,0.0086827753
20:19:55:57.749,61,0.0004818322,0.2740840912,0.0855348855,0.0000000000,0.0000000000,0.1371666193,0.1122733504,0.0004795501,0.2743388116,0.0474600047,0.0000000000,0.0000000000,0.1372783631,0.1126930937,0.0721264705,0.0334057100,0.0000000000,0.1691336632,0.0388511196,0.3471014798,0.1517148316,0.0249806792,0.0000000000,0.1936114132,0.1899035573,0.0000000000,0.0000000000,0.0403450876,0.0403559133,0.2246611714,0.1966491342,0.0190838017,0.0135414861,0.1354420632,0.1540115625,0.0434901267,0.0449235104,0.7234779000,0.6968280673,0.4601229131,0.4480034709,0.5677766204,0.5674915314,0.1163224205,0.0000000000,0.0000000000,0.0082158083,0.1351589262,0.1576804072,0.3521031737,0.3674753010,0.0012806534,0.0000000000,0.0000000000,0.0000000000,-0.0285854023,0.1676532030,-0.0048371498,0.0515190028,0.1676529944,0.0087150838
20:19:55:58.750,61,0.0004434341,0.2740647793,0.0854541212,0.0000000000,0.0000000000,0.1342124194,0.1088217720,0.0004413338,0.2743183672,0.0475555249,0.0000000000,0.0000000000,0.1343111545,0.1092581749,0.0725713372,0.0325143822,0.0000000000,0.1705360413,0.0395293012,0.3047226071,0.1511911601,0.0247689690,0.0000000000,0.1911625713,0.1857963353,0.0000000000,0.0000000000,0.0406030603,0.0405896194,0.2251729518,0.1973281801,0.0191939399,0.0136758219,0.1304481030,0.1452317983,0.0431856476,0.0445909090,0.7135277987,0.6866700053,0.4361410141,0.4200747609,0.5642069578,0.5639126301,0.1196811572,0.0000000000,0.0000000000,0.0082706930,0.1316197962,0.1525656879,0.3429304361,0.3561899066,0.0018107023,0.0000000000,0.0000000000,0.0000000000,-0.0286429953,0.1676409692,-0.0048465328,0.0514704548,0.1676407605,0.0087062307
20:19:55:59.751,61,0.0004080959,0.2719555497,0.0850668028,0.0000000000,0.0000000000,0.1320208609,0.1035734266,0.0004061631,0.2722023129,0.0479036421,0.0000000000,0.0000000000,0.1321192682,0.1040893048,0.0726943091,0.0323682092,0.0000000000,0.1712954938,0.0404114239,0.2993793786,0.1516420096,0.0246949904,0.0000000000,0.1829964817,0.1719179153,0.0000000000,0.0000000000,0.0409435034,0.0408879146,0.2252143323,0.1973937750,0.0193540826,0.0138961300,0.1268694252,0.1391558498,0.0429934077,0.0443701223,0.6819270253,0.6438623667,0.3764568269,0.3613369167,0.5604553223,0.5601487160,0.1223882884,0.0000000000,0.0000000000,0.0083887046,0.1253843755,0.1462447941,0.2904221416,0.3015714884,0.0022899911,0.0000000000,0.0000000000,0.0000000000,-0.0288589522,0.1663488597,-0.0048447200,0.0512483045,0.1663486063,0.0086006224
20:19:56:00.753,61,0.0003755739,0.2697357535,0.0842951238,0.0000000000,0.0000000000,0.1295902133,0.1015142426,0.0003737951,0.2699708045,0.0486141704,0.0000000000,0.0000000000,0.1296905279,0.1020583287,0.0728865266,0.0320422128,0.0000000000,0.1739113927,0.0422002450,0.2946181893,0.1527701318,0.0245534386,0.0000000000,0.1799784899,0.1673331112,0.0000000000,0.0000000000,0.0413376130,0.0412547737,0.2240446061,0.1969919056,0.0195744708,0.0141588999,0.1228192523,0.1336240023,0.0427279845,0.0440898538,0.6626179218,0.6277377009,0.3586150110,0.3436426520,0.5581039190,0.5577974319,0.1251912713,0.0000000000,0.0000000000,0.0085098110,0.1219845936,0.1428213567,0.2760153413,0.2864950895,0.0029564628,0.0000000000,0.0000000000,0.0000000000,-0.0292936731,0.1649872512,-0.0048766816,0.0507949330,0.1649869680,0.0084535414
20:19:56:01.754,61,0.0003456437,0.2658532262,0.0832972154,0.0000000000,0.0000000000,0.1276422441,0.0997757092,0.0003440067,0.2660725117,0.0495445952,0.0000000000,0.0000000000,0.1277432889,0.1003425196,0.0731206983,0.0317437276,0.0000000000,0.1767171770,0.0438956022,0.2887418270,0.1534018517,0.0244643390,0.0000000000,0.1765732765,0.1638304740,0.0000000000,0.0000000000,0.0417884849,0.0416820422,0.2211689800,0.1949605048,0.0198245607,0.0144440271,0.1187932491,0.1284661293,0.0423986539,0.0437550321,0.6367031932,0.6013981104,0.3429280221,0.3300040662,0.5548884273,0.5545913577,0.1295847893,0.0000000000,0.0000000000,0.0086353999,0.1196134165,0.1404409707,0.2652746439,0.2758651376,0.0030879676,0.0000000000,0.0000000000,0.0000000000,-0.0298660733,0.1626076251,-0.0048989449,0.0502132960,0.1626072675,0.0082341321
20:19:56:02.755,61,0.0003180987,0.2618625462,0.0824654624,0.0000000000,0.0000000000,0.1253267676,0.0962519348,0.0003165921,0.2620684206,0.0503223799,0.0000000000,0.0000000000,0.1254354268,0.0968557820,0.0733389556,0.0320276432,0.0000000000,0.1787534803,0.0460267067,0.2404961437,0.1536162645,0.0244547799,0.0000000000,0.1676925272,0.1603613496,0.0000000000,0.0000000000,0.0422716439,0.0421666391,0.2201160789,0.1939893067,0.0201497730,0.0147281755,0.1132224947,0.1196260005,0.0419264622,0.0432690568,0.6182572842,0.5816885829,0.3017719388,0.2953981161,0.5310351849,0.5307193995,0.1357157677,0.0000000000,0.0000000000,0.0087262644,0.1161200404,0.1374184042,0.2492791116,0.2612846494,0.0029922524,0.0000000000,0.0000000000,0.0000000000,-0.0303470027,0.1601628512,-0.0049016620,0.0497316234,0.1601624489,0.0080304677
20:19:56:03.756,61,0.0002927488,0.2606127858,0.0808849707,0.0000000000,0.0000000000,0.1227384210,0.0794412419,0.0002913622,0.2607979476,0.0518490300,0.0000000000,0.0000000000,0.1228462383,0.0799617246,0.0735861957,0.0310003571,0.0000000000,0.1822806001,0.0488505103,0.2272898704,0.1535250843,0.0244750120,0.0000000000,0.1646461040,0.1586579531,0.0000000000,0.0000000000,0.0427890569,0.0426966846,0.2190451324,0.1931246817,0.0205017775,0.0150620043,0.1079530045,0.1123737469,0.0413666405,0.0426894166,0.5958492756,0.5624145269,0.2801350951,0.2719722688,0.4823043942,0.4819749892,0.1395078450,0.0000000000,0.0000000000,0.0087954020,0.1138212234,0.1344390661,0.2337199748,0.2431897968,0.0025899061,0.0000000000,0.0000000000,0.0000000000,-0.0312715545,0.1593909711,-0.0050261859,0.0487845168,0.1593905389,0.0078390446
20:19:56:04.756,61,0.0002694190,0.2562269866,0.0785397291,0.0000000000,0.0000000000,0.1211650595,0.0670863688,0.0002681430,0.2563804388,0.0540897585,0.0000000000,0.0000000000,0.1212751418,0.0676365420,0.0737387612,0.0310951881,0.0000000000,0.1836481690,0.0504111536,0.2176090926,0.1532457322,0.0247353427,0.0000000000,0.1594337672,0.1549479216,0.0000000000,0.0000000000,0.0433669277,0.0432912819,0.2186263353,0.1924780458,0.0209818762,0.0154032577,0.1056472957,0.1086604968,0.0408187583,0.0421147980,0.5801194906,0.5411210656,0.2614705265,0.2517350614,0.4679648578,0.4676287472,0.1463562846,0.0000000000,0.0000000000,0.0088591846,0.1118090600,0.1319108605,0.2209165394,0.2303360552,0.0019036024,0.0000000000,0.0000000000,0.0000000000,-0.0326370187,0.1566980481,-0.0051554698,0.0473902635,0.1566975564,0.0074843783
20:19:56:05.758,61,0.0002479485,0.2510199547,0.0774753317,0.0000000000,0.0000000000,0.1201848164,0.0595367663,0.0002467741,0.2511580884,0.0550445803,0.0000000000,0.0000000000,0.1202947944,0.0600854382,0.0737287998,0.0305743944,0.0000000000,0.1842273027,0.0514879860,0.2117758244,0.1523040384,0.0250398647,0.0000000000,0.1535885483,0.1471030265,0.0000000000,0.0000000000,0.0438823700,0.0438292474,0.2179740518,0.1917358041,0.0214542989,0.0157613736,0.1032229066,0.1050835922,0.0402025543,0.0414780565,0.5601418018,0.5212034583,0.2473167777,0.2374682426,0.4602612555,0.4599185884,0.1507877558,0.0000000000,0.0000000000,0.0089091966,0.1100932807,0.1291102171,0.2072487622,0.2150595635,0.0014905529,0.0000000000,0.0000000000,0.0000000000,-0.0332297087,0.1535091698,-0.0051405239,0.0467712767,0.1535085887,0.0072339615
20:19:56:06.759,61,0.0002281890,0.2505803108,0.0781049058,0.0000000000,0.0000000000,0.1188653484,0.0555700585,0.0002271082,0.2507262826,0.0543388836,0.0000000000,0.0000000000,0.1189757362,0.0561377555,0.0734943822,0.0301040355,0.0000000000,0.1847182810,0.0532467328,0.2086860687,0.1516409367,0.0255483314,0.0000000000,0.1516313404,0.1445864141,0.0000000000,0.0000000000,0.0444127955,0.0443785898,0.2146558464,0.1881114841,0.0219472237,0.0161691606,0.1005287990,0.1011604294,0.0395748504,0.0408218168,0.5402247906,0.4992739856,0.2299698144,0.2193207145,0.4266621470,0.4262293577,0.1532559544,0.0000000000,0.0000000000,0.0089579718,0.1087675467,0.1271175146,0.1990003288,0.2058117539,0.0011723384,0.0000000000,0.0000000000,0.0000000000,-0.0328050256,0.1532430947,-0.0050659166,0.0471532904,0.1532424688,0.0072801593
20:19:56:07.760,61,0.0002100042,0.2483901232,0.0786086023,0.0000000000,0.0000000000,0.1174639016,0.0537271239,0.0002090095,0.2485413402,0.0537707098,0.0000000000,0.0000000000,0.1175766066,0.0543132275,0.0731796324,0.0318903066,0.0000000000,0.1851573884,0.0548864305,0.2067097574,0.1510143131,0.0261831228,0.0000000000,0.1486350596,0.1413362920,0.0000000000,0.0000000000,0.0449176095,0.0449105054,0.2136621326,0.1867623031,0.0224714130,0.0165722780,0.0990584716,0.0986678749,0.0389531367,0.0401617326,0.5323108435,0.4893110096,0.2194888294,0.2086788863,0.4164102972,0.4159166217,0.1558848023,0.0000000000,0.0000000000,0.0090047512,0.1059096903,0.1238950118,0.1916661263,0.1987313926,0.0009540844,0.0000000000,0.0000000000,0.0000000000,-0.0324686766,0.1519059688,-0.0049695638,0.0474671423,0.1519053280,0.0072636339
20:19:56:08.761,61,0.0001932685,0.2439028323,0.0786408037,0.0000000000,0.0000000000,0.1161282212,0.0528719947,0.0001923531,0.2440523654,0.0536460690,0.0000000000,0.0000000000,0.1162444875,0.0534739047,0.0730477124,0.0336616300,0.0000000000,0.1853123605,0.0560955368,0.2053718865,0.1465889513,0.0275353100,0.0000000000,0.1473257989,0.1398689449,0.0000000000,0.0000000000,0.0455217585,0.0455482267,0.2142937779,0.1864861548,0.0230295435,0.0170301236,0.0974016860,0.0955049917,0.0384253375,0.0395771861,0.5285840631,0.4849261045,0.2049765736,0.1934682876,0.3814163208,0.3807918131,0.1570972651,0.0000000000,0.0000000000,0.0090749320,0.1025997847,0.1196799800,0.1824353039,0.1893727779,0.0007178634,0.0000000000,0.0000000000,0.0000000000,-0.0324068964,0.1491620243,-0.0048691593,0.0475063212,0.1491613090,0.0071363249
20:19:56:09.762,61,0.0001778666,0.2433576435,0.0790911913,0.0000000000,0.0000000000,0.1141178012,0.0522805937,0.0001770241,0.2435123473,0.0531672388,0.0000000000,0.0000000000,0.1142361984,0.0529009365,0.0728606582,0.0345926806,0.0000000000,0.1853647083,0.0584799722,0.2046437114,0.1450373083,0.0286498759,0.0000000000,0.1455608457,0.1364591867,0.0000000000,0.0000000000,0.0461334921,0.0461991094,0.2154090405,0.1867154390,0.0236437898,0.0175194591,0.0965391472,0.0939744338,0.0379654765,0.0390489362,0.5116290450,0.4698860943,0.1930599064,0.1814908534,0.3677139878,0.3669728339,0.1575768739,0.0000000000,0.0000000000,0.0091670351,0.0993979797,0.1154198647,0.1772810966,0.1839615256,0.0005879855,0.0000000000,0.0000000000,0.0000000000,-0.0321192294,0.1488305777,-0.0048150695,0.0477807820,0.1488298476,0.0071613328
20:19:56:10.762,61,0.0001636920,0.2401622087,0.0795754939,0.0000000000,0.0000000000,0.1120847389,0.0528858267,0.0001629167,0.2403210849,0.0526007228,0.0000000000,0.0000000000,0.1122014448,0.0535589084,0.0726277456,0.0352104306,0.0000000000,0.1850634515,0.0606900752,0.2038615346,0.1438908279,0.0295099542,0.0000000000,0.1447551250,0.1352539212,0.0000000000,0.0000000000,0.0467374250,0.0468575135,0.2158637643,0.1868630648,0.0243268590,0.0180683490,0.0958110094,0.0923681781,0.0375389196,0.0385593362,0.5042228103,0.4625593424,0.1778042465,0.1680852622,0.3332362175,0.3323886395,0.1578507572,0.0000000000,0.0000000000,0.0092799319,0.0974498317,0.1129770204,0.1702727377,0.1764682233,0.0003873156,0.0000000000,0.0000000000,0.0000000000,-0.0317862146,0.1468785703,-0.0047017517,0.0480873212,0.1468777508,0.0071113296
20:19:56:11.763,61,0.0001506471,0.2370595485,0.0796936452,0.0000000000,0.0000000000,0.1104479954,0.0538416281,0.0001499335,0.2372181863,0.0524118990,0.0000000000,0.0000000000,0.1105621755,0.0545993522,0.0723129287,0.0357581116,0.0000000000,0.1846139133,0.0635569990,0.2025917917,0.1424526870,0.0310774166,0.0000000000,0.1441166699,0.1343068331,0.0000000000,0.0000000000,0.0473263189,0.0474924631,0.2161644995,0.1869649738,0.0250546206,0.0186920092,0.0950261205,0.0895492136,0.0370961502,0.0380535051,0.4937935770,0.4501353502,0.1640512794,0.1535605490,0.3068581820,0.3057280183,0.1581913978,0.0000000000,0.0000000000,0.0093919830,0.0962020084,0.1114738584,0.1635502875,0.1683325619,0.0003184882,0.0000000000,0.0000000000,0.0000000000,-0.0316809304,0.1449816078,-0.0046248017,0.0481721349,0.1449808329,0.0070305485
20:19:56:12.764,61,0.0001386417,0.2357268333,0.0795620531,0.0000000000,0.0000000000,0.1086971089,0.0561871305,0.0001379851,0.2358832508,0.0525271446,0.0000000000,0.0000000000,0.1088096425,0.0570683219,0.0720090121,0.0366384238,0.0000000000,0.1841746420,0.0659683049,0.2018960416,0.1417046934,0.0324624553,0.0000000000,0.1425216794,0.1324988455,0.0000000000,0.0000000000,0.0478421114,0.0480555780,0.2164119035,0.1870450675,0.0257431082,0.0193386152,0.0940113813,0.0868992060,0.0366871804,0.0375726745,0.4824964106,0.4383386374,0.1561302841,0.1456971020,0.2666615248,0.2654205561,0.1577228159,0.0000000000,0.0000000000,0.0095300684,0.0943313688,0.1091901734,0.1572895795,0.1618057340,0.0003054868,0.0000000000,0.0000000000,0.0000000000,-0.0317543671,0.1441660821,-0.0046090772,0.0480982997,0.1441652328,0.0069797379
20:19:56:13.766,61,0.0001275931,0.2347438037,0.0794754326,0.0000000000,0.0000000000,0.1071330607,0.0570302755,0.0001269888,0.2348988205,0.0525642484,0.0000000000,0.0000000000,0.1072452441,0.0579579249,0.0716250315,0.0373545550,0.0000000000,0.1838299483,0.0680677965,0.1998555958,0.1397176832,0.0336034298,0.0000000000,0.1420314014,0.1319864094,0.0000000000,0.0000000000,0.0483330749,0.0485918410,0.2165093273,0.1869819462,0.0264111869,0.0199671313,0.0924709737,0.0844885856,0.0362361744,0.0370513722,0.4781528115,0.4336585701,0.1520857066,0.1417289972,0.2472265810,0.2459764630,0.1571420878,0.0000000000,0.0000000000,0.0096154977,0.0932939202,0.1080162525,0.1543038785,0.1586241871,0.0002706453,0.0000000000,0.0000000000,0.0000000000,-0.0317795649,0.1435645372,-0.0045932182,0.0480501018,0.1435636580,0.0069432515
20:19:56:14.766,61,0.0001174249,0.2328023016,0.0793274194,0.0000000000,0.0000000000,0.1061417535,0.0543925017,0.0001168688,0.2329550236,0.0525865853,0.0000000000,0.0000000000,0.1062541828,0.0553030185,0.0713067949,0.0376697071,0.0000000000,0.1836746633,0.0698730126,0.1977864504,0.1352460086,0.0343020782,0.0000000000,0.1415081918,0.1317398548,0.0000000000,0.0000000000,0.0488287173,0.0491408929,0.2166569978,0.1870409250,0.0270788912,0.0205973685,0.0912772417,0.0829275921,0.0357624702,0.0365164094,0.4698059261,0.4270736575,0.1495941430,0.1394215077,0.2385293245,0.2372786403,0.1564793587,0.0000000000,0.0000000000,0.0096638687,0.0925753042,0.1072540954,0.1521122009,0.1565805674,0.0002602698,0.0000000000,0.0000000000,0.0000000000,-0.0317985006,0.1423766017,-0.0045574047,0.0479688086,0.1423757225,0.0068733725
20:19:56:15.768,61,0.0001080671,0.2321143448,0.0795056969,0.0000000000,0.0000000000,0.1054092348,0.0486281961,0.0001075553,0.2322691530,0.0522962064,0.0000000000,0.0000000000,0.1055223942,0.0494830050,0.0709421411,0.0374690257,0.0000000000,0.1832405627,0.0715934634,0.1949337572,0.1330920160,0.0347084291,0.0000000000,0.1408557296,0.1315047592,0.0000000000,0.0000000000,0.0492129922,0.0495863147,0.2164845616,0.1869323254,0.0277315024,0.0212015398,0.0904344767,0.0818558112,0.0352685712,0.0359691940,0.4601567090,0.4200541079,0.1480003595,0.1380252689,0.2344782799,0.2332416177,0.1561141610,0.0000000000,0.0000000000,0.0096901637,0.0921363011,0.1068222895,0.1509989351,0.1555054784,0.0001857678,0.0000000000,0.0000000000,0.0000000000,-0.0316248089,0.1419566125,-0.0045189676,0.0480795056,0.1419557631,0.0068686255
20:19:56:16.769,61,0.0002705131,0.2322409004,0.0796448290,0.0000000000,0.0000000000,0.1047408357,0.0413403474,0.0002693353,0.2323974818,0.0521265492,0.0000000000,0.0000000000,0.1048553810,0.0420555696,0.0705272332,0.0374237075,0.0000000000,0.1823896021,0.0734099373,0.1888305098,0.1318043917,0.0351790376,0.0000000000,0.1409825385,0.1320624352,0.0000000000,0.0000000000,0.0495403558,0.0499940477,0.2147790045,0.1859239340,0.0284122583,0.0217936244,0.0898225382,0.0810491517,0.0348370187,0.0354896672,0.4559541941,0.4156396091,0.1466051936,0.1369000822,0.2324880660,0.2312671989,0.1556914747,0.0000000000,0.0000000000,0.0097180717,0.0918606594,0.1065638512,0.1503569484,0.1548881680,0.0001158739,0.0000000000,0.0000000000,0.0000000000,-0.0315218568,0.1420345902,-0.0045067701,0.0481630936,0.1420337260,0.0068843877
20:19:56:17.770,61,0.0007310928,0.2321135253,0.0798797086,0.0000000000,0.0000000000,0.1040769592,0.0355223678,0.0007250430,0.2322728783,0.0518513769,0.0000000000,0.0000000000,0.1041932032,0.0361333340,0.0698374659,0.0371732078,0.0000000000,0.1749254167,0.0808890536,0.1818006039,0.1316336542,0.0357702561,0.0000000000,0.1408714801,0.1319947690,0.0000000000,0.0000000000,0.0496868342,0.0502373688,0.2111468166,0.1842742264,0.0291428734,0.0224684905,0.0894075409,0.0801479593,0.0344097726,0.0350131467,0.4200940728,0.3772137761,0.1296915561,0.1208554581,0.2227798700,0.2214002609,0.1559312195,0.0000000000,0.0000000000,0.0098152738,0.0916814059,0.1063109413,0.1498799771,0.1543046385,0.0000879838,0.0000000000,0.0000000000,0.0000000000,-0.0313558057,0.1419577003,-0.0044805771,0.0483056754,0.1419568062,0.0069009624
20:19:56:18.772,61,0.0010497598,0.2323240787,0.0804291070,0.0000000000,0.0000000000,0.1028438807,0.0324196629,0.0010414622,0.2324899882,0.0512605049,0.0000000000,0.0000000000,0.1029651985,0.0330233201,0.0686215907,0.0371128581,0.0000000000,0.1700346321,0.0837270692,0.1781585068,0.1316204667,0.0363236740,0.0000000000,0.1405402571,0.1318356693,0.0000000000,0.0000000000,0.0497946031,0.0504432507,0.2084003240,0.1822099239,0.0298835859,0.0231111199,0.0890678391,0.0793541372,0.0340001620,0.0345569178,0.4104165435,0.3670438528,0.1244461015,0.1159062088,0.2196613252,0.2182473093,0.1560723037,0.0000000000,0.0000000000,0.0099067725,0.0913318619,0.1058775410,0.1493293196,0.1536656767,0.0000682685,0.0000000000,0.0000000000,0.0000000000,-0.0309979077,0.1420887709,-0.0044335979,0.0486370139,0.1420878768,0.0069547603
20:19:56:19.772,61,0.0012792430,0.2325236052,0.0807274207,0.0000000000,0.0000000000,0.1012606174,0.0304643344,0.0012697747,0.2326929420,0.0509673022,0.0000000000,0.0000000000,0.1013823450,0.0310649741,0.0678424090,0.0363917463,0.0000000000,0.1679014415,0.0866341367,0.1731395125,0.1312637627,0.0365652330,0.0000000000,0.1403424293,0.1320196390,0.0000000000,0.0000000000,0.0499408580,0.0507067554,0.2069231272,0.1812172234,0.0309703574,0.0237722788,0.0887360126,0.0785587505,0.0335570909,0.0340729170,0.4053368568,0.3621086180,0.1202390492,0.1127257347,0.2154308707,0.2140597999,0.1560952067,0.0000000000,0.0000000000,0.0099673290,0.0910226181,0.1054618359,0.1486531049,0.1528743058,0.0000688343,0.0000000000,0.0000000000,0.0000000000,-0.0308200493,0.1422120184,-0.0044120429,0.0488165505,0.1422111690,0.0069865510
20:19:56:20.774,61,0.0015758451,0.2330110967,0.0806574151,0.0000000000,0.0000000000,0.1000524983,0.0287520047,0.0015644712,0.2331799865,0.0510411225,0.0000000000,0.0000000000,0.1001737788,0.0293485615,0.0667662174,0.0331930444,0.0000000000,0.1661708951,0.0881436765,0.1704404503,0.1311862022,0.0368010886,0.0000000000,0.1403879970,0.1322003901,0.0000000000,0.0000000000,0.0500264391,0.0509064384,0.2047690004,0.1803290844,0.0317236297,0.0243564174,0.0885010436,0.0778791383,0.0331669338,0.0336509794,0.4029745758,0.3606358767,0.1181289926,0.1109407246,0.2278876305,0.2266334295,0.1563067585,0.0000000000,0.0000000000,0.0100200260,0.0907151178,0.1050348058,0.1482676566,0.1524073929,0.0000723218,0.0000000000,0.0000000000,0.0000000000,-0.0308633745,0.1425098628,-0.0044276235,0.0487721451,0.1425089985,0.0069950181
20:19:56:21.775,61,0.0018996606,0.2349053323,0.0810216218,0.0000000000,0.0000000000,0.0991140306,0.0262050293,0.0018859172,0.2350797802,0.0506460927,0.0000000000,0.0000000000,0.0992346257,0.0267198421,0.0655059367,0.0227895454,0.0000000000,0.1649263352,0.0926423594,0.1682758331,0.1318747103,0.0368071049,0.0000000000,0.1408483237,0.1327192336,0.0000000000,0.0000000000,0.0501363799,0.0511271730,0.2021469474,0.1795966774,0.0324131474,0.0249532796,0.0885982886,0.0773870274,0.0328239426,0.0332972296,0.3944453895,0.3572976589,0.1161783934,0.1096068025,0.2318269610,0.2307132483,0.1565741748,0.0000000000,0.0000000000,0.0101000750,0.0908358619,0.1051565483,0.1489612311,0.1527256072,0.0000685079,0.0000000000,0.0000000000,0.0000000000,-0.0306193940,0.1436698884,-0.0044288826,0.0489841998,0.1436690688,0.0070833848
20:19:56:22.775,61,0.0020935647,0.2381246686,0.0818977430,0.0000000000,0.0000000000,0.0981904194,0.0248193759,0.0020789448,0.2383112609,0.0498113111,0.0000000000,0.0000000000,0.0983069688,0.0253114291,0.0632983148,0.0190178379,0.0000000000,0.1633160710,0.0957779437,0.1649833322,0.1330162436,0.0367521755,0.0000000000,0.1413448900,0.1332760900,0.0000000000,0.0000000000,0.0501725003,0.0512551554,0.1984436363,0.1779899895,0.0330257863,0.0254855473,0.0886742845,0.0768888220,0.0324298367,0.0329026729,0.3868329227,0.3508857787,0.1147070006,0.1085651889,0.2329933941,0.2319521457,0.1571326107,0.0000000000,0.0000000000,0.0101668956,0.0911753252,0.1055516303,0.1499295086,0.1532267928,0.0000680917,0.0000000000,0.0000000000,0.0000000000,-0.0301060528,0.1456425637,-0.0044152937,0.0494997017,0.1456417441,0.0072575402
20:19:56:23.777,61,0.0022675379,0.2400306612,0.0833299085,0.0000000000,0.0000000000,0.0974515751,0.0237640869,0.0022522323,0.2402350456,0.0484422371,0.0000000000,0.0000000000,0.0975664258,0.0242463853,0.0614505075,0.0169175770,0.0000000000,0.1621374637,0.1008532196,0.1635431796,0.1361817420,0.0369263664,0.0000000000,0.1419100761,0.1336337477,0.0000000000,0.0000000000,0.0502220057,0.0513786152,0.1969998926,0.1772556752,0.0335733183,0.0260020271,0.0888206214,0.0763768032,0.0320728123,0.0325390622,0.3791926503,0.3426408470,0.1119723171,0.1056169346,0.2292698920,0.2282160968,0.1581618786,0.0000000000,0.0000000000,0.0102634961,0.0916309282,0.1060585007,0.1515642256,0.1539944857,0.0000602052,0.0000000000,0.0000000000,0.0000000000,-0.0292735174,0.1468145996,-0.0043282816,0.0503566638,0.1468138546,0.0074433512
20:19:56:24.778,61,0.0022824563,0.2417041808,0.0843732134,0.0000000000,0.0000000000,0.0961811170,0.0231787059,0.0022675376,0.2419220060,0.0474330820,0.0000000000,0.0000000000,0.0962907225,0.0236658193,0.0596226826,0.0156108458,0.0000000000,0.1601210833,0.1051249802,0.1609267890,0.1375097632,0.0371843800,0.0000000000,0.1429088414,0.1340226233,0.0000000000,0.0000000000,0.0502583794,0.0514743887,0.1958888173,0.1765482128,0.0341578797,0.0265059825,0.0890303776,0.0758711845,0.0317299515,0.0321840383,0.3706019819,0.3339173198,0.1083475351,0.1018214896,0.2269631624,0.2258661687,0.1590667367,0.0000000000,0.0000000000,0.0103400946,0.0920358598,0.1064479873,0.1525451690,0.1546635777,0.0000462741,0.0000000000,0.0000000000,0.0000000000,-0.0286593102,0.1478429288,-0.0042676087,0.0509794056,0.1478421539,0.0075888685
20:19:56:25.779,61,0.0021881463,0.2425893992,0.0847302675,0.0000000000,0.0000000000,0.0953544304,0.0230184905,0.0021739979,0.2428119630,0.0471219607,0.0000000000,0.0000000000,0.0954617187,0.0235270485,0.0586657040,0.0147235170,0.0000000000,0.1594689488,0.1070177108,0.1599064022,0.1384773403,0.0374322087,0.0000000000,0.1435189843,0.1341435760,0.0000000000,0.0000000000,0.0503703468,0.0516454652,0.1955560595,0.1764090806,0.0346589237,0.0269581359,0.0892591327,0.0754755661,0.0314413421,0.0318881050,0.3678112328,0.3310856223,0.1068343520,0.1002481282,0.2303632796,0.2291960269,0.1609128118,0.0000000000,0.0000000000,0.0104206400,0.0924038589,0.1068030894,0.1533086598,0.1552521586,0.0000398096,0.0000000000,0.0000000000,0.0000000000,-0.0284690205,0.1483859569,-0.0042550829,0.0511909984,0.1483852565,0.0076487442
20:19:56:26.779,61,0.0020606476,0.2439387739,0.0852123797,0.0000000000,0.0000000000,0.0943136364,0.0234928131,0.0020474026,0.2441679984,0.0466913395,0.0000000000,0.0000000000,0.0944153517,0.0240304042,0.0579690896,0.0140925599,0.0000000000,0.1587665528,0.1082175449,0.1593337953,0.1392817050,0.0375076756,0.0000000000,0.1435842663,0.1339818388,0.0000000000,0.0000000000,0.0504228398,0.0517648533,0.1954695284,0.1764510870,0.0351609886,0.0273888446,0.0895277560,0.0751014352,0.0311899595,0.0316279419,0.3661575019,0.3295451701,0.1056518629,0.0990869328,0.2309802622,0.2297851890,0.1637790352,0.0000000000,0.0000000000,0.0105267027,0.0926180035,0.1069759503,0.1538409591,0.1557055414,0.0000400844,0.0000000000,0.0000000000,0.0000000000,-0.0282053612,0.1492135525,-0.0042395494,0.0514759161,0.1492128223,0.0077348114
20:19:56:27.781,61,0.0020958369,0.2441165298,0.0857621431,0.0000000000,0.0000000000,0.0936149433,0.0233774129,0.0020827928,0.2443522960,0.0461722650,0.0000000000,0.0000000000,0.0937144756,0.0239365809,0.0573040545,0.0136882067,0.0000000000,0.1579441279,0.1092295945,0.1585709602,0.1399616450,0.0377578773,0.0000000000,0.1442625821,0.1342446506,0.0000000000,0.0000000000,0.0504862964,0.0518845171,0.1951223910,0.1761730164,0.0356524698,0.0278515685,0.0896973312,0.0746320486,0.0309695378,0.0313936286,0.3651135266,0.3285205662,0.1035228148,0.0970005393,0.2311903238,0.2299719155,0.1660286933,0.0000000000,0.0000000000,0.0106361080,0.0929505005,0.1072442308,0.1542684883,0.1560780853,0.0000420803,0.0000000000,0.0000000000,0.0000000000,-0.0278913230,0.1493248641,-0.0041955342,0.0518071689,0.1493241638,0.0077904346
20:19:56:28.782,61,0.0021761640,0.2434978783,0.0868505165,0.0000000000,0.0000000000,0.0931698084,0.0231314953,0.0021630563,0.2437458187,0.0451252237,0.0000000000,0.0000000000,0.0932685882,0.0237079449,0.0568350218,0.0133668976,0.0000000000,0.1556940675,0.1098099500,0.1580328345,0.1405123621,0.0379655547,0.0000000000,0.1446096897,0.1344027221,0.0000000000,0.0000000000,0.0505136214,0.0519862212,0.1948435456,0.1759702563,0.0361350738,0.0282999091,0.0899024457,0.0742285475,0.0308151003,0.0312250201,0.3647301197,0.3282041252,0.1023615822,0.0958712548,0.2298633605,0.2286002636,0.1669429839,0.0000000000,0.0000000000,0.0107735042,0.0930743217,0.1072740257,0.1542961001,0.1560986638,0.0000409551,0.0000000000,0.0000000000,0.0000000000,-0.0272603575,0.1489516050,-0.0040902430,0.0524676032,0.1489509046,0.0078696357
20:19:56:29.782,61,0.0024075049,0.2414298058,0.0882238075,0.0000000000,0.0000000000,0.0930684432,0.0226601921,0.0023925249,0.2416917682,0.0437732637,0.0000000000,0.0000000000,0.0931684524,0.0232495572,0.0565875210,0.0134777138,0.0000000000,0.1545716077,0.1102307066,0.1575026363,0.1407202780,0.0383420400,0.0000000000,0.1448749006,0.1345303953,0.0000000000,0.0000000000,0.0505876094,0.0521274023,0.1947776824,0.1758375764,0.0366622433,0.0288052596,0.0899710283,0.0737502947,0.0306958761,0.0310891680,0.3651764095,0.3284440637,0.1011570022,0.0945609957,0.2272139341,0.2258608341,0.1677278578,0.0000000000,0.0000000000,0.0109115634,0.0931952372,0.1073023081,0.1539456844,0.1557483077,0.0000449402,0.0000000000,0.0000000000,0.0000000000,-0.0264485944,0.1476931423,-0.0039344500,0.0533072539,0.1476923972,0.0079269046
20:19:56:30.783,61,0.0029039001,0.2387038469,0.0898692310,0.0000000000,0.0000000000,0.0931937024,0.0216687918,0.0028812992,0.2389819622,0.0421697870,0.0000000000,0.0000000000,0.0932948887,0.0222590528,0.0562341437,0.0133110834,0.0000000000,0.1493097544,0.1110545769,0.1569033414,0.1410853416,0.0385594890,0.0000000000,0.1451049745,0.1347328573,0.0000000000,0.0000000000,0.0506242961,0.0522351861,0.1946855932,0.1758003980,0.0372349024,0.0293291043,0.0900677592,0.0731954426,0.0306074992,0.0309758447,0.3649742305,0.3283765316,0.0969810858,0.0910712034,0.2175967544,0.2161076069,0.1682745963,0.0000000000,0.0000000000,0.0110571729,0.0933392122,0.1073330417,0.1534181535,0.1552381814,0.0000467828,0.0000000000,0.0000000000,0.0000000000,-0.0254859906,0.1460335404,-0.0037480711,0.0543148220,0.1460327804,0.0079845162
20:19:56:31.785,61,0.0032866870,0.2392060608,0.0903889984,0.0000000000,0.0000000000,0.0929891169,0.0209032744,0.0032594197,0.2394908518,0.0416392572,0.0000000000,0.0000000000,0.0930905640,0.0214965492,0.0559289679,0.0132384924,0.0000000000,0.1462554336,0.1117080450,0.1561005861,0.1415623128,0.0387938991,0.0000000000,0.1452882290,0.1348335743,0.0000000000,0.0000000000,0.0506760366,0.0523513630,0.1944090575,0.1755550355,0.0378819555,0.0298621338,0.0903645456,0.0727985650,0.0305892900,0.0309434496,0.3646075726,0.3280483484,0.0951837674,0.0894380957,0.2148149312,0.2132874727,0.1688936204,0.0000000000,0.0000000000,0.0112390025,0.0934364647,0.1073122770,0.1530623138,0.1549011320,0.0000469475,0.0000000000,0.0000000000,0.0000000000,-0.0251642019,0.1463433206,-0.0037087211,0.0546264835,0.1463425457,0.0080475612
20:19:56:32.786,61,0.0035113767,0.2383912206,0.0917536467,0.0000000000,0.0000000000,0.0927582458,0.0204631090,0.0034821637,0.2386908382,0.0402988717,0.0000000000,0.0000000000,0.0928596109,0.0210669246,0.0555348322,0.0131573202,0.0000000000,0.1453575790,0.1152239069,0.1554128081,0.1424805075,0.0390605889,0.0000000000,0.1453686059,0.1346685588,0.0000000000,0.0000000000,0.0507510304,0.0524721891,0.1942009181,0.1753615141,0.0384293757,0.0303763039,0.0905295312,0.0723254383,0.0305012483,0.0308350194,0.3625535369,0.3263048530,0.0935009792,0.0877663717,0.2177851051,0.2161767036,0.1692444533,0.0000000000,0.0000000000,0.0113533586,0.0935263112,0.1072604358,0.1529667079,0.1548085064,0.0000451563,0.0000000000,0.0000000000,0.0000000000,-0.0243559107,0.1458515078,-0.0035773832,0.0554552525,0.1458507180,0.0081416778
20:19:56:33.786,61,0.0036267978,0.2389044166,0.0917494744,0.0000000000,0.0000000000,0.0921740085,0.0202401020,0.0035971445,0.2392045707,0.0403024256,0.0000000000,0.0000000000,0.0922711715,0.0208595004,0.0551597066,0.0129137198,0.0000000000,0.1452435404,0.1166562364,0.1547188759,0.1427504122,0.0393271521,0.0000000000,0.1455468535,0.1344589293,0.0000000000,0.0000000000,0.0508574657,0.0526032560,0.1941075474,0.1753196567,0.0389264077,0.0308406856,0.0904979557,0.0717704296,0.0303514767,0.0306568202,0.3615320921,0.3254360557,0.0924223810,0.0866725147,0.2106610537,0.2089607716,0.1692156494,0.0000000000,0.0000000000,0.0114152879,0.0934506059,0.1069814116,0.1527262479,0.1544905454,0.0000328513,0.0000000000,0.0000000000,0.0000000000,-0.0243569333,0.1461654156,-0.0035853439,0.0554501750,0.1461646855,0.0081587089
20:19:56:34.787,61,0.0039728209,0.2388510853,0.0919434950,0.0000000000,0.0000000000,0.0916808248,0.0195926335,0.0039385576,0.2391535193,0.0400932394,0.0000000000,0.0000000000,0.0917771682,0.0202155784,0.0548029952,0.0128123835,0.0000000000,0.1454224288,0.1193423420,0.1541661024,0.1431687772,0.0395288914,0.0000000000,0.1454458684,0.1342664063,0.0000000000,0.0000000000,0.0509437844,0.0527256094,0.1941788793,0.1753885895,0.0394105911,0.0313416384,0.0903986543,0.0711276159,0.0302069262,0.0304856487,0.3600485325,0.3246200383,0.0903275907,0.0847933516,0.2067845464,0.2050587386,0.1691654921,0.0000000000,0.0000000000,0.0114782760,0.0932802558,0.1066485494,0.1523815840,0.1541564614,0.0000208228,0.0000000000,0.0000000000,0.0000000000,-0.0242306292,0.1461337954,-0.0035659724,0.0555676930,0.1461330056,0.0081741856
20:19:56:35.789,61,0.0050132191,0.2363936752,0.0926612318,0.0000000000,0.0000000000,0.0913870856,0.0179195516,0.0048868582,0.2367015779,0.0393245295,0.0000000000,0.0000000000,0.0914841145,0.0185628198,0.0544083603,0.0128503321,0.0000000000,0.1452534348,0.1214905456,0.1536332369,0.1440176815,0.0395862199,0.0000000000,0.1450340897,0.1342899054,0.0000000000,0.0000000000,0.0509755872,0.0528155155,0.1939153671,0.1750994027,0.0398925953,0.0319285579,0.0901571885,0.0699833483,0.0300823618,0.0303410646,0.3584882915,0.3238995671,0.0861758441,0.0816869587,0.1812842339,0.1796975881,0.1687091887,0.0000000000,0.0000000000,0.0115752378,0.0929497555,0.1061801985,0.1496406794,0.1523485035,0.0000115337,0.0000000000,0.0000000000,0.0000000000,-0.0237712674,0.1446339190,-0.0034619677,0.0560137667,0.1446330994,0.0081539666
20:19:56:36.790,61,0.0057612513,0.2343814820,0.0932084173,0.0000000000,0.0000000000,0.0912394822,0.0165440179,0.0056046420,0.2346933484,0.0387243405,0.0000000000,0.0000000000,0.0913375840,0.0171854906,0.0539397262,0.0128851533,0.0000000000,0.1449665725,0.1241828650,0.1532833725,0.1477025896,0.0397260152,0.0000000000,0.1445975304,0.1341127753,0.0000000000,0.0000000000,0.0509728827,0.0528629497,0.1935801208,0.1747873873,0.0403056964,0.0325199775,0.0898542479,0.0687309057,0.0299734976,0.0302066039,0.3567130268,0.3227416873,0.0829023570,0.0785235763,0.1697224081,0.1680828482,0.1683390588,0.0000000000,0.0000000000,0.0116872946,0.0926820114,0.1057648063,0.1479721218,0.1507155299,0.0000110218,0.0000000000,0.0000000000,0.0000000000,-0.0234126225,0.1434055716,-0.0033803859,0.0563545711,0.1434047371,0.0081328852
20:19:56:37.791,61,0.0061634877,0.2323895991,0.0940526500,0.0000000000,0.0000000000,0.0911663994,0.0157564916,0.0059965691,0.2327086031,0.0378465615,0.0000000000,0.0000000000,0.0912652984,0.0163954012,0.0535143390,0.0129299285,0.0000000000,0.1444443762,0.1266018599,0.1527113467,0.1489723325,0.0398262143,0.0000000000,0.1442423016,0.1341125071,0.0000000000,0.0000000000,0.0510007329,0.0529399328,0.1933685541,0.1745758951,0.0408096462,0.0331038572,0.0896326154,0.0678596124,0.0298749860,0.0300937295,0.3547382653,0.3213804960,0.0805207044,0.0763647705,0.1642840058,0.1626440436,0.1678674966,0.0000000000,0.0000000000,0.0117942858,0.0924545079,0.1054081470,0.1468357593,0.1496658921,0.0000112208,0.0000000000,0.0000000000,0.0000000000,-0.0228859112,0.1421910971,-0.0032759849,0.0568749309,0.1421902180,0.0081374366
20:19:56:38.791,61,0.0065967040,0.2328934073,0.0935159028,0.0000000000,0.0000000000,0.0910827890,0.0148911756,0.0064235660,0.2332069576,0.0383845307,0.0000000000,0.0000000000,0.0911820456,0.0155230649,0.0530754291,0.0129751703,0.0000000000,0.1441187859,0.1294556111,0.1521318853,0.1501833498,0.0398807414,0.0000000000,0.1437374055,0.1338286549,0.0000000000,0.0000000000,0.0509796254,0.0529529527,0.1929789931,0.1742201746,0.0412973799,0.0336284824,0.0895215943,0.0671649501,0.0297852233,0.0299846474,0.3494596779,0.3170776963,0.0791282281,0.0750496835,0.1663914174,0.1647353917,0.1678038687,0.0000000000,0.0000000000,0.0118961371,0.0923622102,0.1052194834,0.1463040113,0.1491473764,0.0000114271,0.0000000000,0.0000000000,0.0000000000,-0.0232102089,0.1424966902,-0.0033296356,0.0565478653,0.1424958259,0.0081083188
20:19:56:39.792,61,0.0065309512,0.2344276607,0.0935377255,0.0000000000,0.0000000000,0.0906872377,0.0149061978,0.0063630654,0.2347434312,0.0383643582,0.0000000000,0.0000000000,0.0907859877,0.0155463926,0.0526039638,0.0129962908,0.0000000000,0.1442147046,0.1318844855,0.1516353637,0.1523500681,0.0398813598,0.0000000000,0.1431461573,0.1333178729,0.0000000000,0.0000000000,0.0509439781,0.0529360138,0.1926525384,0.1739340127,0.0416705646,0.0340176709,0.0895105228,0.0666642562,0.0296495277,0.0298327561,0.3436345160,0.3115957081,0.0782800838,0.0742316321,0.1713418365,0.1697014421,0.1676057577,0.0000000000,0.0000000000,0.0119620161,0.0922861397,0.1050946638,0.1463218927,0.1491121054,0.0000150333,0.0000000000,0.0000000000,0.0000000000,-0.0231948774,0.1434354782,-0.0033496604,0.0565534383,0.1434345990,0.0081632752
20:19:56:40.793,61,0.0063655251,0.2362917215,0.0928014368,0.0000000000,0.0000000000,0.0903561935,0.0149287283,0.0062060645,0.2366014421,0.0390934870,0.0000000000,0.0000000000,0.0904541165,0.0155666005,0.0522902459,0.0129211461,0.0000000000,0.1445356011,0.1377781481,0.1511201113,0.1579966545,0.0399642885,0.0000000000,0.1431287974,0.1330611110,0.0000000000,0.0000000000,0.0510524027,0.0530276299,0.1925211996,0.1738594919,0.0422703438,0.0345284268,0.0897537917,0.0662245378,0.0296449419,0.0298162866,0.3399697244,0.3074802160,0.0765707940,0.0724506304,0.1729501635,0.1713276058,0.1671760082,0.0000000000,0.0000000000,0.0121142101,0.0924942419,0.1053123698,0.1467330605,0.1494256407,0.0000161259,0.0000000000,0.0000000000,0.0000000000,-0.0236318093,0.1445722431,-0.0034401738,0.0560990199,0.1445714086,0.0081628319
20:19:56:41.795,61,0.0062683634,0.2376087904,0.0921294168,0.0000000000,0.0000000000,0.0899711698,0.0147503661,0.0061174738,0.2379124165,0.0397488698,0.0000000000,0.0000000000,0.0900685415,0.0153770018,0.0520288572,0.0127311517,0.0000000000,0.1447944939,0.1399906129,0.1507338285,0.1599963456,0.0399676189,0.0000000000,0.1432578266,0.1328791529,0.0000000000,0.0000000000,0.0512090102,0.0531639010,0.1926754415,0.1741352081,0.0428371914,0.0349578448,0.0901574045,0.0659592897,0.0296586901,0.0298113860,0.3380246758,0.3055118620,0.0756681636,0.0715165809,0.1735689938,0.1719718724,0.1666428894,0.0000000000,0.0000000000,0.0122396117,0.0927058160,0.1055438519,0.1472620070,0.1498319805,0.0000154689,0.0000000000,0.0000000000,0.0000000000,-0.0240251794,0.1453746855,-0.0035171143,0.0556862503,0.1453739107,0.0081484495
20:19:56:42.796,61,0.0061455430,0.2390791178,0.0920997187,0.0000000000,0.0000000000,0.0894501060,0.0146911805,0.0060036625,0.2393841594,0.0397755578,0.0000000000,0.0000000000,0.0895468593,0.0153104784,0.0518259630,0.0126474435,0.0000000000,0.1452653706,0.1436836123,0.1503558755,0.1653758883,0.0401944555,0.0000000000,0.1433375627,0.1326341331,0.0000000000,0.0000000000,0.0514083542,0.0533310175,0.1929051429,0.1744184345,0.0437439606,0.0355100408,0.0905902311,0.0656039789,0.0297244396,0.0298637711,0.3357174098,0.3027712405,0.0736676306,0.0695013776,0.1650625616,0.1636959165,0.1653845161,0.0000000000,0.0000000000,0.0124591514,0.0928594321,0.1057435870,0.1477416605,0.1502098143,0.0000162143,0.0000000000,0.0000000000,0.0000000000,-0.0240381323,0.1462740302,-0.0035410929,0.0556609593,0.1462732702,0.0081958622
20:19:56:43.797,61,0.0057994663,0.2397180796,0.0919848904,0.0000000000,0.0000000000,0.0887936428,0.0154165793,0.0056675943,0.2400226146,0.0398922823,0.0000000000,0.0000000000,0.0888892487,0.0160435680,0.0514876954,0.0125858318,0.0000000000,0.1455421597,0.1453462243,0.1500559300,0.1675052196,0.0402538367,0.0000000000,0.1431922615,0.1323035210,0.0000000000,0.0000000000,0.0515198931,0.0534257516,0.1930100471,0.1746297181,0.0443732403,0.0359511860,0.0909140259,0.0652186126,0.0297509804,0.0298672654,0.3287633955,0.2976002097,0.0719256178,0.0679472834,0.1622576863,0.1609115452,0.1634410918,0.0000000000,0.0000000000,0.0126153268,0.0927593857,0.1056204289,0.1479023248,0.1503549516,0.0000129038,0.0000000000,0.0000000000,0.0000000000,-0.0241072904,0.1466643959,-0.0035608928,0.0555883758,0.1466636211,0.0082073426
20:19:56:44.798,61,0.0054662996,0.2383049875,0.0915956795,0.0000000000,0.0000000000,0.0883859694,0.0160602462,0.0053441771,0.2386034429,0.0402458683,0.0000000000,0.0000000000,0.0884813517,0.0167099610,0.0512535609,0.0126882279,0.0000000000,0.1458268762,0.1465246677,0.1500473619,0.1689558774,0.0405792296,0.0000000000,0.1427069455,0.1310785115,0.0000000000,0.0000000000,0.0516131967,0.0535161048,0.1941282451,0.1754265428,0.0449675098,0.0364197567,0.0911838785,0.0647880211,0.0298021808,0.0298970807,0.3264819980,0.2956473529,0.0704658031,0.0663620010,0.1603551060,0.1589247286,0.1626730263,0.0000000000,0.0000000000,0.0127964234,0.0925676897,0.1053791568,0.1478011310,0.1502458155,0.0000110922,0.0000000000,0.0000000000,0.0000000000,-0.0243240707,0.1457979977,-0.0035713774,0.0553602055,0.1457971781,0.0081247119
20:19:56:45.799,61,0.0057358900,0.2357309759,0.0897590145,0.0000000000,0.0000000000,0.0883567855,0.0155874025,0.0056120893,0.2360056043,0.0420013815,0.0000000000,0.0000000000,0.0884527490,0.0162364915,0.0511324927,0.0128017599,0.0000000000,0.1458460540,0.1471993923,0.1500977874,0.1708791852,0.0409070179,0.0000000000,0.1361935586,0.1231118590,0.0000000000,0.0000000000,0.0516686104,0.0535819903,0.1946268529,0.1758976132,0.0455695391,0.0370259248,0.0913307816,0.0642743260,0.0299143996,0.0299825594,0.3249018192,0.2940530181,0.0685205758,0.0643457770,0.1549109966,0.1532159746,0.1618735492,0.0000000000,0.0000000000,0.0130516076,0.0922055244,0.1048826873,0.1450763494,0.1471862942,0.0000114073,0.0000000000,0.0000000000,0.0000000000,-0.0253909547,0.1442144513,-0.0036869277,0.0542626008,0.1442136019,0.0078760814
20:19:56:46.800,61,0.0055907476,0.2242351472,0.0881540924,0.0000000000,0.0000000000,0.0892467424,0.0158403888,0.0054733097,0.2244802713,0.0434097201,0.0000000000,0.0000000000,0.0893510282,0.0165026765,0.0510500818,0.0128884083,0.0000000000,0.1455593109,0.1475371569,0.1503386945,0.1716143787,0.0410589688,0.0000000000,0.1311885715,0.1191129833,0.0000000000,0.0000000000,0.0517289191,0.0536725409,0.1960672587,0.1781605929,0.0462275147,0.0375816151,0.0915342197,0.0638047904,0.0300859660,0.0301330574,0.3230156004,0.2921650410,0.0664633662,0.0625038669,0.1545449048,0.1528072953,0.1614433974,0.0000000000,0.0000000000,0.0133100124,0.0919104591,0.1044822559,0.1418636441,0.1446695179,0.0000125226,0.0000000000,0.0000000000,0.0000000000,-0.0262685046,0.1371748000,-0.0036257175,0.0533453934,0.1371738315,0.0073602120
20:19:56:47.801,61,0.0052855005,0.2152663767,0.0884649903,0.0000000000,0.0000000000,0.0904279649,0.0242116060,0.0051756119,0.2155061811,0.0428970754,0.0000000000,0.0000000000,0.0905382782,0.0251637585,0.0509618111,0.0129921138,0.0000000000,0.1453181505,0.1478012651,0.1505470723,0.1722113192,0.0410787798,0.0000000000,0.1286149621,0.1170314029,0.0000000000,0.0000000000,0.0517650545,0.0537375212,0.1966663599,0.1790708154,0.0468604341,0.0380977094,0.0917073637,0.0633687302,0.0302801877,0.0303237885,0.3204570115,0.2890968025,0.0650257990,0.0613513142,0.1661471874,0.1645994633,0.1616070569,0.0000000000,0.0000000000,0.0136294495,0.0918583870,0.1044117659,0.1404587626,0.1434852332,0.0000129711,0.0000000000,0.0000000000,0.0000000000,-0.0259775426,0.1316899359,-0.0034404944,0.0535731874,0.1316887736,0.0070925429
20:19:56:48.802,61,0.0049393787,0.2101333439,0.0892652273,0.0000000000,0.0000000000,0.0913174450,0.0310830958,0.0048372787,0.2103762180,0.0420106389,0.0000000000,0.0000000000,0.0914321542,0.0321749598,0.0508719198,0.0131676588,0.0000000000,0.1452504992,0.1480062604,0.1507832557,0.1727561057,0.0410289876,0.0000000000,0.1269485056,0.1156940982,0.0000000000,0.0000000000,0.0518171489,0.0538243391,0.1971136928,0.1796918362,0.0473744385,0.0385608897,0.0918739364,0.0630179495,0.0304627512,0.0305169225,0.3191684186,0.2873660922,0.0641173646,0.0605596267,0.1757982224,0.1743577272,0.1615600586,0.0000000000,0.0000000000,0.0139633724,0.0917879418,0.1043902710,0.1395498663,0.1427658796,0.0000128867,0.0000000000,0.0000000000,0.0000000000,-0.0254511740,0.1285534203,-0.0032896113,0.0540799759,0.1285521537,0.0069871270
20:19:56:49.803,61,0.0045859418,0.2088152766,0.0906194076,0.0000000000,0.0000000000,0.0919955224,0.0368611440,0.0044914600,0.2090702504,0.0407145135,0.0000000000,0.0000000000,0.0921122879,0.0380555913,0.0508008450,0.0133404238,0.0000000000,0.1452074498,0.1480555534,0.1510607749,0.1731118411,0.0409229919,0.0000000000,0.1262527108,0.1151538417,0.0000000000,0.0000000000,0.0518737659,0.0539108403,0.1971827149,0.1798994094,0.0477650389,0.0389046520,0.0921295583,0.0628530607,0.0306391213,0.0307080168,0.3180597723,0.2858430445,0.0636393800,0.0601441823,0.1793844998,0.1779723614,0.1614887416,0.0000000000,0.0000000000,0.0142625039,0.0919555500,0.1046181619,0.1391344965,0.1424673647,0.0000098407,0.0000000000,0.0000000000,0.0000000000,-0.0246684849,0.1277528256,-0.0031683946,0.0549060516,0.1277515739,0.0070490851
20:19:56:50.804,61,0.0042419918,0.2078879625,0.0918709263,0.0000000000,0.0000000000,0.0926928148,0.0425767526,0.0041547618,0.2081543356,0.0395229906,0.0000000000,0.0000000000,0.0928113684,0.0438901596,0.0509056747,0.0137935430,0.0000000000,0.1461831182,0.1485808641,0.1516221166,0.1757431477,0.0409428105,0.0000000000,0.1255408674,0.1147326753,0.0000000000,0.0000000000,0.0519882888,0.0540763400,0.1976350099,0.1803107411,0.0482804589,0.0393236615,0.0926181152,0.0627999529,0.0308875348,0.0309865531,0.3149022162,0.2815614045,0.0631743297,0.0597351305,0.1836123616,0.1821072400,0.1616325676,0.0000000000,0.0000000000,0.0146677438,0.0923742279,0.1053600684,0.1391008645,0.1426239163,0.0000099144,0.0000000000,0.0000000000,0.0000000000,-0.0239482708,0.1271909475,-0.0030622338,0.0556683689,0.1271896511,0.0071150730
20:19:56:51.806,61,0.0039154538,0.2047206759,0.0928219482,0.0000000000,0.0000000000,0.0933620930,0.0551153272,0.0038350266,0.2049926221,0.0385800935,0.0000000000,0.0000000000,0.0934806466,0.0564716086,0.0511299148,0.0140249049,0.0000000000,0.1466604620,0.1489416957,0.1522351056,0.1763534099,0.0408271849,0.0000000000,0.1247157753,0.1141855046,0.0000000000,0.0000000000,0.0521018654,0.0542118102,0.1988775283,0.1814272404,0.0487807766,0.0397525392,0.0929204598,0.0626711249,0.0310959946,0.0312272608,0.3138290644,0.2801360786,0.0628068447,0.0594172552,0.1740107089,0.1724420190,0.1612203717,0.0000000000,0.0000000000,0.0150222573,0.0927456096,0.1058598012,0.1389332861,0.1425674707,0.0000109501,0.0000000000,0.0000000000,0.0000000000,-0.0233826712,0.1252572834,-0.0029439873,0.0562584288,0.1252559721,0.0070799342
20:19:56:52.807,61,0.0036095867,0.2053508908,0.0925033763,0.0000000000,0.0000000000,0.0938715711,0.0588550009,0.0035354893,0.2056205422,0.0388696566,0.0000000000,0.0000000000,0.0939901471,0.0602234900,0.0511408560,0.0142059689,0.0000000000,0.1467133909,0.1489113867,0.1524681896,0.1760834903,0.0406311676,0.0000000000,0.1246176809,0.1144623533,0.0000000000,0.0000000000,0.0521593690,0.0542922579,0.1990678459,0.1815412194,0.0490569063,0.0400538929,0.0929301530,0.0624744184,0.0312143825,0.0313736349,0.3139735460,0.2800560594,0.0626830757,0.0593395531,0.1724780500,0.1709160805,0.1608387232,0.0000000000,0.0000000000,0.0152369207,0.0929794833,0.1061879620,0.1389112622,0.1426806450,0.0000173914,0.0000000000,0.0000000000,0.0000000000,-0.0235570315,0.1256414950,-0.0029751293,0.0560626313,0.1256401837,0.0070771901
